Station_No,Alert_Date,Office,State,District,Block,Village,Latitude_Raw,Longitude_Raw,Structure,Depth_mbgl,Collection_Date,Analysis_Date,BIS_Params,pH,EC,CO3,HCO3,Cl,SO4,NO3,F,Ca,Mg,Na,K,SiO2,TH,Cr,Mn,Fe,Ni,Cu,Zn,As,Pb,Cd,U,Alert_Reason,Remarks,Latitude,Longitude,TDS (mg/L),Date,Status,Location,Aquifer_System,River_Basin
2023-24/4112,2024-06-05,"CGWB, SER",ODISHA,NABARANGAPUR,UMARKOTE,Baheda 1,"19°46'2"" N","82°9'1"" E",DW,,2023-06-01,2024-05-01 00:00:00,,7.24,851.0,0.0,252.1,33.5,20.2,24.4,0.2,54.0,11.5,30.2,29.1,,181.0,,,,,,,,,,,0.9,"
To be confirmed after repeat sampling and analysis. The laboratory does not conduct the sampling. The uncertainties related to sampling are not estimated.
",19.767222,82.150278,544.6,2023-06-01,Safe,"Baheda 1, UMARKOTE (NABARANGAPUR)",Basement Gneissic Complex,Mahanadi
2023-24/4116,2024-06-05,"CGWB, SER",ODISHA,NABARANGAPUR,TENTULIKHUNTI,Digi,"19°16'2"" N","82°42'33"" E",DW,,2023-06-01,2024-05-01 00:00:00,,8.07,1493.0,0.0,437.79,109.1,26.7,35.3,0.4,88.2,18.7,44.3,129.3,,295.0,,,,,,,,,,,2.1,,19.267222,82.709167,955.5,2023-06-01,Safe,"Digi, TENTULIKHUNTI (NABARANGAPUR)",Basement Gneissic Complex,Indravati
2023-24/4122,2024-06-05,"CGWB, SER",ODISHA,NABARANGAPUR,KOSAGUMUDA,Kosagumunda 1,"19°16'33"" N","82°14'16"" E",DW,,2023-06-01,2024-05-01 00:00:00,,8.17,1194.0,0.0,383.07,90.5,26.2,36.9,0.01,121.0,19.7,53.0,22.8,,381.0,,,,,,,,,,,1.1,,19.275833,82.237778,764.2,2023-06-01,Safe,"Kosagumunda 1, KOSAGUMUDA (NABARANGAPUR)",Alluvium,Indravati
2023-24/4123,2024-06-05,"CGWB, SER",ODISHA,NABARANGAPUR,PAPARAHANDI,Maidalpur2,"19°28'8"" N","82°34'27"" E",DW,,2023-06-01,2024-05-01 00:00:00,,8.06,935.0,0.0,190.61,44.4,57.8,40.1,0.3,62.8,15.5,31.1,5.0,,219.0,,,,,,,,,,,BDL,,19.468889,82.574167,598.4,2023-06-01,Safe,"Maidalpur2, PAPARAHANDI (NABARANGAPUR)",Basement Gneissic Complex,Indravati
2023-24/4124,2024-06-05,"CGWB, SER",ODISHA,NABARANGAPUR,NANDAHANDI,Nandahandi,"19°14'13"" N","82°40'12"" E",DW,,2023-06-01,2024-05-01 00:00:00,,8.1,1198.0,0.0,400.9,96.5,43.6,22.6,0.1,97.9,36.6,47.0,3.9,,391.0,,,,,,,,,,,1.4,,19.236944,82.67,766.7,2023-06-01,Safe,"Nandahandi, NANDAHANDI (NABARANGAPUR)",Basement Gneissic Complex,Indravati
2023-24/4126,2024-06-05,"CGWB, SER",ODISHA,NABARANGAPUR,PAPARAHANDI,Papadahandi1,"19°21'0"" N","82°31'19"" E",DW,,2023-06-01,2024-05-01 00:00:00,,8.02,1625.0,0.0,260.09,109.4,50.7,149.8,0.4,82.5,23.6,54.0,88.5,,301.0,,,,,,,,,,,2.3,,19.35,82.521944,1040.0,2023-06-01,Danger,"Papadahandi1, PAPARAHANDI (NABARANGAPUR)",Basement Gneissic Complex,Indravati
2023-24/4132,2024-06-05,"CGWB, SER",ODISHA,NABARANGAPUR,UMARKOTE,Umarkot 1,"19°40'27"" N","82°11'57"" E",DW,,2023-06-01,2024-05-01 00:00:00,,8.04,1996.0,0.0,313.59,184.8,75.6,20.7,0.6,78.1,17.5,112.2,72.6,,265.0,,,,,,,,,,,2.6,,19.674167,82.199167,1277.4,2023-06-01,Safe,"Umarkot 1, UMARKOTE (NABARANGAPUR)",Basement Gneissic Complex,Indravati
2023-24/4134,2024-06-05,"CGWB, SER",ODISHA,NABARANGAPUR,CHANDAHANDI,Boriguda,"19°52'46"" N","82°29'23"" E",DW,,2023-06-01,2024-05-01 00:00:00,,8.18,747.0,0.0,258.25,46.6,5.4,5.9,1.2,52.3,18.2,39.2,2.9,,203.0,,,,,,,,,,,0.8,,19.879444,82.489722,478.1,2023-06-01,Safe,"Boriguda, CHANDAHANDI (NABARANGAPUR)",Basement Gneissic Complex,Mahanadi
2023-24/4136,2024-06-05,"CGWB, SER",ODISHA,NABARANGAPUR,RAIGHAR,Chelidongri,"19°50'18"" N","82°5'3"" E",DW,,2023-06-01,2024-05-01 00:00:00,,8.06,383.0,0.0,116.83,32.4,11.1,2.4,1.3,31.1,6.9,22.6,2.8,,105.0,,,,,,,,,,,BDL,,19.838333,82.084167,245.1,2023-06-01,Safe,"Chelidongri, RAIGHAR (NABARANGAPUR)",Basement Gneissic Complex,Indravati
2023-24/4146,2024-06-18,"CGWB, SER",ODISHA,NABARANGAPUR,NANDAHANDI,Majiguda,"19°15'24"" N","82°32'45"" E",DW,,1-06-23,06/24,,8.09,497.0,0.0,74.4,49.0,11.4,46.8,0.1,35.9,5.7,28.1,1.6,,112.0,,,,,,,,,,,BDL,"
To be confirmed after repeat sampling and analysis. The laboratory does not conduct the sampling. The uncertainties related to sampling are not estimated.
",19.256667,82.545833,318.1,1-06-23,Danger,"Majiguda, NANDAHANDI (NABARANGAPUR)",Basement Gneissic Complex,Indravati
2023-24/4147,2024-06-18,"CGWB, SER",ODISHA,NABARANGAPUR,JHARIGAN,Phuphugaon,"19°38'46"" N","82°23'35"" E",DW,,1-06-23,06/24,,8.17,470.0,0.0,110.68,29.3,2.9,4.9,1.5,20.8,11.2,19.1,0.3,,97.0,,,,,,,,,,,BDL,,19.646111,82.393056,300.8,1-06-23,Safe,"Phuphugaon, JHARIGAN (NABARANGAPUR)",Basement Gneissic Complex,Indravati
2023-24/4148,2024-06-18,"CGWB, SER",ODISHA,NABARANGAPUR,UMARKOTE,Purja Uv - 5,"19°43'2"" N","82°10'58"" E",DW,,1-06-23,06/24,,8.15,282.0,0.0,61.49,20.7,5.0,21.0,0.5,22.1,4.8,11.4,1.3,,74.0,,,,,,,,,,,BDL,,19.717222,82.182778,180.5,1-06-23,Safe,"Purja Uv - 5, UMARKOTE (NABARANGAPUR)",Basement Gneissic Complex,Indravati
2023-24/4149,2024-06-18,"CGWB, SER",ODISHA,NABARANGAPUR,TENTULIKHUNTI,Anchalguma1,"19°19'25"" N","82°40'42"" E",HP,,1-06-23,06/24,,7.2,318.0,0.0,110.68,39.6,21.9,67.7,0.4,42.1,6.2,19.8,40.0,,130.0,,,,,,,,,,,BDL,,19.323611,82.678333,203.5,1-06-23,Danger,"Anchalguma1, TENTULIKHUNTI (NABARANGAPUR)",Basement Gneissic Complex,Indravati
2023-24/4153,2024-06-18,"CGWB, SER",ODISHA,NABARANGAPUR,NANDAHANDI,Rangamatiguda,"19°14'05"" N","82°34'18"" E",HP,,1-06-23,06/24,,7.94,1124.0,0.0,314.82,109.5,9.7,2.3,2.5,77.9,18.9,80.2,0.6,,270.0,,,,,,,,,,,0,,19.234722,82.571667,719.4,1-06-23,Danger,"Rangamatiguda, NANDAHANDI (NABARANGAPUR)",Basement Gneissic Complex,Indravati
2023-24/4159,2024-06-18,"CGWB, SER",ODISHA,NABARANGAPUR,DABUGAN,Dongriguda,"19°27'19"" N","82°23'53"" E",HP,,1-06-23,06/24,,7.98,1461.0,0.0,322.81,236.8,58.8,68.6,0.3,85.8,16.8,125.3,110.6,,282.0,,,,,,,,,,,BDL,,19.455278,82.398056,935.0,1-06-23,Danger,"Dongriguda, DABUGAN (NABARANGAPUR)",Basement Gneissic Complex,Indravati
2023-24/4162,2024-06-18,"CGWB, SER",ODISHA,RAYAGADA,PADMAPUR,Akhusingi,"19°16'25"" N","83°51'31"" E",DW,,1-06-23,06/24,,7.95,1467.0,0.0,178.32,65.3,21.3,42.1,0.5,59.2,5.5,49.5,14.2,,170.0,,,,,,,,,,,0.01,,19.273611,83.858611,938.9,1-06-23,Safe,"Akhusingi, PADMAPUR (RAYAGADA)",Basement Gneissic Complex,Vansadhara
2023-24/4171,2024-06-18,"CGWB, SER",ODISHA,RAYAGADA,RAMANGUDA,Gumda,"19°13'12"" N","83°46'18"" E",DW,,1-06-23,06/24,,7.76,1215.0,0.0,250.87,213.9,59.7,48.3,0.6,85.7,25.3,119.1,16.6,,315.0,,,,,,,,,,,0.01,,19.22,83.771667,777.6,1-06-23,Danger,"Gumda, RAMANGUDA (RAYAGADA)",Basement Gneissic Complex,Vansadhara
2023-24/4172,2024-06-18,"CGWB, SER",ODISHA,RAYAGADA,RAYAGADA,Gumma 1,"19°11'41"" N","83°17'16"" E",DW,,1-06-23,06/24,,7.88,752.0,0.0,314.82,125.3,84.8,86.7,0.9,98.3,38.8,83.0,5.3,,401.0,,,,,,,,,,,0,,19.194722,83.287778,481.3,1-06-23,Danger,"Gumma 1, RAYAGADA (RAYAGADA)",Khondalites,Nagavali
2023-24/4176,2024-06-18,"CGWB, SER",ODISHA,RAYAGADA,PADMAPUR,Kenduguda,"19°18'27"" N","83°54'2"" E",DW,,1-06-23,06/24,,7.64,1732.0,0.0,393.52,302.4,43.2,1.8,0.8,126.2,30.4,161.4,1.3,,437.0,,,,,,,,,,,0.01,,19.3075,83.900556,1108.5,1-06-23,Safe,"Kenduguda, PADMAPUR (RAYAGADA)",Basement Gneissic Complex,Vansadhara
2023-24/4178,2024-06-18,"CGWB, SER",ODISHA,RAYAGADA,KOLNARA,Mukundpur,"19°13'32"" N","83°33'32"" E",DW,,1-06-23,06/24,,8.04,581.0,0.0,111.16,37.6,6.4,50.2,0.2,38.5,6.0,26.7,1.9,,120.0,,,,,,,,,,,BDL,,19.225556,83.558889,371.8,1-06-23,Danger,"Mukundpur, KOLNARA (RAYAGADA)",Basement Gneissic Complex,Vansadhara
2023-24/4179,2024-06-18,"CGWB, SER",ODISHA,RAYAGADA,PADMAPUR,Narainpur,"19°21'40"" N","83°58'0"" E",DW,,1-06-23,06/24,,8.19,309.0,0.0,119.07,20.5,3.7,58.1,0.2,36.5,12.4,12.9,1.4,,141.0,,,,,,,,,,,BDL,,19.361111,83.966667,197.8,1-06-23,Danger,"Narainpur, PADMAPUR (RAYAGADA)",Basement Gneissic Complex,Vansadhara
2023-24/4183,2024-06-18,"CGWB, SER",ODISHA,RAYAGADA,RAYAGADA,Shirikona,"19°10'32"" N","83°22'41"" E",DW,,1-06-23,06/24,,8.19,493.0,0.0,71.44,30.6,7.8,54.3,0.3,35.7,5.0,19.2,1.4,,109.0,,,,,,,,,,,BDL,,19.175556,83.378056,315.5,1-06-23,Danger,"Shirikona, RAYAGADA (RAYAGADA)",Alluvium,Nagavali
2023-24/4191,2024-06-18,"CGWB, SER",ODISHA,RAYAGADA,KOLNARA,Dumuriguda,"19°22'5"" N","83°26'16"" E",DW,,1-06-23,06/24,,8.02,395.0,0.0,154.79,34.0,10.57,0.22,1.33,36.0,12.0,21.78,1.58,,139.0,,,,,,,,,,,BDL,,19.368056,83.437778,252.8,1-06-23,Safe,"Dumuriguda, KOLNARA (RAYAGADA)",Basement Gneissic Complex,Nagavali
2023-24/4192,2024-06-18,"CGWB, SER",ODISHA,RAYAGADA,KASHIPUR,Goudarout Ghati,"19°16'18"" N","83°3'15"" E",DW,,1-06-23,06/24,,8.1,948.0,0.0,245.24,67.0,37.77,143.66,0.53,93.0,31.0,42.34,0.82,,357.0,,,,,,,,,,,BDL,,19.271667,83.054167,606.7,1-06-23,Danger,"Goudarout Ghati, KASHIPUR (RAYAGADA)",Charnockite,Indravati
2023-24/4198,2024-06-18,"CGWB, SER",ODISHA,RAYAGADA,PADMAPUR,Jhitika,"19°16'49"" N","83°53'3"" E",DW,,1-06-23,06/24,,7.59,1231.0,0.0,285.77,208.0,76.59,175.62,0.44,115.0,33.0,123.33,3.47,,418.0,,,,,,,,,,,0.01,,19.280278,83.884167,787.8,1-06-23,Danger,"Jhitika, PADMAPUR (RAYAGADA)",Basement Gneissic Complex,Vansadhara
2023-24/4201,2024-06-18,"CGWB, SER",ODISHA,RAYAGADA,GUDARI,Kodama,"19°21'55"" N","83°50'8"" E",DW,,1-06-23,06/24,,7.65,362.0,0.0,71.44,41.0,4.01,95.33,0.19,40.0,9.0,25.77,2.0,,136.0,,,,,,,,,,,BDL,,19.365278,83.835556,231.7,1-06-23,Danger,"Kodama, GUDARI (RAYAGADA)",Basement Gneissic Complex,Vansadhara
2023-24/4203,2024-06-18,"CGWB, SER",ODISHA,RAYAGADA,MUNIGUDA,Muniguda,"19°37'17"" N","83°30'47"" E",DW,,1-06-23,06/24,,8.02,1177.0,0.0,309.59,116.0,93.63,17.32,1.73,115.0,5.0,92.54,5.3,,307.0,,,,,,,,,,,0.01,,19.621389,83.513056,753.3,1-06-23,Danger,"Muniguda, MUNIGUDA (RAYAGADA)",Basement Gneissic Complex,Vansadhara
2023-24/4205,2024-06-18,"CGWB, SER",ODISHA,RAYAGADA,MUNIGUDA,Paikranipinda OW,"19°49'11"" N","83°27'19"" E",DW,,1-06-23,06/24,,7.73,608.0,0.0,226.24,51.0,26.19,80.29,0.21,78.0,23.0,22.91,1.72,,286.0,,,,,,,,,,,BDL,,19.819722,83.455278,389.1,1-06-23,Danger,"Paikranipinda OW, MUNIGUDA (RAYAGADA)",Basement Gneissic Complex,Vansadhara
2023-24/4206,2024-06-18,"CGWB, SER",ODISHA,RAYAGADA,MUNIGUDA,Pandramunda,"19°49'29"" N","83°33'29"" E",DW,,1-06-23,06/24,,7.59,1117.0,0.0,136.93,211.0,54.98,187.95,0.25,129.0,6.0,102.33,0.76,,347.0,,,,,,,,,,,BDL,,19.824722,83.558056,714.9,1-06-23,Danger,"Pandramunda, MUNIGUDA (RAYAGADA)",Charnockite,Vansadhara
2023-24/4210,2024-06-18,"CGWB, SER",ODISHA,RAYAGADA,GUDARI,Gudari 1,"19°20'45"" N","83°46'46"" E",HP,,1-06-23,06/24,,7.66,1344.0,0.0,386.98,171.0,44.9,168.41,0.34,137.0,35.0,92.23,36.88,,482.0,,,,,,,,,,,0.012,,19.345833,83.779444,860.2,1-06-23,Danger,"Gudari 1, GUDARI (RAYAGADA)",Basement Gneissic Complex,Vansadhara
2023-24/4216,2024-06-18,"CGWB, SER",ODISHA,RAYAGADA,RAMANGUDA,Ramnaguda DW,"19°12'52"" N","83°40'22"" E",HP,,1-06-23,06/24,,8.14,793.0,0.0,250.05,82.0,34.38,53.66,0.26,93.0,18.0,39.01,5.92,,305.0,,,,,,,,,,,BDL,,19.214444,83.672778,507.5,1-06-23,Danger,"Ramnaguda DW, RAMANGUDA (RAYAGADA)",Basement Gneissic Complex,Vansadhara
2023-24/4219,2024-06-18,"CGWB, SER",ODISHA,RAYAGADA,PADMAPUR,Akhusingi,"19°16'25"" N","83°51'31"" E",HP,,1-06-23,06/24,,8.13,1065.0,0.0,419.13,84.0,47.83,44.21,0.56,115.0,24.0,58.37,39.97,,383.0,,,,,,,,,,,0.006,,19.273611,83.858611,681.6,1-06-23,Safe,"Akhusingi, PADMAPUR (RAYAGADA)",Basement Gneissic Complex,Vansadhara
/2023-2024/4098,2024-07-02,"CGWB, SER",ODISHA,KALAHANDI,JUNAGARH,Badbasul,"19°50'8"" N","82°50'15"" E",Dug Well,,2023-11-01,06/24,,8.22,954.0,0.0,190.6,183.0,3.0,28.4,0.32,51.0,25.0,96.0,32.6,,230.3,,,,,,,,,,,BDL,,19.835556,82.8375,610.6,2023-11-01,Safe,"Badbasul, JUNAGARH (KALAHANDI)",Basement Gneissic Complex,Mahanadi
/2023-2024/4099,2024-07-02,"CGWB, SER",ODISHA,KALAHANDI,LANJIGARH,Bakatpur,"19°50'36"" N","83°25'26"" E",Dug Well,,2023-11-02,06/24,,8.01,892.0,0.0,315.5,91.0,66.0,9.8,1.91,45.0,59.0,62.0,3.9,,355.3,,,,,,,,,,,BDL,,19.843333,83.423889,570.9,2023-11-02,Danger,"Bakatpur, LANJIGARH (KALAHANDI)",Charnockite,Vansadhara
/2023-2024/4105,2024-07-02,"CGWB, SER",ODISHA,KALAHANDI,JUNAGARH,Charbahal,"19°44'27"" N","82°48'41"" E",Dug Well,,2023-11-03,06/24,,8.28,735.0,0.0,348.4,35.0,10.0,3.8,1.03,12.0,62.0,34.0,0.3,,285.3,,,,,,,,,,,BDL,,19.740833,82.811389,470.4,2023-11-03,Safe,"Charbahal, JUNAGARH (KALAHANDI)",Basement Gneissic Complex,Mahanadi
/2023-2024/4106,2024-07-02,"CGWB, SER",ODISHA,KALAHANDI,JUNAGARH,Dasigaon 1,"19°41'52"" N","82°53'57"" E",Dug Well,,2023-11-04,06/24,,8.3,1212.0,0.0,262.9,130.0,140.0,38.4,2.7,49.0,61.0,73.0,82.0,,373.6,,,,,,,,,,,BDL,,19.697778,82.899167,775.7,2023-11-04,Danger,"Dasigaon 1, JUNAGARH (KALAHANDI)",Basement Gneissic Complex,Mahanadi
/2023-2024/4109,2024-07-02,"CGWB, SER",ODISHA,KALAHANDI,THUAMUL RAM PUR,Gunupur,"19°36'30"" N","83°7'0"" E",Dug Well,,2023-11-05,06/24,,7.95,988.0,0.0,374.7,87.0,19.0,5.2,0.3,90.0,33.0,45.0,25.8,,360.6,,,,,,,,,,,BDL,,19.608333,83.116667,632.3,2023-11-05,Safe,"Gunupur, THUAMUL RAM PUR (KALAHANDI)",Charnockite,Nagavali
/2023-2024/4110,2024-07-02,"CGWB, SER",ODISHA,KALAHANDI,JAYAPATNA,Jaipatna 1,"19°28'25"" N","82°48'23"" E",Dug Well,,2023-11-06,06/24,,7.88,575.0,0.0,65.7,91.3,55.0,10.0,1.01,43.84,18.0,38.6,3.8,,183.6,,,,,,,,,,,BDL,,19.473611,82.806389,368.0,2023-11-06,Safe,"Jaipatna 1, JAYAPATNA (KALAHANDI)",Basement Gneissic Complex,Mahanadi
AN4,2024-07-02,"CGWB, SER",ODISHA,ANUGUL,CHHENDIPADA,Bagharia,"21°6'25"" N","84°48'57"" E",Dug Well,,2023-11-07,06/24,,7.45,916.0,0.0,328.7,126.0,38.4,2.9,0.29,65.0,22.08,52.0,87.2,,253.2,,,,,,,,,,,BDL,,21.106944,84.815833,586.2,2023-11-07,Safe,"Bagharia, CHHENDIPADA (ANUGUL)",Sandstone,Brahmani
AN7,2024-07-02,"CGWB, SER",ODISHA,ANUGUL,BANARPAL,Banarpal 2,"20°50'26"" N","85°12'51"" E",Dug Well,,2023-11-08,06/24,,7.95,741.0,0.0,190.6,39.0,94.0,45.0,0.28,38.0,34.08,55.0,10.2,,235.2,,,,,,,,,,,BDL,,20.840556,85.214167,474.2,2023-11-08,Safe,"Banarpal 2, BANARPAL (ANUGUL)",Basement Gneissic Complex,Brahmani
AN9,2024-07-02,"CGWB, SER",ODISHA,ANUGUL,ANUGUL,Barhabahal,"20°45'18"" N","85°6'0"" E",Dug Well,,2023-11-09,06/24,,7.8,1826.0,0.0,131.5,305.0,280.0,1.7,1.95,110.0,49.98,196.0,5.1,,480.5,,,,,,,,,,,BDL,,20.755,85.1,1168.6,2023-11-09,Danger,"Barhabahal, ANUGUL (ANUGUL)",Basement Gneissic Complex,Brahmani
AN11,2024-07-02,"CGWB, SER",ODISHA,ANUGUL,BANARPAL,Bhogabereni,"20°53'30"" N","85°12'50"" E",Dug Well,,2023-11-10,06/24,,8.14,2250.0,0.0,854.5,260.0,80.0,26.0,0.7,98.0,48.0,281.0,114.7,,442.4,,,,,,,,,,,BDL,,20.891667,85.213889,1440.0,2023-11-10,Safe,"Bhogabereni, BANARPAL (ANUGUL)",Sandstone,Brahmani
AN35,2024-07-02,"CGWB, SER",ODISHA,ANUGUL,KANIHA,Samal,"21°4'20"" N","85°8'30"" E",Dug Well,,2023-11-11,06/24,,7.88,621.0,0.0,92.0,83.7,42.4,11.0,1.24,33.2,16.0,45.2,5.6,,148.8,,,,,,,,,,,BDL,,21.072222,85.141667,397.4,2023-11-11,Safe,"Samal, KANIHA (ANUGUL)",Quartzite,Brahmani
AN37,2024-07-02,"CGWB, SER",ODISHA,ANUGUL,TALACHER,Sendhogram,"20°55'32"" N","85°14'0"" E",Dug Well,,2023-11-12,06/24,,7.11,1990.0,0.0,394.4,345.0,100.0,40.0,1.01,44.0,99.74,212.0,10.0,,520.6,,,,,,,,,,,BDL,,20.925556,85.233333,1273.6,2023-11-12,Safe,"Sendhogram, TALACHER (ANUGUL)",Sandstone,Brahmani
AN41,2024-07-02,"CGWB, SER",ODISHA,ANUGUL,TALACHER,Tentulai,"20°55'10"" N","85°10'23"" E",Dug Well,,2023-11-13,06/24,,8.14,940.0,0.0,262.9,88.0,55.0,22.8,0.55,43.0,29.11,75.0,20.0,,227.2,,,,,,,,,,,BDL,,20.919444,85.173056,601.6,2023-11-13,Safe,"Tentulai, TALACHER (ANUGUL)",Sandstone,Brahmani
CT 3,2024-07-02,"CGWB, SER",ODISHA,CUTTACK,NARASINGHPUR,Balijhari 1,"20°24'38"" N","85°13'10"" E",Dug Well,,2023-11-15,06/24,,8.15,1562.0,0.0,460.1,185.0,84.0,18.0,0.19,74.0,49.0,121.3,86.1,,386.6,,,,,,,,,,,BDL,,20.410556,85.219444,999.7,2023-11-15,Safe,"Balijhari 1, NARASINGHPUR (CUTTACK)",Alluvium,Mahanadi
DK 11,2024-07-02,"CGWB, SER",ODISHA,DHENKANAL,BHUBAN,Bhuban 1,"20°52'56"" N","85°50'1"" E",Dug Well,,2023-11-16,06/24,,8.12,910.0,0.0,256.4,131.0,17.0,31.4,0.2,62.0,28.0,74.0,18.5,,270.1,,,,,,,,,,,BDL,,20.882222,85.833611,582.4,2023-11-16,Safe,"Bhuban 1, BHUBAN (DHENKANAL)",Alluvium,Brahmani
DK 13,2024-07-02,"CGWB, SER",ODISHA,DHENKANAL,ODAPADA,Dhaulpur,"20°47'40"" N","85°21'25"" E",Dug Well,,2023-11-17,06/24,,7.95,2019.0,0.0,328.7,440.0,30.0,14.0,0.26,45.0,42.0,326.0,9.6,,285.3,,,,,,,,,,,BDL,,20.794444,85.356944,1292.2,2023-11-17,Safe,"Dhaulpur, ODAPADA (DHENKANAL)",Alluvium,Brahmani
2024-25/8,2024-07-18,"CGWB, SER",ODISHA,cuttack,Cuttack sadar,C-12 Nimasahi (Haripur),20.4661,85.8753,DW,,1-05-24,07/24,,8.03,960.0,0.0,395.97,73.8,51.0,0.9,0.2,69.4,27.1,95.0,16.0,,301.0,,,,,,,,,,,BDL,,20.4661,85.8753,614.4,1-05-24,Safe,"C-12 Nimasahi (Haripur), Cuttack sadar (cuttack)",Alluvium,Mahanadi
2024-25/9,2024-07-18,"CGWB, SER",ODISHA,cuttack,Cuttack sadar,C-13 Mahammadia bazar,20.4708,85.8583,DW,,1-05-24,07/24,,7.73,858.0,0.0,347.39,59.9,33.8,38.2,0.1,48.2,55.2,82.0,13.0,,257.0,,,,,,,,,,,BDL,,20.4708,85.8583,549.1,1-05-24,Safe,"C-13 Mahammadia bazar, Cuttack sadar (cuttack)",Alluvium,Mahanadi
2024-25/10,2024-07-18,"CGWB, SER",ODISHA,cuttack,Cuttack sadar,C-26 Jagatpur -2,20.4978,85.9228,DW,,1-05-24,07/24,,8.01,845.0,0.0,273.96,32.1,116.6,38.4,0.3,21.7,14.9,95.0,28.8,,353.0,,,,,,,,,,,BDL,,20.4978,85.9228,540.8,1-05-24,Safe,"C-26 Jagatpur -2, Cuttack sadar (cuttack)",Alluvium,Mahanadi
2024-25/11,2024-07-18,"CGWB, SER",ODISHA,cuttack,Mahanga,Dharma shyamsundarpur,20.5481,86.1769,HP,,1-05-24,07/24,,8.29,1457.0,0.0,556.39,50.8,176.7,0.9,1.3,165.1,5.5,116.1,15.4,,351.0,,,,,,,,,,,BDL,,20.5481,86.1769,932.5,1-05-24,Safe,"Dharma shyamsundarpur, Mahanga (cuttack)",Alluvium,Mahanadi
2024-25/12,2024-07-18,"CGWB, SER",ODISHA,cuttack,kantapada,Dimiri 1,20.2467,86.025,DW,,1-05-24,07/24,,8.15,1340.0,0.0,593.1,146.3,14.6,7.7,0.5,101.3,69.7,100.4,37.7,,402.0,,,,,,,,,,,BDL,,20.2467,86.025,857.6,1-05-24,Safe,"Dimiri 1, kantapada (cuttack)",Alluvium,Mahanadi
2024-25/13,2024-07-18,"CGWB, SER",ODISHA,cuttack,Niali,Kasarda,20.2119,86.0733,DW,,1-05-24,07/24,,8.12,1471.0,0.0,562.04,118.0,71.8,39.4,0.2,88.7,85.2,122.6,31.5,,432.0,,,,,,,,,,,BDL,,20.2119,86.0733,941.4,1-05-24,Safe,"Kasarda, Niali (cuttack)",Alluvium,Mahanadi
2024-25/14,2024-07-18,"CGWB, SER",ODISHA,cuttack,Niali,Madhab,20.0792,86.1028,DW,,1-05-24,07/24,,8.14,1211.0,0.0,386.93,114.6,88.8,39.2,0.18,85.1,47.7,102.4,24.6,,354.0,,,,,,,,,,,BDL,,20.0792,86.1028,775.0,1-05-24,Safe,"Madhab, Niali (cuttack)",Alluvium,Mahanadi
2024-25/15,2024-07-18,"CGWB, SER",ODISHA,cuttack,Niali,Niali,20.1308,86.0644,DW,,1-05-24,07/24,,7.86,1045.0,0.0,338.92,106.4,62.3,37.4,0.05,65.5,53.8,91.1,20.1,,308.0,,,,,,,,,,,BDL,,20.1308,86.0644,668.8,1-05-24,Safe,"Niali, Niali (cuttack)",Alluvium,Mahanadi
2024-25/16,2024-07-18,"CGWB, SER",ODISHA,cuttack,Cuttack sadar,Tangi  1,20.5578,85.9894,DW,,1-05-24,07/24,,8.08,1844.0,0.0,450.76,328.5,98.4,0.6,0.5,216.0,55.2,102.1,32.4,,385.0,,,,,,,,,,,BDL,,20.5578,85.9894,1180.2,1-05-24,Safe,"Tangi  1, Cuttack sadar (cuttack)",Laterite,Brahmani
2024-25/28,2024-07-18,"CGWB, SER",ODISHA,Jajpur,Dharmasala,Baruda,20.7828,86.0703,DW,,1-05-24,07/24,,8.28,1480.0,0.0,804.93,44.0,12.8,1.3,0.9,185.8,1.0,105.1,19.1,,339.0,,,,,,,,,,,BDL,,20.7828,86.0703,947.2,1-05-24,Safe,"Baruda, Dharmasala (Jajpur)",Alluvium,Brahmani
2024-25/29,2024-07-18,"CGWB, SER",ODISHA,Jajpur,Dharmasala,Dankari,20.775,86.0606,DW,,1-05-24,07/24,,8.24,1408.0,0.0,660.89,97.9,9.5,11.1,1.4,176.3,1.2,98.0,18.9,,320.0,,,,,,,,,,,BDL,,20.775,86.0606,901.1,1-05-24,Safe,"Dankari, Dharmasala (Jajpur)",Alluvium,Brahmani
2024-25/30,2024-07-18,"CGWB, SER",ODISHA,Jajpur,Dasarathpur,Dasarathpur,20.8344,86.4467,DW,,1-05-24,07/24,,7.75,801.0,0.0,350.78,49.7,41.8,0.1,0.1,39.8,70.1,65.2,14.8,,222.0,,,,,,,,,,,BDL,,20.8344,86.4467,512.6,1-05-24,Safe,"Dasarathpur, Dasarathpur (Jajpur)",Alluvium,Baitarani
2024-25/31,2024-07-18,"CGWB, SER",ODISHA,Jajpur,Bari,Kalamatia,20.6444,86.4053,DW,,1-05-24,07/24,,7.93,1146.0,0.0,297.68,175.6,84.5,25.6,0.1,102.4,45.2,102.9,15.9,,321.0,,,,,,,,,,,BDL,,20.6444,86.4053,733.4,1-05-24,Safe,"Kalamatia, Bari (Jajpur)",Alluvium,Brahmani
2024-25/36,2024-07-18,"CGWB, SER",ODISHA,Kendrapara,Kendrapada,Barua,20.5428,86.4569,DW,,1-05-24,07/24,,8.0,2780.0,0.0,533.79,517.8,159.8,66.7,0.3,243.6,185.2,202.8,31.3,,632.0,,,,,,,,,,,BDL,,20.5428,86.4569,1779.2,1-05-24,Danger,"Barua, Kendrapada (Kendrapara)",Alluvium,Mahanadi
2024-25/37,2024-07-18,"CGWB, SER",ODISHA,Kendrapara,Mahakal pada,Chadeiguan,20.4253,86.5625,DW,,1-05-24,07/24,,7.81,2480.0,0.0,306.15,683.9,68.4,1.9,0.2,248.1,189.7,145.4,36.5,,509.0,,,,,,,,,,,BDL,,20.4253,86.5625,1587.2,1-05-24,Safe,"Chadeiguan, Mahakal pada (Kendrapara)",Alluvium,Mahanadi
2024-25/38,2024-07-18,"CGWB, SER",ODISHA,Kendrapara,Dera BIS,Daliji,20.4942,86.3144,DW,,1-05-24,07/24,,7.26,1686.0,0.0,376.2,247.2,170.3,0.6,0.2,160.1,7.5,175.2,10.1,,478.0,,,,,,,,,,,BDL,,20.4942,86.3144,1079.0,1-05-24,Safe,"Daliji, Dera BIS (Kendrapara)",Alluvium,Mahanadi
2024-25/39,2024-07-18,"CGWB, SER",ODISHA,Kendrapara,Marsaghai,Giranga,20.4194,86.5117,DW,,1-05-24,07/24,,7.95,1546.0,0.0,397.66,349.9,38.8,9.1,0.3,224.3,40.8,248.8,37.6,,210.0,,,,,,,,,,,BDL,,20.4194,86.5117,989.4,1-05-24,Safe,"Giranga, Marsaghai (Kendrapara)",Alluvium,Mahanadi
2024-25/40,2024-07-18,"CGWB, SER",ODISHA,Kendrapara,Kendrapada,Jantilo,20.5081,86.3522,DW,,1-05-24,07/24,,8.16,1874.0,0.0,415.17,353.3,139.2,4.7,0.3,211.6,1.2,187.1,28.3,,581.0,,,,,,,,,,,BDL,,20.5081,86.3522,1199.4,1-05-24,Safe,"Jantilo, Kendrapada (Kendrapara)",Alluvium,Mahanadi
2024-25/41,2024-07-18,"CGWB, SER",ODISHA,Kendrapara,Dera BIS,Laxminarayanpur,20.555,86.3222,DW,,1-05-24,07/24,,7.93,989.0,0.0,238.94,141.0,60.2,39.0,0.2,84.3,2.0,96.5,17.2,,310.0,,,,,,,,,,,BDL,,20.555,86.3222,633.0,1-05-24,Safe,"Laxminarayanpur, Dera BIS (Kendrapara)",Alluvium,Mahanadi
2024-25/42,2024-07-18,"CGWB, SER",ODISHA,Kendrapara,Mahakal pada,Mahakalpara 2,20.4244,86.5736,DW,,1-05-24,07/24,,8.14,2915.0,0.0,480.13,696.8,91.7,27.0,0.2,306.6,214.0,194.2,27.7,,596.0,,,,,,,,,,,BDL,,20.4244,86.5736,1865.6,1-05-24,Safe,"Mahakalpara 2, Mahakal pada (Kendrapara)",Alluvium,Mahanadi
2024-25/43,2024-07-18,"CGWB, SER",ODISHA,Kendrapara,Rajkanika,Makundapur,20.7189,86.6875,DW,,1-05-24,07/24,,7.97,1766.0,0.0,430.42,258.3,183.7,35.7,0.1,167.5,84.4,152.8,15.6,,444.0,,,,,,,,,,,BDL,,20.7189,86.6875,1130.2,1-05-24,Safe,"Makundapur, Rajkanika (Kendrapara)",Alluvium,Brahmani
2024-25/44,2024-07-18,"CGWB, SER",ODISHA,Kendrapara,Pattamundai,Mulabasanta,20.5719,86.5083,DW,,1-05-24,07/24,,8.1,1403.0,0.0,401.05,229.7,62.2,4.3,0.2,214.1,4.8,76.2,21.8,,278.0,,,,,,,,,,,BDL,,20.5719,86.5083,897.9,1-05-24,Safe,"Mulabasanta, Pattamundai (Kendrapara)",Alluvium,Mahanadi
2024-25/45,2024-07-18,"CGWB, SER",ODISHA,Kendrapara,Kendrapada,Ramnagar 1,20.5186,86.4047,DW,,1-05-24,07/24,,8.08,998.0,0.0,407.26,96.6,37.8,1.1,0.4,72.9,7.9,106.5,15.2,,327.0,,,,,,,,,,,BDL,,20.5186,86.4047,638.7,1-05-24,Safe,"Ramnagar 1, Kendrapada (Kendrapara)",Alluvium,Mahanadi
2024-25/46,2024-07-18,"CGWB, SER",ODISHA,Kendrapara,,Jajanga,,,DW,,1-05-24,07/24,,7.91,779.0,0.0,247.41,118.2,20.9,1.6,0.1,74.2,0.8,75.5,10.7,,231.0,,,,,,,,,,,BDL,,,,498.6,1-05-24,Safe,"Jajanga,  (Kendrapara)",Unclassified / Hard Rock,Unassigned
2024-25/60,2024-08-02,"CGWB, SER",ODISHA,Koraput,Nandapur,Khudubu,18°19'42'',82°39'09'',TW,,1-05-24,07/24,,6.87,654.0,0.0,281.3,87.5,23.3,11.3,0.2,68.6,15.9,57.3,4.5,,235.0,,,,,,,,,,,BDL,,18.328333,82.6525,418.6,1-05-24,Safe,"Khudubu, Nandapur (Koraput)",Khondalites,Kolab
2024-25/61,2024-08-02,"CGWB, SER",ODISHA,Koraput,Lamtapur,soguru,18°31'22'',82°36'57'',DW,,1-05-24,07/24,,5.75,258.0,0.0,36.72,19.0,0.6,87.5,0.1,26.3,6.4,12.1,4.8,,91.0,,,,,,,,,,,BDL,,18.522778,82.615833,165.1,1-05-24,Danger,"soguru, Lamtapur (Koraput)",Basement Gneissic Complex,Kolab
2024-25/62,2024-08-02,"CGWB, SER",ODISHA,Koraput,Jeypore,Umuri 1,18°54'00'',82°34'11'',DW,,1-05-24,07/24,,7.04,1266.0,0.0,286.95,227.5,38.6,106.3,0.6,121.2,20.3,133.3,13.1,,384.0,,,,,,,,,,,BDL,,18.9,82.569722,810.2,1-05-24,Danger,"Umuri 1, Jeypore (Koraput)",Basement Gneissic Complex,Kolab
2024-25/63,2024-08-02,"CGWB, SER",ODISHA,Koraput,Jeypore,C-kusumi-1,19°01'54'',82°26'12'',DW,,1-05-24,07/24,,7.45,622.0,0.0,166.63,75.0,34.9,54.5,0.1,52.7,19.5,42.2,6.5,,210.0,,,,,,,,,,,BDL,,19.031667,82.436667,398.1,1-05-24,Danger,"C-kusumi-1, Jeypore (Koraput)",Basement Gneissic Complex,Kolab
2024-25/64,2024-08-02,"CGWB, SER",ODISHA,Koraput,Jeypore,Jeypore,18°52'18'',82°35'22'',DW,,1-05-24,07/24,,7.49,708.0,0.0,251.93,92.5,20.9,0.7,0.1,67.2,22.9,44.5,6.2,,260.0,,,,,,,,,,,BDL,,18.871667,82.589444,453.1,1-05-24,Safe,"Jeypore, Jeypore (Koraput)",Basement Gneissic Complex,Kolab
2024-25/66,2024-08-02,"CGWB, SER",ODISHA,Koraput,Jeypore,Anta,18°52'00'',82°31'57'',DW,,1-05-24,07/24,,7.85,756.0,0.0,272.83,60.2,27.7,44.5,0.2,56.8,22.8,39.4,43.3,,233.0,,,,,,,,,,,BDL,,18.866667,82.5325,483.8,1-05-24,Safe,"Anta, Jeypore (Koraput)",Basement Gneissic Complex,Kolab
2024-25/78,2024-08-02,"CGWB, SER",ODISHA,Malkangiri,Khairput,Kudumulagumma,18°23'12'',82°11'30'',DW,,1-05-24,07/24,,7.91,887.0,0.0,340.05,53.4,39.2,52.4,0.2,90.3,18.0,39.1,44.9,,298.0,,,,,,,,,,,BDL,,18.386667,82.191667,567.7,1-05-24,Danger,"Kudumulagumma, Khairput (Malkangiri)",Basement Gneissic Complex,Kolab
2024-25/79,2024-08-02,"CGWB, SER",ODISHA,Malkangiri,Korukunda,M.v-37,18°16'37'',82°04'36'',DW,,1-05-24,07/24,,7.54,1232.0,0.0,423.65,123.2,74.2,21.2,0.3,145.2,32.6,65.3,4.9,,493.0,,,,,,,,,,,BDL,,18.276944,82.076667,788.5,1-05-24,Safe,"M.v-37, Korukunda (Malkangiri)",Laterite,Kolab
2024-25/80,2024-08-02,"CGWB, SER",ODISHA,Malkangiri,Mathili,Katameta,18°27'35'',82°04'36'',TW,,1-05-24,07/24,,7.8,732.0,0.0,289.21,62.1,21.3,25.3,0.2,85.6,21.4,35.9,0.4,,299.0,,,,,,,,,,,BDL,,18.459722,82.076667,468.5,1-05-24,Safe,"Katameta, Mathili (Malkangiri)",Basement Gneissic Complex,Kolab
2024-25/132,2024-08-02,"CGWB, SER",ODISHA,Cuttack,Badamba,Abhimanpur,20.4444,85.4375,DW,,1-05-24,07/24,,7.18,1622.0,0.0,449.06,169.7,85.6,139.8,0.5,170.7,38.7,85.7,39.1,,581.0,,,,,,,,,,,BDL,,20.4444,85.4375,1038.1,1-05-24,Danger,"Abhimanpur, Badamba (Cuttack)",Alluvium,Mahanadi
2024-25/133,2024-08-02,"CGWB, SER",ODISHA,Cuttack,Narasinghpur,Balijhari 1,20.4106,85.2194,DW,,1-05-24,07/24,,7.13,1859.0,0.0,392.58,248.6,93.0,171.9,0.2,169.3,34.9,134.7,51.5,,563.0,,,,,,,,,,,BDL,,20.4106,85.2194,1189.8,1-05-24,Danger,"Balijhari 1, Narasinghpur (Cuttack)",Alluvium,Mahanadi
2024-25/134,2024-08-02,"CGWB, SER",ODISHA,Cuttack,Badamba,Gopapur,20.4028,85.2958,DW,,1-05-24,07/24,,7.57,1037.0,0.0,385.23,107.5,39.1,7.9,0.5,114.7,10.1,61.0,52.4,,327.0,,,,,,,,,,,BDL,,20.4028,85.2958,663.7,1-05-24,Safe,"Gopapur, Badamba (Cuttack)",Alluvium,Mahanadi
2024-25/135,2024-08-02,"CGWB, SER",ODISHA,Cuttack,Narasinghpur,Kanapur,20.4056,85.1833,DW,,1-05-24,07/24,,7.66,1843.0,0.0,611.74,212.2,79.5,42.4,0.3,169.7,24.1,123.0,114.5,,520.0,,,,,,,,,,,BDL,,20.4056,85.1833,1179.5,1-05-24,Safe,"Kanapur, Narasinghpur (Cuttack)",Alluvium,Mahanadi
2024-25/136,2024-08-02,"CGWB, SER",ODISHA,Cuttack,Badamba,Karadibandh,20.3792,85.2847,HP,,1-05-24,07/24,,7.68,585.0,0.0,279.61,33.5,6.8,7.7,1.4,78.2,8.4,25.6,2.3,,229.0,,,,,,,,,,,BDL,,20.3792,85.2847,374.4,1-05-24,Safe,"Karadibandh, Badamba (Cuttack)",Alluvium,Mahanadi
2024-25/137,2024-08-02,"CGWB, SER",ODISHA,Cuttack,Narasinghpur,Narasinghpur Dw,20.4569,85.0792,DW,,1-05-24,07/24,,7.81,760.0,0.0,345.69,38.3,38.4,0.2,0.8,112.5,12.4,21.3,6.3,,331.0,,,,,,,,,,,BDL,,20.4569,85.0792,486.4,1-05-24,Safe,"Narasinghpur Dw, Narasinghpur (Cuttack)",Basement Gneissic Complex,Mahanadi
2024-25/144,2024-08-02,"CGWB, SER",ODISHA,Dhenkanal,Hindol,Babandh,20.7206,85.4297,DW,,1-05-24,07/24,,7.4,1240.0,0.0,368.29,137.7,49.8,78.3,0.6,125.3,28.8,85.3,9.2,,428.0,,,,,,,,,,,BDL,,20.7206,85.4297,793.6,1-05-24,Danger,"Babandh, Hindol (Dhenkanal)",Alluvium,Brahmani
2024-25/146,2024-08-02,"CGWB, SER",ODISHA,Dhenkanal,Hindol,Balmi,20.7061,85.3258,DW,,1-05-24,07/24,,6.97,451.0,0.0,163.24,34.9,2.9,52.0,0.3,61.5,5.5,25.4,1.0,,175.0,,,,,,,,,,,BDL,,20.7061,85.3258,288.6,1-05-24,Danger,"Balmi, Hindol (Dhenkanal)",Laterite,Brahmani
2024-25/147,2024-08-02,"CGWB, SER",ODISHA,Dhenkanal,Bhuban,Bhuban,20.8844,85.8342,DW,,1-05-24,07/24,,7.1,978.0,0.0,303.33,80.1,47.7,97.4,0.2,108.2,7.7,56.7,53.1,,301.0,,,,,,,,,,,BDL,,20.8844,85.8342,625.9,1-05-24,Danger,"Bhuban, Bhuban (Dhenkanal)",Alluvium,Brahmani
2024-25/148,2024-08-02,"CGWB, SER",ODISHA,Dhenkanal,Odapada,Dhaulapur,20.7944,85.3569,DW,,1-05-24,07/24,,7.05,3061.0,0.0,318.58,614.4,279.7,205.1,0.3,150.5,39.8,185.1,11.8,,535.0,,,,,,,,,,,BDL,,20.7944,85.3569,1959.0,1-05-24,Danger,"Dhaulapur, Odapada (Dhenkanal)",Alluvium,Brahmani
2024-25/149,2024-08-02,"CGWB, SER",ODISHA,Dhenkanal,Sadar,Jhumpuria,20.5328,85.4853,DW,,1-05-24,07/24,,7.48,985.0,0.0,386.93,79.4,45.1,45.7,0.2,104.2,9.5,28.5,117.4,,298.0,,,,,,,,,,,BDL,,20.5328,85.4853,630.4,1-05-24,Danger,"Jhumpuria, Sadar (Dhenkanal)",Alluvium,Mahanadi
2024-25/151,2024-08-02,"CGWB, SER",ODISHA,Dhenkanal,Hindol,Rasol 1,20.6317,85.3153,DW,,1-05-24,07/24,,7.08,1565.0,0.0,403.87,232.7,107.9,0.7,0.5,105.9,28.7,155.0,38.9,,379.0,,,,,,,,,,,BDL,,20.6317,85.3153,1001.6,1-05-24,Safe,"Rasol 1, Hindol (Dhenkanal)",Alluvium,Brahmani
2024-25/160,2024-08-02,"CGWB, SER",ODISHA,Khordha,Chilika,Balugaon,19.7472,85.2078,DW,,1-05-24,07/24,,7.45,904.0,0.0,198.83,105.8,49.6,121.8,0.8,65.2,24.1,71.8,34.0,,259.0,,,,,,,,,,,BDL,,19.7472,85.2078,578.6,1-05-24,Danger,"Balugaon, Chilika (Khordha)",Alluvium,Mahanadi
2024-25/161,2024-08-02,"CGWB, SER",ODISHA,Khordha,Bolagad,Bandh square,20.1706,85.2683,DW,,1-05-24,07/24,,7.91,1056.0,0.0,307.85,165.0,44.3,9.0,0.6,82.2,24.6,105.6,8.7,,304.0,,,,,,,,,,,BDL,,20.1706,85.2683,675.8,1-05-24,Safe,"Bandh square, Bolagad (Khordha)",Alluvium,Mahanadi
2024-25/162,2024-08-02,"CGWB, SER",ODISHA,Khordha,Begunia,Begunia 1,20.2033,85.4547,DW,,1-05-24,07/24,,8.26,1044.0,0.0,301.64,136.5,24.9,71.1,0.3,120.1,9.0,79.5,19.8,,336.0,,,,,,,,,,,BDL,,20.2033,85.4547,668.2,1-05-24,Danger,"Begunia 1, Begunia (Khordha)",Alluvium,Mahanadi
2024-25/163,2024-08-02,"CGWB, SER",ODISHA,Khordha,Balipatna,Odakhanda,20.1667,85.2667,DW,,1-05-24,07/24,,8.21,795.0,0.0,353.04,31.2,38.0,20.1,0.8,95.0,20.1,24.4,12.3,,318.0,,,,,,,,,,,BDL,,20.1667,85.2667,508.8,1-05-24,Safe,"Odakhanda, Balipatna (Khordha)",Alluvium,Mahanadi
2024-25/168,2024-08-02,"CGWB, SER",ODISHA,Nayagarh,Nayagarh,Andapali,20.0772,85.205,DW,,1-05-24,07/24,,8.16,1431.0,0.0,577.85,132.7,36.6,17.3,1.1,156.0,34.3,96.9,6.4,,527.0,,,,,,,,,,,BDL,,20.0772,85.205,915.8,1-05-24,Safe,"Andapali, Nayagarh (Nayagarh)",Alluvium,Mahanadi
2024-25/169,2024-08-02,"CGWB, SER",ODISHA,Nayagarh,Khandapada,Benagadia,20.2628,85.1736,DW,,1-05-24,07/24,,8.26,1687.0,0.0,694.78,117.0,54.8,74.2,0.4,125.0,25.2,85.3,192.0,,413.0,,,,,,,,,,,BDL,,20.2628,85.1736,1079.7,1-05-24,Danger,"Benagadia, Khandapada (Nayagarh)",Basement Gneissic Complex,Mahanadi
2024-25/171,2024-08-02,"CGWB, SER",ODISHA,Nayagarh,Gania,Ghholahandi,20.3503,84.9531,DW,,1-05-24,07/24,,8.15,1346.0,0.0,515.15,149.4,37.3,28.1,0.3,165.2,15.3,86.0,11.3,,474.0,,,,,,,,,,,BDL,,20.3503,84.9531,861.4,1-05-24,Safe,"Ghholahandi, Gania (Nayagarh)",Charnockite,Mahanadi
2024-25/172,2024-08-02,"CGWB, SER",ODISHA,Nayagarh,Nayagarh,Kalyanpurli,20.0572,85.0881,DW,,1-05-24,07/24,,8.27,1451.0,0.0,577.85,159.7,22.1,3.8,0.98,135.2,35.2,100.3,21.3,,479.0,,,,,,,,,,,BDL,,20.0572,85.0881,928.6,1-05-24,Safe,"Kalyanpurli, Nayagarh (Nayagarh)",Alluvium,Mahanadi
2024-25/173,2024-08-02,"CGWB, SER",ODISHA,Nayagarh,Khandapada,Kana singhi,20.38,85.1092,DW,,1-05-24,07/24,,8.05,1599.0,0.0,576.16,156.4,72.5,81.5,0.6,155.2,39.6,102.9,5.0,,546.0,,,,,,,,,,,BDL,,20.38,85.1092,1023.4,1-05-24,Danger,"Kana singhi, Khandapada (Nayagarh)",Basement Gneissic Complex,Mahanadi
2024-25/175,2024-08-02,"CGWB, SER",ODISHA,Nayagarh,Ranapur,Lathipada 1,20.1075,85.1533,DW,,1-05-24,07/24,,7.99,929.0,0.0,368.29,98.6,16.2,10.4,0.5,102.3,15.8,72.3,3.8,,319.0,,,,,,,,,,,BDL,,20.1075,85.1533,594.6,1-05-24,Safe,"Lathipada 1, Ranapur (Nayagarh)",Alluvium,Mahanadi
2024-25/177,2024-08-02,"CGWB, SER",ODISHA,Nayagarh,Bhapur,Mali bareni,20.3,85.2983,DW,,1-05-24,07/24,,7.84,1471.0,0.0,577.85,133.1,46.3,12.0,0.6,167.9,26.4,87.2,10.3,,525.0,,,,,,,,,,,BDL,,20.3,85.2983,941.4,1-05-24,Safe,"Mali bareni, Bhapur (Nayagarh)",Alluvium,Mahanadi
2024-25/178,2024-08-02,"CGWB, SER",ODISHA,Nayagarh,Bhapur,Nuabausabati,20.3275,85.2594,DW,,1-05-24,07/24,,7.76,946.0,0.0,295.42,125.1,50.5,32.0,0.7,98.2,20.9,63.3,6.5,,329.0,,,,,,,,,,,BDL,,20.3275,85.2594,605.4,1-05-24,Safe,"Nuabausabati, Bhapur (Nayagarh)",Basement Gneissic Complex,Mahanadi
2024-25/179,2024-08-02,"CGWB, SER",ODISHA,Nayagarh,Nuagaon,Nuagaon 1,20.2528,84.9728,DW,,1-05-24,07/24,,8.15,1482.0,0.0,760.3,57.0,17.9,1.5,2.8,133.1,15.2,156.2,5.3,,393.0,,,,,,,,,,,BDL,,20.2528,84.9728,948.5,1-05-24,Danger,"Nuagaon 1, Nuagaon (Nayagarh)",Basement Gneissic Complex,Mahanadi
2024-25/180,2024-08-02,"CGWB, SER",ODISHA,Nayagarh,Nayagarh,Purusottampur,20.155,85.1903,DW,,1-05-24,07/24,,8.09,884.0,0.0,402.18,40.1,71.7,4.2,0.5,95.6,12.3,72.1,13.6,,288.0,,,,,,,,,,,BDL,,20.155,85.1903,565.8,1-05-24,Safe,"Purusottampur, Nayagarh (Nayagarh)",Alluvium,Mahanadi
2024-25/181,2024-08-02,"CGWB, SER",ODISHA,Nayagarh,Dasapalla,Subalaya,20.3172,84.9069,DW,,1-05-24,07/24,,7.9,763.0,0.0,283.56,71.0,26.6,26.4,0.7,76.3,16.3,52.3,3.6,,256.0,,,,,,,,,,,BDL,,20.3172,84.9069,488.3,1-05-24,Safe,"Subalaya, Dasapalla (Nayagarh)",Charnockite,Mahanadi
2024-25/196,2024-08-02,"CGWB, SER",ODISHA,Puri,Satyabadi,Algum,19.9494,85.7478,DW,,1-05-24,07/24,,7.78,1703.0,0.0,556.95,224.5,51.3,1.5,0.5,117.2,21.9,173.1,84.3,,381.0,,,,,,,,,,,BDL,,19.9494,85.7478,1089.9,1-05-24,Safe,"Algum, Satyabadi (Puri)",Alluvium,Mahanadi
2024-25/197,2024-08-02,"CGWB, SER",ODISHA,Puri,Brahmagiri,Alipada,19.8125,85.7622,DW,,1-05-24,07/24,,7.44,2040.0,0.0,443.42,276.5,129.5,149.6,0.6,146.2,25.6,193.5,92.2,,468.0,,,,,,,,,,,BDL,,19.8125,85.7622,1305.6,1-05-24,Danger,"Alipada, Brahmagiri (Puri)",Alluvium,Mahanadi
2024-25/198,2024-08-02,"CGWB, SER",ODISHA,Puri,Sadar,P-34 sidha mahavir,19.8192,85.8469,DW,,1-05-24,07/24,,7.91,742.0,0.0,227.64,81.7,54.5,8.8,0.1,71.2,15.6,54.2,7.9,,240.0,,,,,,,,,,,BDL,,19.8192,85.8469,474.9,1-05-24,Safe,"P-34 sidha mahavir, Sadar (Puri)",Alluvium,Mahanadi
2024-25/199,2024-08-02,"CGWB, SER",ODISHA,Puri,Sadar,P-37 jagannath ballav matha,19.8106,85.8247,DW,,1-05-24,07/24,,7.41,909.0,0.0,266.61,81.2,52.7,83.3,0.1,92.3,15.3,61.3,21.3,,292.0,,,,,,,,,,,BDL,,19.8106,85.8247,581.8,1-05-24,Danger,"P-37 jagannath ballav matha, Sadar (Puri)",Alluvium,Mahanadi
2024-25/200,2024-08-02,"CGWB, SER",ODISHA,Puri,Sadar,P-41 Grand road,19.8119,85.8281,DW,,1-05-24,07/24,,7.24,591.0,0.0,224.81,44.2,24.8,28.5,0.2,65.2,10.6,32.0,14.3,,205.0,,,,,,,,,,,BDL,,19.8119,85.8281,378.2,1-05-24,Safe,"P-41 Grand road, Sadar (Puri)",Alluvium,Mahanadi
2024-25/202,2024-08-02,"CGWB, SER",ODISHA,Puri,Sadar,P-46 behera sahi,19.8131,85.8147,DW,,1-05-24,07/24,,7.62,1376.0,0.0,570.51,112.7,39.6,12.3,0.2,165.2,20.3,75.6,21.4,,494.0,,,,,,,,,,,BDL,,19.8131,85.8147,880.6,1-05-24,Safe,"P-46 behera sahi, Sadar (Puri)",Alluvium,Mahanadi
2024-25/206,2024-08-02,"CGWB, SER",ODISHA,Puri,Sadar,Pratapramchandra,19.8989,85.7797,DW,,1-05-24,07/24,,7.41,1272.0,0.0,364.33,169.2,73.0,17.9,0.1,98.6,15.2,112.3,66.1,,307.0,,,,,,,,,,,BDL,,19.8989,85.7797,814.1,1-05-24,Safe,"Pratapramchandra, Sadar (Puri)",Alluvium,Mahanadi
2024-25/207,2024-08-02,"CGWB, SER",ODISHA,Puri,Brahmagiri,Rebana nuagaon,19.7997,85.7031,DW,,1-05-24,07/24,,7.56,1854.0,0.0,295.42,383.5,149.2,0.6,0.2,132.2,15.2,231.5,59.7,,391.0,,,,,,,,,,,BDL,,19.7997,85.7031,1186.6,1-05-24,Safe,"Rebana nuagaon, Brahmagiri (Puri)",Alluvium,Mahanadi
2024-25/208,2024-08-02,"CGWB, SER",ODISHA,Puri,Brahmagiri,Rendagada,19.8003,85.7061,DW,,1-05-24,07/24,,7.45,2161.0,0.0,295.42,458.6,198.8,4.1,0.4,142.3,19.2,256.0,65.2,,432.0,,,,,,,,,,,BDL,,19.8003,85.7061,1383.0,1-05-24,Safe,"Rendagada, Brahmagiri (Puri)",Alluvium,Mahanadi
2024-25/209,2024-08-02,"CGWB, SER",ODISHA,Puri,Satyabadi,Sadanandapur,19.9722,85.8222,DW,,1-05-24,07/24,,7.32,1492.0,0.0,386.93,270.6,36.7,0.8,0.5,125.4,13.6,156.2,30.6,,368.0,,,,,,,,,,,BDL,,19.9722,85.8222,954.9,1-05-24,Safe,"Sadanandapur, Satyabadi (Puri)",Alluvium,Mahanadi
2024-25/210,2024-08-02,"CGWB, SER",ODISHA,Puri,Satyabadi,Sakhigopal,19.9414,85.8322,DW,,1-05-24,07/24,,7.83,3368.0,0.0,370.55,919.1,59.5,1.2,0.6,185.5,28.5,508.7,6.3,,577.0,,,,,,,,,,,BDL,,19.9414,85.8322,2155.5,1-05-24,Warning,"Sakhigopal, Satyabadi (Puri)",Alluvium,Mahanadi
2024-25/211,2024-08-02,"CGWB, SER",ODISHA,Puri,Satyabadi,Sakhigopal 3,19.95,85.8089,DW,,1-05-24,07/24,,7.97,1698.0,0.0,580.68,190.0,120.3,0.8,0.4,140.9,7.5,214.9,18.7,,382.0,,,,,,,,,,,BDL,,19.95,85.8089,1086.7,1-05-24,Safe,"Sakhigopal 3, Satyabadi (Puri)",Alluvium,Mahanadi
2024-25/212,2024-08-02,"CGWB, SER",ODISHA,Puri,Chilila lake,Satapada 1,19.6711,85.4483,DW,,1-05-24,07/24,,7.36,712.0,0.0,147.43,87.2,60.8,91.0,0.2,60.4,10.4,61.6,24.2,,192.0,,,,,,,,,,,BDL,,19.6711,85.4483,455.7,1-05-24,Danger,"Satapada 1, Chilila lake (Puri)",Alluvium,Chilika
2024-25/213,2024-08-02,"CGWB, SER",ODISHA,Puri,Sadar,Tulasichoura malatipatpur,19.8767,85.8175,DW,,1-05-24,07/24,,8.06,2184.0,0.0,693.65,283.0,121.7,32.1,0.1,97.0,38.4,165.2,247.6,,396.0,,,,,,,,,,,BDL,,19.8767,85.8175,1397.8,1-05-24,Safe,"Tulasichoura malatipatpur, Sadar (Puri)",Alluvium,Mahanadi
2024-25/214,2024-08-02,"CGWB, SER",ODISHA,Puri,Astaranga,Astaranga,19.9806,86.275,DW,,1-05-24,07/24,,7.95,4246.0,0.0,237.81,1502.8,123.4,4.2,0.4,76.6,58.8,858.2,13.3,,427.0,,,,,,,,,,,BDL,,19.9806,86.275,2717.4,1-05-24,Warning,"Astaranga, Astaranga (Puri)",Alluvium,Mahanadi
2024-25/215,2024-08-02,"CGWB, SER",ODISHA,Puri,Nimapada,Balanga 1,20.0389,85.8861,DW,,1-05-24,07/24,,7.31,677.0,0.0,226.51,105.1,13.1,2.9,0.2,58.0,16.0,60.0,7.6,,209.0,,,,,,,,,,,BDL,,20.0389,85.8861,433.3,1-05-24,Safe,"Balanga 1, Nimapada (Puri)",Alluvium,Mahanadi
2024-25/216,2024-08-02,"CGWB, SER",ODISHA,Puri,Satyabadi,Biragobindpur dakhina kali,19.9208,85.825,DW,,1-05-24,07/24,,7.93,1284.0,0.0,466.01,128.3,72.8,10.8,0.3,79.5,19.9,101.0,114.0,,278.0,,,,,,,,,,,BDL,,19.9208,85.825,821.8,1-05-24,Safe,"Biragobindpur dakhina kali, Satyabadi (Puri)",Alluvium,Mahanadi
2024-25/217,2024-08-02,"CGWB, SER",ODISHA,Puri,Brahmagiri,Budhiabar,19.8089,85.7403,DW,,1-05-24,07/24,,8.26,974.0,0.0,423.08,76.5,14.9,2.7,1.2,95.8,25.5,53.6,16.2,,341.0,,,,,,,,,,,BDL,,19.8089,85.7403,623.4,1-05-24,Safe,"Budhiabar, Brahmagiri (Puri)",Alluvium,Mahanadi
2024-25/218,2024-08-02,"CGWB, SER",ODISHA,Puri,Nimapada,Chhanijanga,20.0417,86.075,DW,,1-05-24,07/24,,7.66,770.0,0.0,368.29,30.3,15.6,2.7,0.1,38.6,12.3,21.4,148.0,,146.0,,,,,,,,,,,BDL,,20.0417,86.075,492.8,1-05-24,Safe,"Chhanijanga, Nimapada (Puri)",Alluvium,Mahanadi
2024-25/220,2024-08-02,"CGWB, SER",ODISHA,Puri,Delanga,Delang,20.0361,85.7694,DW,,1-05-24,07/24,,7.75,836.0,0.0,306.72,81.8,32.3,16.4,0.5,72.9,21.0,57.4,22.9,,266.0,,,,,,,,,,,BDL,,20.0361,85.7694,535.0,1-05-24,Safe,"Delang, Delanga (Puri)",Alluvium,Mahanadi
2024-25/222,2024-08-02,"CGWB, SER",ODISHA,Puri,Brahmagiri,Gokhara,19.78,85.6056,DW,,1-05-24,07/24,,7.67,1646.0,0.0,257.01,336.1,79.8,45.7,0.7,108.3,12.2,207.4,32.2,,319.0,,,,,,,,,,,BDL,,19.78,85.6056,1053.4,1-05-24,Danger,"Gokhara, Brahmagiri (Puri)",Alluvium,Mahanadi
2024-25/223,2024-08-02,"CGWB, SER",ODISHA,Puri,Brahmagiri,Gola,19.7294,85.5444,DW,,1-05-24,07/24,,7.26,1595.0,0.0,145.17,397.6,96.8,23.5,0.1,20.8,23.4,279.9,17.5,,146.0,,,,,,,,,,,BDL,,19.7294,85.5444,1020.8,1-05-24,Safe,"Gola, Brahmagiri (Puri)",Alluvium,Mahanadi
2024-25/224,2024-08-02,"CGWB, SER",ODISHA,Puri,Kakatpur,Kakatpur li,19.9994,86.1944,DW,,1-05-24,07/24,,7.89,981.0,0.0,298.81,105.6,62.3,36.6,0.6,71.7,11.8,95.9,47.8,,226.0,,,,,,,,,,,BDL,,19.9994,86.1944,627.8,1-05-24,Safe,"Kakatpur li, Kakatpur (Puri)",Alluvium,Mahanadi
2024-25/84,2024-08-16,"CGWB, SER",ODISHA,Angul,Banarpal,Amna,20.8489,85.1689,DW,,1-05-24,08/24,,7.73,767.0,0.0,439.0,20.0,33.0,1.0,0.84,22.0,60.0,60.0,3.0,,302.0,,,,,,,,,,,BDL,,20.8489,85.1689,490.9,1-05-24,Safe,"Amna, Banarpal (Angul)",Basement Gneissic Complex,Brahmani
2024-25/85,2024-08-16,"CGWB, SER",ODISHA,Angul,Angul,Angul,20.8389,85.09994,BW,,1-05-24,08/24,,7.41,833.0,0.0,293.0,67.0,64.0,13.0,0.89,20.0,37.0,98.0,3.0,,203.0,,,,,,,,,,,BDL,,20.8389,85.09994,533.1,1-05-24,Safe,"Angul, Angul (Angul)",Basement Gneissic Complex,Brahmani
2024-25/86,2024-08-16,"CGWB, SER",ODISHA,Angul,Chhenidpada,Bgharia,21.1069,84.8158,DW,,1-05-24,08/24,,7.29,1027.0,0.0,305.0,125.0,64.0,34.0,0.12,45.0,48.0,90.0,5.0,,311.0,,,,,,,,,,,BDL,,21.1069,84.8158,657.3,1-05-24,Safe,"Bgharia, Chhenidpada (Angul)",Sandstone,Brahmani
2024-25/87,2024-08-16,"CGWB, SER",ODISHA,Angul,Kaniha,Balipeta,21.1092,84.9886,HP,,1-05-24,08/24,,7.58,653.0,0.0,317.0,50.0,22.0,4.0,0.41,20.0,56.0,20.0,10.0,,279.0,,,,,,,,,,,BDL,,21.1092,84.9886,417.9,1-05-24,Safe,"Balipeta, Kaniha (Angul)",Sandstone,Brahmani
2024-25/88,2024-08-16,"CGWB, SER",ODISHA,Angul,Banarpal,Banarpal,20.8406,85.2142,DW,,1-05-24,08/24,,7.42,1126.0,0.0,244.0,150.0,95.0,41.0,0.06,52.0,48.0,90.0,20.0,,329.0,,,,,,,,,,,BDL,,20.8406,85.2142,720.6,1-05-24,Safe,"Banarpal, Banarpal (Angul)",Basement Gneissic Complex,Brahmani
2024-25/89,2024-08-16,"CGWB, SER",ODISHA,Angul,Angul,Bantala,20.7431,85.0631,HP,,1-05-24,08/24,,7.92,1818.0,0.0,726.0,170.0,96.0,60.0,1.03,25.0,10.0,400.0,3.0,,104.0,,,,,,,,,,,BDL,,20.7431,85.0631,1163.5,1-05-24,Danger,"Bantala, Angul (Angul)",Basement Gneissic Complex,Brahmani
2024-25/90,2024-08-16,"CGWB, SER",ODISHA,Angul,Angul,Barbahal,20.755,85.1,DW,,1-05-24,08/24,,7.56,1981.0,0.0,708.0,245.0,88.0,64.0,1.53,22.0,139.0,200.0,3.0,,626.0,,,,,,,,,,,BDL,,20.755,85.1,1267.8,1-05-24,Danger,"Barbahal, Angul (Angul)",Basement Gneissic Complex,Brahmani
2024-25/91,2024-08-16,"CGWB, SER",ODISHA,Angul,Banarpal,Bhogabereni,20.8917,85.2139,DW,,1-05-24,08/24,,7.92,2481.0,0.0,671.0,287.0,226.0,100.0,0.68,81.0,24.0,380.0,104.0,,302.0,,,,,,,,,,,BDL,,20.8917,85.2139,1587.8,1-05-24,Danger,"Bhogabereni, Banarpal (Angul)",Sandstone,Brahmani
2024-25/92,2024-08-16,"CGWB, SER",ODISHA,Angul,Chhenidpada,Durgapur,20.9181,84.8828,DW,,1-05-24,08/24,,7.29,1317.0,0.0,189.0,225.0,98.0,86.0,0.26,27.0,80.0,100.0,4.0,,396.0,,,,,,,,,,,BDL,,20.9181,84.8828,842.9,1-05-24,Danger,"Durgapur, Chhenidpada (Angul)",Basement Gneissic Complex,Brahmani
2024-25/93,2024-08-16,"CGWB, SER",ODISHA,Angul,Talacher,Godibandha,21.0194,85.1694,HP,,1-05-24,08/24,,7.36,372.0,0.0,214.0,15.0,3.0,3.0,0.4,18.0,33.0,8.0,3.0,,180.0,,,,,,,,,,,BDL,,21.0194,85.1694,238.1,1-05-24,Safe,"Godibandha, Talacher (Angul)",Sandstone,Brahmani
2024-25/94,2024-08-16,"CGWB, SER",ODISHA,Angul,Kisorenagar,Handpa,20.9536,84.6872,HP,,1-05-24,08/24,,7.57,778.0,0.0,177.0,110.0,43.0,35.0,0.06,78.0,33.0,16.0,3.0,,329.0,,,,,,,,,,,BDL,,20.9536,84.6872,497.9,1-05-24,Safe,"Handpa, Kisorenagar (Angul)",Sandstone,Mahanadi
2024-25/96,2024-08-16,"CGWB, SER",ODISHA,Angul,Chhenidpada,Katada,20.9067,84.8206,DW,,1-05-24,08/24,,7.91,1305.0,0.0,543.0,95.0,62.0,74.0,0.12,32.0,99.0,76.0,29.0,,486.0,,,,,,,,,,,BDL,,20.9067,84.8206,835.2,1-05-24,Danger,"Katada, Chhenidpada (Angul)",Khondalites,Brahmani
2024-25/97,2024-08-16,"CGWB, SER",ODISHA,Angul,Banarpal,Kukurang,20.8972,85.1483,DW,,1-05-24,08/24,,7.71,1141.0,0.0,427.0,115.0,82.0,18.0,0.2,27.0,71.0,100.0,2.0,,360.0,,,,,,,,,,,BDL,,20.8972,85.1483,730.2,1-05-24,Safe,"Kukurang, Banarpal (Angul)",Basement Gneissic Complex,Brahmani
2024-25/98,2024-08-16,"CGWB, SER",ODISHA,Angul,Talacher,Kumumda,20.9764,85.0264,DW,,1-05-24,08/24,,7.56,980.0,0.0,323.0,80.0,96.0,5.0,0.5,54.0,49.0,60.0,31.0,,338.0,,,,,,,,,,,BDL,,20.9764,85.0264,627.2,1-05-24,Safe,"Kumumda, Talacher (Angul)",Sandstone,Brahmani
2024-25/101,2024-08-16,"CGWB, SER",ODISHA,Angul,Angul,Panchmahala,20.8228,85.0592,HP,,1-05-24,08/24,,7.65,1351.0,0.0,519.0,145.0,53.0,51.0,0.86,22.0,50.0,200.0,3.0,,261.0,,,,,,,,,,,BDL,,20.8228,85.0592,864.6,1-05-24,Danger,"Panchmahala, Angul (Angul)",Basement Gneissic Complex,Brahmani
2024-25/102,2024-08-16,"CGWB, SER",ODISHA,Angul,Angul,Purnakot,20.6458,84.8361,HP,,1-05-24,08/24,,7.88,514.0,0.0,311.0,20.0,1.0,1.0,0.15,41.0,30.0,25.0,1.0,,225.0,,,,,,,,,,,BDL,,20.6458,84.8361,329.0,1-05-24,Safe,"Purnakot, Angul (Angul)",Basement Gneissic Complex,Mahanadi
2024-25/103,2024-08-16,"CGWB, SER",ODISHA,Angul,Kaniha,Samal,21.0722,85.1417,DW,,1-05-24,08/24,,7.73,715.0,0.0,348.0,35.0,42.0,1.0,0.52,31.0,38.0,70.0,2.0,,234.0,,,,,,,,,,,BDL,,21.0722,85.1417,457.6,1-05-24,Safe,"Samal, Kaniha (Angul)",Quartzite,Brahmani
2024-25/106,2024-08-16,"CGWB, SER",ODISHA,Angul,Banarpal,Tulsipal,20.8036,85.1867,DW,,1-05-24,08/24,,7.34,1026.0,0.0,287.0,115.0,83.0,55.0,0.15,36.0,67.0,60.0,2.0,,365.0,,,,,,,,,,,BDL,,20.8036,85.1867,656.6,1-05-24,Danger,"Tulsipal, Banarpal (Angul)",Basement Gneissic Complex,Brahmani
2024-25/107,2024-08-16,"CGWB, SER",ODISHA,Angul,Chhenidpada,Ugi,20.8467,84.8792,HP,,1-05-24,08/24,,7.95,685.0,0.0,378.0,17.0,30.0,16.0,0.13,58.0,36.0,31.0,6.0,,293.0,,,,,,,,,,,BDL,,20.8467,84.8792,438.4,1-05-24,Safe,"Ugi, Chhenidpada (Angul)",Basement Gneissic Complex,Brahmani
2024-25/1421,2024-08-16,"CGWB, SER",ODISHA,Bargarh,Bheden,Baghapalli,21.1744,83.7817,DW,,1-05-24,08/24,,7.03,3260.0,0.0,397.0,557.0,455.0,73.0,0.56,92.0,126.0,390.0,13.0,,747.0,,,,,,,,,,,BDL,,21.1744,83.7817,2086.4,1-05-24,Danger,"Baghapalli, Bheden (Bargarh)",Basement Gneissic Complex,Mahanadi
2024-25/1423,2024-08-16,"CGWB, SER",ODISHA,Bargarh,Barapali,Barapali 1,21.1725,83.5811,BW,,1-05-24,08/24,,7.68,554.0,0.0,281.0,25.0,24.0,9.0,1.31,41.0,13.0,60.0,2.0,,158.0,,,,,,,,,,,BDL,,21.1725,83.5811,354.6,1-05-24,Safe,"Barapali 1, Barapali (Bargarh)",Basement Gneissic Complex,Mahanadi
2024-25/1422,2024-08-16,"CGWB, SER",ODISHA,Bargarh,Bargarh,Bargarh 3,21.342917,83.614276,HP,,1-05-24,08/24,,7.59,1480.0,0.0,329.0,155.0,228.0,27.0,0.1,58.0,95.0,86.0,3.0,,536.0,,,,,,,,,,,BDL,,21.342917,83.614276,947.2,1-05-24,Safe,"Bargarh 3, Bargarh (Bargarh)",Basement Gneissic Complex,Mahanadi
2024-25/1424,2024-08-16,"CGWB, SER",ODISHA,Bargarh,Sohela,Batetarma,21.1442,83.2578,DW,,1-05-24,08/24,,7.43,586.0,0.0,244.0,42.0,27.0,10.0,0.11,34.0,17.0,52.0,24.0,,153.0,,,,,,,,,,,BDL,,21.1442,83.2578,375.0,1-05-24,Safe,"Batetarma, Sohela (Bargarh)",Basement Gneissic Complex,Mahanadi
2024-25/1425,2024-08-16,"CGWB, SER",ODISHA,Bargarh,Bheden,Bheden,21.1961,83.7508,HP,,1-05-24,08/24,,7.14,1165.0,0.0,317.0,177.0,38.0,49.0,0.26,61.0,53.0,88.0,9.0,,369.0,,,,,,,,,,,BDL,,21.1961,83.7508,745.6,1-05-24,Danger,"Bheden, Bheden (Bargarh)",Basement Gneissic Complex,Mahanadi
2024-25/1426,2024-08-16,"CGWB, SER",ODISHA,Bargarh,Bijepur,Budapalli,21.161999,83.511092,HP,,1-05-24,08/24,,7.26,959.0,0.0,226.0,130.0,56.0,42.0,0.58,83.0,33.0,56.0,4.0,,342.0,,,,,,,,,,,BDL,,21.161999,83.511092,613.8,1-05-24,Safe,"Budapalli, Bijepur (Bargarh)",Basement Gneissic Complex,Mahanadi
2024-25/1427,2024-08-16,"CGWB, SER",ODISHA,Bargarh,Bheden,Chichinda,21.2089,83.7911,DW,,1-05-24,08/24,,7.7,1947.0,0.0,470.0,230.0,113.0,153.0,0.16,112.0,45.0,175.0,105.0,,464.0,,,,,,,,,,,BDL,,21.2089,83.7911,1246.1,1-05-24,Danger,"Chichinda, Bheden (Bargarh)",Basement Gneissic Complex,Mahanadi
2024-25/1428,2024-08-16,"CGWB, SER",ODISHA,Bargarh,Gaisilet,Dangabahali,20.9425,83.3528,DW,,1-05-24,08/24,,7.94,1630.0,0.0,543.0,207.0,70.0,61.0,0.22,27.0,104.0,163.0,6.0,,495.0,,,,,,,,,,,BDL,,20.9425,83.3528,1043.2,1-05-24,Danger,"Dangabahali, Gaisilet (Bargarh)",Basement Gneissic Complex,Mahanadi
2024-25/1429,2024-08-16,"CGWB, SER",ODISHA,Bargarh,Gaisilet,Gaisilet 3,20.9622,83.315,DW,,1-05-24,08/24,,7.64,2287.0,0.0,354.0,400.0,209.0,87.0,0.7,31.0,96.0,298.0,6.0,,473.0,,,,,,,,,,,BDL,,20.9622,83.315,1463.7,1-05-24,Danger,"Gaisilet 3, Gaisilet (Bargarh)",Basement Gneissic Complex,Mahanadi
2024-25/1430,2024-08-16,"CGWB, SER",ODISHA,Bargarh,Sohela,Ghens 1,21.1897,83.2853,HP,,1-05-24,08/24,,7.43,1563.0,0.0,317.0,225.0,91.0,117.0,0.22,38.0,117.0,100.0,5.0,,576.0,,,,,,,,,,,BDL,,21.1897,83.2853,1000.3,1-05-24,Danger,"Ghens 1, Sohela (Bargarh)",Basement Gneissic Complex,Mahanadi
2024-25/1431,2024-08-16,"CGWB, SER",ODISHA,Bargarh,Sohela,Grinjal,21.336444,83.374685,BW,,1-05-24,08/24,,7.4,1757.0,0.0,287.0,280.0,111.0,131.0,0.83,88.0,38.0,219.0,7.0,,378.0,,,,,,,,,,,BDL,,21.336444,83.374685,1124.5,1-05-24,Danger,"Grinjal, Sohela (Bargarh)",Basement Gneissic Complex,Mahanadi
2024-25/1434,2024-08-16,"CGWB, SER",ODISHA,Bargarh,Bargarh,Khuntapali,21.2853,83.6153,DW,,1-05-24,08/24,,7.9,1585.0,0.0,354.0,175.0,97.0,121.0,0.25,58.0,35.0,152.0,135.0,,288.0,,,,,,,,,,,BDL,,21.2853,83.6153,1014.4,1-05-24,Danger,"Khuntapali, Bargarh (Bargarh)",Basement Gneissic Complex,Mahanadi
2024-25/1435,2024-08-16,"CGWB, SER",ODISHA,Bargarh,Bheden,Khutlipalli,21.2589,83.87,HP,,1-05-24,08/24,,7.66,1171.0,0.0,268.0,195.0,33.0,48.0,0.1,72.0,30.0,122.0,7.0,,302.0,,,,,,,,,,,BDL,,21.2589,83.87,749.4,1-05-24,Danger,"Khutlipalli, Bheden (Bargarh)",Alluvium,Mahanadi
2024-25/1437,2024-08-16,"CGWB, SER",ODISHA,Bargarh,Barapali,Kusanpur,21.250441,83.578016,DW,,1-05-24,08/24,,7.88,947.0,0.0,275.0,117.0,57.0,30.0,0.4,65.0,21.0,95.0,5.0,,248.0,,,,,,,,,,,BDL,,21.250441,83.578016,606.1,1-05-24,Safe,"Kusanpur, Barapali (Bargarh)",Basement Gneissic Complex,Mahanadi
2024-25/1438,2024-08-16,"CGWB, SER",ODISHA,Bargarh,Rajborasambar,Padampur 2,20.998561,83.069208,DW,,1-05-24,08/24,,7.79,1884.0,0.0,512.0,185.0,114.0,214.0,0.57,38.0,91.0,220.0,20.0,,468.0,,,,,,,,,,,BDL,,20.998561,83.069208,1205.8,1-05-24,Danger,"Padampur 2, Rajborasambar (Bargarh)",Basement Gneissic Complex,Mahanadi
2024-25/1439,2024-08-16,"CGWB, SER",ODISHA,Bargarh,Attabira,Patrapali,21.307996,83.764381,BW,,1-05-24,08/24,,8.01,1176.0,0.0,427.0,145.0,26.0,32.0,0.33,65.0,44.0,104.0,26.0,,342.0,,,,,,,,,,,BDL,,21.307996,83.764381,752.6,1-05-24,Safe,"Patrapali, Attabira (Bargarh)",Basement Gneissic Complex,Mahanadi
2024-25/1440,2024-08-16,"CGWB, SER",ODISHA,Bargarh,Bhatli,Purrakhai,21.4564,83.4839,DW,,1-05-24,08/24,,7.98,750.0,0.0,311.0,57.0,35.0,5.0,0.15,40.0,19.0,56.0,60.0,,180.0,,,,,,,,,,,BDL,,21.4564,83.4839,480.0,1-05-24,Safe,"Purrakhai, Bhatli (Bargarh)",Basement Gneissic Complex,Mahanadi
2024-25/1441,2024-08-16,"CGWB, SER",ODISHA,Bargarh,Bheden,Remenda,21.268044,83.762514,DW,,1-05-24,08/24,,8.03,698.0,0.0,342.0,37.0,35.0,2.0,0.31,23.0,35.0,43.0,47.0,,203.0,,,,,,,,,,,BDL,,21.268044,83.762514,446.7,1-05-24,Safe,"Remenda, Bheden (Bargarh)",Basement Gneissic Complex,Mahanadi
2024-25/1444,2024-08-16,"CGWB, SER",ODISHA,Bargarh,Bargarh,Sarala,21.4006,83.6558,DW,,1-05-24,08/24,,7.95,1248.0,0.0,390.0,227.0,12.0,2.0,0.47,18.0,80.0,108.0,9.0,,374.0,,,,,,,,,,,BDL,,21.4006,83.6558,798.7,1-05-24,Safe,"Sarala, Bargarh (Bargarh)",Basement Gneissic Complex,Mahanadi
2024-25/1445,2024-08-16,"CGWB, SER",ODISHA,Bargarh,Barapali,Sarandapali,21.2361,83.4933,BW,,1-05-24,08/24,,6.63,922.0,0.0,348.0,102.0,33.0,23.0,0.52,29.0,83.0,28.0,4.0,,414.0,,,,,,,,,,,BDL,,21.2361,83.4933,590.1,1-05-24,Safe,"Sarandapali, Barapali (Bargarh)",Basement Gneissic Complex,Mahanadi
2024-25/1446,2024-08-16,"CGWB, SER",ODISHA,Bargarh,Bheden,Satlama 1,21.1431,83.6228,DW,,1-05-24,08/24,,7.92,1287.0,0.0,256.0,225.0,66.0,22.0,0.09,49.0,74.0,100.0,7.0,,428.0,,,,,,,,,,,BDL,,21.1431,83.6228,823.7,1-05-24,Safe,"Satlama 1, Bheden (Bargarh)",Basement Gneissic Complex,Mahanadi
2024-25/1447,2024-08-16,"CGWB, SER",ODISHA,Bargarh,Attabira,Shukutapali,21.3658,83.7167,DW,,1-05-24,08/24,,7.93,1667.0,0.0,262.0,267.0,130.0,89.0,0.09,115.0,55.0,106.0,40.0,,513.0,,,,,,,,,,,BDL,,21.3658,83.7167,1066.9,1-05-24,Danger,"Shukutapali, Attabira (Bargarh)",Basement Gneissic Complex,Mahanadi
2024-25/1448,2024-08-16,"CGWB, SER",ODISHA,Bargarh,Sohela,Sohela 1,21.2944,83.3981,DW,,1-05-24,08/24,,7.83,1186.0,0.0,336.0,162.0,55.0,64.0,0.25,32.0,64.0,106.0,6.0,,342.0,,,,,,,,,,,BDL,,21.2944,83.3981,759.0,1-05-24,Danger,"Sohela 1, Sohela (Bargarh)",Basement Gneissic Complex,Mahanadi
2024-25/1477,2024-08-16,"CGWB, SER",ODISHA,Sambalpur,Dhankauda,Baijamunda,21.4425,83.9147,BW,,1-05-24,08/24,,7.88,717.0,0.0,299.0,57.0,38.0,11.0,0.38,31.0,41.0,57.0,3.0,,248.0,,,,,,,,,,,BDL,,21.4425,83.9147,458.9,1-05-24,Safe,"Baijamunda, Dhankauda (Sambalpur)",Basement Gneissic Complex,Mahanadi
2024-25/1478,2024-08-16,"CGWB, SER",ODISHA,Sambalpur,Maneswar,Batemura,21.370449,83.976445,HP,,1-05-24,08/24,,8.3,634.0,0.0,305.0,50.0,11.0,12.0,0.51,31.0,46.0,28.0,4.0,,266.0,,,,,,,,,,,BDL,,21.370449,83.976445,405.8,1-05-24,Safe,"Batemura, Maneswar (Sambalpur)",Alluvium,Mahanadi
2024-25/1479,2024-08-16,"CGWB, SER",ODISHA,Sambalpur,Maneswar,Bausenmura,21.338494,83.980915,HP,,1-05-24,08/24,,7.79,2308.0,0.0,549.0,400.0,100.0,52.0,1.26,36.0,140.0,245.0,22.0,,666.0,,,,,,,,,,,BDL,,21.338494,83.980915,1477.1,1-05-24,Danger,"Bausenmura, Maneswar (Sambalpur)",Alluvium,Mahanadi
2024-25/225,2024-09-02,"CGWB, SER",ODISHA,Puri,Kanas,Kanas,20.0994,85.7997,DW,,1-05-24,08/24,,7.6,1175.0,0.0,345.69,151.2,60.3,37.3,0.2,82.3,4.8,104.6,105.2,,225.0,,,,,,,,,,,BDL,,20.0994,85.7997,752.0,1-05-24,Safe,"Kanas, Kanas (Puri)",Alluvium,Mahanadi
2024-25/227,2024-09-02,"CGWB, SER",ODISHA,Puri,Pipili,Maunimatha,19.9942,85.8,DW,,1-05-24,08/24,,7.49,1094.0,0.0,254.75,91.6,190.2,3.6,0.2,61.6,14.4,152.0,22.3,,211.0,,,,,,,,,,,BDL,,19.9942,85.8,700.2,1-05-24,Safe,"Maunimatha, Pipili (Puri)",Alluvium,Mahanadi
2024-25/228,2024-09-02,"CGWB, SER",ODISHA,Puri,Sadar,P-01 Krupa sindura patna,19.8336,85.8361,DW,,1-05-24,08/24,,7.67,4647.0,0.0,271.13,1505.1,111.1,13.3,0.2,372.3,51.8,517.4,44.6,,1137.0,,,,,,,,,,,BDL,,19.8336,85.8361,2974.1,1-05-24,Danger,"P-01 Krupa sindura patna, Sadar (Puri)",Alluvium,Mahanadi
2024-25/229,2024-09-02,"CGWB, SER",ODISHA,Puri,Sadar,P-19 Kashi Jagannathpur,19.8167,85.8064,DW,,1-05-24,08/24,,7.83,2223.0,0.0,250.8,485.4,170.1,35.2,0.5,113.7,28.0,261.6,123.2,,396.0,,,,,,,,,,,BDL,,19.8167,85.8064,1422.7,1-05-24,Safe,"P-19 Kashi Jagannathpur, Sadar (Puri)",Alluvium,Mahanadi
2024-25/230,2024-09-02,"CGWB, SER",ODISHA,Puri,Sadar,P-31 Sweta Ganga,19.8011,85.8186,DW,,1-05-24,08/24,,7.43,2020.0,0.0,244.02,98.1,135.7,20.1,0.1,22.1,39.3,108.6,9.7,,213.0,,,,,,,,,,,BDL,,19.8011,85.8186,1292.8,1-05-24,Safe,"P-31 Sweta Ganga, Sadar (Puri)",Alluvium,Mahanadi
2024-25/231,2024-09-02,"CGWB, SER",ODISHA,Puri,Sadar,P-32 Gobardha Matha,19.7953,85.7833,DW,,1-05-24,08/24,,7.89,1044.0,0.0,368.29,83.3,45.0,60.2,0.3,102.4,21.6,61.9,48.7,,342.0,,,,,,,,,,,BDL,,19.7953,85.7833,668.2,1-05-24,Danger,"P-32 Gobardha Matha, Sadar (Puri)",Alluvium,Mahanadi
2024-25/268,2024-09-02,"CGWB, SER",ODISHA,Kalahandi,Kokasara,Ampani,19.5822,82.6244,DW,,1-05-24,08/24,,7.97,804.0,0.0,307.85,51.5,76.4,27.6,0.3,89.1,23.4,35.4,5.7,,316.0,,,,,,,,,,,BDL,,19.5822,82.6244,514.6,1-05-24,Safe,"Ampani, Kokasara (Kalahandi)",Basement Gneissic Complex,Mahanadi
2024-25/269,2024-09-02,"CGWB, SER",ODISHA,Kalahandi,Bhawanipatna,Attanguda,19.8658,83.1589,DW,,1-05-24,08/24,,7.47,947.0,0.0,318.02,95.1,44.4,28.6,0.4,94.7,13.1,75.7,10.5,,289.0,,,,,,,,,,,BDL,,19.8658,83.1589,606.1,1-05-24,Safe,"Attanguda, Bhawanipatna (Kalahandi)",Charnockite,Mahanadi
2024-25/270,2024-09-02,"CGWB, SER",ODISHA,Kalahandi,Junagarh,Badbasul,19.8356,82.8375,DW,,1-05-24,08/24,,7.84,2100.0,0.0,122.01,358.4,436.0,163.9,2.5,159.5,66.4,208.1,22.3,,664.0,,,,,,,,,,,BDL,,19.8356,82.8375,1344.0,1-05-24,Danger,"Badbasul, Junagarh (Kalahandi)",Basement Gneissic Complex,Mahanadi
2024-25/272,2024-09-02,"CGWB, SER",ODISHA,Kalahandi,Jayapatna,Bijamara,19.5583,82.82,DW,,1-05-24,08/24,,7.7,1476.0,0.0,284.69,284.6,65.2,86.8,0.8,105.7,31.7,146.7,22.5,,391.0,,,,,,,,,,,BDL,,19.5583,82.82,944.6,1-05-24,Danger,"Bijamara, Jayapatna (Kalahandi)",Basement Gneissic Complex,Mahanadi
2024-25/274,2024-09-02,"CGWB, SER",ODISHA,Kalahandi,Dharamgarh,Dharamgarh,19.87,82.7797,DW,,1-05-24,08/24,,8.02,978.0,0.0,262.66,125.2,60.8,10.2,0.5,87.5,16.8,87.4,2.3,,286.0,,,,,,,,,,,BDL,,19.87,82.7797,625.9,1-05-24,Safe,"Dharamgarh, Dharamgarh (Kalahandi)",Basement Gneissic Complex,Mahanadi
2024-25/275,2024-09-02,"CGWB, SER",ODISHA,Kalahandi,Golamunda,Golamunda,20.0556,82.7883,DW,,1-05-24,08/24,,7.89,1328.0,0.0,475.05,128.7,76.6,56.1,0.9,152.3,32.2,71.7,3.7,,509.0,,,,,,,,,,,BDL,,20.0556,82.7883,849.9,1-05-24,Danger,"Golamunda, Golamunda (Kalahandi)",Basement Gneissic Complex,Mahanadi
2024-25/276,2024-09-02,"CGWB, SER",ODISHA,Kalahandi,Kokasara,Koksara 1,19.6481,82.6872,HP,,1-05-24,08/24,,7.62,1458.0,0.0,524.75,135.2,81.6,38.7,0.6,156.9,42.2,79.8,3.6,,561.0,,,,,,,,,,,BDL,,19.6481,82.6872,933.1,1-05-24,Safe,"Koksara 1, Kokasara (Kalahandi)",Basement Gneissic Complex,Mahanadi
2024-25/277,2024-09-02,"CGWB, SER",ODISHA,Kalahandi,Jayapatna,Ladugaon,19.6117,82.7056,HP,,1-05-24,08/24,,8.16,678.0,0.0,332.7,28.2,34.2,21.7,1.1,94.7,14.5,25.2,6.2,,295.0,,,,,,,,,,,BDL,,19.6117,82.7056,433.9,1-05-24,Safe,"Ladugaon, Jayapatna (Kalahandi)",Basement Gneissic Complex,Mahanadi
2024-25/278,2024-09-02,"CGWB, SER",ODISHA,Kalahandi,Junagarh,Mahichala,19.7778,82.8458,HP,,1-05-24,08/24,,7.74,1020.0,0.0,295.42,132.2,89.4,38.2,0.3,105.0,22.2,85.6,2.1,,351.0,,,,,,,,,,,BDL,,19.7778,82.8458,652.8,1-05-24,Safe,"Mahichala, Junagarh (Kalahandi)",Basement Gneissic Complex,Mahanadi
2024-25/280,2024-09-02,"CGWB, SER",ODISHA,Kalahandi,Bhawanipatna,Sargigora,20.1708,82.99,DW,,1-05-24,08/24,,7.54,809.0,0.0,161.55,114.3,43.3,84.0,0.6,66.5,20.6,67.2,1.8,,249.0,,,,,,,,,,,BDL,,20.1708,82.99,517.8,1-05-24,Danger,"Sargigora, Bhawanipatna (Kalahandi)",Basement Gneissic Complex,Mahanadi
2024-25/281,2024-09-02,"CGWB, SER",ODISHA,Kalahandi,Kesinga,Tundala 1,20.2969,83.3542,DW,,1-05-24,08/24,,7.69,1568.0,0.0,424.77,217.0,124.1,75.2,0.5,94.5,79.3,81.2,21.5,,553.0,,,,,,,,,,,BDL,,20.2969,83.3542,1003.5,1-05-24,Danger,"Tundala 1, Kesinga (Kalahandi)",Basement Gneissic Complex,Mahanadi
2024-25/296,2024-09-02,"CGWB, SER",ODISHA,Nabarangpur,Chandahandi,Chandahandi 2,19.8453,82.4919,DW,,1-05-24,08/24,,7.28,843.0,0.0,293.94,85.6,51.6,44.1,0.6,97.1,18.3,62.1,3.2,,316.0,,,,,,,,,,,BDL,,19.8453,82.4919,539.5,1-05-24,Safe,"Chandahandi 2, Chandahandi (Nabarangpur)",Basement Gneissic Complex,Mahanadi
2024-25/297,2024-09-02,"CGWB, SER",ODISHA,Nabarangpur,Dabugan,Debugaon,19.4528,82.4083,DW,,1-05-24,08/24,,7.93,610.0,0.0,234.92,62.3,17.3,35.2,0.4,84.8,2.2,46.1,5.6,,221.0,,,,,,,,,,,BDL,,19.4528,82.4083,390.4,1-05-24,Safe,"Debugaon, Dabugan (Nabarangpur)",Basement Gneissic Complex,Indravati
2024-25/299,2024-09-02,"CGWB, SER",ODISHA,Nabarangpur,Umarkote,Dondasora,19.6597,82.0694,DW,,1-05-24,08/24,,7.95,470.0,0.0,223.23,33.1,11.9,8.5,1.2,55.3,10.2,25.5,2.5,,179.0,,,,,,,,,,,BDL,,19.6597,82.0694,300.8,1-05-24,Safe,"Dondasora, Umarkote (Nabarangpur)",Basement Gneissic Complex,Indravati
2024-25/300,2024-09-02,"CGWB, SER",ODISHA,Nabarangpur,Nabarangpur,Sanamansingham,19.2156,82.4539,HP,,1-05-24,08/24,,7.52,1108.0,0.0,357.64,152.3,37.9,13.6,0.7,152.5,17.4,49.4,0.4,,450.0,,,,,,,,,,,BDL,,19.2156,82.4539,709.1,1-05-24,Safe,"Sanamansingham, Nabarangpur (Nabarangpur)",Shale,Indravati
2024-25/307,2024-09-02,"CGWB, SER",ODISHA,Rayagada,Kashipur,Kashipur,19.3542,83.1197,DW,,1-05-24,08/24,,7.72,317.0,0.0,71.88,37.0,5.6,58.2,0.1,33.1,5.3,23.2,7.9,,104.0,,,,,,,,,,,BDL,,19.3542,83.1197,202.9,1-05-24,Danger,"Kashipur, Kashipur (Rayagada)",Khondalites,Indravati
2024-25/311,2024-09-02,"CGWB, SER",ODISHA,Balangir,Patnagarh,Ampali( Rampur Ampali),20.7067,83.1508,DW,,1-05-24,08/24,,7.45,672.0,0.0,246.61,63.6,40.5,8.6,0.6,75.2,12.3,45.9,1.5,,237.0,,,,,,,,,,,BDL,,20.7067,83.1508,430.1,1-05-24,Safe,"Ampali( Rampur Ampali), Patnagarh (Balangir)",Basement Gneissic Complex,Mahanadi
2024-25/312,2024-09-02,"CGWB, SER",ODISHA,Balangir,Belpara,Baijal Sagar,20.7464,82.9447,DW,,1-05-24,08/24,,7.7,709.0,0.0,264.14,78.8,19.2,5.6,0.9,91.5,2.6,53.0,0.3,,239.0,,,,,,,,,,,BDL,,20.7464,82.9447,453.8,1-05-24,Safe,"Baijal Sagar, Belpara (Balangir)",Basement Gneissic Complex,Mahanadi
2024-25/313,2024-09-02,"CGWB, SER",ODISHA,Balangir,Puintala,Bairasar,20.7408,83.6707,HP,,1-05-24,08/24,,7.27,962.0,0.0,264.72,127.0,47.8,56.1,0.5,95.3,12.3,95.6,2.5,,287.0,,,,,,,,,,,BDL,,20.7408,83.6707,615.7,1-05-24,Danger,"Bairasar, Puintala (Balangir)",Intrusive,Mahanadi
2024-25/314,2024-09-02,"CGWB, SER",ODISHA,Balangir,Muribahal,Bandupalla,20.4722,83.0936,DW,,1-05-24,08/24,,7.58,753.0,0.0,258.88,82.5,38.5,25.2,0.5,85.2,2.9,41.0,58.5,,224.0,,,,,,,,,,,BDL,,20.4722,83.0936,481.9,1-05-24,Safe,"Bandupalla, Muribahal (Balangir)",Khondalites,Mahanadi
2024-25/315,2024-09-02,"CGWB, SER",ODISHA,Balangir,Patnagarh,Banjari,20.7092,83.0853,HP,,1-05-24,08/24,,7.24,932.0,0.0,305.63,125.0,35.5,23.6,1.05,102.3,8.6,95.6,1.3,,290.0,,,,,,,,,,,BDL,,20.7092,83.0853,596.5,1-05-24,Safe,"Banjari, Patnagarh (Balangir)",Basement Gneissic Complex,Mahanadi
2024-25/318,2024-09-02,"CGWB, SER",ODISHA,Balangir,Saintala,Bhadra,20.4106,83.332,DW,,1-05-24,08/24,,7.78,760.0,0.0,326.08,52.8,26.8,8.3,0.9,97.5,17.6,37.5,0.3,,314.0,,,,,,,,,,,BDL,,20.4106,83.332,486.4,1-05-24,Safe,"Bhadra, Saintala (Balangir)",Khondalites,Mahanadi
2024-25/319,2024-09-02,"CGWB, SER",ODISHA,Balangir,Balangir,Bijakhaman 1,20.6672,83.4544,DW,,1-05-24,08/24,,7.57,800.0,0.0,364.07,52.1,26.7,5.2,2.6,86.2,24.7,35.3,2.3,,314.0,,,,,,,,,,,BDL,,20.6672,83.4544,512.0,1-05-24,Danger,"Bijakhaman 1, Balangir (Balangir)",Basement Gneissic Complex,Mahanadi
2024-25/320,2024-09-02,"CGWB, SER",ODISHA,Balangir,Balangir,Bolangir 2,20.6978,83.48,DW,,1-05-24,08/24,,7.63,740.0,0.0,283.42,92.2,24.0,3.3,0.6,65.5,17.0,68.6,0.6,,232.0,,,,,,,,,,,BDL,,20.6978,83.48,473.6,1-05-24,Safe,"Bolangir 2, Balangir (Balangir)",Basement Gneissic Complex,Mahanadi
2024-25/322,2024-09-02,"CGWB, SER",ODISHA,Balangir,Titlagarh,Chormara,20.3047,83.2917,DW,,1-05-24,08/24,,7.95,1233.0,0.0,414.91,121.3,75.3,32.0,0.4,123.3,25.0,48.8,103.7,,408.0,,,,,,,,,,,BDL,,20.3047,83.2917,789.1,1-05-24,Safe,"Chormara, Titlagarh (Balangir)",Khondalites,Mahanadi
2024-25/324,2024-09-02,"CGWB, SER",ODISHA,Balangir,Balangir,Dhumamara,20.7139,83.4408,DW,,1-05-24,08/24,,7.59,779.0,0.0,232.58,82.0,68.6,19.8,0.7,85.2,12.3,54.7,5.2,,262.0,,,,,,,,,,,BDL,,20.7139,83.4408,498.6,1-05-24,Safe,"Dhumamara, Balangir (Balangir)",Basement Gneissic Complex,Mahanadi
2024-25/326,2024-09-02,"CGWB, SER",ODISHA,Balangir,Balangir,Dudukasira,20.7369,83.4028,DW,,1-05-24,08/24,,7.79,824.0,0.0,305.63,84.2,39.3,20.4,1.1,82.6,12.0,69.1,4.6,,254.0,,,,,,,,,,,BDL,,20.7369,83.4028,527.4,1-05-24,Safe,"Dudukasira, Balangir (Balangir)",Basement Gneissic Complex,Mahanadi
2024-25/327,2024-09-02,"CGWB, SER",ODISHA,Balangir,Belpara,Dumabata,20.5493,83.0785,DW,,1-05-24,08/24,,7.48,1574.0,0.0,388.61,241.3,83.3,36.2,0.7,124.2,21.2,137.6,69.4,,395.0,,,,,,,,,,,BDL,,20.5493,83.0785,1007.4,1-05-24,Safe,"Dumabata, Belpara (Balangir)",Basement Gneissic Complex,Mahanadi
2024-25/330,2024-09-02,"CGWB, SER",ODISHA,Balangir,Balangir,Fasad,20.8208,83.4989,DW,,1-05-24,08/24,,7.21,864.0,0.0,232.58,134.2,51.8,33.4,0.4,65.2,23.1,87.4,0.3,,255.0,,,,,,,,,,,BDL,,20.8208,83.4989,553.0,1-05-24,Safe,"Fasad, Balangir (Balangir)",Intrusive,Mahanadi
2024-25/331,2024-09-02,"CGWB, SER",ODISHA,Balangir,Belpara,Fattamunda,20.5321,83.1104,HP,,1-05-24,08/24,,7.22,706.0,0.0,246.02,64.2,41.5,33.0,0.7,72.6,19.6,47.2,0.6,,260.0,,,,,,,,,,,BDL,,20.5321,83.1104,451.8,1-05-24,Safe,"Fattamunda, Belpara (Balangir)",Basement Gneissic Complex,Mahanadi
2024-25/332,2024-09-02,"CGWB, SER",ODISHA,Balangir,Patnagarh,Ghambari,20.7214,82.9433,DW,,1-05-24,08/24,,7.07,1159.0,0.0,330.17,148.7,52.6,55.2,0.4,105.2,35.2,85.9,0.9,,404.0,,,,,,,,,,,BDL,,20.7214,82.9433,741.8,1-05-24,Danger,"Ghambari, Patnagarh (Balangir)",Basement Gneissic Complex,Mahanadi
2024-25/333,2024-09-02,"CGWB, SER",ODISHA,Balangir,Muribahal,Haldia,20.3437,83.044,HP,,1-05-24,08/24,,7.23,1011.0,0.0,271.74,132.9,52.0,65.3,0.9,85.6,19.5,107.2,0.6,,292.0,,,,,,,,,,,BDL,,20.3437,83.044,647.0,1-05-24,Danger,"Haldia, Muribahal (Balangir)",Basement Gneissic Complex,Mahanadi
2024-25/334,2024-09-02,"CGWB, SER",ODISHA,Balangir,Balangir,Harbhanga,20.9697,83.5811,DW,,1-05-24,08/24,,7.44,948.0,0.0,323.75,113.7,65.4,27.5,0.4,95.6,18.5,64.6,44.6,,313.0,,,,,,,,,,,BDL,,20.9697,83.5811,606.7,1-05-24,Safe,"Harbhanga, Balangir (Balangir)",Sandstone,Mahanadi
2024-25/335,2024-09-02,"CGWB, SER",ODISHA,Balangir,Titlagarh,Ichagaon,20.2117,83.0117,DW,,1-05-24,08/24,,7.46,645.0,0.0,179.99,81.9,43.6,42.3,0.2,55.2,21.2,50.9,4.9,,223.0,,,,,,,,,,,BDL,,20.2117,83.0117,412.8,1-05-24,Safe,"Ichagaon, Titlagarh (Balangir)",Basement Gneissic Complex,Mahanadi
2024-25/336,2024-09-02,"CGWB, SER",ODISHA,Balangir,Balangir,Jhankar pali,20.7319,83.3894,DW,,1-05-24,08/24,,7.75,636.0,0.0,265.89,54.5,11.8,9.6,1.3,66.2,18.5,34.4,1.2,,239.0,,,,,,,,,,,BDL,,20.7319,83.3894,407.0,1-05-24,Safe,"Jhankar pali, Balangir (Balangir)",Basement Gneissic Complex,Mahanadi
2024-25/338,2024-09-02,"CGWB, SER",ODISHA,Balangir,Deogaon,Kacherpalli,20.5427,83.4157,HP,,1-05-24,08/24,,7.42,881.0,0.0,291.02,90.8,34.8,47.7,1.1,85.6,15.2,74.7,5.3,,275.0,,,,,,,,,,,BDL,,20.5427,83.4157,563.8,1-05-24,Danger,"Kacherpalli, Deogaon (Balangir)",Basement Gneissic Complex,Mahanadi
2024-25/339,2024-09-02,"CGWB, SER",ODISHA,Balangir,Turekela,Kantabanji,20.4781,82.9243,DW,,1-05-24,08/24,,7.76,2436.0,0.0,946.7,218.4,85.2,35.2,0.3,265.3,53.3,152.8,22.3,,876.0,,,,,,,,,,,BDL,,20.4781,82.9243,1559.0,1-05-24,Warning,"Kantabanji, Turekela (Balangir)",Basement Gneissic Complex,Mahanadi
2024-25/340,2024-09-02,"CGWB, SER",ODISHA,Balangir,Belpara,Kapani,20.6421,83.0046,HP,,1-05-24,08/24,,7.51,1462.0,0.0,381.6,191.0,85.6,65.0,0.7,135.2,32.2,121.8,3.2,,467.0,,,,,,,,,,,BDL,,20.6421,83.0046,935.7,1-05-24,Danger,"Kapani, Belpara (Balangir)",Khondalites,Mahanadi
2024-25/342,2024-09-02,"CGWB, SER",ODISHA,Balangir,Turekela,Kurli,20.4929,82.9204,HP,,1-05-24,08/24,,7.38,581.0,0.0,187.0,56.2,46.7,11.9,0.7,62.3,12.3,37.2,5.3,,205.0,,,,,,,,,,,BDL,,20.4929,82.9204,371.8,1-05-24,Safe,"Kurli, Turekela (Balangir)",Khondalites,Mahanadi
2024-25/344,2024-09-02,"CGWB, SER",ODISHA,Balangir,Belpara,Lathor,20.6213,82.7656,DW,,1-05-24,08/24,,7.4,620.0,0.0,220.31,62.5,35.2,23.4,0.8,67.5,15.2,45.8,4.2,,229.0,,,,,,,,,,,BDL,,20.6213,82.7656,396.8,1-05-24,Safe,"Lathor, Belpara (Balangir)",Basement Gneissic Complex,Mahanadi
2024-25/346,2024-09-02,"CGWB, SER",ODISHA,Balangir,TItlagarh,Minapali,20.2475,83.1068,DW,,1-05-24,08/24,,7.89,872.0,0.0,304.46,76.6,56.3,25.2,0.4,87.7,19.5,60.2,3.2,,297.0,,,,,,,,,,,BDL,,20.2475,83.1068,558.1,1-05-24,Safe,"Minapali, TItlagarh (Balangir)",Basement Gneissic Complex,Mahanadi
2024-25/349,2024-09-02,"CGWB, SER",ODISHA,Balangir,Patnagarh,Patnagarh 2,20.707,83.1284,HP,,1-05-24,08/24,,8.07,547.0,0.0,221.43,46.0,23.3,15.4,1.1,39.1,15.3,51.3,4.0,,159.0,,,,,,,,,,,BDL,,20.707,83.1284,350.1,1-05-24,Safe,"Patnagarh 2, Patnagarh (Balangir)",Khondalites,Mahanadi
2024-25/350,2024-09-02,"CGWB, SER",ODISHA,Balangir,Balangir,Phulajharan,20.7145,83.4578,HP,,1-05-24,08/24,,7.74,432.0,0.0,232.72,13.8,4.2,0.3,1.1,21.6,8.6,55.6,2.5,,88.0,,,,,,,,,,,BDL,,20.7145,83.4578,276.5,1-05-24,Safe,"Phulajharan, Balangir (Balangir)",Khondalites,Mahanadi
2024-25/351,2024-09-02,"CGWB, SER",ODISHA,Balangir,Khaprakho,Phulkimunda,20.7186,82.8325,DW,,1-05-24,08/24,,8.1,658.0,0.0,289.77,40.6,34.5,6.7,1.65,32.1,21.0,67.1,12.5,,164.0,,,,,,,,,,,BDL,,20.7186,82.8325,421.1,1-05-24,Danger,"Phulkimunda, Khaprakho (Balangir)",Basement Gneissic Complex,Mahanadi
2024-25/352,2024-09-02,"CGWB, SER",ODISHA,Balangir,Saintala,Piprut,20.3522,83.31,DW,,1-05-24,08/24,,7.83,479.0,0.0,200.53,32.3,26.4,3.5,0.7,56.5,15.2,17.2,1.0,,202.0,,,,,,,,,,,BDL,,20.3522,83.31,306.6,1-05-24,Safe,"Piprut, Saintala (Balangir)",Basement Gneissic Complex,Mahanadi
2024-25/354,2024-09-02,"CGWB, SER",ODISHA,Balangir,Puintala,Randa,20.7285,83.5628,HP,,1-05-24,08/24,,7.56,1510.0,0.0,317.45,244.6,131.4,29.7,0.4,113.5,26.1,156.8,15.2,,388.0,,,,,,,,,,,BDL,,20.7285,83.5628,966.4,1-05-24,Safe,"Randa, Puintala (Balangir)",Intrusive,Mahanadi
2024-25/355,2024-09-02,"CGWB, SER",ODISHA,Balangir,Deogaon,Sagrapalli,20.5583,83.4219,DW,,1-05-24,08/24,,8.04,882.0,0.0,293.73,78.1,62.4,35.2,1.79,87.9,20.5,61.9,11.2,,301.0,,,,,,,,,,,BDL,,20.5583,83.4219,564.5,1-05-24,Danger,"Sagrapalli, Deogaon (Balangir)",Basement Gneissic Complex,Mahanadi
2024-25/357,2024-09-02,"CGWB, SER",ODISHA,Balangir,Patnagarh,Sarmohan1,20.7132,83.1912,HP,,1-05-24,08/24,,7.9,991.0,0.0,238.94,144.3,70.1,26.3,0.5,74.1,17.8,96.4,21.2,,256.0,,,,,,,,,,,BDL,,20.7132,83.1912,634.2,1-05-24,Safe,"Sarmohan1, Patnagarh (Balangir)",Basement Gneissic Complex,Mahanadi
2024-25/358,2024-09-02,"CGWB, SER",ODISHA,Balangir,Bangomuni,Sindhikela,20.2306,82.9417,DW,,1-05-24,08/24,,7.59,884.0,0.0,201.09,114.7,84.6,37.9,0.4,80.1,17.2,72.2,10.4,,269.0,,,,,,,,,,,BDL,,20.2306,82.9417,565.8,1-05-24,Safe,"Sindhikela, Bangomuni (Balangir)",Basement Gneissic Complex,Mahanadi
2024-25/359,2024-09-02,"CGWB, SER",ODISHA,Balangir,Bangomuni,Sindhikela 1,20.225,82.9561,DW,,1-05-24,08/24,,8.08,362.0,0.0,176.24,11.8,12.7,5.2,1.0,44.3,10.9,8.1,2.4,,154.0,,,,,,,,,,,BDL,,20.225,82.9561,231.7,1-05-24,Safe,"Sindhikela 1, Bangomuni (Balangir)",Basement Gneissic Complex,Mahanadi
2024-25/360,2024-09-02,"CGWB, SER",ODISHA,Balangir,Balangir,Sinkhaman,20.6195,83.4266,HP,,1-05-24,08/24,,7.6,973.0,0.0,262.66,131.9,50.6,37.5,1.02,56.7,38.4,77.6,13.8,,295.0,,,,,,,,,,,BDL,,20.6195,83.4266,622.7,1-05-24,Safe,"Sinkhaman, Balangir (Balangir)",Basement Gneissic Complex,Mahanadi
2024-25/361,2024-09-02,"CGWB, SER",ODISHA,Balangir,TItlagarh,Tarasingi,20.2864,83.2703,DW,,1-05-24,08/24,,7.88,920.0,0.0,281.3,135.2,68.0,26.6,0.4,66.5,22.5,89.9,30.5,,256.0,,,,,,,,,,,BDL,,20.2864,83.2703,588.8,1-05-24,Safe,"Tarasingi, TItlagarh (Balangir)",Khondalites,Mahanadi
2024-25/362,2024-09-02,"CGWB, SER",ODISHA,Balangir,Saintala,Tikrapada 1,20.503,83.1327,HP,,1-05-24,08/24,,7.68,710.0,0.0,160.99,96.0,55.2,38.5,1.0,65.2,15.2,60.8,0.4,,224.0,,,,,,,,,,,BDL,,20.503,83.1327,454.4,1-05-24,Safe,"Tikrapada 1, Saintala (Balangir)",Khondalites,Mahanadi
2024-25/1481,2024-09-17,"CGWB, SER",ODISHA,Sambalpur,Maneswar,Gosala,21.4258,83.8994,BW,,1-05-24,09/24,,7.62,534.0,0.0,262.0,30.0,24.0,0.0,0.26,22.0,40.0,30.0,2.0,,221.0,,,,,,,,,,,BDL,,21.4258,83.8994,341.8,1-05-24,Safe,"Gosala, Maneswar (Sambalpur)",Basement Gneissic Complex,Mahanadi
2024-25/1483,2024-09-17,"CGWB, SER",ODISHA,Sambalpur,Maneswar,Jhankarbahali,21.340825,84.039646,HP,,1-05-24,09/24,,7.27,1352.0,0.0,421.0,152.0,99.0,60.0,0.86,41.0,73.0,120.0,8.0,,401.0,,,,,,,,,,,BDL,,21.340825,84.039646,865.3,1-05-24,Danger,"Jhankarbahali, Maneswar (Sambalpur)",Quartzite,Mahanadi
2024-25/1484,2024-09-17,"CGWB, SER",ODISHA,Sambalpur,Dhankauda,Jugipali,21.52838,83.982045,HP,,1-05-24,09/24,,6.88,757.0,0.0,220.0,85.0,61.0,12.0,0.76,16.0,29.0,99.0,4.0,,158.0,,,,,,,,,,,BDL,,21.52838,83.982045,484.5,1-05-24,Safe,"Jugipali, Dhankauda (Sambalpur)",Alluvium,Mahanadi
2024-25/1485,2024-09-17,"CGWB, SER",ODISHA,Sambalpur,Maneswar,Larasara,21.1819,83.9125,DW,,1-05-24,09/24,,7.31,606.0,0.0,354.0,25.0,5.0,8.0,0.25,51.0,42.0,9.0,6.0,,302.0,,,,,,,,,,,BDL,,21.1819,83.9125,387.8,1-05-24,Safe,"Larasara, Maneswar (Sambalpur)",Khondalites,Mahanadi
2024-25/1487,2024-09-17,"CGWB, SER",ODISHA,Sambalpur,Maneswar,Sahaspur,21.341675,83.964537,HP,,1-05-24,09/24,,7.33,1420.0,0.0,281.0,275.0,77.0,28.0,0.27,23.0,103.0,87.0,3.0,,482.0,,,,,,,,,,,BDL,,21.341675,83.964537,908.8,1-05-24,Safe,"Sahaspur, Maneswar (Sambalpur)",Alluvium,Mahanadi
2024-25/1488,2024-09-17,"CGWB, SER",ODISHA,Sambalpur,Dhankauda,Sambalpur,21.4731,83.9603,HP,,1-05-24,09/24,,7.73,874.0,0.0,287.0,65.0,65.0,49.0,0.01,23.0,55.0,47.0,42.0,,284.0,,,,,,,,,,,BDL,,21.4731,83.9603,559.4,1-05-24,Danger,"Sambalpur, Dhankauda (Sambalpur)",Alluvium,Mahanadi
2024-25/1502,2024-09-17,"CGWB, SER",ODISHA,Sonapur,Binika,Antarda,21.0481,83.7808,DW,,1-05-24,09/24,,7.76,1043.0,0.0,317.0,122.0,54.0,54.0,0.27,20.0,57.0,82.0,36.0,,284.0,,,,,,,,,,,BDL,,21.0481,83.7808,667.5,1-05-24,Danger,"Antarda, Binika (Sonapur)",Alluvium,Mahanadi
2024-25/1503,2024-09-17,"CGWB, SER",ODISHA,Sonapur,Sonepur,Arjunpur,20.853609,83.820107,HP,,1-05-24,09/24,,7.6,1015.0,0.0,403.0,92.0,30.0,60.0,0.89,25.0,57.0,105.0,3.0,,297.0,,,,,,,,,,,BDL,,20.853609,83.820107,649.6,1-05-24,Danger,"Arjunpur, Sonepur (Sonapur)",Basement Gneissic Complex,Mahanadi
2024-25/1504,2024-09-17,"CGWB, SER",ODISHA,Sonapur,Dunguripali,Baghahandi,21.0581,83.6361,DW,,1-05-24,09/24,,7.23,1702.0,0.0,268.0,252.0,123.0,160.0,0.42,29.0,90.0,175.0,10.0,,441.0,,,,,,,,,,,BDL,,21.0581,83.6361,1089.3,1-05-24,Danger,"Baghahandi, Dunguripali (Sonapur)",Basement Gneissic Complex,Mahanadi
2024-25/1505,2024-09-17,"CGWB, SER",ODISHA,Sonapur,Dunguripali,Barkarle,21.079213,83.674333,DW,,1-05-24,09/24,,7.63,1322.0,0.0,354.0,197.0,80.0,18.0,0.39,36.0,68.0,112.0,31.0,,369.0,,,,,,,,,,,BDL,,21.079213,83.674333,846.1,1-05-24,Safe,"Barkarle, Dunguripali (Sonapur)",Basement Gneissic Complex,Mahanadi
2024-25/1506,2024-09-17,"CGWB, SER",ODISHA,Sonapur,Ulunda,Binika,21.027065,83.81076,BW,,1-05-24,09/24,,7.58,615.0,0.0,226.0,65.0,31.0,9.0,0.15,25.0,39.0,35.0,5.0,,221.0,,,,,,,,,,,BDL,,21.027065,83.81076,393.6,1-05-24,Safe,"Binika, Ulunda (Sonapur)",Alluvium,Mahanadi
2024-25/1507,2024-09-17,"CGWB, SER",ODISHA,Sonapur,Biramaharajpur,Biramaharjpur,20.866885,84.04774,HP,,1-05-24,09/24,,7.29,1052.0,0.0,165.0,210.0,38.0,43.0,0.23,40.0,78.0,32.0,4.0,,423.0,,,,,,,,,,,BDL,,20.866885,84.04774,673.3,1-05-24,Safe,"Biramaharjpur, Biramaharajpur (Sonapur)",Alluvium,Mahanadi
2024-25/1508,2024-09-17,"CGWB, SER",ODISHA,Sonapur,Dunguripali,Chandajhuri,21.08,83.5611,HP,,1-05-24,09/24,,7.54,759.0,0.0,323.0,75.0,31.0,1.0,0.43,20.0,52.0,54.0,7.0,,266.0,,,,,,,,,,,BDL,,21.08,83.5611,485.8,1-05-24,Safe,"Chandajhuri, Dunguripali (Sonapur)",Basement Gneissic Complex,Mahanadi
2024-25/1509,2024-09-17,"CGWB, SER",ODISHA,Sonapur,Biramaharajpur,Gariamunda,20.919407,84.265316,DW,,1-05-24,09/24,,7.35,961.0,0.0,287.0,127.0,54.0,28.0,0.2,47.0,43.0,78.0,2.0,,293.0,,,,,,,,,,,BDL,,20.919407,84.265316,615.0,1-05-24,Safe,"Gariamunda, Biramaharajpur (Sonapur)",Alluvium,Mahanadi
2024-25/1510,2024-09-17,"CGWB, SER",ODISHA,Sonapur,Dunguripali,Ichhapur 1,21.037311,83.464132,DW,,1-05-24,09/24,,7.66,676.0,0.0,305.0,50.0,29.0,1.0,0.6,23.0,43.0,57.0,5.0,,234.0,,,,,,,,,,,BDL,,21.037311,83.464132,432.6,1-05-24,Safe,"Ichhapur 1, Dunguripali (Sonapur)",Basement Gneissic Complex,Mahanadi
2024-25/1512,2024-09-17,"CGWB, SER",ODISHA,Sonapur,Sonepur,Khaliapali,20.8969,83.7575,DW,,1-05-24,09/24,,7.31,1058.0,0.0,311.0,122.0,54.0,72.0,0.31,45.0,71.0,54.0,3.0,,405.0,,,,,,,,,,,BDL,,20.8969,83.7575,677.1,1-05-24,Danger,"Khaliapali, Sonepur (Sonapur)",Basement Gneissic Complex,Mahanadi
2024-25/1513,2024-09-17,"CGWB, SER",ODISHA,Sonapur,Ulunda,Metakaui,21.010066,83.858369,DW,,1-05-24,09/24,,7.33,885.0,0.0,427.0,67.0,38.0,2.0,0.22,23.0,66.0,62.0,5.0,,329.0,,,,,,,,,,,BDL,,21.010066,83.858369,566.4,1-05-24,Safe,"Metakaui, Ulunda (Sonapur)",Alluvium,Mahanadi
2024-25/1514,2024-09-17,"CGWB, SER",ODISHA,Sonapur,Ulunda,Naikpada,20.91225,83.911586,DW,,1-05-24,09/24,,7.54,1132.0,0.0,372.0,175.0,12.0,3.0,0.42,38.0,61.0,87.0,36.0,,347.0,,,,,,,,,,,BDL,,20.91225,83.911586,724.5,1-05-24,Safe,"Naikpada, Ulunda (Sonapur)",Alluvium,Mahanadi
2024-25/1515,2024-09-17,"CGWB, SER",ODISHA,Sonapur,Sonepur,Nandahamal,20.8827528,83.82218,DW,,1-05-24,09/24,,7.27,1643.0,0.0,366.0,267.0,88.0,77.0,0.49,22.0,150.0,74.0,1.0,,671.0,,,,,,,,,,,BDL,,20.882753,83.82218,1051.5,1-05-24,Danger,"Nandahamal, Sonepur (Sonapur)",Basement Gneissic Complex,Mahanadi
2024-25/1516,2024-09-17,"CGWB, SER",ODISHA,Sonapur,Ulunda,Phulmurthi,20.99426,83.791313,DW,,1-05-24,09/24,,7.77,2427.0,0.0,445.0,395.0,134.0,150.0,0.02,38.0,142.0,165.0,140.0,,680.0,,,,,,,,,,,BDL,,20.99426,83.791313,1553.3,1-05-24,Danger,"Phulmurthi, Ulunda (Sonapur)",Basement Gneissic Complex,Mahanadi
2024-25/1517,2024-09-17,"CGWB, SER",ODISHA,Sonapur,Binika,Sakama,20.924596,83.778117,DW,,1-05-24,09/24,,7.86,1319.0,0.0,329.0,100.0,76.0,140.0,0.21,343.0,127.0,85.0,75.0,,333.0,,,,,,,,,,,BDL,,20.924596,83.778117,844.2,1-05-24,Danger,"Sakama, Binika (Sonapur)",Khondalites,Mahanadi
2024-25/1518,2024-09-17,"CGWB, SER",ODISHA,Sonapur,Binika,Saledi,20.9578,83.8036,DW,,1-05-24,09/24,,7.49,1295.0,0.0,293.0,152.0,58.0,145.0,0.07,34.0,56.0,88.0,83.0,,315.0,,,,,,,,,,,BDL,,20.9578,83.8036,828.8,1-05-24,Danger,"Saledi, Binika (Sonapur)",Khondalites,Mahanadi
2024-25/1519,2024-09-17,"CGWB, SER",ODISHA,Sonapur,Dunguripali,Samalaichuan,21.052162,83.590442,DW,,1-05-24,09/24,,7.69,787.0,0.0,220.0,70.0,43.0,85.0,0.07,51.0,42.0,38.0,2.0,,302.0,,,,,,,,,,,BDL,,21.052162,83.590442,503.7,1-05-24,Danger,"Samalaichuan, Dunguripali (Sonapur)",Basement Gneissic Complex,Mahanadi
2024-25/1521,2024-09-17,"CGWB, SER",ODISHA,Sonapur,Biramaharajpur,Tebhapadar,20.907651,84.177133,HP,,1-05-24,09/24,,7.47,1033.0,0.0,287.0,155.0,39.0,32.0,0.29,36.0,77.0,49.0,3.0,,405.0,,,,,,,,,,,BDL,,20.907651,84.177133,661.1,1-05-24,Safe,"Tebhapadar, Biramaharajpur (Sonapur)",Alluvium,Mahanadi
2024-25/1522,2024-09-17,"CGWB, SER",ODISHA,Sonapur,Ulunda,Ulunda,20.961901,83.88311,HP,,1-05-24,09/24,,7.45,798.0,0.0,195.0,125.0,28.0,25.0,0.06,36.0,55.0,35.0,2.0,,315.0,,,,,,,,,,,BDL,,20.961901,83.88311,510.7,1-05-24,Safe,"Ulunda, Ulunda (Sonapur)",Alluvium,Mahanadi
2024-25/1863,2024-09-17,"CGWB, SER",ODISHA,Debagarh,Barkot,Kondal,21.5572,84.885,Data Not availble ,,1-05-24,09/24,,7.34,860.0,0.0,354.0,90.0,27.0,3.0,0.11,45.0,47.0,65.0,4.0,,306.0,,,,,,,,,,,BDL,,21.5572,84.885,550.4,1-05-24,Safe,"Kondal, Barkot (Debagarh)",Alluvium,Brahmani
2024-25/1864,2024-09-17,"CGWB, SER",ODISHA,Debagarh,Reamal,Purumunda,21.3072,84.6375,Data Not availble ,,1-05-24,09/24,,7.51,624.0,0.0,317.0,35.0,23.0,0.0,0.16,41.0,34.0,38.0,6.0,,243.0,,,,,,,,,,,BDL,,21.3072,84.6375,399.4,1-05-24,Safe,"Purumunda, Reamal (Debagarh)",Quartzite,Brahmani
2024-25/1872,2024-09-17,"CGWB, SER",ODISHA,Jharsuguda,Laikera,Chadnimal,21.9375,84.3214,Data Not availble ,,1-05-24,09/24,,7.94,671.0,0.0,238.0,60.0,37.0,22.0,0.11,45.0,31.0,45.0,5.0,,239.0,,,,,,,,,,,BDL,,21.9375,84.3214,429.4,1-05-24,Safe,"Chadnimal, Laikera (Jharsuguda)",Alluvium,Mahanadi
2024-25/1874,2024-09-17,"CGWB, SER",ODISHA,Jharsuguda,Lakhanpur,Lakhanpur,21.7611,83.7736,Data Not availble ,,1-05-24,09/24,,7.56,997.0,0.0,214.0,177.0,54.0,6.0,0.18,58.0,27.0,98.0,3.0,,257.0,,,,,,,,,,,BDL,,21.7611,83.7736,638.1,1-05-24,Safe,"Lakhanpur, Lakhanpur (Jharsuguda)",Sandstone,Mahanadi
2024-25/424,2024-09-17,"CGWB, SER",ODISHA,Nuapada,Khariar,Bada-Maheswar,20.3833,82.6867,DW,,1-05-24,09/24,,7.8,716.0,0.0,264.35,49.4,21.9,55.5,1.5,75.8,23.6,35.0,5.2,,307.0,,,,,,,,,,,BDL,,20.3833,82.6867,458.2,1-05-24,Danger,"Bada-Maheswar, Khariar (Nuapada)",Khondalites,Mahanadi
2024-25/425,2024-09-17,"CGWB, SER",ODISHA,Nuapada,Khariar,Baragaon-K,20.3403,82.6958,DW,,1-05-24,09/24,,7.75,817.0,0.0,354.73,62.3,35.6,29.6,0.5,90.3,21.6,43.1,6.2,,363.0,,,,,,,,,,,BDL,,20.3403,82.6958,522.9,1-05-24,Safe,"Baragaon-K, Khariar (Nuapada)",Khondalites,Mahanadi
2024-25/431,2024-09-17,"CGWB, SER",ODISHA,Nuapada,Khariar,Junani,20.3072,82.8008,DW,,1-05-24,09/24,,7.4,719.0,0.0,300.51,41.0,53.7,11.5,0.4,77.3,20.1,35.8,4.6,,311.0,,,,,,,,,,,BDL,,20.3072,82.8008,460.2,1-05-24,Safe,"Junani, Khariar (Nuapada)",Basement Gneissic Complex,Mahanadi
2024-25/432,2024-09-17,"CGWB, SER",ODISHA,Nuapada,Komana,Komna1,20.4993,82.6711,HP,,1-05-24,09/24,,7.79,1104.0,0.0,307.85,111.3,111.3,77.8,0.8,115.2,25.6,86.6,0.8,,463.0,,,,,,,,,,,BDL,,20.4993,82.6711,706.6,1-05-24,Danger,"Komna1, Komana (Nuapada)",Khondalites,Mahanadi
2024-25/433,2024-09-17,"CGWB, SER",ODISHA,Nuapada,Komana,Kurumpuri,20.7188,82.5885,HP,,1-05-24,09/24,,7.65,870.0,0.0,281.3,108.8,40.8,37.6,1.0,85.2,15.2,78.5,1.5,,344.0,,,,,,,,,,,BDL,,20.7188,82.5885,556.8,1-05-24,Safe,"Kurumpuri, Komana (Nuapada)",Basement Gneissic Complex,Mahanadi
2024-25/434,2024-09-17,"CGWB, SER",ODISHA,Nuapada,Khariar,Loharpalli,20.2864,82.7622,DW,,1-05-24,09/24,,7.89,356.0,0.0,183.58,9.1,6.0,5.7,1.3,45.6,10.2,8.2,1.0,,186.0,,,,,,,,,,,BDL,,20.2864,82.7622,227.8,1-05-24,Safe,"Loharpalli, Khariar (Nuapada)",Charnockite,Mahanadi
2024-25/436,2024-09-17,"CGWB, SER",ODISHA,Nuapada,Nuapada,Potara,20.7452,82.4403,HP,,1-05-24,09/24,,7.38,157.0,0.0,64.39,9.7,3.4,7.5,1.0,14.2,7.0,6.5,2.5,,59.0,,,,,,,,,,,BDL,,20.7452,82.4403,100.5,1-05-24,Safe,"Potara, Nuapada (Nuapada)",Basement Gneissic Complex,Mahanadi
2024-25/437,2024-09-17,"CGWB, SER",ODISHA,Nuapada,Khariar,Ranipur,20.2786,82.7758,DW,,1-05-24,09/24,,7.7,440.0,0.0,192.05,21.6,17.8,12.0,1.1,48.2,15.5,15.2,1.2,,196.0,,,,,,,,,,,BDL,,20.2786,82.7758,281.6,1-05-24,Safe,"Ranipur, Khariar (Nuapada)",Basement Gneissic Complex,Mahanadi
2024-25/440,2024-09-17,"CGWB, SER",ODISHA,Nuapada,Khariar,Sanmaheswar,20.3746,82.6981,DW,,1-05-24,09/24,,7.66,550.0,0.0,155.34,45.9,20.4,77.6,0.3,58.1,18.2,26.6,0.7,,237.0,,,,,,,,,,,BDL,,20.3746,82.6981,352.0,1-05-24,Danger,"Sanmaheswar, Khariar (Nuapada)",Khondalites,Mahanadi
2024-25/442,2024-09-17,"CGWB, SER",ODISHA,Nuapada,Nuapada,Somarsingh,20.7476,82.5981,HP,,1-05-24,09/24,,7.73,622.0,0.0,206.74,72.0,27.7,10.8,1.0,75.6,10.2,42.8,0.0,,234.0,,,,,,,,,,,BDL,,20.7476,82.5981,398.1,1-05-24,Safe,"Somarsingh, Nuapada (Nuapada)",Basement Gneissic Complex,Mahanadi
2024-25/444,2024-09-17,"CGWB, SER",ODISHA,Nuapada,Komana,Tarbod,20.6328,82.6121,HP,,1-05-24,09/24,,7.66,1024.0,0.0,286.95,116.8,65.2,62.2,0.8,95.6,20.1,85.9,11.1,,385.0,,,,,,,,,,,BDL,,20.6328,82.6121,655.4,1-05-24,Danger,"Tarbod, Komana (Nuapada)",Basement Gneissic Complex,Mahanadi
2024-25/466,2024-09-17,"CGWB, SER",ODISHA,Sonapur,Sonepur,Bagduli,20.8178,83.7609,HP,,1-05-24,09/24,,7.75,927.0,0.0,223.12,169.3,43.2,28.7,0.5,62.1,25.3,95.7,3.7,,250.0,,,,,,,,,,,BDL,,20.8178,83.7609,593.3,1-05-24,Safe,"Bagduli, Sonepur (Sonapur)",Basement Gneissic Complex,Mahanadi
2024-25/467,2024-09-17,"CGWB, SER",ODISHA,Sonapur,Tarbha,Palsapadar,20.66772,83.6589,DW,,1-05-24,09/24,,7.89,841.0,0.0,344.56,52.0,40.1,28.5,0.6,86.3,28.1,34.1,8.9,,347.0,,,,,,,,,,,BDL,,20.66772,83.6589,538.2,1-05-24,Safe,"Palsapadar, Tarbha (Sonapur)",Intrusive,Mahanadi
2024-25/468,2024-09-17,"CGWB, SER",ODISHA,Sonapur,Tarbha,Sargaj 1,20.7014,83.6714,HP,,1-05-24,09/24,,7.45,1751.0,0.0,237.81,374.4,98.4,58.5,0.5,104.0,30.6,220.6,12.3,,418.0,,,,,,,,,,,BDL,,20.7014,83.6714,1120.6,1-05-24,Danger,"Sargaj 1, Tarbha (Sonapur)",Intrusive,Mahanadi
2024-25/472,2024-10-02,"CGWB, SER",ODISHA,Balasore,Nilagiri,Ayodha,21.5583,86.7564,DW,,1-05-24,09/24,,7.47,793.0,0.0,136.1,165.3,63.0,36.6,0.5,59.8,13.1,104.8,0.6,,202.0,,,,,,,,,,,BDL,,21.5583,86.7564,507.5,1-05-24,Safe,"Ayodha, Nilagiri (Balasore)",Laterite,Budhabalanga
2024-25/474,2024-10-02,"CGWB, SER",ODISHA,Balasore,Basta,Basta 1,21.6981,87.0658,BW,,1-05-24,09/24,,8.1,471.0,0.0,255.9,15.6,14.5,1.4,0.5,57.2,15.2,11.7,2.1,,204.0,,,,,,,,,,,BDL,,21.6981,87.0658,301.4,1-05-24,Safe,"Basta 1, Basta (Balasore)",Laterite,Jambhira
2024-25/475,2024-10-02,"CGWB, SER",ODISHA,Balasore,Oupada,Jamadeipur,21.4067,86.7444,DW,,1-05-24,09/24,,7.9,652.0,0.0,306.2,65.0,5.6,4.4,0.9,68.3,15.6,47.9,0.7,,233.0,,,,,,,,,,,BDL,,21.4067,86.7444,417.3,1-05-24,Safe,"Jamadeipur, Oupada (Balasore)",Alluvium,Direct Draining to Sea
2024-25/481,2024-10-02,"CGWB, SER",ODISHA,Balasore,Oupada,Tenda,21.465,86.7053,DW,,1-05-24,09/24,,7.26,2272.0,0.0,763.7,266.0,41.4,53.5,0.4,232.9,47.5,163.6,1.0,,772.0,,,,,,,,,,,BDL,,21.465,86.7053,1454.1,1-05-24,Danger,"Tenda, Oupada (Balasore)",Basement Gneissic Complex,Budhabalanga
2024-25/492,2024-10-02,"CGWB, SER",ODISHA,Bhadark,Bant,Agarpara,21.2089,86.3944,DW,,1-05-24,09/24,,8.0,1144.0,0.0,499.3,186.1,88.7,7.9,0.2,115.2,33.0,115.3,78.5,,420.0,,,,,,,,,,,BDL,,21.2089,86.3944,732.2,1-05-24,Safe,"Agarpara, Bant (Bhadark)",Alluvium,Baitarani
2024-25/493,2024-10-02,"CGWB, SER",ODISHA,Bhadark,Chandabali,Bala bhadrapur sasan,20.8408,86.7219,DW,,1-05-24,09/24,,8.0,1313.0,0.0,310.7,204.0,70.0,23.0,0.3,40.0,14.0,167.0,90.0,,156.0,,,,,,,,,,,BDL,,20.8408,86.7219,840.3,1-05-24,Safe,"Bala bhadrapur sasan, Chandabali (Bhadark)",Alluvium,Baitarani
2024-25/494,2024-10-02,"CGWB, SER",ODISHA,Bhadark,Chandabali,Chandbali bada bazar,20.7725,86.7183,DW,,1-05-24,09/24,,8.14,1000.0,0.0,368.9,159.1,82.8,4.1,0.2,100.1,26.0,115.4,22.2,,354.0,,,,,,,,,,,BDL,,20.7725,86.7183,640.0,1-05-24,Safe,"Chandbali bada bazar, Chandabali (Bhadark)",Alluvium,Baitarani
2024-25/496,2024-10-02,"CGWB, SER",ODISHA,Bhadark,Dhamnagar,Dhamnagar 1,20.9114,86.4403,DW,,1-05-24,09/24,,7.59,1495.0,0.0,306.2,299.3,96.9,21.4,1.1,91.6,40.7,149.4,16.4,,392.0,,,,,,,,,,,BDL,,20.9114,86.4403,956.8,1-05-24,Safe,"Dhamnagar 1, Dhamnagar (Bhadark)",Alluvium,Baitarani
2024-25/498,2024-10-02,"CGWB, SER",ODISHA,Bhadark,Dhamnagar,Kothar 3,20.9219,86.5211,DW,,1-05-24,09/24,,8.02,762.0,0.0,295.4,64.5,25.3,29.5,0.2,61.6,20.7,51.9,20.5,,237.0,,,,,,,,,,,BDL,,20.9219,86.5211,487.7,1-05-24,Safe,"Kothar 3, Dhamnagar (Bhadark)",Alluvium,Baitarani
2024-25/499,2024-10-02,"CGWB, SER",ODISHA,Bhadark,Bhadrak,Rambhila,21.135,86.5308,DW,,1-05-24,09/24,,8.04,932.0,0.0,351.9,114.2,35.2,10.1,0.7,80.2,19.8,72.6,65.2,,279.0,,,,,,,,,,,BDL,,21.135,86.5308,596.5,1-05-24,Safe,"Rambhila, Bhadrak (Bhadark)",Alluvium,Direct Draining to Sea
2024-25/500,2024-10-02,"CGWB, SER",ODISHA,Bhadark,Bhandaripokhari,Sunahara,20.9708,86.3811,DW,,1-05-24,09/24,,6.95,1590.0,0.0,656.4,113.3,56.3,21.7,0.8,106.9,39.9,86.7,123.4,,427.0,,,,,,,,,,,BDL,,20.9708,86.3811,1017.6,1-05-24,Safe,"Sunahara, Bhandaripokhari (Bhadark)",Alluvium,Baitarani
2024-25/501,2024-10-02,"CGWB, SER",ODISHA,Bhadark,Bhadrak,Sunchar,21.1522,86.4394,DW,,1-05-24,09/24,,7.8,1120.0,0.0,473.9,78.4,25.3,29.5,0.3,105.0,20.5,51.1,74.4,,344.0,,,,,,,,,,,BDL,,21.1522,86.4394,716.8,1-05-24,Safe,"Sunchar, Bhadrak (Bhadark)",Alluvium,Baitarani
2024-25/502,2024-10-02,"CGWB, SER",ODISHA,Bhadark,Bhadrak,Tihidi,21.0383,86.5681,DW,,1-05-24,09/24,,8.13,1850.0,0.0,565.4,222.6,53.9,13.6,0.6,128.7,48.7,155.1,25.0,,517.0,,,,,,,,,,,BDL,,21.0383,86.5681,1184.0,1-05-24,Safe,"Tihidi, Bhadrak (Bhadark)",Alluvium,Baitarani
2024-25/515,2024-10-02,"CGWB, SER",ODISHA,Mayurbhanj,Bangiriposi,Dahisahi-Dipasahi,22.0878,86.6394,DW,,1-05-24,09/24,,6.4,158.0,0.0,50.3,24.0,2.3,10.5,0.0,10.2,3.8,18.8,2.2,,41.0,,,,,,,,,,,BDL,,22.0878,86.6394,101.1,1-05-24,Warning,"Dahisahi-Dipasahi, Bangiriposi (Mayurbhanj)",Alluvium,Budhabalanga
2024-25/521,2024-10-02,"CGWB, SER",ODISHA,Keonjhar,Kendujhargarh,Brahmanigaon,21.6622,85.6072,DW,,1-05-24,09/24,,7.64,1052.0,0.0,237.2,123.2,86.6,26.6,0.3,99.0,7.7,74.0,53.6,,278.0,,,,,,,,,,,BDL,,21.6622,85.6072,673.3,1-05-24,Safe,"Brahmanigaon, Kendujhargarh (Keonjhar)",Basement Gneissic Complex,Baitarani
2024-25/524,2024-10-02,"CGWB, SER",ODISHA,Keonjhar,Telkoi,Jagmohanpur,21.435,85.335,DW,,1-05-24,09/24,,7.81,1214.0,0.0,385.8,170.4,33.0,15.2,0.5,110.3,28.2,92.8,18.3,,388.0,,,,,,,,,,,BDL,,21.435,85.335,777.0,1-05-24,Safe,"Jagmohanpur, Telkoi (Keonjhar)",Granite,Brahmani
2024-25/527,2024-10-02,"CGWB, SER",ODISHA,Keonjhar,Ghasipura,Kesurdapal 1,21.1714,86,DW,,1-05-24,09/24,,7.46,916.0,0.0,370.0,132.0,0.5,0.5,0.9,61.0,38.2,80.9,2.5,,305.0,,,,,,,,,,,BDL,,21.1714,86.0,586.2,1-05-24,Safe,"Kesurdapal 1, Ghasipura (Keonjhar)",Basement Gneissic Complex,Baitarani
2024-25/528,2024-10-02,"CGWB, SER",ODISHA,Keonjhar,Anandpur,Nuagaon,21.0953,86.1122,DW,,1-05-24,09/24,,7.7,1036.0,0.0,450.8,72.3,38.0,1.4,0.2,76.6,46.9,58.1,12.5,,379.0,,,,,,,,,,,BDL,,21.0953,86.1122,663.0,1-05-24,Safe,"Nuagaon, Anandpur (Keonjhar)",Alluvium,Baitarani
2024-25/529,2024-10-02,"CGWB, SER",ODISHA,Keonjhar,Ghatgaon,Patilo,21.4244,85.7133,DW,,1-05-24,09/24,,6.94,918.0,0.0,427.0,85.0,45.2,10.2,0.5,79.6,45.0,50.8,13.9,,379.0,,,,,,,,,,,BDL,,21.4244,85.7133,587.5,1-05-24,Safe,"Patilo, Ghatgaon (Keonjhar)",Basement Gneissic Complex,Baitarani
2024-25/541,2024-10-02,"CGWB, SER",ODISHA,Mayurbhanj,Bahalda,Gambharia,22.3314,86.1417,DW,,1-05-24,09/24,,7.2,1950.0,0.0,576.2,228.6,89.2,34.3,0.2,158.6,48.9,163.5,12.1,,592.0,,,,,,,,,,,BDL,,22.3314,86.1417,1248.0,1-05-24,Safe,"Gambharia, Bahalda (Mayurbhanj)",Basement Gneissic Complex,Subarnarekha
2024-25/542,2024-10-02,"CGWB, SER",ODISHA,Mayurbhanj,Raruan,Itighar,21.9867,85.9542,DW,,1-05-24,09/24,,7.57,1496.0,0.0,375.6,213.7,85.2,16.2,0.7,94.2,53.9,109.4,7.2,,451.0,,,,,,,,,,,BDL,,21.9867,85.9542,957.4,1-05-24,Safe,"Itighar, Raruan (Mayurbhanj)",Basement Gneissic Complex,Baitarani
2024-25/543,2024-10-02,"CGWB, SER",ODISHA,Mayurbhanj,Jamda,Jamda 1,22.2758,86.0706,DW,,1-05-24,09/24,,7.26,889.0,0.0,300.5,65.0,75.2,20.3,0.2,87.9,24.3,41.2,12.3,,317.0,,,,,,,,,,,BDL,,22.2758,86.0706,569.0,1-05-24,Safe,"Jamda 1, Jamda (Mayurbhanj)",Basement Gneissic Complex,Subarnarekha
2024-25/545,2024-10-02,"CGWB, SER",ODISHA,Mayurbhanj,Bisoi,Karanjei Bijatola Chhak,22.2033,86.3092,DW,,1-05-24,09/24,,7.09,776.0,0.0,238.9,82.5,42.3,18.2,0.6,67.0,19.9,58.4,5.2,,247.0,,,,,,,,,,,BDL,,22.2033,86.3092,496.6,1-05-24,Safe,"Karanjei Bijatola Chhak, Bisoi (Mayurbhanj)",Basement Gneissic Complex,Subarnarekha
2024-25/547,2024-10-02,"CGWB, SER",ODISHA,Mayurbhanj,Jashipur,Matigarh 1,21.9367,86.0978,DW,,1-05-24,09/24,,6.59,640.0,0.0,237.8,51.2,42.3,19.6,0.1,77.8,11.2,33.3,5.6,,239.0,,,,,,,,,,,BDL,,21.9367,86.0978,409.6,1-05-24,Safe,"Matigarh 1, Jashipur (Mayurbhanj)",Basement Gneissic Complex,Baitarani
2024-25/548,2024-10-02,"CGWB, SER",ODISHA,Mayurbhanj,Rairangpur,Niranjan,22.3042,86.2111,DW,,1-05-24,09/24,,7.28,1281.0,0.0,466.0,125.3,34.6,21.3,0.2,92.2,48.7,87.8,18.8,,425.0,,,,,,,,,,,BDL,,22.3042,86.2111,819.8,1-05-24,Safe,"Niranjan, Rairangpur (Mayurbhanj)",Basement Gneissic Complex,Subarnarekha
2024-25/549,2024-10-02,"CGWB, SER",ODISHA,Mayurbhanj,Tiringi,Nischintapur,22.4181,86.0758,DW,,1-05-24,09/24,,7.49,1086.0,0.0,483.5,85.2,48.5,4.2,0.7,103.0,38.8,50.6,12.5,,413.0,,,,,,,,,,,BDL,,22.4181,86.0758,695.0,1-05-24,Safe,"Nischintapur, Tiringi (Mayurbhanj)",Basement Gneissic Complex,Subarnarekha
2024-25/550,2024-10-02,"CGWB, SER",ODISHA,Mayurbhanj,Bahalda,Poliakunda,22.4147,36.1306,DW,,1-05-24,09/24,,7.26,1592.0,0.0,374.5,266.6,88.4,19.3,0.9,97.1,42.8,176.6,5.6,,414.0,,,,,,,,,,,BDL,,22.4147,86.1306,1018.9,1-05-24,Safe,"Poliakunda, Bahalda (Mayurbhanj)",Basement Gneissic Complex,Subarnarekha
2024-25/1254,2024-10-17,"CGWB, SER",ODISHA,Khordha,Bhubaneswar,Kargil Basti,20.2373,85.8194,DW,,1-05-24,10/24,,7.04,612.0,0.0,207.87,62.5,25.2,25.3,0.8,68.0,12.5,46.4,5.1,,220.0,,,,,,,,,,,BDL,,20.2373,85.8194,391.7,1-05-24,Safe,"Kargil Basti, Bhubaneswar (Khordha)",Laterite,Mahanadi
2024-25/1255,2024-10-17,"CGWB, SER",ODISHA,Khordha,Bhubaneswar,Garage Chhaka,20.234,85.8436,DW,,1-05-24,10/24,,7.92,870.0,0.0,336.66,82.9,35.2,26.3,0.6,92.1,21.3,59.1,6.5,,315.0,,,,,,,,,,,BDL,,20.234,85.8436,556.8,1-05-24,Safe,"Garage Chhaka, Bhubaneswar (Khordha)",Alluvium,Mahanadi
2024-25/1263,2024-10-17,"CGWB, SER",ODISHA,Nayagarh,Daspalla,Kuanria,20.3593,84.8077,DW,,1-05-24,10/24,,7.33,1180.0,0.0,498.21,68.6,58.2,39.6,0.6,105.2,51.5,46.2,28.5,,469.0,,,,,,,,,,,BDL,,20.3593,84.8077,755.2,1-05-24,Safe,"Kuanria, Daspalla (Nayagarh)",Basement Gneissic Complex,Mahanadi
2024-25/1264,2024-10-17,"CGWB, SER",ODISHA,Nayagarh,Daspalla,Rangamatia,20.3717,84.7831,DW,,1-05-24,10/24,,7.77,628.0,0.0,232.72,42.4,30.9,56.6,0.4,70.0,15.6,31.7,6.3,,237.0,,,,,,,,,,,BDL,,20.3717,84.7831,401.9,1-05-24,Danger,"Rangamatia, Daspalla (Nayagarh)",Basement Gneissic Complex,Mahanadi
2024-25/1267,2024-10-17,"CGWB, SER",ODISHA,Kandhamal,Tumudibandha,Kurtamgarh,20.056,83.7429,DW,,1-05-24,10/24,,7.81,878.0,0.0,295.42,60.6,12.5,115.0,0.2,95.2,25.3,43.6,8.3,,339.0,,,,,,,,,,,BDL,,20.056,83.7429,561.9,1-05-24,Danger,"Kurtamgarh, Tumudibandha (Kandhamal)",Basement Gneissic Complex,Mahanadi
2024-25/1268,2024-10-17,"CGWB, SER",ODISHA,Kandhamal,Tumudibandha,Raikia,20.0588,84.2437,DW,,1-05-24,10/24,,7.52,705.0,0.0,224.81,73.4,17.4,70.8,0.2,58.5,16.6,53.8,21.4,,212.0,,,,,,,,,,,BDL,,20.0588,84.2437,451.2,1-05-24,Danger,"Raikia, Tumudibandha (Kandhamal)",Basement Gneissic Complex,Mahanadi
2024-25/1271,2024-10-17,"CGWB, SER",ODISHA,Boudh,Harbhanga,Tilesar,20.6799,84.4431,DW,,1-05-24,10/24,,7.63,1338.0,0.0,500.47,96.0,54.2,76.0,0.6,122.3,43.5,75.7,22.3,,480.0,,,,,,,,,,,BDL,,20.6799,84.4431,856.3,1-05-24,Danger,"Tilesar, Harbhanga (Boudh)",Basement Gneissic Complex,Mahanadi
2024-25/1272,2024-10-17,"CGWB, SER",ODISHA,Boudh,Harbhanga,Lunibahal,20.6641,84.4081,DW,,1-05-24,10/24,,7.92,1238.0,0.0,350.78,202.7,55.3,6.8,0.4,85.6,21.3,142.3,9.6,,299.0,,,,,,,,,,,BDL,,20.6641,84.4081,792.3,1-05-24,Safe,"Lunibahal, Harbhanga (Boudh)",Basement Gneissic Complex,Mahanadi
2024-25/1273,2024-10-17,"CGWB, SER",ODISHA,Boudh,Harbhanga,Rambhikata,20.6895,84.3787,DW,,1-05-24,10/24,,8.25,1047.0,0.0,543.96,39.2,12.1,5.8,1.2,125.6,28.5,29.9,23.2,,428.0,,,,,,,,,,,BDL,,20.6895,84.3787,670.1,1-05-24,Safe,"Rambhikata, Harbhanga (Boudh)",Basement Gneissic Complex,Mahanadi
2024-25/1274,2024-10-17,"CGWB, SER",ODISHA,Boudh,Harbhanga,Nuapada,20.7017,84.3683,DW,,1-05-24,10/24,,8.18,709.0,0.0,255.32,81.2,36.3,21.2,0.9,65.0,21.0,56.2,5.2,,246.0,,,,,,,,,,,BDL,,20.7017,84.3683,453.8,1-05-24,Safe,"Nuapada, Harbhanga (Boudh)",Basement Gneissic Complex,Mahanadi
2024-25/1275,2024-10-17,"CGWB, SER",ODISHA,Boudh,Harbhanga,Radha Nagar,20.7497,84.327,HP,,1-05-24,10/24,,7.58,794.0,0.0,319.15,45.5,22.5,55.9,0.9,82.9,21.6,33.4,18.6,,294.0,,,,,,,,,,,BDL,,20.7497,84.327,508.2,1-05-24,Danger,"Radha Nagar, Harbhanga (Boudh)",Basement Gneissic Complex,Mahanadi
2024-25/1276,2024-10-17,"CGWB, SER",ODISHA,Boudh,Harbhanga,Landibandh,20.7587,84.316,HP,,1-05-24,10/24,,8.21,572.0,0.0,255.32,38.8,9.6,13.2,1.0,45.8,26.3,26.9,6.3,,220.0,,,,,,,,,,,BDL,,20.7587,84.316,366.1,1-05-24,Safe,"Landibandh, Harbhanga (Boudh)",Basement Gneissic Complex,Mahanadi
2024-25/1277,2024-10-17,"CGWB, SER",ODISHA,Boudh,Boudh Sadar,Bala Singha,20.8581,84.2705,DW,,1-05-24,10/24,,8.02,1414.0,0.0,483.52,157.9,61.1,35.9,0.2,121.8,22.1,107.1,79.5,,393.0,,,,,,,,,,,BDL,,20.8581,84.2705,905.0,1-05-24,Safe,"Bala Singha, Boudh Sadar (Boudh)",Basement Gneissic Complex,Mahanadi
2024-25/1278,2024-10-17,"CGWB, SER",ODISHA,Boudh,Boudh Sadar,Kamira,20.8075,84.2178,DW,,1-05-24,10/24,,8.01,1034.0,0.0,408.39,97.7,34.3,4.4,0.6,113.8,21.2,58.8,25.3,,369.0,,,,,,,,,,,BDL,,20.8075,84.2178,661.8,1-05-24,Safe,"Kamira, Boudh Sadar (Boudh)",Basement Gneissic Complex,Mahanadi
2024-25/1279,2024-10-17,"CGWB, SER",ODISHA,Boudh,Boudh Sadar,Sangrampur,20.8241,84.1589,HP,,1-05-24,10/24,,7.77,530.0,0.0,281.87,21.2,12.8,7.6,0.7,66.5,12.3,17.0,12.3,,215.0,,,,,,,,,,,BDL,,20.8241,84.1589,339.2,1-05-24,Safe,"Sangrampur, Boudh Sadar (Boudh)",Basement Gneissic Complex,Mahanadi
2024-25/1280,2024-10-17,"CGWB, SER",ODISHA,Boudh,Boudh Sadar,Anlapali,20.8076,84.0934,DW,,1-05-24,10/24,,7.43,1223.0,0.0,351.91,146.9,87.0,64.0,0.3,125.0,23.1,96.1,25.3,,405.0,,,,,,,,,,,BDL,,20.8076,84.0934,782.7,1-05-24,Danger,"Anlapali, Boudh Sadar (Boudh)",Basement Gneissic Complex,Mahanadi
2024-25/1281,2024-10-17,"CGWB, SER",ODISHA,Boudh,Boudh Sadar,Dahya,20.8176,84.0063,HP,,1-05-24,10/24,,7.06,1672.0,0.0,320.84,346.1,103.6,34.3,0.3,88.0,15.3,266.7,18.2,,281.0,,,,,,,,,,,BDL,,20.8176,84.0063,1070.1,1-05-24,Safe,"Dahya, Boudh Sadar (Boudh)",Basement Gneissic Complex,Mahanadi
2024-25/1282,2024-10-17,"CGWB, SER",ODISHA,Boudh,Kantamal,Khatkhatia,20.7596,83.8365,HP,,1-05-24,10/24,,7.48,1206.0,0.0,369.42,151.8,55.0,37.0,0.5,105.8,21.3,104.2,15.2,,349.0,,,,,,,,,,,BDL,,20.7596,83.8365,771.8,1-05-24,Safe,"Khatkhatia, Kantamal (Boudh)",Basement Gneissic Complex,Mahanadi
2024-25/1283,2024-10-17,"CGWB, SER",ODISHA,Boudh,Kantamal,Palasaguda,20.7271,83.807,DW,,1-05-24,10/24,,7.4,1350.0,0.0,329.31,209.6,51.9,83.5,0.6,104.9,20.7,143.9,21.3,,345.0,,,,,,,,,,,BDL,,20.7271,83.807,864.0,1-05-24,Danger,"Palasaguda, Kantamal (Boudh)",Basement Gneissic Complex,Mahanadi
2024-25/1284,2024-10-17,"CGWB, SER",ODISHA,Boudh,Kantamal,Auinla chua chhak,20.6675,83.7569,HP,,1-05-24,10/24,,7.43,1691.0,0.0,493.69,268.7,66.3,23.3,0.8,122.3,25.3,180.6,52.3,,407.0,,,,,,,,,,,BDL,,20.6675,83.7569,1082.2,1-05-24,Safe,"Auinla chua chhak, Kantamal (Boudh)",Basement Gneissic Complex,Mahanadi
2024-25/1285,2024-10-17,"CGWB, SER",ODISHA,Boudh,Kantamal,Ghantapada,20.5407,83.6734,DW,,1-05-24,10/24,,7.94,622.0,0.0,313.5,25.0,7.3,14.2,0.6,77.6,18.6,21.8,6.3,,268.0,,,,,,,,,,,BDL,,20.5407,83.6734,398.1,1-05-24,Safe,"Ghantapada, Kantamal (Boudh)",Basement Gneissic Complex,Mahanadi
2024-25/1286,2024-10-17,"CGWB, SER",ODISHA,Boudh,Kantamal,Gudveli padar,20.7864,83.9282,HP,,1-05-24,10/24,,7.77,788.0,0.0,370.55,26.3,17.7,31.5,0.9,77.8,34.2,21.0,8.6,,331.0,,,,,,,,,,,BDL,,20.7864,83.9282,504.3,1-05-24,Safe,"Gudveli padar, Kantamal (Boudh)",Basement Gneissic Complex,Mahanadi
2024-25/1287,2024-10-17,"CGWB, SER",ODISHA,Boudh,Boudh Sadar,Gundulia,20.703,84.0725,DW,,1-05-24,10/24,,7.61,1033.0,0.0,368.85,80.9,35.7,67.1,0.8,108.7,22.3,56.3,25.3,,361.0,,,,,,,,,,,BDL,,20.703,84.0725,661.1,1-05-24,Danger,"Gundulia, Boudh Sadar (Boudh)",Basement Gneissic Complex,Mahanadi
2024-25/1288,2024-10-17,"CGWB, SER",ODISHA,Boudh,Boudh Sadar,Usbelika,20.7458,84.0734,DW,,1-05-24,10/24,,8.09,1139.0,0.0,367.16,185.4,31.9,29.1,0.5,72.1,19.3,159.7,5.2,,257.0,,,,,,,,,,,BDL,,20.7458,84.0734,729.0,1-05-24,Safe,"Usbelika, Boudh Sadar (Boudh)",Basement Gneissic Complex,Mahanadi
2024-25/1289,2024-10-17,"CGWB, SER",ODISHA,Boudh,Boudh Sadar,Khajuripada,20.6984,84.1347,DW,,1-05-24,10/24,,7.85,1863.0,0.0,632.64,251.0,77.8,51.8,0.9,154.0,45.5,183.3,11.1,,567.0,,,,,,,,,,,BDL,,20.6984,84.1347,1192.3,1-05-24,Danger,"Khajuripada, Boudh Sadar (Boudh)",Basement Gneissic Complex,Mahanadi
2024-25/1879,2024-10-17,"CGWB, SER",ODISHA,Sambalpur,Jujomura,Amlipani,21.33,84.3114,No Data,,1-05-24,10/24,,7.48,2213.0,0.0,262.0,454.0,117.0,138.0,0.4,154.0,114.0,88.0,4.0,,855.0,,,,,,,,,,,BDL,,21.33,84.3114,1416.3,1-05-24,Danger,"Amlipani, Jujomura (Sambalpur)",Alluvium,Mahanadi
2024-25/1880,2024-10-17,"CGWB, SER",ODISHA,Sambalpur,Jujomura,Badsahir,21.3983,84.1322,No Data,,1-05-24,10/24,,7.59,1531.0,0.0,305.0,230.0,101.0,101.0,0.34,54.0,91.0,110.0,4.0,,510.0,,,,,,,,,,,BDL,,21.3983,84.1322,979.8,1-05-24,Danger,"Badsahir, Jujomura (Sambalpur)",Alluvium,Mahanadi
2024-25/1881,2024-10-17,"CGWB, SER",ODISHA,Sambalpur,Bamra,Bamra,22.0506,84.2903,No Data,,1-05-24,10/24,,7.98,675.0,0.0,268.0,67.0,25.0,1.0,0.61,60.0,30.0,33.0,4.0,,275.0,,,,,,,,,,,BDL,,22.0506,84.2903,432.0,1-05-24,Safe,"Bamra, Bamra (Sambalpur)",Schist,Mahanadi
2024-25/1882,2024-10-17,"CGWB, SER",ODISHA,Sambalpur,Jujomura,Bhabanipali,21.3767,84.0694,No Data,,1-05-24,10/24,,7.8,828.0,0.0,281.0,99.0,43.0,19.0,1.05,40.0,28.0,84.0,3.0,,215.0,,,,,,,,,,,BDL,,21.3767,84.0694,529.9,1-05-24,Safe,"Bhabanipali, Jujomura (Sambalpur)",Quartzite,Mahanadi
2024-25/1883,2024-10-17,"CGWB, SER",ODISHA,Sambalpur,Rairakhol,Bhaluchuan,21.08,84.3667,No Data,,1-05-24,10/24,,7.85,639.0,0.0,171.0,67.0,34.0,44.0,0.61,40.0,29.0,43.0,4.0,,220.0,,,,,,,,,,,BDL,,21.08,84.3667,409.0,1-05-24,Safe,"Bhaluchuan, Rairakhol (Sambalpur)",Sandstone,Mahanadi
2024-25/1884,2024-10-17,"CGWB, SER",ODISHA,Sambalpur,Maneswar,Bhoipali,21.4286,84.07,No Data,,1-05-24,10/24,,7.29,1188.0,0.0,311.0,96.0,107.0,118.0,0.79,60.0,67.0,73.0,7.0,,425.0,,,,,,,,,,,BDL,,21.4286,84.07,760.3,1-05-24,Danger,"Bhoipali, Maneswar (Sambalpur)",Alluvium,Mahanadi
2024-25/1885,2024-10-17,"CGWB, SER",ODISHA,Sambalpur,Kochinda,Boxma,21.7136,84.3794,No Data,,1-05-24,10/24,,8.21,449.0,0.0,256.0,14.0,10.0,1.0,1.31,38.0,16.0,35.0,5.0,,160.0,,,,,,,,,,,BDL,,21.7136,84.3794,287.4,1-05-24,Safe,"Boxma, Kochinda (Sambalpur)",Alluvium,Mahanadi
2024-25/1886,2024-10-17,"CGWB, SER",ODISHA,Sambalpur,Naktideul,Chandrapura,21.275,84.5631,No Data,,1-05-24,10/24,,7.82,986.0,0.0,275.0,106.0,67.0,51.0,0.47,48.0,60.0,63.0,1.0,,365.0,,,,,,,,,,,BDL,,21.275,84.5631,631.0,1-05-24,Danger,"Chandrapura, Naktideul (Sambalpur)",Alluvium,Brahmani
2024-25/1898,2024-10-17,"CGWB, SER",ODISHA,Sambalpur,Rairakhol,Rairakhol(Rampu,21.0667,84.3333,No Data,,1-05-24,10/24,,7.82,943.0,0.0,366.0,121.0,31.0,0.0,0.28,48.0,36.0,92.0,2.0,,270.0,,,,,,,,,,,BDL,,21.0667,84.3333,603.5,1-05-24,Safe,"Rairakhol(Rampu, Rairakhol (Sambalpur)",Alluvium,Mahanadi
2024-25/17,2024-11-02,"CGWB, SER",ODISHA,Cuttack,CuttackSadar,C-12 Nimasahi (Haripur),20.4661,85.8753,,,1-05-24,10/24,,,,,,,,,,,,,,,,,0.534948,,,,,,,,,,ICP-MS analysis ,20.4661,85.8753,,1-05-24,Safe,"C-12 Nimasahi (Haripur), CuttackSadar (Cuttack)",Alluvium,Mahanadi
2024-25/18,2024-11-02,"CGWB, SER",ODISHA,Cuttack,CuttackSadar,C-13 Mahammadia Bazar,20.4708,85.8583,,,1-05-24,10/24,,,,,,,,,,,,,,,,,0.1765389999999999,,,,,,,,,,,20.4708,85.8583,,1-05-24,Safe,"C-13 Mahammadia Bazar, CuttackSadar (Cuttack)",Alluvium,Mahanadi
2024-25/20,2024-11-02,"CGWB, SER",ODISHA,Cuttack,Mahanga,Dharma Shyamsundarpur,20.5481,86.1769,,,1-05-24,10/24,,,,,,,,,,,,,,,,,0.103982,,,,,,,,,,,20.5481,86.1769,,1-05-24,Safe,"Dharma Shyamsundarpur, Mahanga (Cuttack)",Alluvium,Mahanadi
2024-25/21,2024-11-02,"CGWB, SER",ODISHA,Cuttack,Kantapada,Dimri 1,20.2467,86.025,,,1-05-24,10/24,,,,,,,,,,,,,,,,,0.930953,,,,,,,,,,,20.2467,86.025,,1-05-24,Safe,"Dimri 1, Kantapada (Cuttack)",Alluvium,Mahanadi
2024-25/22,2024-11-02,"CGWB, SER",ODISHA,Cuttack,Niali,Kasarda,20.2119,86.0733,,,1-05-24,10/24,,,,,,,,,,,,,,,,,0.158029,,,,,,,,,,,20.2119,86.0733,,1-05-24,Safe,"Kasarda, Niali (Cuttack)",Alluvium,Mahanadi
2024-25/25,2024-11-02,"CGWB, SER",ODISHA,Cuttack,CuttackSadar,Tangi 1,20.5578,85.9894,,,1-05-24,10/24,,,,,,,,,,,,,,,,,0.2285579999999999,,,,,,,,,,,20.5578,85.9894,,1-05-24,Safe,"Tangi 1, CuttackSadar (Cuttack)",Laterite,Brahmani
2024-25/27,2024-11-02,"CGWB, SER",ODISHA,Jagatsinghpur,,Nuagaon,,,,,1-05-24,10/24,,,,,,,,,,,,,,,,,,,,,,,,,,,,,,,1-05-24,Safe,"Nuagaon,  (Jagatsinghpur)",Unclassified / Hard Rock,Unassigned
2024-25/34,2024-11-02,"CGWB, SER",ODISHA,Jajpur,Dasarathpur,Dasarathpur,20.8344,86.4467,,,1-05-24,10/24,,,,,,,,,,,,,,,,,6.628072,,,,,,,,,,,20.8344,86.4467,,1-05-24,Safe,"Dasarathpur, Dasarathpur (Jajpur)",Alluvium,Baitarani
2024-25/35,2024-11-02,"CGWB, SER",ODISHA,Jajpur,Bari,Kalamatia,20.6444,86.4053,,,1-05-24,10/24,,,,,,,,,,,,,,,,,0.283648,,,,,,,,,,,20.6444,86.4053,,1-05-24,Safe,"Kalamatia, Bari (Jajpur)",Alluvium,Brahmani
2024-25/48,2024-11-02,"CGWB, SER",ODISHA,Kendrapada,Mahakalpada,Chadeiguan,20.4253,86.5625,,,1-05-24,10/24,,,,,,,,,,,,,,,,,0.251405,,,,,,,,,,,20.4253,86.5625,,1-05-24,Safe,"Chadeiguan, Mahakalpada (Kendrapada)",Alluvium,Mahanadi
2024-25/49,2024-11-02,"CGWB, SER",ODISHA,Kendrapada,Dera BIS,Daliji,20.4942,86.3144,,,1-05-24,10/24,,,,,,,,,,,,,,,,,1.745549,,,,,,,,,,,20.4942,86.3144,,1-05-24,Safe,"Daliji, Dera BIS (Kendrapada)",Alluvium,Mahanadi
2024-25/50,2024-11-02,"CGWB, SER",ODISHA,Kendrapada,Marsa Ghai,Giranga,20.4194,86.5117,,,1-05-24,10/24,,,,,,,,,,,,,,,,,0.942746,,,,,,,,,,,20.4194,86.5117,,1-05-24,Safe,"Giranga, Marsa Ghai (Kendrapada)",Alluvium,Mahanadi
2024-25/53,2024-11-02,"CGWB, SER",ODISHA,Kendrapada,Mahakalpada,Mahakalpada 2,20.4244,86.5736,,,1-05-24,10/24,,,,,,,,,,,,,,,,,0.2872869999999999,,,,,,,,,,,20.4244,86.5736,,1-05-24,Safe,"Mahakalpada 2, Mahakalpada (Kendrapada)",Alluvium,Mahanadi
2024-25/54,2024-11-02,"CGWB, SER",ODISHA,Kendrapada,Rajkanika,Makundapur,20.7189,86.6875,,,1-05-24,10/24,,,,,,,,,,,,,,,,,0.212014,,,,,,,,,,,20.7189,86.6875,,1-05-24,Safe,"Makundapur, Rajkanika (Kendrapada)",Alluvium,Brahmani
2024-25/55,2024-11-02,"CGWB, SER",ODISHA,Kendrapada,Pattamundai,Mulabasanta,20.5719,86.5083,,,1-05-24,10/24,,,,,,,,,,,,,,,,,0.439421,,,,,,,,,,,20.5719,86.5083,,1-05-24,Safe,"Mulabasanta, Pattamundai (Kendrapada)",Alluvium,Mahanadi
2024-25/56,2024-11-02,"CGWB, SER",ODISHA,Kendrapada,Kendrapada,Ramnagar 1,20.5186,86.4047,,,1-05-24,10/24,,,,,,,,,,,,,,,,,0.7728200000000001,,,,,,,,,,,20.5186,86.4047,,1-05-24,Safe,"Ramnagar 1, Kendrapada (Kendrapada)",Alluvium,Mahanadi
2024-25/57,2024-11-02,"CGWB, SER",ODISHA,Kendrapada,,Jajanga,,,,,1-05-24,10/24,,,,,,,,,,,,,,,,,0.210346,,,,,,,,,,,,,,1-05-24,Safe,"Jajanga,  (Kendrapada)",Unclassified / Hard Rock,Unassigned
2024-25/70,2024-11-02,"CGWB, SER",ODISHA,Koraput,Nandapur,Khudubu,18.3283,82.6525,,,1-05-24,10/24,,,,,,,,,,,,,,,,,,,,,,,,,,,,18.3283,82.6525,,1-05-24,Safe,"Khudubu, Nandapur (Koraput)",Khondalites,Kolab
2024-25/71,2024-11-02,"CGWB, SER",ODISHA,Koraput,Lamtaput,Soguru,18.5228,82.6158,,,1-05-24,10/24,,,,,,,,,,,,,,,,,0.182012,,,,,,,,,,,18.5228,82.6158,,1-05-24,Safe,"Soguru, Lamtaput (Koraput)",Basement Gneissic Complex,Kolab
2024-25/75,2024-11-02,"CGWB, SER",ODISHA,Koraput,Borigumma,Jujari,19.1564,82.5842,,,1-05-24,10/24,,,,,,,,,,,,,,,,,0.132573,19.37087,,,,,,,,,,19.1564,82.5842,,1-05-24,Warning,"Jujari, Borigumma (Koraput)",Sandstone,Indravati
2024-25/76,2024-11-02,"CGWB, SER",ODISHA,Koraput,jeypore,Anta,18.8667,82.5325,,,1-05-24,10/24,,,,,,,,,,,,,,,,,,,,,,,,,,,,18.8667,82.5325,,1-05-24,Safe,"Anta, jeypore (Koraput)",Basement Gneissic Complex,Kolab
2024-25/81,2024-11-02,"CGWB, SER",ODISHA,Malkanagiri,Khairput,Kudumulugumma,18.3867,82.1917,,,1-05-24,10/24,,,,,,,,,,,,,,,,,,,,,,,,,,,,18.3867,82.1917,,1-05-24,Safe,"Kudumulugumma, Khairput (Malkanagiri)",Basement Gneissic Complex,Kolab
2024-25/82,2024-11-02,"CGWB, SER",ODISHA,Malkanagiri,Korukonda,M.V-37,18.2769,82.0767,,,1-05-24,10/24,,,,,,,,,,,,,,,,,1.1327349999999998,,,,,,,,,,,18.2769,82.0767,,1-05-24,Safe,"M.V-37, Korukonda (Malkanagiri)",Laterite,Kolab
2024-25/83,2024-11-02,"CGWB, SER",ODISHA,Malkanagiri,Mathili,Katameta,18.4597,82.0767,,,1-05-24,10/24,,,,,,,,,,,,,,,,,,,,,,,,,,,,18.4597,82.0767,,1-05-24,Safe,"Katameta, Mathili (Malkanagiri)",Basement Gneissic Complex,Kolab
2024-25/108,2024-11-02,"CGWB, SER",ODISHA,Angul,Banarpal,Amna,20.8489,85.1689,,,1-05-24,10/24,,,,,,,,,,,,,,,,,,1.580749,,,,,,,,,,20.8489,85.1689,,1-05-24,Warning,"Amna, Banarpal (Angul)",Basement Gneissic Complex,Brahmani
2024-25/109,2024-11-02,"CGWB, SER",ODISHA,Angul,Banarpal,Angul 1,20.8389,85.0994,,,1-05-24,10/24,,,,,,,,,,,,,,,,,,,0.0309359999999999,,,,,,,,,20.8389,85.0994,,1-05-24,Safe,"Angul 1, Banarpal (Angul)",Basement Gneissic Complex,Brahmani
2024-25/112,2024-11-02,"CGWB, SER",ODISHA,Angul,Banarpal,Banarpal 2,20.8406,85.2142,,,1-05-24,10/24,,,,,,,,,,,,,,,,,0.3112939999999999,2.003232,,,,,,,,,,20.8406,85.2142,,1-05-24,Warning,"Banarpal 2, Banarpal (Angul)",Basement Gneissic Complex,Brahmani
2024-25/117,2024-11-02,"CGWB, SER",ODISHA,Angul,Talacher,Godibandha,21.0194,85.1694,,,1-05-24,10/24,,,,,,,,,,,,,,,,,0.154805,,,,,,,,,,,21.0194,85.1694,,1-05-24,Safe,"Godibandha, Talacher (Angul)",Sandstone,Brahmani
2024-25/118,2024-11-02,"CGWB, SER",ODISHA,Angul,Kishorenagar,Handpa 1,20.9536,84.6872,,,1-05-24,10/24,,,,,,,,,,,,,,,,,1.015881,26.32085,,,5.656054,,,,,,,20.9536,84.6872,,1-05-24,Warning,"Handpa 1, Kishorenagar (Angul)",Sandstone,Mahanadi
2024-25/119,2024-11-02,"CGWB, SER",ODISHA,Angul,palalahada,Jamardihi,21.5006,85.2572,,,1-05-24,10/24,,,,,,,,,,,,,,,,,,,,,,,,,,,,21.5006,85.2572,,1-05-24,Safe,"Jamardihi, palalahada (Angul)",Alluvium,Brahmani
2024-25/124,2024-11-02,"CGWB, SER",ODISHA,Angul,Kaniha,Pabitranagar PZ,21.1394,85.1678,,,1-05-24,10/24,,,,,,,,,,,,,,,,,0.17651,5.803685000000001,,,,,,,,,,21.1394,85.1678,,1-05-24,Warning,"Pabitranagar PZ, Kaniha (Angul)",Alluvium,Brahmani
2024-25/125,2024-11-02,"CGWB, SER",ODISHA,Angul,Angul,Panchmahal,20.8228,85.0592,,,1-05-24,10/24,,,,,,,,,,,,,,,,,0.175595,18.64209,,,,,,,,,,20.8228,85.0592,,1-05-24,Warning,"Panchmahal, Angul (Angul)",Basement Gneissic Complex,Brahmani
2024-25/126,2024-11-02,"CGWB, SER",ODISHA,Angul,Angul,Purnakot,20.6458,84.8361,,,1-05-24,10/24,,,,,,,,,,,,,,,,,,1.12123,,,,,,,,,,20.6458,84.8361,,1-05-24,Warning,"Purnakot, Angul (Angul)",Basement Gneissic Complex,Mahanadi
2024-25/127,2024-11-02,"CGWB, SER",ODISHA,Angul,Kaniha,Samal,21.0722,85.1417,,,1-05-24,10/24,,,,,,,,,,,,,,,,,0.117483,12.81617,,,,,,,,,,21.0722,85.1417,,1-05-24,Warning,"Samal, Kaniha (Angul)",Quartzite,Brahmani
2024-25/128,2024-11-02,"CGWB, SER",ODISHA,Angul,Kaniha,Sipur,21.1667,85.1569,,,1-05-24,10/24,,,,,,,,,,,,,,,,,,,,,,,,,,,,21.1667,85.1569,,1-05-24,Safe,"Sipur, Kaniha (Angul)",Alluvium,Brahmani
2024-25/129,2024-11-02,"CGWB, SER",ODISHA,Angul,Talacher,Tentulai,20.9194,85.1731,,,1-05-24,10/24,,,,,,,,,,,,,,,,,0.1378609999999999,2.095323,,,,,,,,,,20.9194,85.1731,,1-05-24,Warning,"Tentulai, Talacher (Angul)",Sandstone,Brahmani
2024-25/153,2024-11-02,"CGWB, SER",ODISHA,Dhenkanal,Kamakhya nagar,Baisingha,20.9139,85.5931,,,1-05-24,10/24,,,,,,,,,,,,,,,,,,,0.034072,,,,,,,,,20.9139,85.5931,,1-05-24,Safe,"Baisingha, Kamakhya nagar (Dhenkanal)",Basement Gneissic Complex,Brahmani
2024-25/155,2024-11-02,"CGWB, SER",ODISHA,Dhenkanal,Bhuban,Bhuban,20.8844,85.8342,,,1-05-24,10/24,,,,,,,,,,,,,,,,,,,,,,,,,,,,20.8844,85.8342,,1-05-24,Safe,"Bhuban, Bhuban (Dhenkanal)",Alluvium,Brahmani
2024-25/157,2024-11-02,"CGWB, SER",ODISHA,Dhenkanal,Sadar,Jhumpuria,20.5328,85.4853,,,1-05-24,10/24,,,,,,,,,,,,,,,,,,,0.0341319999999999,,,,,,,,,20.5328,85.4853,,1-05-24,Safe,"Jhumpuria, Sadar (Dhenkanal)",Alluvium,Mahanadi
2024-25/159,2024-11-02,"CGWB, SER",ODISHA,Dhenkanal,Hindol,Rasol 1,20.6317,85.3153,,,1-05-24,10/24,,,,,,,,,,,,,,,,,1.903964,,,,,,,,,,,20.6317,85.3153,,1-05-24,Safe,"Rasol 1, Hindol (Dhenkanal)",Alluvium,Brahmani
2024-25/165,2024-11-02,"CGWB, SER",ODISHA,Khordha,Bolagada,Bandha Square,20.1706,85.2683,,,1-05-24,10/24,,,,,,,,,,,,,,,,,0.732954,,,,,,,,,,,20.1706,85.2683,,1-05-24,Safe,"Bandha Square, Bolagada (Khordha)",Alluvium,Mahanadi
2024-25/184,2024-11-02,"CGWB, SER",ODISHA,Nayagarh,Ranapur,Bherupada,20.0653,85.2956,,,1-05-24,10/24,,,,,,,,,,,,,,,,,0.311346,,,,,,,,,,,20.0653,85.2956,,1-05-24,Safe,"Bherupada, Ranapur (Nayagarh)",Alluvium,Mahanadi
2024-25/186,2024-11-02,"CGWB, SER",ODISHA,Nayagarh,Nayagarh,Kalayanpurli,20.0572,85.0881,,,1-05-24,10/24,,,,,,,,,,,,,,,,,0.723164,,,,,,,,,,,20.0572,85.0881,,1-05-24,Safe,"Kalayanpurli, Nayagarh (Nayagarh)",Alluvium,Mahanadi
2024-25/187,2024-11-02,"CGWB, SER",ODISHA,Nayagarh,Khandapada,Kana singhi,20.38,85.1092,,,1-05-24,10/24,,,,,,,,,,,,,,,,,0.8296789999999999,,,,,,,,,,,20.38,85.1092,,1-05-24,Safe,"Kana singhi, Khandapada (Nayagarh)",Basement Gneissic Complex,Mahanadi
2024-25/188,2024-11-02,"CGWB, SER",ODISHA,Nayagarh,Ranapur,Koilama,20.1153,85.34,,,1-05-24,10/24,,,,,,,,,,,,,,,,,0.17332,,,,,,,,,,,20.1153,85.34,,1-05-24,Safe,"Koilama, Ranapur (Nayagarh)",Basement Gneissic Complex,Mahanadi
2024-25/194,2024-11-02,"CGWB, SER",ODISHA,Nayagarh,Nayagarh,Purusottampur,20.155,85.1903,,,1-05-24,10/24,,,,,,,,,,,,,,,,,0.259015,,,,,,,,,,,20.155,85.1903,,1-05-24,Safe,"Purusottampur, Nayagarh (Nayagarh)",Alluvium,Mahanadi
2024-25/195,2024-11-02,"CGWB, SER",ODISHA,Nayagarh,Daspalla,Subalaya,20.3172,84.9069,,,1-05-24,10/24,,,,,,,,,,,,,,,,,0.622698,,,,,,,,,,,20.3172,84.9069,,1-05-24,Safe,"Subalaya, Daspalla (Nayagarh)",Charnockite,Mahanadi
2024-25/233,2024-11-02,"CGWB, SER",ODISHA,Puri,Brahmagiri,Alipada,19.8125,85.7622,,,1-05-24,10/24,,,,,,,,,,,,,,,,,0.166227,,,,,,,,,,,19.8125,85.7622,,1-05-24,Safe,"Alipada, Brahmagiri (Puri)",Alluvium,Mahanadi
2024-25/236,2024-11-02,"CGWB, SER",ODISHA,Puri,Sadar,P-41 Grand Road,19.8119,85.8281,,,1-05-24,10/24,,,,,,,,,,,,,,,,,0.186584,,,,,,,,,,,19.8119,85.8281,,1-05-24,Safe,"P-41 Grand Road, Sadar (Puri)",Alluvium,Mahanadi
2024-25/237,2024-11-02,"CGWB, SER",ODISHA,Puri,Sadar,P-44 Jagannath Temple,19.8064,85.8189,,,1-05-24,10/24,,,,,,,,,,,,,,,,,0.104482,,,,,,,,,,,19.8064,85.8189,,1-05-24,Safe,"P-44 Jagannath Temple, Sadar (Puri)",Alluvium,Mahanadi
2024-25/238,2024-11-02,"CGWB, SER",ODISHA,Puri,Sadar,P-46 Behrasahi,19.8131,85.8147,,,1-05-24,10/24,,,,,,,,,,,,,,,,,0.111984,,,,,,,,,,,19.8131,85.8147,,1-05-24,Safe,"P-46 Behrasahi, Sadar (Puri)",Alluvium,Mahanadi
2024-25/239,2024-11-02,"CGWB, SER",ODISHA,Puri,Sadar,P-48 Sonar Gouranga,19.8069,85.8461,,,1-05-24,10/24,,,,,,,,,,,,,,,,,2.049024,,,,,,,,,,,19.8069,85.8461,,1-05-24,Safe,"P-48 Sonar Gouranga, Sadar (Puri)",Alluvium,Mahanadi
2024-25/240,2024-11-02,"CGWB, SER",ODISHA,Puri,Sadar,P-49 Dola Mandap Sahi,19.8044,85.8233,,,1-05-24,10/24,,,,,,,,,,,,,,,,,0.6144769999999999,,,,,,,,,,,19.8044,85.8233,,1-05-24,Safe,"P-49 Dola Mandap Sahi, Sadar (Puri)",Alluvium,Mahanadi
2024-25/243,2024-11-02,"CGWB, SER",ODISHA,Puri,Brahmagiri,Rebana Nuagaon,19.7997,85.7031,,,1-05-24,10/24,,,,,,,,,,,,,,,,,0.416077,,,,,,,,,,,19.7997,85.7031,,1-05-24,Safe,"Rebana Nuagaon, Brahmagiri (Puri)",Alluvium,Mahanadi
2024-25/244,2024-11-02,"CGWB, SER",ODISHA,Puri,Brahmagiri,Rendagada,19.8003,85.7061,,,1-05-24,10/24,,,,,,,,,,,,,,,,,0.111457,,,,,,,,,,,19.8003,85.7061,,1-05-24,Safe,"Rendagada, Brahmagiri (Puri)",Alluvium,Mahanadi
2024-25/245,2024-11-02,"CGWB, SER",ODISHA,Puri,Satyabadi,Sadanandapur,19.9722,85.8222,,,1-05-24,10/24,,,,,,,,,,,,,,,,,2.614284,3.052747,,,,,,,,,,19.9722,85.8222,,1-05-24,Warning,"Sadanandapur, Satyabadi (Puri)",Alluvium,Mahanadi
2024-25/246,2024-11-02,"CGWB, SER",ODISHA,Puri,Satyabadi,Sakhigopal,19.9414,85.8322,,,1-05-24,10/24,,,,,,,,,,,,,,,,,,1.662382,,,,,,,,,,19.9414,85.8322,,1-05-24,Warning,"Sakhigopal, Satyabadi (Puri)",Alluvium,Mahanadi
2024-25/247,2024-11-02,"CGWB, SER",ODISHA,Puri,Satyabadi,Sakhigopal 3,19.95,85.8089,,,1-05-24,10/24,,,,,,,,,,,,,,,,,0.1036059999999999,,,,,,,,,,,19.95,85.8089,,1-05-24,Safe,"Sakhigopal 3, Satyabadi (Puri)",Alluvium,Mahanadi
2024-25/248,2024-11-02,"CGWB, SER",ODISHA,Puri,Chilika Lake,Satapada 1,19.6711,85.4483,,,1-05-24,10/24,,,,,,,,,,,,,,,,,,,,,,,,,,,,19.6711,85.4483,,1-05-24,Safe,"Satapada 1, Chilika Lake (Puri)",Alluvium,Chilika
2024-25/249,2024-11-02,"CGWB, SER",ODISHA,Puri,Sadar,Tulasichoura - Malatipatpur,19.8767,85.8175,,,1-05-24,10/24,,,,,,,,,,,,,,,,,0.165107,,,,,,,,,,,19.8767,85.8175,,1-05-24,Safe,"Tulasichoura - Malatipatpur, Sadar (Puri)",Alluvium,Mahanadi
2024-25/250,2024-11-02,"CGWB, SER",ODISHA,Puri,Astaranga,Astaranga,19.9806,86.275,,,1-05-24,10/24,,,,,,,,,,,,,,,,,0.458343,2.051923,,,,,,,,,,19.9806,86.275,,1-05-24,Warning,"Astaranga, Astaranga (Puri)",Alluvium,Mahanadi
2024-25/251,2024-11-02,"CGWB, SER",ODISHA,Puri,Nimapada,Balanga 1,20.0389,85.8861,,,1-05-24,10/24,,,,,,,,,,,,,,,,,5.8493010000000005,,,,,,,,,,,20.0389,85.8861,,1-05-24,Safe,"Balanga 1, Nimapada (Puri)",Alluvium,Mahanadi
2024-25/252,2024-11-02,"CGWB, SER",ODISHA,Puri,Satyabadi,Biragobindapur,19.9208,85.825,,,1-05-24,10/24,,,,,,,,,,,,,,,,,0.264002,,,,,,,,,,,19.9208,85.825,,1-05-24,Safe,"Biragobindapur, Satyabadi (Puri)",Alluvium,Mahanadi
2024-25/253,2024-11-02,"CGWB, SER",ODISHA,Puri,Brahmagiri,Budhiabar,19.8089,85.7403,,,1-05-24,10/24,,,,,,,,,,,,,,,,,,,,,,,,,,,,19.8089,85.7403,,1-05-24,Safe,"Budhiabar, Brahmagiri (Puri)",Alluvium,Mahanadi
2024-25/254,2024-11-02,"CGWB, SER",ODISHA,Puri,Nimapada,Chhanijanga,20.0417,86.075,,,1-05-24,10/24,,,,,,,,,,,,,,,,,1.110505,,,,,,,,,,,20.0417,86.075,,1-05-24,Safe,"Chhanijanga, Nimapada (Puri)",Alluvium,Mahanadi
2024-25/255,2024-11-02,"CGWB, SER",ODISHA,Puri,Pipili,Dandamukundpur,20.0808,85.8322,,,1-05-24,10/24,,,,,,,,,,,,,,,,,,,,,,,,,,,,20.0808,85.8322,,1-05-24,Safe,"Dandamukundpur, Pipili (Puri)",Alluvium,Mahanadi
2024-25/256,2024-11-02,"CGWB, SER",ODISHA,Puri,Delanga,Delanga,20.0361,85.7694,,,1-05-24,10/24,,,,,,,,,,,,,,,,,3.610809,,,,,,,,,,,20.0361,85.7694,,1-05-24,Safe,"Delanga, Delanga (Puri)",Alluvium,Mahanadi
2024-25/257,2024-11-02,"CGWB, SER",ODISHA,Puri,Nimapada,Garapada,20.0917,85.9197,,,1-05-24,10/24,,,,,,,,,,,,,,,,,1.834881,3.707938,,,,12.544,,,,,,20.0917,85.9197,,1-05-24,Danger,"Garapada, Nimapada (Puri)",Alluvium,Mahanadi
2024-25/258,2024-11-02,"CGWB, SER",ODISHA,Puri,Brahmagiri,Gokhara,19.78,85.6056,,,1-05-24,10/24,,,,,,,,,,,,,,,,,0.134816,,,,,,,,,,,19.78,85.6056,,1-05-24,Safe,"Gokhara, Brahmagiri (Puri)",Alluvium,Mahanadi
2024-25/259,2024-11-02,"CGWB, SER",ODISHA,Puri,Brahmagiri,Gola,19.7294,85.5444,,,1-05-24,10/24,,,,,,,,,,,,,,,,,2.257976,,,,,,,,,,,19.7294,85.5444,,1-05-24,Safe,"Gola, Brahmagiri (Puri)",Alluvium,Mahanadi
2024-25/262,2024-11-02,"CGWB, SER",ODISHA,Puri,Gop,Madrang,19.925,85.9917,,,1-05-24,10/24,,,,,,,,,,,,,,,,,0.385297,14.09271,,,,,,,,,,19.925,85.9917,,1-05-24,Warning,"Madrang, Gop (Puri)",Alluvium,Mahanadi
2024-25/263,2024-11-02,"CGWB, SER",ODISHA,Puri,Pipili,Maunimatha,19.9942,85.8,,,1-05-24,10/24,,,,,,,,,,,,,,,,,0.54836,,,,,,,,,,,19.9942,85.8,,1-05-24,Safe,"Maunimatha, Pipili (Puri)",Alluvium,Mahanadi
2024-25/264,2024-11-02,"CGWB, SER",ODISHA,Puri,Sadar,P-01 Krupa Sindur Patna,19.8336,85.8361,,,1-05-24,10/24,,,,,,,,,,,,,,,,,0.14315,,,,,,,,,,,19.8336,85.8361,,1-05-24,Safe,"P-01 Krupa Sindur Patna, Sadar (Puri)",Alluvium,Mahanadi
2024-25/267,2024-11-02,"CGWB, SER",ODISHA,Puri,Sadar,P-32 Gobardhan Matha,19.7953,85.7833,,,1-05-24,10/24,,,,,,,,,,,,,,,,,,1.651018,,,,,,,,,,19.7953,85.7833,,1-05-24,Warning,"P-32 Gobardhan Matha, Sadar (Puri)",Alluvium,Mahanadi
2024-25/284,2024-11-02,"CGWB, SER",ODISHA,Kalahandi,Junagarh,Badbasul,19.8356,82.8375,,,1-05-24,10/24,,,,,,,,,,,,,,,,,,,,,,,,,,37.066,,19.8356,82.8375,,1-05-24,Safe,"Badbasul, Junagarh (Kalahandi)",Basement Gneissic Complex,Mahanadi
2024-25/285,2024-11-02,"CGWB, SER",ODISHA,Kalahandi,Lanjigarh,Bakatpur,19.8433,83.4239,,,1-05-24,10/24,,,,,,,,,,,,,,,,,0.1594799999999999,4.741657,,,,,,,,,,19.8433,83.4239,,1-05-24,Warning,"Bakatpur, Lanjigarh (Kalahandi)",Charnockite,Vansadhara
2024-25/286,2024-11-02,"CGWB, SER",ODISHA,Kalahandi,Jayapatna,Bijamara,19.5583,82.82,,,1-05-24,10/24,,,,,,,,,,,,,,,,,0.728752,,,,,,,,,,,19.5583,82.82,,1-05-24,Safe,"Bijamara, Jayapatna (Kalahandi)",Basement Gneissic Complex,Mahanadi
2024-25/287,2024-11-02,"CGWB, SER",ODISHA,Kalahandi,Junagarh,Chiliguda 1,19.7325,82.9106,,,1-05-24,10/24,,,,,,,,,,,,,,,,,0.150867,,,,,,,,,,,19.7325,82.9106,,1-05-24,Safe,"Chiliguda 1, Junagarh (Kalahandi)",Basement Gneissic Complex,Mahanadi
2024-25/288,2024-11-02,"CGWB, SER",ODISHA,Kalahandi,Dharamagarh,Dharamgarh,19.87,82.7797,,,1-05-24,10/24,,,,,,,,,,,,,,,,,0.638987,,,,15.12354,,,,,,,19.87,82.7797,,1-05-24,Safe,"Dharamgarh, Dharamagarh (Kalahandi)",Basement Gneissic Complex,Mahanadi
2024-25/290,2024-11-02,"CGWB, SER",ODISHA,Kalahandi,Kokasara,Koksara 1,19.6481,82.6872,,,1-05-24,10/24,,,,,,,,,,,,,,,,,0.1924209999999999,,,,,,,,,,,19.6481,82.6872,,1-05-24,Safe,"Koksara 1, Kokasara (Kalahandi)",Basement Gneissic Complex,Mahanadi
2024-25/292,2024-11-02,"CGWB, SER",ODISHA,Kalahandi,Junagarh,Mahichala,19.7778,82.8458,,,1-05-24,10/24,,,,,,,,,,,,,,,,,0.643361,1.1264960000000002,,,,,,,,,,19.7778,82.8458,,1-05-24,Warning,"Mahichala, Junagarh (Kalahandi)",Basement Gneissic Complex,Mahanadi
2024-25/293,2024-11-02,"CGWB, SER",ODISHA,Kalahandi,Narala,Santapur 1,19.9678,83.3222,,,1-05-24,10/24,,,,,,,,,,,,,,,,,,2.49052,,,,,,,,,,19.9678,83.3222,,1-05-24,Warning,"Santapur 1, Narala (Kalahandi)",Basement Gneissic Complex,Mahanadi
2024-25/303,2024-11-02,"CGWB, SER",ODISHA,Nabarangapur,Paparahandi,Dengaguda,19.3181,82.4325,,,1-05-24,10/24,,,,,,,,,,,,,,,,,,1.189731,,,,,,,,,,19.3181,82.4325,,1-05-24,Warning,"Dengaguda, Paparahandi (Nabarangapur)",Basement Gneissic Complex,Indravati
2024-25/305,2024-11-02,"CGWB, SER",ODISHA,Nabarangapur,Nabarangpur,Sanamansingham,19.2156,82.4539,,,1-05-24,10/24,,,,,,,,,,,,,,,,,,,,,,,,,,,,19.2156,82.4539,,1-05-24,Safe,"Sanamansingham, Nabarangpur (Nabarangapur)",Shale,Indravati
2024-25/367,2024-11-02,"CGWB, SER",ODISHA,BALANGIR,PUINTALA,Bairasar,20.7408,83.6707,,,1-05-24,10/24,,,,,,,,,,,,,,,,,1.542325,,,,,,,,,,,20.7408,83.6707,,1-05-24,Safe,"Bairasar, PUINTALA (BALANGIR)",Intrusive,Mahanadi
2024-25/383,2024-11-02,"CGWB, SER",ODISHA,BALANGIR,PUINTALA,Dumerbahal,20.7414,83.6097,,,1-05-24,10/24,,,,,,,,,,,,,,,,,,2.630921,,,,,,,,,,20.7414,83.6097,,1-05-24,Warning,"Dumerbahal, PUINTALA (BALANGIR)",Intrusive,Mahanadi
2024-25/385,2024-11-02,"CGWB, SER",ODISHA,BALANGIR,BELPARA,Fattamunda,20.5321,83.1104,,,1-05-24,10/24,,,,,,,,,,,,,,,,,0.220999,,,,,,,,,,,20.5321,83.1104,,1-05-24,Safe,"Fattamunda, BELPARA (BALANGIR)",Basement Gneissic Complex,Mahanadi
2024-25/402,2024-11-02,"CGWB, SER",ODISHA,BALANGIR,BALANGIR,Padampur,20.7351,83.5823,,,1-05-24,10/24,,,,,,,,,,,,,,,,,,,,,,,,,,,,20.7351,83.5823,,1-05-24,Safe,"Padampur, BALANGIR (BALANGIR)",Intrusive,Mahanadi
2024-25/408,2024-11-02,"CGWB, SER",ODISHA,BALANGIR,PUINTALA,Randa,20.7285,83.5628,,,1-05-24,10/24,,,,,,,,,,,,,,,,,1.310659,,,,,,,,,,,20.7285,83.5628,,1-05-24,Safe,"Randa, PUINTALA (BALANGIR)",Intrusive,Mahanadi
2024-25/416,2024-11-02,"CGWB, SER",ODISHA,BALANGIR,SAINTALA,Tikrapada 1,20.503,83.1327,,,1-05-24,10/24,,,,,,,,,,,,,,,,,0.757028,,,,,,,,,,,20.503,83.1327,,1-05-24,Safe,"Tikrapada 1, SAINTALA (BALANGIR)",Khondalites,Mahanadi
2024-25/421,2024-11-02,"CGWB, SER",ODISHA,BARGARH,PAIKMAL,Hirapur,20.9611,82.8184,,,1-05-24,10/24,,,,,,,,,,,,,,,,,0.2630679999999999,,,,,,,,,,,20.9611,82.8184,,1-05-24,Safe,"Hirapur, PAIKMAL (BARGARH)",Basement Gneissic Complex,Mahanadi
2024-25/423,2024-11-02,"CGWB, SER",ODISHA,BARGARH,PAIKMAL,Mithapali,20.9059,82.7935,,,1-05-24,10/24,,,,,,,,,,,,,,,,,0.171231,,,,,,,,,,,20.9059,82.7935,,1-05-24,Safe,"Mithapali, PAIKMAL (BARGARH)",Basement Gneissic Complex,Mahanadi
2024-25/445,2024-11-02,"CGWB, SER",ODISHA,NUAPADA,KHARIAR,Bada-Maheswar,20.3833,82.6867,,,1-05-24,10/24,,,,,,,,,,,,,,,,,0.495568,,,,,,,,,,,20.3833,82.6867,,1-05-24,Safe,"Bada-Maheswar, KHARIAR (NUAPADA)",Khondalites,Mahanadi
2024-25/447,2024-11-02,"CGWB, SER",ODISHA,NUAPADA,NUAPADA,Budhipali,20.9054,82.5296,,,1-05-24,10/24,,,,,,,,,,,,,,,,,0.151028,15.24621,,,,,,,,,,20.9054,82.5296,,1-05-24,Warning,"Budhipali, NUAPADA (NUAPADA)",Basement Gneissic Complex,Mahanadi
2024-25/448,2024-11-02,"CGWB, SER",ODISHA,NUAPADA,KHARIAR,Chanabeda,20.3259,82.7533,,,1-05-24,10/24,,,,,,,,,,,,,,,,,,3.316047,,,,,,,,,,20.3259,82.7533,,1-05-24,Warning,"Chanabeda, KHARIAR (NUAPADA)",Charnockite,Mahanadi
2024-25/449,2024-11-02,"CGWB, SER",ODISHA,NUAPADA,NUAPADA,Darlimunda,20.8209,82.6294,,,1-05-24,10/24,,,,,,,,,,,,,,,,,0.297319,1.979481,,,,,,,,,,20.8209,82.6294,,1-05-24,Warning,"Darlimunda, NUAPADA (NUAPADA)",Basement Gneissic Complex,Mahanadi
2024-25/450,2024-11-02,"CGWB, SER",ODISHA,NUAPADA,NUAPADA,Dharambandah,20.7342,82.4253,,,1-05-24,10/24,,,,,,,,,,,,,,,,,0.114831,,,,,,,,,,,20.7342,82.4253,,1-05-24,Safe,"Dharambandah, NUAPADA (NUAPADA)",Basement Gneissic Complex,Mahanadi
2024-25/451,2024-11-02,"CGWB, SER",ODISHA,NUAPADA,NUAPADA,Gotama,20.8745,82.507,,,1-05-24,10/24,,,,,,,,,,,,,,,,,,6.641469,,,,,,,,,,20.8745,82.507,,1-05-24,Warning,"Gotama, NUAPADA (NUAPADA)",Basement Gneissic Complex,Mahanadi
2024-25/452,2024-11-02,"CGWB, SER",ODISHA,NUAPADA,KHARIAR,Junani,20.3072,82.8008,,,1-05-24,10/24,,,,,,,,,,,,,,,,,,,,,,,,,,,,20.3072,82.8008,,1-05-24,Safe,"Junani, KHARIAR (NUAPADA)",Basement Gneissic Complex,Mahanadi
2024-25/453,2024-11-02,"CGWB, SER",ODISHA,NUAPADA,KOMANA,Komna1,20.4993,82.6711,,,1-05-24,10/24,,,,,,,,,,,,,,,,,0.7746000000000001,,0.020413,,,,,,,,,20.4993,82.6711,,1-05-24,Safe,"Komna1, KOMANA (NUAPADA)",Khondalites,Mahanadi
2024-25/454,2024-11-02,"CGWB, SER",ODISHA,NUAPADA,KOMANA,Kurumpuri,20.7188,82.5885,,,1-05-24,10/24,,,,,,,,,,,,,,,,,,1.139162,,,,,,,,,,20.7188,82.5885,,1-05-24,Warning,"Kurumpuri, KOMANA (NUAPADA)",Basement Gneissic Complex,Mahanadi
2024-25/455,2024-11-02,"CGWB, SER",ODISHA,NUAPADA,KHARIAR,Loharpalli,20.2864,82.7622,,,1-05-24,10/24,,,,,,,,,,,,,,,,,0.147154,,,,,,,,,,,20.2864,82.7622,,1-05-24,Safe,"Loharpalli, KHARIAR (NUAPADA)",Charnockite,Mahanadi
2024-25/456,2024-11-02,"CGWB, SER",ODISHA,NUAPADA,NUAPADA,Paraskhol,20.8069,82.5764,,,1-05-24,10/24,,,,,,,,,,,,,,,,,0.340172,1.010363,,,,,,,,,,20.8069,82.5764,,1-05-24,Warning,"Paraskhol, NUAPADA (NUAPADA)",Basement Gneissic Complex,Mahanadi
2024-25/458,2024-11-02,"CGWB, SER",ODISHA,NUAPADA,KHARIAR,Ranipur,20.2786,82.7758,,,1-05-24,10/24,,,,,,,,,,,,,,,,,0.174584,,,,,,,,,,,20.2786,82.7758,,1-05-24,Safe,"Ranipur, KHARIAR (NUAPADA)",Basement Gneissic Complex,Mahanadi
2024-25/459,2024-11-02,"CGWB, SER",ODISHA,NUAPADA,KHARIAR,Rishigaon,20.2642,82.8185,,,1-05-24,10/24,,,,,,,,,,,,,,,,,,,,,,,,,,,,20.2642,82.8185,,1-05-24,Safe,"Rishigaon, KHARIAR (NUAPADA)",Basement Gneissic Complex,Mahanadi
2024-25/460,2024-11-02,"CGWB, SER",ODISHA,NUAPADA,NUAPADA,Sahipala,20.8248,82.6778,,,1-05-24,10/24,,,,,,,,,,,,,,,,,0.1078949999999999,1.787637,,,,,,,,,,20.8248,82.6778,,1-05-24,Warning,"Sahipala, NUAPADA (NUAPADA)",Basement Gneissic Complex,Mahanadi
2024-25/461,2024-11-02,"CGWB, SER",ODISHA,NUAPADA,KHARIAR,Sanmaheswar,20.3746,82.6981,,,1-05-24,10/24,,,,,,,,,,,,,,,,,0.262951,,,,,,,,,,,20.3746,82.6981,,1-05-24,Safe,"Sanmaheswar, KHARIAR (NUAPADA)",Khondalites,Mahanadi
2024-25/462,2024-11-02,"CGWB, SER",ODISHA,NUAPADA,NUAPADA,Sarabong,20.8111,82.4689,,,1-05-24,10/24,,,,,,,,,,,,,,,,,0.118989,,,,,,,,,,,20.8111,82.4689,,1-05-24,Safe,"Sarabong, NUAPADA (NUAPADA)",Basement Gneissic Complex,Mahanadi
2024-25/463,2024-11-02,"CGWB, SER",ODISHA,NUAPADA,NUAPADA,Somarsingh,20.7476,82.5981,,,1-05-24,10/24,,,,,,,,,,,,,,,,,,,,,,,,,,,,20.7476,82.5981,,1-05-24,Safe,"Somarsingh, NUAPADA (NUAPADA)",Basement Gneissic Complex,Mahanadi
2024-25/464,2024-11-02,"CGWB, SER",ODISHA,NUAPADA,NUAPADA,Tanwant,20.7779,82.543,,,1-05-24,10/24,,,,,,,,,,,,,,,,,,4.010336,,,,,,,,,,20.7779,82.543,,1-05-24,Warning,"Tanwant, NUAPADA (NUAPADA)",Basement Gneissic Complex,Mahanadi
2024-25/465,2024-11-02,"CGWB, SER",ODISHA,NUAPADA,KOMANA,Tarbod,20.6328,82.6121,,,1-05-24,10/24,,,,,,,,,,,,,,,,,0.370312,40.90899,0.020192,0.0597419999999999,27.65303,,,7.664,131.985,,,20.6328,82.6121,,1-05-24,Danger,"Tarbod, KOMANA (NUAPADA)",Basement Gneissic Complex,Mahanadi
2024-25/469,2024-11-02,"CGWB, SER",ODISHA,SONAPUR,SONEPUR,Bagduli,20.8178,83.7609,,,1-05-24,10/24,,,,,,,,,,,,,,,,,0.323442,8.083939,,,,,,,,,,20.8178,83.7609,,1-05-24,Warning,"Bagduli, SONEPUR (SONAPUR)",Basement Gneissic Complex,Mahanadi
2024-25/471,2024-11-02,"CGWB, SER",ODISHA,SONAPUR,TARBHA,Sargaj 1,20.7014,83.6714,,,1-05-24,10/24,,,,,,,,,,,,,,,,,,1.408087,,,,,,,,,,20.7014,83.6714,,1-05-24,Warning,"Sargaj 1, TARBHA (SONAPUR)",Intrusive,Mahanadi
2024-25/482,2024-11-02,"CGWB, SER",ODISHA,Balesore,Nilagiri,Ayodhya,21.5583,86.7564,,,1-05-24,10/24,,,,,,,,,,,,,,,,,0.159901,,,,,,,,,,,21.5583,86.7564,,1-05-24,Safe,"Ayodhya, Nilagiri (Balesore)",Laterite,Budhabalanga
2024-25/485,2024-11-02,"CGWB, SER",ODISHA,Balesore,Oupada,Jamadeipur,21.4067,86.7444,,,1-05-24,10/24,,,,,,,,,,,,,,,,,,1.256616,,,,,,,,,,21.4067,86.7444,,1-05-24,Warning,"Jamadeipur, Oupada (Balesore)",Alluvium,Direct Draining to Sea
2024-25/487,2024-11-02,"CGWB, SER",ODISHA,Balesore,Nilagiri,Kansa 1,21.5797,86.7503,,,1-05-24,10/24,,,,,,,,,,,,,,,,,1.155637,,,,,,,,,,,21.5797,86.7503,,1-05-24,Safe,"Kansa 1, Nilagiri (Balesore)",Laterite,Budhabalanga
2024-25/489,2024-11-02,"CGWB, SER",ODISHA,Balesore,Balesore,Sunhat 2,21.4792,86.9508,,,1-05-24,10/24,,,,,,,,,,,,,,,,,0.2155929999999999,4.554558,,,,,,,,,,21.4792,86.9508,,1-05-24,Warning,"Sunhat 2, Balesore (Balesore)",Alluvium,Budhabalanga
2024-25/491,2024-11-02,"CGWB, SER",ODISHA,Balesore,Oupada,Tenda,21.465,86.7053,,,1-05-24,10/24,,,,,,,,,,,,,,,,,0.422987,,,,,,,,,,,21.465,86.7053,,1-05-24,Safe,"Tenda, Oupada (Balesore)",Basement Gneissic Complex,Budhabalanga
2024-25/503,2024-11-02,"CGWB, SER",ODISHA,Bhadrak,Bant,Agarpara,21.2089,86.3944,,,1-05-24,10/24,,,,,,,,,,,,,,,,,0.2096589999999999,4.332403,,,,,,,,,,21.2089,86.3944,,1-05-24,Warning,"Agarpara, Bant (Bhadrak)",Alluvium,Baitarani
2024-25/504,2024-11-02,"CGWB, SER",ODISHA,Bhadrak,Chandabali,Bala bhadrapur Sasan,20.8408,86.7219,,,1-05-24,10/24,,,,,,,,,,,,,,,,,1.187404,,,,,,,,,,,20.8408,86.7219,,1-05-24,Safe,"Bala bhadrapur Sasan, Chandabali (Bhadrak)",Alluvium,Baitarani
2024-25/505,2024-11-02,"CGWB, SER",ODISHA,Bhadrak,Chandabali,Chandabali bada bazar,20.9808,86.6233,,,1-05-24,10/24,,,,,,,,,,,,,,,,,5.755237,,,,,14.278,,,,,,20.9808,86.6233,,1-05-24,Danger,"Chandabali bada bazar, Chandabali (Bhadrak)",Alluvium,Baitarani
2024-25/506,2024-11-02,"CGWB, SER",ODISHA,Bhadrak,Bhadrak,Charampa,20.7725,86.7183,,,1-05-24,10/24,,,,,,,,,,,,,,,,,0.2096819999999999,1.30727,,,,,,,,,,20.7725,86.7183,,1-05-24,Warning,"Charampa, Bhadrak (Bhadrak)",Alluvium,Baitarani
2024-25/507,2024-11-02,"CGWB, SER",ODISHA,Bhadrak,Dhamnagar,Dhamnagar 1,21.0919,86.5258,,,1-05-24,10/24,,,,,,,,,,,,,,,,,0.177038,,,,,,,,,,,21.0919,86.5258,,1-05-24,Safe,"Dhamnagar 1, Dhamnagar (Bhadrak)",Alluvium,Baitarani
2024-25/509,2024-11-02,"CGWB, SER",ODISHA,Bhadrak,Dhamnagar,Kothar 3,21.0244,86.3911,,,1-05-24,10/24,,,,,,,,,,,,,,,,,,,,,,10.14,,,,,,21.0244,86.3911,,1-05-24,Danger,"Kothar 3, Dhamnagar (Bhadrak)",Alluvium,Baitarani
2024-25/513,2024-11-02,"CGWB, SER",ODISHA,Bhadrak,Bhadrak,Tihidi,21.1522,86.4394,,,1-05-24,10/24,,,,,,,,,,,,,,,,,2.512923,,,,,,,,,,,21.1522,86.4394,,1-05-24,Safe,"Tihidi, Bhadrak (Bhadrak)",Alluvium,Baitarani
2024-25/517,2024-11-02,"CGWB, SER",ODISHA,Mayurbhanja,Beta Nati,Betanoti,21.7356,86.8528,,,1-05-24,10/24,,,,,,,,,,,,,,,,,0.280471,,,,,,,,,,,21.7356,86.8528,,1-05-24,Safe,"Betanoti, Beta Nati (Mayurbhanja)",Alluvium,Jambhira
2024-25/518,2024-11-02,"CGWB, SER",ODISHA,Mayurbhanja,Bangiriposi,Dahisahi-Dipasahi,22.0878,86.6394,,,1-05-24,10/24,,,,,,,,,,,,,,,,,0.211679,,0.038105,,,,,,,,,22.0878,86.6394,,1-05-24,Safe,"Dahisahi-Dipasahi, Bangiriposi (Mayurbhanja)",Alluvium,Budhabalanga
2024-25/531,2024-11-02,"CGWB, SER",ODISHA,Kendujhar,Kendujhargarh,Brahmanigaon,21.6622,85.6072,,,1-05-24,10/24,,,,,,,,,,,,,,,,,0.152832,,,,,,,,,,,21.6622,85.6072,,1-05-24,Safe,"Brahmanigaon, Kendujhargarh (Kendujhar)",Basement Gneissic Complex,Baitarani
2024-25/537,2024-11-02,"CGWB, SER",ODISHA,Kendujhar,Ghasipura,Kesurdapal 1,21.1714,86,,,1-05-24,10/24,,,,,,,,,,,,,,,,,0.589268,,,,,,,,,,,21.1714,86.0,,1-05-24,Safe,"Kesurdapal 1, Ghasipura (Kendujhar)",Basement Gneissic Complex,Baitarani
2024-25/555,2024-11-02,"CGWB, SER",ODISHA,Mayurbhanj,Raruan,Itighar,21.9867,85.9542,,,1-05-24,10/24,,,,,,,,,,,,,,,,,0.433902,,,,,,,,,,,21.9867,85.9542,,1-05-24,Safe,"Itighar, Raruan (Mayurbhanj)",Basement Gneissic Complex,Baitarani
2024-25/560,2024-11-02,"CGWB, SER",ODISHA,Mayurbhanj,Jashipur,Matigarh 1,21.9367,86.0978,,,1-05-24,10/24,,,,,,,,,,,,,,,,,,,,,,,,4.227,,,,21.9367,86.0978,,1-05-24,Safe,"Matigarh 1, Jashipur (Mayurbhanj)",Basement Gneissic Complex,Baitarani
2024-25/561,2024-11-02,"CGWB, SER",ODISHA,Mayurbhanj,Rairangpur,Niranjan,22.3042,86.2111,,,1-05-24,10/24,,,,,,,,,,,,,,,,,0.7926230000000001,,,,,,,,,,,22.3042,86.2111,,1-05-24,Safe,"Niranjan, Rairangpur (Mayurbhanj)",Basement Gneissic Complex,Subarnarekha
2024-25/564,2024-11-02,"CGWB, SER",ODISHA,Mayurbhanj,Thakur munda,Satkosia,21.3578,86.1478,,,1-05-24,10/24,,,,,,,,,,,,,,,,,0.1550939999999999,3.114536,,,,,,,,,,21.3578,86.1478,,1-05-24,Warning,"Satkosia, Thakur munda (Mayurbhanj)",Basement Gneissic Complex,Baitarani
2024-25/1259,2024-11-02,"CGWB, SER",ODISHA,Khordha,Bhubaneswar,Kargil Basti,20.2373,85.8194,,,1-05-24,10/24,,,,,,,,,,,,,,,,,0.90497,,,,,,,,,,,20.2373,85.8194,,1-05-24,Safe,"Kargil Basti, Bhubaneswar (Khordha)",Laterite,Mahanadi
2024-25/1262,2024-11-02,"CGWB, SER",ODISHA,Khordha,Bhubaneswar,Satya Nagar,20.2811,85.8504,,,1-05-24,10/24,,,,,,,,,,,,,,,,,0.174118,,,,,,,,,,,20.2811,85.8504,,1-05-24,Safe,"Satya Nagar, Bhubaneswar (Khordha)",Laterite,Mahanadi
2024-25/1302,2024-11-02,"CGWB, SER",ODISHA,Boudh,Harbhanga,Radha Nagar,20.7497,84.327,,,1-05-24,10/24,,,,,,,,,,,,,,,,,,1.118777,,,,,,,,,,20.7497,84.327,,1-05-24,Warning,"Radha Nagar, Harbhanga (Boudh)",Basement Gneissic Complex,Mahanadi
2024-25/1305,2024-11-02,"CGWB, SER",ODISHA,Boudh,Boudh Sadar,Kamira,20.8075,84.2178,,,1-05-24,10/24,,,,,,,,,,,,,,,,,0.308433,,,,,,,,,,,20.8075,84.2178,,1-05-24,Safe,"Kamira, Boudh Sadar (Boudh)",Basement Gneissic Complex,Mahanadi
2024-25/1308,2024-11-02,"CGWB, SER",ODISHA,Boudh,Boudh Sadar,Dahya,20.8176,84.0063,,,1-05-24,10/24,,,,,,,,,,,,,,,,,,,,,,,,,,,,20.8176,84.0063,,1-05-24,Safe,"Dahya, Boudh Sadar (Boudh)",Basement Gneissic Complex,Mahanadi
2024-25/1311,2024-11-02,"CGWB, SER",ODISHA,Boudh,Kantamal,Auinla chua chhak,20.6675,83.7569,,,1-05-24,10/24,,,,,,,,,,,,,,,,,0.423431,,,,,,,,,,,20.6675,83.7569,,1-05-24,Safe,"Auinla chua chhak, Kantamal (Boudh)",Basement Gneissic Complex,Mahanadi
2024-25/1318,2024-11-02,"CGWB, SER",ODISHA,Boudh,Boudh Sadar,Erada,20.7626,84.2311,,,1-05-24,10/24,,,,,,,,,,,,,,,,,0.1319209999999999,,,,,,,,,,,20.7626,84.2311,,1-05-24,Safe,"Erada, Boudh Sadar (Boudh)",Basement Gneissic Complex,Mahanadi
2024-25/1319,2024-11-02,"CGWB, SER",ODISHA,Boudh,Boudh Sadar,Badhigaon,20.8251,84.2701,,,1-05-24,10/24,,,,,,,,,,,,,,,,,1.425922,1.825171,,,,,,,,,,20.8251,84.2701,,1-05-24,Warning,"Badhigaon, Boudh Sadar (Boudh)",Basement Gneissic Complex,Mahanadi
2024-25/1322,2024-11-02,"CGWB, SER",ODISHA,Boudh,Harbhanga,Kusanga,20.5887,84.6552,,,1-05-24,10/24,,,,,,,,,,,,,,,,,0.443272,,,,,,,,,,,20.5887,84.6552,,1-05-24,Safe,"Kusanga, Harbhanga (Boudh)",Charnockite,Mahanadi
2024-25/1323,2024-11-02,"CGWB, SER",ODISHA,Boudh,Harbhanga,Bruhaspatipur,20.665,84.5689,,,1-05-24,10/24,,,,,,,,,,,,,,,,,0.5822390000000001,,,,,,,,,,,20.665,84.5689,,1-05-24,Safe,"Bruhaspatipur, Harbhanga (Boudh)",Charnockite,Mahanadi
2024-25/1324,2024-11-02,"CGWB, SER",ODISHA,Boudh,Harbhanga,Karoda Kutha,20.5442,84.4256,,,1-05-24,10/24,,,,,,,,,,,,,,,,,0.423915,9.562441000000002,,,,,,,,,,20.5442,84.4256,,1-05-24,Warning,"Karoda Kutha, Harbhanga (Boudh)",Charnockite,Mahanadi
2024-25/1371,2024-11-02,"CGWB, SER",ODISHA,Ganjam,Bhanjanagar,Gallery,20.1033,84.57,,,1-05-24,10/24,,,,,,,,,,,,,,,,,0.108268,,,,,,,,,,,20.1033,84.57,,1-05-24,Safe,"Gallery, Bhanjanagar (Ganjam)",Basement Gneissic Complex,Rushikulya
2024-25/1373,2024-11-02,"CGWB, SER",ODISHA,Ganjam,Dharakote,Balarampur,19.6253,84.4531,,,1-05-24,10/24,,,,,,,,,,,,,,,,,0.954204,,,,,,,,,,,19.6253,84.4531,,1-05-24,Safe,"Balarampur, Dharakote (Ganjam)",Basement Gneissic Complex,Rushikulya
2024-25/1375,2024-11-02,"CGWB, SER",ODISHA,Ganjam,Gangapur,Dharakote,19.7878,84.6125,,,1-05-24,10/24,,,,,,,,,,,,,,,,,0.123423,,,,,,,,,,,19.7878,84.6125,,1-05-24,Safe,"Dharakote, Gangapur (Ganjam)",Basement Gneissic Complex,Rushikulya
2024-25/1377,2024-11-02,"CGWB, SER",ODISHA,Ganjam,Aska,Bhetnai,19.6739,84.6947,,,1-05-24,10/24,,,,,,,,,,,,,,,,,,,,,7.706969,,,,,,,19.6739,84.6947,,1-05-24,Safe,"Bhetnai, Aska (Ganjam)",Basement Gneissic Complex,Rushikulya
2024-25/1378,2024-11-02,"CGWB, SER",ODISHA,Ganjam,Beluguntha,Kalamb,19.7528,84.7017,,,1-05-24,10/24,,,,,,,,,,,,,,,,,0.281596,,,,,,,,,,,19.7528,84.7017,,1-05-24,Safe,"Kalamb, Beluguntha (Ganjam)",Basement Gneissic Complex,Rushikulya
2024-25/1384,2024-11-02,"CGWB, SER",ODISHA,Ganjam,Kabi surya nagar,Gudiali,19.5672,84.7936,,,1-05-24,10/24,,,,,,,,,,,,,,,,,0.227966,,,,,,,,,,,19.5672,84.7936,,1-05-24,Safe,"Gudiali, Kabi surya nagar (Ganjam)",Basement Gneissic Complex,Rushikulya
2024-25/1386,2024-11-02,"CGWB, SER",ODISHA,Ganjam,Chhatrapur,Tanganpali,19.3719,84.8878,,,1-05-24,10/24,,,,,,,,,,,,,,,,,0.885796,,,,,,,,,,,19.3719,84.8878,,1-05-24,Safe,"Tanganpali, Chhatrapur (Ganjam)",Alluvium,Direct Draining to Sea
2024-25/1387,2024-11-02,"CGWB, SER",ODISHA,Ganjam,Chhatrapur,Narendrapur,19.3372,84.8694,,,1-05-24,10/24,,,,,,,,,,,,,,,,,0.14172,2.169658,,,,,,,,,,19.3372,84.8694,,1-05-24,Warning,"Narendrapur, Chhatrapur (Ganjam)",Alluvium,Direct Draining to Sea
2024-25/1389,2024-11-02,"CGWB, SER",ODISHA,Ganjam,Rangeilunda,Berhampur,19.3194,84.795,,,1-05-24,10/24,,,,,,,,,,,,,,,,,,,,,,135.234,,,,,,19.3194,84.795,,1-05-24,Danger,"Berhampur, Rangeilunda (Ganjam)",Basement Gneissic Complex,Direct Draining to Sea
2024-25/1390,2024-11-02,"CGWB, SER",ODISHA,Ganjam,Rangeilunda,Gopalpur,19.2647,84.9147,,,1-05-24,10/24,,,,,,,,,,,,,,,,,,,,,,20.271,,,,,,19.2647,84.9147,,1-05-24,Danger,"Gopalpur, Rangeilunda (Ganjam)",Alluvium,Direct Draining to Sea
2024-25/1392,2024-11-02,"CGWB, SER",ODISHA,Ganjam,Rangeilunda,Mantridi,19.195,84.7708,,,1-05-24,10/24,,,,,,,,,,,,,,,,,0.2773159999999999,,,,,,,,,,,19.195,84.7708,,1-05-24,Safe,"Mantridi, Rangeilunda (Ganjam)",Basement Gneissic Complex,Direct Draining to Sea
2024-25/1394,2024-11-02,"CGWB, SER",ODISHA,Ganjam,Rangeilunda,Kamalpur,19.2522,84.8731,,,1-05-24,10/24,,,,,,,,,,,,,,,,,0.186366,,,,,,,,,,,19.2522,84.8731,,1-05-24,Safe,"Kamalpur, Rangeilunda (Ganjam)",Alluvium,Direct Draining to Sea
2024-25/1402,2024-11-02,"CGWB, SER",ODISHA,Ganjam,Ganjam,Humma,19.4328,85.0806,,,1-05-24,10/24,,,,,,,,,,,,,,,,,0.998084,,,,,,,,,,,19.4328,85.0806,,1-05-24,Safe,"Humma, Ganjam (Ganjam)",Alluvium,Rushikulya
2024-25/1416,2024-11-02,"CGWB, SER",ODISHA,Gajapati,Mohana,Luhagadi,19.4697,84.365,,,1-05-24,10/24,,,,,,,,,,,,,,,,,0.356848,,,,,,,,,,,19.4697,84.365,,1-05-24,Safe,"Luhagadi, Mohana (Gajapati)",Charnockite,Rushikulya
2024-25/1418,2024-11-02,"CGWB, SER",ODISHA,Gajapati,Parlakhemundi,Garabanh,18.8392,84.2928,,,1-05-24,10/24,,,,,,,,,,,,,,,,,0.137138,,,,,,,,,,,18.8392,84.2928,,1-05-24,Safe,"Garabanh, Parlakhemundi (Gajapati)",Charnockite,Direct Draining to Sea
2024-25/1449,2024-11-02,"CGWB, SER",ODISHA,BARGARH,Bheden,Baghapalli,21.1744,83.7817,,,1-05-24,10/24,,,,,,,,,,,,,,,,,0.129483,,,,,,,,,,,21.1744,83.7817,,1-05-24,Safe,"Baghapalli, Bheden (BARGARH)",Basement Gneissic Complex,Mahanadi
2024-25/1450,2024-11-02,"CGWB, SER",ODISHA,BARGARH,Bargarh,Bargarh 3,21.3429,83.6143,,,1-05-24,10/24,,,,,,,,,,,,,,,,,0.11856,,,,,,,,,,,21.3429,83.6143,,1-05-24,Safe,"Bargarh 3, Bargarh (BARGARH)",Basement Gneissic Complex,Mahanadi
2024-25/1453,2024-11-02,"CGWB, SER",ODISHA,BARGARH,Bheden,Bheden,21.1961,83.7508,,,1-05-24,10/24,,,,,,,,,,,,,,,,,0.210687,,,,,,,,,,,21.1961,83.7508,,1-05-24,Safe,"Bheden, Bheden (BARGARH)",Basement Gneissic Complex,Mahanadi
2024-25/1454,2024-11-02,"CGWB, SER",ODISHA,BARGARH,Bijepur,Budapali,21.162,83.5111,,,1-05-24,10/24,,,,,,,,,,,,,,,,,0.865814,,,,,,,,,,,21.162,83.5111,,1-05-24,Safe,"Budapali, Bijepur (BARGARH)",Basement Gneissic Complex,Mahanadi
2024-25/1458,2024-11-02,"CGWB, SER",ODISHA,BARGARH,Sohela,Ghens 1,21.1897,83.2853,,,1-05-24,10/24,,,,,,,,,,,,,,,,,0.344617,,,,,,,,,,,21.1897,83.2853,,1-05-24,Safe,"Ghens 1, Sohela (BARGARH)",Basement Gneissic Complex,Mahanadi
2024-25/1463,2024-11-02,"CGWB, SER",ODISHA,BARGARH,Bheden,Khutlipalli,21.2589,83.87,,,1-05-24,10/24,,,,,,,,,,,,,,,,,0.486432,,,,,,,,,,,21.2589,83.87,,1-05-24,Safe,"Khutlipalli, Bheden (BARGARH)",Alluvium,Mahanadi
2024-25/1470,2024-11-02,"CGWB, SER",ODISHA,BARGARH,Bargarh,Rengalpali,21.3023,83.595,,,1-05-24,10/24,,,,,,,,,,,,,,,,,,4.691757,,,,,,,,,,21.3023,83.595,,1-05-24,Warning,"Rengalpali, Bargarh (BARGARH)",Basement Gneissic Complex,Mahanadi
2024-25/1471,2024-11-02,"CGWB, SER",ODISHA,BARGARH,Bheden,Rusuda 1,21.1664,83.8456,,,1-05-24,10/24,,,,,,,,,,,,,,,,,,,,,,,,,,,,21.1664,83.8456,,1-05-24,Safe,"Rusuda 1, Bheden (BARGARH)",Basement Gneissic Complex,Mahanadi
2024-25/1472,2024-11-02,"CGWB, SER",ODISHA,BARGARH,Bargarh,Sarala,21.4006,83.6558,,,1-05-24,10/24,,,,,,,,,,,,,,,,,1.569465,,,,,,,,,,,21.4006,83.6558,,1-05-24,Safe,"Sarala, Bargarh (BARGARH)",Basement Gneissic Complex,Mahanadi
2024-25/1475,2024-11-02,"CGWB, SER",ODISHA,BARGARH,Attabira,Shukutapalli,21.3658,83.7167,,,1-05-24,10/24,,,,,,,,,,,,,,,,,0.12587,,,,,,,,,,,21.3658,83.7167,,1-05-24,Safe,"Shukutapalli, Attabira (BARGARH)",Basement Gneissic Complex,Mahanadi
2024-25/1476,2024-11-02,"CGWB, SER",ODISHA,BARGARH,Sohela,Sohela 1,21.2944,83.3981,,,1-05-24,10/24,,,,,,,,,,,,,,,,,0.303695,,,,,,,,,41.877,,21.2944,83.3981,,1-05-24,Safe,"Sohela 1, Sohela (BARGARH)",Basement Gneissic Complex,Mahanadi
2024-25/1491,2024-11-02,"CGWB, SER",ODISHA,Sambalpur,Maneswar,Bausenmura,21.3385,83.9809,,,1-05-24,10/24,,,,,,,,,,,,,,,,,0.426486,,,,,,,,,,,21.3385,83.9809,,1-05-24,Safe,"Bausenmura, Maneswar (Sambalpur)",Alluvium,Mahanadi
2024-25/1496,2024-11-02,"CGWB, SER",ODISHA,Sambalpur,Dhankauda,Jugipali,21.5284,83.9821,,,1-05-24,10/24,,,,,,,,,,,,,,,,,0.153342,5.000051,,,22.72369,,,,,,,21.5284,83.9821,,1-05-24,Warning,"Jugipali, Dhankauda (Sambalpur)",Alluvium,Mahanadi
2024-25/1497,2024-11-02,"CGWB, SER",ODISHA,Sambalpur,Maneswar,Larasara,21.1819,83.9125,,,1-05-24,10/24,,,,,,,,,,,,,,,,,0.390149,,,,,,,,,,,21.1819,83.9125,,1-05-24,Safe,"Larasara, Maneswar (Sambalpur)",Khondalites,Mahanadi
2024-25/1499,2024-11-02,"CGWB, SER",ODISHA,Sambalpur,Maneswar,Sahaspur,31.3417,83.9645,,,1-05-24,10/24,,,,,,,,,,,,,,,,,0.143734,1.475106,,,,,,,,,,21.3417,83.9645,,1-05-24,Warning,"Sahaspur, Maneswar (Sambalpur)",Alluvium,Mahanadi
2024-25/1523,2024-11-02,"CGWB, SER",ODISHA,SONAPUR,Binika,Ankhidadar,21.0983,83.8044,,,1-05-24,10/24,,,,,,,,,,,,,,,,,,5.789783000000001,,,,,,,,,,21.0983,83.8044,,1-05-24,Warning,"Ankhidadar, Binika (SONAPUR)",Basement Gneissic Complex,Mahanadi
2024-25/1528,2024-11-02,"CGWB, SER",ODISHA,SONAPUR,Ulunda,Binika,21.0271,83.8108,,,1-05-24,10/24,,,,,,,,,,,,,,,,,0.135589,,,,,,,,,,,21.0271,83.8108,,1-05-24,Safe,"Binika, Ulunda (SONAPUR)",Alluvium,Mahanadi
2024-25/1530,2024-11-02,"CGWB, SER",ODISHA,SONAPUR,Dunguripalli,Chandajhuri,21.08,83.5611,,,1-05-24,10/24,,,,,,,,,,,,,,,,,0.367462,8.537374,,,,,,,,,,21.08,83.5611,,1-05-24,Warning,"Chandajhuri, Dunguripalli (SONAPUR)",Basement Gneissic Complex,Mahanadi
2024-25/1532,2024-11-02,"CGWB, SER",ODISHA,SONAPUR,Dunguripalli,Ichhapur 1,21.0373,83.4641,,,1-05-24,10/24,,,,,,,,,,,,,,,,,0.100436,,,0.083803,,,,,,,,21.0373,83.4641,,1-05-24,Safe,"Ichhapur 1, Dunguripalli (SONAPUR)",Basement Gneissic Complex,Mahanadi
2024-25/1535,2024-11-02,"CGWB, SER",ODISHA,SONAPUR,Ulunda,Metakani,21.0101,83.8584,,,1-05-24,10/24,,,,,,,,,,,,,,,,,0.528904,1.245368,,,,,,,,,,21.0101,83.8584,,1-05-24,Warning,"Metakani, Ulunda (SONAPUR)",Alluvium,Mahanadi
2024-25/1536,2024-11-02,"CGWB, SER",ODISHA,SONAPUR,Ulunda,Naikpada,20.9123,83.9116,,,1-05-24,10/24,,,,,,,,,,,,,,,,,1.945411,,,,,,,,,,,20.9123,83.9116,,1-05-24,Safe,"Naikpada, Ulunda (SONAPUR)",Alluvium,Mahanadi
2024-25/1537,2024-11-02,"CGWB, SER",ODISHA,SONAPUR,Sonepur,Nanduamal,20.8828,83.8222,,,1-05-24,10/24,,,,,,,,,,,,,,,,,0.121858,,,,,,,,,,,20.8828,83.8222,,1-05-24,Safe,"Nanduamal, Sonepur (SONAPUR)",Basement Gneissic Complex,Mahanadi
2024-25/1543,2024-11-02,"CGWB, SER",ODISHA,SONAPUR,Biramaharajpur,Tebhapadar,20.9077,84.1771,,,1-05-24,10/24,,,,,,,,,,,,,,,,,,,,,,,,,,,,20.9077,84.1771,,1-05-24,Safe,"Tebhapadar, Biramaharajpur (SONAPUR)",Alluvium,Mahanadi
2024-25/1544,2024-11-02,"CGWB, SER",ODISHA,SONAPUR,Ulunda,Ulunda,20.9619,83.8831,,,1-05-24,10/24,,,,,,,,,,,,,,,,,0.510251,1.687571,,,,,,,,,,20.9619,83.8831,,1-05-24,Warning,"Ulunda, Ulunda (SONAPUR)",Alluvium,Mahanadi
2024-25/1867,2024-11-02,"CGWB, SER",ODISHA,Debagarh,Barkot,Kondal,21.5572,84.885,,,1-05-24,10/24,,,,,,,,,,,,,,,,,0.62275,2.126315,,,,,,,,,,21.5572,84.885,,1-05-24,Warning,"Kondal, Barkot (Debagarh)",Alluvium,Brahmani
2024-25/1869,2024-11-02,"CGWB, SER",ODISHA,Debagarh,Tileibani,Rengalbeda,21.45,84.68,,,1-05-24,10/24,,,,,,,,,,,,,,,,,0.438663,1.396265,,,,,,,,,,21.45,84.68,,1-05-24,Warning,"Rengalbeda, Tileibani (Debagarh)",Alluvium,Brahmani
2024-25/1870,2024-11-02,"CGWB, SER",ODISHA,Debagarh,Reamal,Tarang,21.27,84.58,,,1-05-24,10/24,,,,,,,,,,,,,,,,,0.120854,,,,,,,,,,,21.27,84.58,,1-05-24,Safe,"Tarang, Reamal (Debagarh)",Quartzite,Brahmani
2024-25/1875,2024-11-02,"CGWB, SER",ODISHA,Jharsuguda,Lakhanpur,Bhikhampali,21.79,83.57,,,1-05-24,10/24,,,,,,,,,,,,,,,,,0.164319,,,,,,,,,,,21.79,83.57,,1-05-24,Safe,"Bhikhampali, Lakhanpur (Jharsuguda)",Basement Gneissic Complex,Mahanadi
2024-25/1876,2024-11-02,"CGWB, SER",ODISHA,Jharsuguda,Laikera,Chadnimal,21.94,84.32,,,1-05-24,10/24,,,,,,,,,,,,,,,,,0.6608440000000001,,,,,,,,,,,21.94,84.32,,1-05-24,Safe,"Chadnimal, Laikera (Jharsuguda)",Alluvium,Mahanadi
2024-25/1877,2024-11-02,"CGWB, SER",ODISHA,Jharsuguda,Laikera,Kirimera,21.88,84.16,,,1-05-24,10/24,,,,,,,,,,,,,,,,,0.747503,,,,,,,,,,,21.88,84.16,,1-05-24,Safe,"Kirimera, Laikera (Jharsuguda)",Alluvium,Mahanadi
2024-25/1878,2024-11-02,"CGWB, SER",ODISHA,Jharsuguda,Lakhanpur,Lakhanpur,21.76,83.77,,,1-05-24,10/24,,,,,,,,,,,,,,,,,0.389258,1.593148,,,,,,,,,,21.76,83.77,,1-05-24,Warning,"Lakhanpur, Lakhanpur (Jharsuguda)",Sandstone,Mahanadi
2024-25/1901,2024-11-02,"CGWB, SER",ODISHA,Sambalpur,Jujomura,Amlipani,21.33,84.31,,,1-05-24,10/24,,,,,,,,,,,,,,,,,0.13827,,,,,,,,,,,21.33,84.31,,1-05-24,Safe,"Amlipani, Jujomura (Sambalpur)",Alluvium,Mahanadi
2024-25/1902,2024-11-02,"CGWB, SER",ODISHA,Sambalpur,Jujomura,Badsahir,21.4,84.13,,,1-05-24,10/24,,,,,,,,,,,,,,,,,0.435242,,,,,,,,,,,21.4,84.13,,1-05-24,Safe,"Badsahir, Jujomura (Sambalpur)",Alluvium,Mahanadi
2024-25/1903,2024-11-02,"CGWB, SER",ODISHA,Sambalpur,Bamra,Bamra,22.05,84.29,,,1-05-24,10/24,,,,,,,,,,,,,,,,,0.045229,1.15753,,,,,,,23.004,,,22.05,84.29,,1-05-24,Warning,"Bamra, Bamra (Sambalpur)",Schist,Mahanadi
2024-25/1904,2024-11-02,"CGWB, SER",ODISHA,Sambalpur,Jujomura,Bhabanipali,21.38,84.07,,,1-05-24,10/24,,,,,,,,,,,,,,,,,0.52307,,,,,,,,,,,21.38,84.07,,1-05-24,Safe,"Bhabanipali, Jujomura (Sambalpur)",Alluvium,Mahanadi
2024-25/1905,2024-11-02,"CGWB, SER",ODISHA,Sambalpur,Rairakhol,Bhaluchuan,21.08,84.37,,,1-05-24,10/24,,,,,,,,,,,,,,,,,0.4560249999999999,,,,,,,,,,,21.08,84.37,,1-05-24,Safe,"Bhaluchuan, Rairakhol (Sambalpur)",Sandstone,Mahanadi
2024-25/1906,2024-11-02,"CGWB, SER",ODISHA,Sambalpur,Maneswar,Bhoipali,21.43,84.07,,,1-05-24,10/24,,,,,,,,,,,,,,,,,0.5534439999999999,1.249569,,,,,,,,,,21.43,84.07,,1-05-24,Warning,"Bhoipali, Maneswar (Sambalpur)",Alluvium,Mahanadi
2024-25/1907,2024-11-02,"CGWB, SER",ODISHA,Sambalpur,Kochinda,Boxma,21.71,84.38,,,1-05-24,10/24,,,,,,,,,,,,,,,,,0.1018169999999999,,,,,,,,,,,21.71,84.38,,1-05-24,Safe,"Boxma, Kochinda (Sambalpur)",Alluvium,Mahanadi
2024-25/1908,2024-11-02,"CGWB, SER",ODISHA,Sambalpur,Naktideul,Chandrapura,21.28,84.56,,,1-05-24,10/24,,,,,,,,,,,,,,,,,0.746067,1.4452349999999998,,,,,,,,,,21.28,84.56,,1-05-24,Warning,"Chandrapura, Naktideul (Sambalpur)",Alluvium,Brahmani
2024-25/1909,2024-11-02,"CGWB, SER",ODISHA,Sambalpur,Rairakhol,Charmal,21.1,84.21,,,1-05-24,10/24,,,,,,,,,,,,,,,,,0.209534,9.759703,,,,,,,,,,21.1,84.21,,1-05-24,Warning,"Charmal, Rairakhol (Sambalpur)",Alluvium,Mahanadi
2024-25/1910,2024-11-02,"CGWB, SER",ODISHA,Sambalpur,Jujomura,Goudapalli,22.05,84.29,,,1-05-24,10/24,,,,,,,,,,,,,,,,,0.128061,6.829581,,,,,,,,,,22.05,84.29,,1-05-24,Warning,"Goudapalli, Jujomura (Sambalpur)",Schist,Mahanadi
2024-25/1911,2024-11-02,"CGWB, SER",ODISHA,Sambalpur,Jujomura,Hatibari 1,21.34,84.1,,,1-05-24,10/24,,,,,,,,,,,,,,,,,0.589616,2.290381,,,,,,,,,,21.34,84.1,,1-05-24,Warning,"Hatibari 1, Jujomura (Sambalpur)",Alluvium,Mahanadi
2024-25/1912,2024-11-02,"CGWB, SER",ODISHA,Sambalpur,Jujomura,Jhargulanda 1,21.42,84.1,,,1-05-24,10/24,,,,,,,,,,,,,,,,,,,,,,,,,,,,21.42,84.1,,1-05-24,Safe,"Jhargulanda 1, Jujomura (Sambalpur)",Alluvium,Mahanadi
2024-25/1913,2024-11-02,"CGWB, SER",ODISHA,Sambalpur,Kochinda,Kusumi,21.76,84.53,,,1-05-24,10/24,,,,,,,,,,,,,,,,,0.106996,13.05003,,,,,,,,,,21.76,84.53,,1-05-24,Warning,"Kusumi, Kochinda (Sambalpur)",Alluvium,Mahanadi
2024-25/1914,2024-11-02,"CGWB, SER",ODISHA,Sambalpur,Maneswar,Maneswar 1,21.43,84.04,,,1-05-24,10/24,,,,,,,,,,,,,,,,,0.256142,47.02022,,,,,,,,,,21.43,84.04,,1-05-24,Warning,"Maneswar 1, Maneswar (Sambalpur)",Alluvium,Mahanadi
2024-25/1915,2024-11-02,"CGWB, SER",ODISHA,Sambalpur,Maneswar,Naxapali,21.43,84.01,,,1-05-24,10/24,,,,,,,,,,,,,,,,,0.127555,28.23288,,,,,,,13.673,,,21.43,84.01,,1-05-24,Warning,"Naxapali, Maneswar (Sambalpur)",Alluvium,Mahanadi
2024-25/1916,2024-11-02,"CGWB, SER",ODISHA,Sambalpur,Jujomura,Nildungri,21.46,84.11,,,1-05-24,10/24,,,,,,,,,,,,,,,,,0.100571,1.288595,,,,,,,,,,21.46,84.11,,1-05-24,Warning,"Nildungri, Jujomura (Sambalpur)",Alluvium,Mahanadi
2024-25/1918,2024-11-02,"CGWB, SER",ODISHA,Sambalpur,Maneswar,Parmanpur,21.52,84.1,,,1-05-24,10/24,,,,,,,,,,,,,,,,,1.064249,,,,,,,,,,,21.52,84.1,,1-05-24,Safe,"Parmanpur, Maneswar (Sambalpur)",Alluvium,Mahanadi
2024-25/1919,2024-11-02,"CGWB, SER",ODISHA,Sambalpur,Kochinda,Paruabhari 1,21.8,84.36,,,1-05-24,10/24,,,,,,,,,,,,,,,,,1.1816,10.74812,,,19.49439,,,,,,,21.8,84.36,,1-05-24,Warning,"Paruabhari 1, Kochinda (Sambalpur)",Alluvium,Mahanadi
2024-25/1920,2024-11-02,"CGWB, SER",ODISHA,Sambalpur,Rairakhol,Rairakhol,21.07,84.33,,,1-05-24,10/24,,,,,,,,,,,,,,,,,0.21364,3.578729,,,5.763378,27.733,,,,,,21.07,84.33,,1-05-24,Danger,"Rairakhol, Rairakhol (Sambalpur)",Sandstone,Mahanadi
2024-25/1921,2024-11-02,"CGWB, SER",ODISHA,Sambalpur,Dhankauda,Sason 1,21.55,84.04,,,1-05-24,10/24,,,,,,,,,,,,,,,,,0.480007,65.9222,,,,,,,,,,21.55,84.04,,1-05-24,Warning,"Sason 1, Dhankauda (Sambalpur)",Sandstone,Mahanadi
2024-25/1922,2024-11-02,"CGWB, SER",ODISHA,Sambalpur,Hirakud,Hirakud Dam,21.52,83.85,,,1-05-24,10/24,,,,,,,,,,,,,,,,,,3.118258,,,,,,,,,,21.52,83.85,,1-05-24,Warning,"Hirakud Dam, Hirakud (Sambalpur)",Alluvium,Mahanadi
2024-25/1934,2024-11-02,"CGWB, SER",ODISHA,Sundargarh,Tangarapali,Balijori,22.13,83.89,,,1-05-24,10/24,,,,,,,,,,,,,,,,,0.78713,12.05093,,,,,,,,,,22.13,83.89,,1-05-24,Warning,"Balijori, Tangarapali (Sundargarh)",Granite,Mahanadi
2024-25/1935,2024-11-02,"CGWB, SER",ODISHA,Sundargarh,Kuanrmunda,Kumajharia,22.36,84.75,,,1-05-24,10/24,,,,,,,,,,,,,,,,,0.8527480000000001,4.700582000000001,,,,,,,,,,22.36,84.75,,1-05-24,Warning,"Kumajharia, Kuanrmunda (Sundargarh)",Schist,Brahmani
2024-25/1936,2024-11-02,"CGWB, SER",ODISHA,Sundargarh,Bisra,R-01 Jalda C block,22.19,84.86,,,1-05-24,10/24,,,,,,,,,,,,,,,,,0.277584,13.52066,,,,,,,,,,22.19,84.86,,1-05-24,Warning,"R-01 Jalda C block, Bisra (Sundargarh)",Schist,Brahmani
2024-25/1937,2024-11-02,"CGWB, SER",ODISHA,Sundargarh,Bisra,R-02 Jalda rangila Chhak,22.19,84.86,,,1-05-24,10/24,,,,,,,,,,,,,,,,,0.603793,2.405948,,,,,,,,,,22.19,84.86,,1-05-24,Warning,"R-02 Jalda rangila Chhak, Bisra (Sundargarh)",Schist,Brahmani
2024-25/1938,2024-11-02,"CGWB, SER",ODISHA,Sundargarh,Bisra,R-06 Basanti Colony,22.24,84.84,,,1-05-24,10/24,,,,,,,,,,,,,,,,,0.53832,,,,,,,,,,,22.24,84.84,,1-05-24,Safe,"R-06 Basanti Colony, Bisra (Sundargarh)",Schist,Brahmani
2024-25/1939,2024-11-02,"CGWB, SER",ODISHA,Sundargarh,Bisra,R-09 Power house road,22.23,84.86,,,1-05-24,10/24,,,,,,,,,,,,,,,,,0.2343009999999999,,,,,,,,,,,22.23,84.86,,1-05-24,Safe,"R-09 Power house road, Bisra (Sundargarh)",Schist,Brahmani
2024-25/1940,2024-11-02,"CGWB, SER",ODISHA,Sundargarh,Bisra,R-14 Banposh Urban,22.26,84.81,,,1-05-24,10/24,,,,,,,,,,,,,,,,,0.111145,2.111588,,,,,,,,,,22.26,84.81,,1-05-24,Warning,"R-14 Banposh Urban, Bisra (Sundargarh)",Schist,Brahmani
2024-25/1941,2024-11-02,"CGWB, SER",ODISHA,Sundargarh,Bisra,R-20 Jhirpani,22.28,84.91,,,1-05-24,10/24,,,,,,,,,,,,,,,,,,1.398108,,,,,,,,,,22.28,84.91,,1-05-24,Warning,"R-20 Jhirpani, Bisra (Sundargarh)",Schist,Brahmani
2024-25/1942,2024-11-02,"CGWB, SER",ODISHA,Sundargarh,Bisra,R-38 Kalunga,22.24,84.78,,,1-05-24,10/24,,,,,,,,,,,,,,,,,0.341313,,,,,,,,,,,22.24,84.78,,1-05-24,Safe,"R-38 Kalunga, Bisra (Sundargarh)",Schist,Brahmani
2024-25/1943,2024-11-02,"CGWB, SER",ODISHA,Sundargarh,Rajagangpur,Rajgangpur,22.19,84.58,,,1-05-24,10/24,,,,,,,,,,,,,,,,,0.6208319999999999,20.91978,,,,,,,,,,22.19,84.58,,1-05-24,Warning,"Rajgangpur, Rajagangpur (Sundargarh)",Schist,Brahmani
2024-25/1944,2024-11-02,"CGWB, SER",ODISHA,Sundargarh,Subdega,Sabdega,22.29,84.09,,,1-05-24,10/24,,,,,,,,,,,,,,,,,0.735267,7.036133,,,,61.928,,,,,,22.29,84.09,,1-05-24,Danger,"Sabdega, Subdega (Sundargarh)",Basement Gneissic Complex,Mahanadi
2024-25/836,2024-11-18,"CGWB, SER",ODISHA,Angul,No Data,Kukudanga,20.88047227,85.14656927,,,1-05-24,11/24,,,,,,,,,,,,,,,,,0.17,16.47,,,,,,,,,,20.880472,85.146569,,1-05-24,Warning,"Kukudanga, No Data (Angul)",Basement Gneissic Complex,Brahmani
2024-25/841,2024-11-18,"CGWB, SER",ODISHA,Angul,No Data,Teheranpur,20.90017485,85.17278954,,,1-05-24,11/24,,,,,,,,,,,,,,,,,0.13,14.18,,,,,,,46.878,,,20.900175,85.17279,,1-05-24,Danger,"Teheranpur, No Data (Angul)",Sandstone,Brahmani
2024-25/844,2024-11-18,"CGWB, SER",ODISHA,Angul,No Data,Balramprasad,20.87139411,85.17271813,,,1-05-24,11/24,,,,,,,,,,,,,,,,,0.11,6.65,,,,,,,13.457,,,20.871394,85.172718,,1-05-24,Warning,"Balramprasad, No Data (Angul)",Basement Gneissic Complex,Brahmani
2024-25/859,2024-11-18,"CGWB, SER",ODISHA,Angul,No Data,Languliabeda,20.81038719,85.17968651,,,1-05-24,11/24,,,,,,,,,,,,,,,,,0.33,,,,,,,,,,,20.810387,85.179687,,1-05-24,Safe,"Languliabeda, No Data (Angul)",Basement Gneissic Complex,Brahmani
2024-25/860,2024-11-18,"CGWB, SER",ODISHA,Angul,No Data,Languliabeda,20.81069214,85.17927211,,,1-05-24,11/24,,,,,,,,,,,,,,,,,0.47,,,,,,,,,,,20.810692,85.179272,,1-05-24,Safe,"Languliabeda, No Data (Angul)",Basement Gneissic Complex,Brahmani
2024-25/868,2024-11-18,"CGWB, SER",ODISHA,Angul,No Data,Takua,21.11596867,85.0378228,,,1-05-24,11/24,,,,,,,,,,,,,,,,,1.21,6.61,,,,,,,10.272,,,21.115969,85.037823,,1-05-24,Warning,"Takua, No Data (Angul)",Sandstone,Brahmani
2024-25/878,2024-11-18,"CGWB, SER",ODISHA,Angul,No Data,Samala,21.06714516,85.12945645,,,1-05-24,11/24,,,,,,,,,,,,,,,,,,4.85,,,,,,,,,,21.067145,85.129456,,1-05-24,Warning,"Samala, No Data (Angul)",Quartzite,Brahmani
2024-25/879,2024-11-18,"CGWB, SER",ODISHA,Angul,No Data,Karadagadia,20.83643,85.07125,,,1-05-24,11/24,,,,,,,,,,,,,,,,,0.67,,,,,,,,,,,20.83643,85.07125,,1-05-24,Safe,"Karadagadia, No Data (Angul)",Basement Gneissic Complex,Brahmani
2024-25/880,2024-11-18,"CGWB, SER",ODISHA,Angul,No Data,Karadagadia,20.83628993,85.07117506,,,1-05-24,11/24,,,,,,,,,,,,,,,,,0.05,1.2,,,,,,,,,,20.83629,85.071175,,1-05-24,Warning,"Karadagadia, No Data (Angul)",Basement Gneissic Complex,Brahmani
2024-25/884,2024-11-18,"CGWB, SER",ODISHA,Angul,No Data,Benagadia,20.85365255,85.03955249,,,1-05-24,11/24,,,,,,,,,,,,,,,,,0.37,,,,,,,,,,,20.853653,85.039552,,1-05-24,Safe,"Benagadia, No Data (Angul)",Basement Gneissic Complex,Brahmani
2024-25/891,2024-11-18,"CGWB, SER",ODISHA,Angul,No Data,Mushapapuli,20.81773945,85.03108777,,,1-05-24,11/24,,,,,,,,,,,,,,,,,0.05,2.26,,,,,,,,,,20.817739,85.031088,,1-05-24,Warning,"Mushapapuli, No Data (Angul)",Basement Gneissic Complex,Brahmani
2024-25/903,2024-11-18,"CGWB, SER",ODISHA,Angul,No Data,New Jarasingha,20.86092751,85.06338056,,,1-05-24,11/24,,,,,,,,,,,,,,,,,0.31,14.66,,,,,,,,,,20.860928,85.063381,,1-05-24,Warning,"New Jarasingha, No Data (Angul)",Basement Gneissic Complex,Brahmani
2024-25/907,2024-11-18,"CGWB, SER",ODISHA,Angul,No Data,Kumanda (Chandini chowk),20.85823,85.08039,,,1-05-24,11/24,,,,,,,,,,,,,,,,,0.21,8.33,,,,,,,,,,20.85823,85.08039,,1-05-24,Warning,"Kumanda (Chandini chowk), No Data (Angul)",Unclassified / Hard Rock,Brahmani
2024-25/910,2024-11-18,"CGWB, SER",ODISHA,Angul,No Data,Baluakata,20.77798,85.09757,,,1-05-24,11/24,,,,,,,,,,,,,,,,,0.27,,,,,,,,,31.111,,20.77798,85.09757,,1-05-24,Safe,"Baluakata, No Data (Angul)",Khondalites,Brahmani
2024-25/917,2024-11-18,"CGWB, SER",ODISHA,Angul,No Data,Balasingha,20.7605,85.11441,,,1-05-24,11/24,,,,,,,,,,,,,,,,,0.29,3.4,,,,,,,,,,20.7605,85.11441,,1-05-24,Warning,"Balasingha, No Data (Angul)",Basement Gneissic Complex,Brahmani
2024-25/921,2024-11-18,"CGWB, SER",ODISHA,Angul,No Data,Barasingha,20.7874,85.15621,,,1-05-24,11/24,,,,,,,,,,,,,,,,,0.11,1.74,,,,,,,,,,20.7874,85.15621,,1-05-24,Warning,"Barasingha, No Data (Angul)",Basement Gneissic Complex,Brahmani
2024-25/925,2024-11-18,"CGWB, SER",ODISHA,Angul,No Data,Kangula,20.79831,85.12679,,,1-05-24,11/24,,,,,,,,,,,,,,,,,1.38,,,,,,,,,,,20.79831,85.12679,,1-05-24,Safe,"Kangula, No Data (Angul)",Basement Gneissic Complex,Brahmani
2024-25/927,2024-11-18,"CGWB, SER",ODISHA,Angul,No Data,Chheliapada(Talaburi sahi),20.79595,85.11165,,,1-05-24,11/24,,,,,,,,,,,,,,,,,0.1,2.01,,,,,,,,,,20.79595,85.11165,,1-05-24,Warning,"Chheliapada(Talaburi sahi), No Data (Angul)",Basement Gneissic Complex,Brahmani
2024-25/933,2024-11-18,"CGWB, SER",ODISHA,Angul,No Data,Sunabhunei,20.76594,85.05747,,,1-05-24,11/24,,,,,,,,,,,,,,,,,0.33,1.61,,,,,,,,,,20.76594,85.05747,,1-05-24,Warning,"Sunabhunei, No Data (Angul)",Khondalites,Brahmani
2024-25/934,2024-11-18,"CGWB, SER",ODISHA,Angul,No Data,Ballavapur,20.77658,85.03199,,,1-05-24,11/24,,,,,,,,,,,,,,,,,0.14,2.48,,,,,,,,,,20.77658,85.03199,,1-05-24,Warning,"Ballavapur, No Data (Angul)",Khondalites,Brahmani
2024-25/937,2024-11-18,"CGWB, SER",ODISHA,Angul,No Data,Tumuni,20.79769,85.01494,,,1-05-24,11/24,,,,,,,,,,,,,,,,,0.22,35.89,,,,,,,17.55,,,20.79769,85.01494,,1-05-24,Warning,"Tumuni, No Data (Angul)",Basement Gneissic Complex,Brahmani
2024-25/940,2024-11-18,"CGWB, SER",ODISHA,Angul,No Data,Chandrabahal,20.82134,85.03949,,,1-05-24,11/24,,,,,,,,,,,,,,,,,,2.5,,,,,,,,,,20.82134,85.03949,,1-05-24,Warning,"Chandrabahal, No Data (Angul)",Basement Gneissic Complex,Brahmani
2024-25/941,2024-11-18,"CGWB, SER",ODISHA,Angul,No Data,Panchamahal (Adarsha Eng College),20.81029,85.06389,,,1-05-24,11/24,,,,,,,,,,,,,,,,,0.03,,,,,,,,,,,20.81029,85.06389,,1-05-24,Safe,"Panchamahal (Adarsha Eng College), No Data (Angul)",Basement Gneissic Complex,Brahmani
2024-25/944,2024-11-18,"CGWB, SER",ODISHA,Angul,No Data,Kandasara,20.84409,85.13217,,,1-05-24,11/24,,,,,,,,,,,,,,,,,0.2,4.12,,,,,,,,,,20.84409,85.13217,,1-05-24,Warning,"Kandasara, No Data (Angul)",Basement Gneissic Complex,Brahmani
2024-25/945,2024-11-18,"CGWB, SER",ODISHA,Angul,No Data,Kaniabeda,20.8593,85.14566,,,1-05-24,11/24,,,,,,,,,,,,,,,,,0.46,,,,,,,,,,,20.8593,85.14566,,1-05-24,Safe,"Kaniabeda, No Data (Angul)",Sandstone,Brahmani
2024-25/952,2024-11-18,"CGWB, SER",ODISHA,Angul,No Data,Lingarakata,20.87673,85.22679,,,1-05-24,11/24,,,,,,,,,,,,,,,,,2.34,12.17,,,,,,,,,,20.87673,85.22679,,1-05-24,Warning,"Lingarakata, No Data (Angul)",Sandstone,Brahmani
2024-25/953,2024-11-18,"CGWB, SER",ODISHA,Angul,No Data,Budhapanka,20.86358,85.24191,,,1-05-24,11/24,,,,,,,,,,,,,,,,,0.07,,,,,,,,,,,20.86358,85.24191,,1-05-24,Safe,"Budhapanka, No Data (Angul)",Sandstone,Brahmani
2024-25/954,2024-11-18,"CGWB, SER",ODISHA,Angul,No Data,Budhapanka,20.89892,85.12784,,,1-05-24,11/24,,,,,,,,,,,,,,,,,0.22,12.7,,,,,,,19.61,,,20.89892,85.12784,,1-05-24,Warning,"Budhapanka, No Data (Angul)",Sandstone,Brahmani
2024-25/956,2024-11-18,"CGWB, SER",ODISHA,Dhenkanal,No Data,Kamalanga,20.88804,85.27346,,,1-05-24,11/24,,,,,,,,,,,,,,,,,0.02,,,,,,,,,,,20.88804,85.27346,,1-05-24,Safe,"Kamalanga, No Data (Dhenkanal)",Alluvium,Brahmani
2024-25/957,2024-11-18,"CGWB, SER",ODISHA,Dhenkanal,No Data,Kamalanga,20.88728,85.27487,,,1-05-24,11/24,,,,,,,,,,,,,,,,,,1.65,,,,,,,,,,20.88728,85.27487,,1-05-24,Warning,"Kamalanga, No Data (Dhenkanal)",Alluvium,Brahmani
2024-25/959,2024-11-18,"CGWB, SER",ODISHA,Dhenkanal,No Data,Jhadiamba,20.89191,85.2442,,,1-05-24,11/24,,,,,,,,,,,,,,,,,0.01,,,,,,,,,,,20.89191,85.2442,,1-05-24,Safe,"Jhadiamba, No Data (Dhenkanal)",Alluvium,Brahmani
2024-25/960,2024-11-18,"CGWB, SER",ODISHA,Dhenkanal,No Data,Jhadiamba,20.89179,85.24478,,,1-05-24,11/24,,,,,,,,,,,,,,,,,0.1,10.6,,,,,,,29.246,,,20.89179,85.24478,,1-05-24,Warning,"Jhadiamba, No Data (Dhenkanal)",Alluvium,Brahmani
2024-25/963,2024-11-18,"CGWB, SER",ODISHA,Angul,No Data,Banarpal,20.85015656,85.22044234,,,1-05-24,11/24,,,,,,,,,,,,,,,,,0.35,,,,,,,,,137.306,,20.850157,85.220442,,1-05-24,Safe,"Banarpal, No Data (Angul)",Basement Gneissic Complex,Brahmani
2024-25/966,2024-11-18,"CGWB, SER",ODISHA,Dhenkanal,No Data,Khadagaprasad,20.82216,85.31493,,,1-05-24,11/24,,,,,,,,,,,,,,,,,1.5,2.35,,,,,,,,,,20.82216,85.31493,,1-05-24,Warning,"Khadagaprasad, No Data (Dhenkanal)",Alluvium,Brahmani
2024-25/970,2024-11-18,"CGWB, SER",ODISHA,Dhenkanal,No Data,Taladanga,20.8050436,85.3286973,,,1-05-24,11/24,,,,,,,,,,,,,,,,,,1.51,,,,,,,,,,20.805044,85.328697,,1-05-24,Warning,"Taladanga, No Data (Dhenkanal)",Alluvium,Brahmani
2024-25/972,2024-11-18,"CGWB, SER",ODISHA,Dhenkanal,No Data,Taladanga (Kuna Sahu),20.8038431,85.3253408,,,1-05-24,11/24,,,,,,,,,,,,,,,,,0.4,,,,,,,,,,,20.803843,85.325341,,1-05-24,Safe,"Taladanga (Kuna Sahu), No Data (Dhenkanal)",Basement Gneissic Complex,Brahmani
2024-25/973,2024-11-18,"CGWB, SER",ODISHA,Dhenkanal,No Data,Taladanga (Kuna Sahu),20.80385,85.3254,,,1-05-24,11/24,,,,,,,,,,,,,,,,,0.24,,,,,,,,,31.781,,20.80385,85.3254,,1-05-24,Safe,"Taladanga (Kuna Sahu), No Data (Dhenkanal)",Basement Gneissic Complex,Brahmani
2024-25/976,2024-11-18,"CGWB, SER",ODISHA,Dhenkanal,No Data,Ekagharia,20.7829588,85.4057124,,,1-05-24,11/24,,,,,,,,,,,,,,,,,0.13,1.82,,,,,,,,,,20.782959,85.405712,,1-05-24,Warning,"Ekagharia, No Data (Dhenkanal)",Basement Gneissic Complex,Brahmani
2024-25/978,2024-11-18,"CGWB, SER",ODISHA,Dhenkanal,No Data,Balaramprasad (Ayushman Arogya Mandir),20.7719070485.40388465,85.40388465,,,1-05-24,11/24,,,,,,,,,,,,,,,,,0.11,,,,,,,,17.375,,,20.771907,85.403885,,1-05-24,Safe,"Balaramprasad (Ayushman Arogya Mandir), No Data (Dhenkanal)",Basement Gneissic Complex,Brahmani
2024-25/979,2024-11-18,"CGWB, SER",ODISHA,Dhenkanal,No Data,Uparabaghalanda,20.7707646,85.3760074,,,1-05-24,11/24,,,,,,,,,,,,,,,,,0.29,,,,,,,,,,,20.770765,85.376007,,1-05-24,Safe,"Uparabaghalanda, No Data (Dhenkanal)",Basement Gneissic Complex,Brahmani
2024-25/980,2024-11-18,"CGWB, SER",ODISHA,Dhenkanal,No Data,Uparabaghalanda,20.7706375,85.3759257,,,1-05-24,11/24,,,,,,,,,,,,,,,,,0.21,1.09,,,,,,,,,,20.770637,85.375926,,1-05-24,Warning,"Uparabaghalanda, No Data (Dhenkanal)",Basement Gneissic Complex,Brahmani
2024-25/983,2024-11-18,"CGWB, SER",ODISHA,Dhenkanal,No Data,Mangalapur,20.8489447,85.275708,,,1-05-24,11/24,,,,,,,,,,,,,,,,,0.06,2.55,,,,,,,,,,20.848945,85.275708,,1-05-24,Warning,"Mangalapur, No Data (Dhenkanal)",Sandstone,Brahmani
2024-25/985,2024-11-18,"CGWB, SER",ODISHA,Dhenkanal,No Data,Meramandai,20.8026125,85.3102592,,,1-05-24,11/24,,,,,,,,,,,,,,,,,0.49,15.18,,,,,,,14.298,,,20.802612,85.310259,,1-05-24,Warning,"Meramandai, No Data (Dhenkanal)",Basement Gneissic Complex,Brahmani
2024-25/986,2024-11-18,"CGWB, SER",ODISHA,Dhenkanal,No Data,Meramandai,20.8019115,85.3109813,,,1-05-24,11/24,,,,,,,,,,,,,,,,,0.41,,,,,,,,,,"
To be confirmed after repeat sampling and analysis. The laboratory does not conduct the sampling. The uncertainties related to sampling are not estimated.
",20.801911,85.310981,,1-05-24,Safe,"Meramandai, No Data (Dhenkanal)",Basement Gneissic Complex,Brahmani
2024-25/989,2024-11-18,"CGWB, SER",ODISHA,Dhenkanal,No Data,Handiphuta,20.7435481,85.3769177,,,1-05-24,11/24,,,,,,,,,,,,,,,,,0.15,3.57,,,,,,,,,,20.743548,85.376918,,1-05-24,Warning,"Handiphuta, No Data (Dhenkanal)",Basement Gneissic Complex,Brahmani
2024-25/993,2024-11-18,"CGWB, SER",ODISHA,Dhenkanal,No Data,Karanda,20.7137275,85.3351987,,,1-05-24,11/24,,,,,,,,,,,,,,,,,0.03,,,,,,,,,,,20.713728,85.335199,,1-05-24,Safe,"Karanda, No Data (Dhenkanal)",Basement Gneissic Complex,Brahmani
2024-25/995,2024-11-18,"CGWB, SER",ODISHA,Dhenkanal,No Data,Balmi,20.7020162,85.3145719,,,1-05-24,11/24,,,,,,,,,,,,,,,,,0.08,1.86,,,,,,,,,,20.702016,85.314572,,1-05-24,Warning,"Balmi, No Data (Dhenkanal)",Laterite,Brahmani
2024-25/998,2024-11-18,"CGWB, SER",ODISHA,Dhenkanal,No Data,Nuabaga,20.6411441,85.2887904,,,1-05-24,11/24,,,,,,,,,,,,,,,,,0.78,2.68,,,,,,,,,,20.641144,85.28879,,1-05-24,Warning,"Nuabaga, No Data (Dhenkanal)",Alluvium,Brahmani
2024-25/1004,2024-11-18,"CGWB, SER",ODISHA,Dhenkanal,No Data,Kantamili,20.7148261,85.21864,,,1-05-24,11/24,,,,,,,,,,,,,,,,,0.53,,,,,,,,,,,20.714826,85.21864,,1-05-24,Safe,"Kantamili, No Data (Dhenkanal)",Alluvium,Brahmani
2024-25/1005,2024-11-18,"CGWB, SER",ODISHA,Dhenkanal,No Data,Kantamili,20.7147352,85.2186047,,,1-05-24,11/24,,,,,,,,,,,,,,,,,1.04,4.31,,,,,,,,,,20.714735,85.218605,,1-05-24,Warning,"Kantamili, No Data (Dhenkanal)",Alluvium,Brahmani
2024-25/1006,2024-11-18,"CGWB, SER",ODISHA,Angul,No Data,FCI Minabazar,20.9099964,85.1585226,,,1-05-24,11/24,,,,,,,,,,,,,,,,,1.45,,,,,,,,,,,20.909996,85.158523,,1-05-24,Safe,"FCI Minabazar, No Data (Angul)",Sandstone,Brahmani
2024-25/1008,2024-11-18,"CGWB, SER",ODISHA,Angul,No Data,Nandira collery Minning,20.9295307,85.1236998,,,1-05-24,11/24,,,,,,,,,,,,,,,,,0.76,1.6,,,,,,,,,,20.929531,85.1237,,1-05-24,Warning,"Nandira collery Minning, No Data (Angul)",Sandstone,Brahmani
2024-25/1011,2024-11-18,"CGWB, SER",ODISHA,Angul,No Data,Karnapur,20.8986818,85.1227783,,,1-05-24,11/24,,,,,,,,,,,,,,,,,0.12,1.27,,,,,,,,,,20.898682,85.122778,,1-05-24,Warning,"Karnapur, No Data (Angul)",Sandstone,Brahmani
2024-25/1012,2024-11-18,"CGWB, SER",ODISHA,Angul,No Data,Sakosingha,20.8797604,85.1107408,,,1-05-24,11/24,,,,,,,,,,,,,,,,,0.03,,,,,,,,,,,20.87976,85.110741,,1-05-24,Safe,"Sakosingha, No Data (Angul)",Basement Gneissic Complex,Brahmani
2024-25/1013,2024-11-18,"CGWB, SER",ODISHA,Angul,No Data,Sakosingha,20.8796244,85.110686,,,1-05-24,11/24,,,,,,,,,,,,,,,,,0.06,1.2,,,,,,,,,,20.879624,85.110686,,1-05-24,Warning,"Sakosingha, No Data (Angul)",Basement Gneissic Complex,Brahmani
2024-25/1017,2024-11-18,"CGWB, SER",ODISHA,Angul,No Data,Danara,20.943404,85.104147,,,1-05-24,11/24,,,,,,,,,,,,,,,,,0.39,50.16,,,,,,,25.854,,,20.943404,85.104147,,1-05-24,Warning,"Danara, No Data (Angul)",Sandstone,Brahmani
2024-25/1019,2024-11-18,"CGWB, SER",ODISHA,Angul,No Data,Natidi,20.9229961,85.0994114,,,1-05-24,11/24,,,,,,,,,,,,,,,,,0.33,40.62,,,,,,,,,,20.922996,85.099411,,1-05-24,Warning,"Natidi, No Data (Angul)",Sandstone,Brahmani
2024-25/1020,2024-11-18,"CGWB, SER",ODISHA,Angul,No Data,Ghantapada,20.927515,85.172303,,,1-05-24,11/24,,,,,,,,,,,,,,,,,0.07,3.95,,,,,,,24.923,,,20.927515,85.172303,,1-05-24,Warning,"Ghantapada, No Data (Angul)",Sandstone,Brahmani
2024-25/1021,2024-11-18,"CGWB, SER",ODISHA,Angul,No Data,Ghantapada,20.935865,85.191971,,,1-05-24,11/24,,,,,,,,,,,,,,,,,0.52,,,,,,,,,,,20.935865,85.191971,,1-05-24,Safe,"Ghantapada, No Data (Angul)",Sandstone,Brahmani
2024-25/1025,2024-11-18,"CGWB, SER",ODISHA,Angul,No Data,Mahidharapur,20.69222222,85.18138889,,,1-05-24,11/24,,,,,,,,,,,,,,,,,0.03,,,,,53.521,,,,,,20.692222,85.181389,,1-05-24,Danger,"Mahidharapur, No Data (Angul)",Khondalites,Brahmani
2024-25/1026,2024-11-18,"CGWB, SER",ODISHA,Angul,No Data,Mahidharapur,20.69222222,85.18138889,,,1-05-24,11/24,,,,,,,,,,,,,,,,,0.1,3.74,,,,,,,,,,20.692222,85.181389,,1-05-24,Warning,"Mahidharapur, No Data (Angul)",Khondalites,Brahmani
2024-25/1028,2024-11-18,"CGWB, SER",ODISHA,Angul,No Data,Pada,20.68416667,85.21611111,,,1-05-24,11/24,,,,,,,,,,,,,,,,,1.16,1.1,,,,,,,,,,20.684167,85.216111,,1-05-24,Warning,"Pada, No Data (Angul)",Alluvium,Brahmani
2024-25/1031,2024-11-18,"CGWB, SER",ODISHA,Angul,No Data,Kusuna,20.75861111,85.18611111,,,1-05-24,11/24,,,,,,,,,,,,,,,,,0.02,5.76,,,,,,,,,,20.758611,85.186111,,1-05-24,Warning,"Kusuna, No Data (Angul)",Basement Gneissic Complex,Brahmani
2024-25/1038,2024-11-18,"CGWB, SER",ODISHA,Angul,No Data,Kankinali,20.78916667,85.17361111,,,1-05-24,11/24,,,,,,,,,,,,,,,,,0.55,1.72,,,,,,,,,,20.789167,85.173611,,1-05-24,Warning,"Kankinali, No Data (Angul)",Basement Gneissic Complex,Brahmani
2024-25/1040,2024-11-18,"CGWB, SER",ODISHA,Angul,No Data,Arahata,20.77138889,85.18055556,,,1-05-24,11/24,,,,,,,,,,,,,,,,,0.6,,,,,,,,,,,20.771389,85.180556,,1-05-24,Safe,"Arahata, No Data (Angul)",Basement Gneissic Complex,Brahmani
2024-25/1043,2024-11-18,"CGWB, SER",ODISHA,Angul,No Data,Garhsantry,20.80472222,85.20861111,,,1-05-24,11/24,,,,,,,,,,,,,,,,,0.15,10.48,,,,,,,37.71,,,20.804722,85.208611,,1-05-24,Danger,"Garhsantry, No Data (Angul)",Basement Gneissic Complex,Brahmani
2024-25/1045,2024-11-18,"CGWB, SER",ODISHA,Angul,No Data,Narendrapur,20.81472222,85.22444444,,,1-05-24,11/24,,,,,,,,,,,,,,,,,0.37,,,,,,,,,,,20.814722,85.224444,,1-05-24,Safe,"Narendrapur, No Data (Angul)",Basement Gneissic Complex,Brahmani
2024-25/1048,2024-11-18,"CGWB, SER",ODISHA,Angul,No Data,Nuahata,20.68111111,85.22194444,,,1-05-24,11/24,,,,,,,,,,,,,,,,,0.21,2.03,,,,,,,,,,20.681111,85.221944,,1-05-24,Warning,"Nuahata, No Data (Angul)",Alluvium,Brahmani
2024-25/1050,2024-11-18,"CGWB, SER",ODISHA,Dhenkanal,No Data,Beruanpal,20.77583333,85.29416667,,,1-05-24,11/24,,,,,,,,,,,,,,,,,0.47,,,,,,,,,,,20.775833,85.294167,,1-05-24,Safe,"Beruanpal, No Data (Dhenkanal)",Basement Gneissic Complex,Brahmani
2024-25/1054,2024-11-18,"CGWB, SER",ODISHA,Dhenkanal,No Data,Sanamunda,20.73527778,85.2525,,,1-05-24,11/24,,,,,,,,,,,,,,,,,0.77,4.76,,,,,,,,,,20.735278,85.2525,,1-05-24,Warning,"Sanamunda, No Data (Dhenkanal)",Alluvium,Brahmani
2024-25/1073,2024-11-18,"CGWB, SER",ODISHA,Dhenkanal,No Data,Santapada,20.92111111,85.22944444,,,1-05-24,11/24,,,,,,,,,,,,,,,,,0.3,2.96,,,,,,,,,,20.921111,85.229444,,1-05-24,Warning,"Santapada, No Data (Dhenkanal)",Sandstone,Brahmani
2024-25/1075,2024-11-18,"CGWB, SER",ODISHA,Dhenkanal,No Data,Anantasayana,20.92055556,85.25416667,,,1-05-24,11/24,,,,,,,,,,,,,,,,,1.01,1.29,,,,,,,,,,20.920556,85.254167,,1-05-24,Warning,"Anantasayana, No Data (Dhenkanal)",Sandstone,Brahmani
2024-25/1076,2024-11-18,"CGWB, SER",ODISHA,Angul,No Data,Hariharpur,20.97527778,85.24888889,,,1-05-24,11/24,,,,,,,,,,,,,,,,,0.54,,,,,,,,,,,20.975278,85.248889,,1-05-24,Safe,"Hariharpur, No Data (Angul)",Sandstone,Brahmani
2024-25/1077,2024-11-18,"CGWB, SER",ODISHA,Angul,No Data,Hariharpur,20.97527778,85.24888889,,,1-05-24,11/24,,,,,,,,,,,,,,,,,0.13,16.32,,,,,,,,,,20.975278,85.248889,,1-05-24,Warning,"Hariharpur, No Data (Angul)",Sandstone,Brahmani
2024-25/1078,2024-11-18,"CGWB, SER",ODISHA,Angul,No Data,Kankili,20.99138889,85.24388889,,,1-05-24,11/24,,,,,,,,,,,,,,,,,0.11,2.41,,,,,,,,,,20.991389,85.243889,,1-05-24,Warning,"Kankili, No Data (Angul)",Sandstone,Brahmani
2024-25/1084,2024-11-18,"CGWB, SER",ODISHA,Angul,No Data,Jandabahal,20.9975,85.20472222,,,1-05-24,11/24,,,,,,,,,,,,,,,,,0.04,8.29,,,,,,,17.14,,,20.9975,85.204722,,1-05-24,Warning,"Jandabahal, No Data (Angul)",Sandstone,Brahmani
2024-25/1086,2024-11-18,"CGWB, SER",ODISHA,Angul,No Data,Baluga,20.97222222,85.20222222,,,1-05-24,11/24,,,,,,,,,,,,,,,,,0.04,19.36,,,,,,,136.0,,,20.972222,85.202222,,1-05-24,Danger,"Baluga, No Data (Angul)",Sandstone,Brahmani
2024-25/1088,2024-11-18,"CGWB, SER",ODISHA,Angul,No Data,Deulabeda,20.94611111,85.20888889,,,1-05-24,11/24,,,,,,,,,,,,,,,,,0.24,25.26,,,,,,,,,,20.946111,85.208889,,1-05-24,Warning,"Deulabeda, No Data (Angul)",Sandstone,Brahmani
2024-25/1097,2024-11-18,"CGWB, SER",ODISHA,Angul,No Data,Mahidharapur,20.69083333,85.18361111,,,1-05-24,11/24,,,,,,,,,,,,,,,,,0.31,2.01,,,,,,,,,,20.690833,85.183611,,1-05-24,Warning,"Mahidharapur, No Data (Angul)",Khondalites,Brahmani
2024-25/1099,2024-11-18,"CGWB, SER",ODISHA,Dhenkanal,No Data,Gulei,20.69,85.22972222,,,1-05-24,11/24,,,,,,,,,,,,,,,,,0.06,1.58,,,,,,,,,,20.69,85.229722,,1-05-24,Warning,"Gulei, No Data (Dhenkanal)",Alluvium,Brahmani
2024-25/93,2024-11-18,"CGWB, SER",ODISHA,Angul,No Data,Godibandha,21.0194,85.1694,,,1-05-24,11/24,,,,,,,,,,,,,,,,,1.02,26.32,,,,,,,,,,21.0194,85.1694,,1-05-24,Warning,"Godibandha, No Data (Angul)",Sandstone,Brahmani
2024-25/101,2024-11-18,"CGWB, SER",ODISHA,Angul,No Data,Panchmahala,20.8228,85.0592,,,1-05-24,11/24,,,,,,,,,,,,,,,,,,1.12,,,,,,,,,,20.8228,85.0592,,1-05-24,Warning,"Panchmahala, No Data (Angul)",Basement Gneissic Complex,Brahmani
24-25/1325,2024-12-02,"CGWB, SER",ODISHA,GANJAM,KHALIKOTE,Kodala,19.625,84.9383,DW,,1-05-24,11/24,,,1021.0,,,,,,,,48.4,,,,,,,,,,,,,,,,,19.625,84.9383,653.4,1-05-24,Safe,"Kodala, KHALIKOTE (GANJAM)",Basement Gneissic Complex,Rushikulya
24-25/1326,2024-12-02,"CGWB, SER",ODISHA,GANJAM,POLASARA,Polasora,19.6917,84.8194,DW,,1-05-24,11/24,,,1553.0,,,280.7,,,,152.48,30.02,,,,,,,,,,,,,,,,,19.6917,84.8194,993.9,1-05-24,Safe,"Polasora, POLASARA (GANJAM)",Basement Gneissic Complex,Rushikulya
24-25/1327,2024-12-02,"CGWB, SER",ODISHA,GANJAM,BUGUDA,Baguda 2,19.8075,84.7908,DW,,1-05-24,11/24,,,1153.0,,,,,,,,,,,,,,,,,,,,,,,,,19.8075,84.7908,737.9,1-05-24,Safe,"Baguda 2, BUGUDA (GANJAM)",Basement Gneissic Complex,Rushikulya
24-25/1328,2024-12-02,"CGWB, SER",ODISHA,GANJAM,BELLAGUNTHA,Karachuli,19.9,84.8889,DW,,1-05-24,11/24,,,945.0,,,,,,,,,,,,,,,,,,,,,,,,,19.9,84.8889,604.8,1-05-24,Safe,"Karachuli, BELLAGUNTHA (GANJAM)",Basement Gneissic Complex,Rushikulya
24-25/1329,2024-12-02,"CGWB, SER",ODISHA,GANJAM,BHANJANAGAR,Tilisingi,20.0189,84.6322,DW,,1-05-24,11/24,,,873.0,,,,,,,,,,,,,,,,,,,,,,,,,20.0189,84.6322,558.7,1-05-24,Safe,"Tilisingi, BHANJANAGAR (GANJAM)",Basement Gneissic Complex,Rushikulya
24-25/1330,2024-12-02,"CGWB, SER",ODISHA,GANJAM,BHANJANAGAR,Gallery,20.0925,84.575,TW,,1-05-24,11/24,,,,,,,,,,,41.59,,,,,,,,,,,,,,,,,20.0925,84.575,,1-05-24,Safe,"Gallery, BHANJANAGAR (GANJAM)",Basement Gneissic Complex,Rushikulya
24-25/1331,2024-12-02,"CGWB, SER",ODISHA,GANJAM,SURADA,Soroda,19.7572,84.4367,TW,,1-05-24,11/24,,,1446.0,,,,,,,,54.51,,,,,,,,,,,,,,,,,19.7572,84.4367,925.4,1-05-24,Safe,"Soroda, SURADA (GANJAM)",Basement Gneissic Complex,Rushikulya
24-25/1333,2024-12-02,"CGWB, SER",ODISHA,GANJAM,BELLAGUNTHA,Gobara,19.8264,84.6,DW,,1-05-24,11/24,,,1312.0,,,,,,,86.91,34.28,,,,,,,,,,,,,,,,,19.8264,84.6,839.7,1-05-24,Safe,"Gobara, BELLAGUNTHA (GANJAM)",Basement Gneissic Complex,Rushikulya
24-25/1334,2024-12-02,"CGWB, SER",ODISHA,GANJAM,DHARAKOTE,Gangapur 1,19.7792,84.6075,DW,,1-05-24,11/24,,,881.0,,,,,,,80.7,,,,,,,,,,,,,,,,,,19.7792,84.6075,563.8,1-05-24,Safe,"Gangapur 1, DHARAKOTE (GANJAM)",Basement Gneissic Complex,Rushikulya
24-25/1335,2024-12-02,"CGWB, SER",ODISHA,GANJAM,ASIKA,Aska 1,19.6111,84.6686,DW,,1-05-24,11/24,,,1519.0,,,256.4,,,,,37.35,,,,,,,,,,,,,,,,,19.6111,84.6686,972.2,1-05-24,Safe,"Aska 1, ASIKA (GANJAM)",Alluvium,Rushikulya
24-25/1337,2024-12-02,"CGWB, SER",ODISHA,GANJAM,BELLAGUNTHA,Kalamba,19.7508,84.7044,TW,,1-05-24,11/24,,,909.0,,,,,,,81.48,,,,,,,,,,,,,,,,,,19.7508,84.7044,581.8,1-05-24,Safe,"Kalamba, BELLAGUNTHA (GANJAM)",Basement Gneissic Complex,Rushikulya
24-25/1338,2024-12-02,"CGWB, SER",ODISHA,GANJAM,DHARAKOTE,Baradabili,19.6925,84.545,DW,,1-05-24,11/24,,,1029.0,,,,,,,,84.61,,,,,,,,,,,,,,,,,19.6925,84.545,658.6,1-05-24,Safe,"Baradabili, DHARAKOTE (GANJAM)",Khondalites,Rushikulya
24-25/1339,2024-12-02,"CGWB, SER",ODISHA,GANJAM,ASIKA,Cheramaria,19.5625,84.6922,DW,,1-05-24,11/24,,,1102.0,,,,,,,,42.52,,,,,,,,,,,,,,,,,19.5625,84.6922,705.3,1-05-24,Safe,"Cheramaria, ASIKA (GANJAM)",Charnockite,Rushikulya
24-25/1340,2024-12-02,"CGWB, SER",ODISHA,GANJAM,HINJILICUT,Hinjlikatu,19.4889,84.7417,DW,,1-05-24,11/24,,,1407.0,,,,,,,92.34,47.44,,,,,,,,,,,,,,,,,19.4889,84.7417,900.5,1-05-24,Safe,"Hinjlikatu, HINJILICUT (GANJAM)",Basement Gneissic Complex,Rushikulya
24-25/1342,2024-12-02,"CGWB, SER",ODISHA,GANJAM,KAVISURJYANAGAR,K.S.Nagar1,19.5831,84.6756,TW,,1-05-24,11/24,,,,,,,,,,93.9,,,,,,,,,,,,,,,,,,19.5831,84.6756,,1-05-24,Safe,"K.S.Nagar1, KAVISURJYANAGAR (GANJAM)",Basement Gneissic Complex,Rushikulya
24-25/1344,2024-12-02,"CGWB, SER",ODISHA,GANJAM,PURUSOTTAMPUR,Bananai,19.5183,84.7731,TW,,1-05-24,11/24,,,1815.0,,,277.3,,,,,68.85,,,,,,,,,,,,,,,,,19.5183,84.7731,1161.6,1-05-24,Safe,"Bananai, PURUSOTTAMPUR (GANJAM)",Alluvium,Rushikulya
24-25/1345,2024-12-02,"CGWB, SER",ODISHA,GANJAM,CHHATRAPUR,Tanganapalli 1,19.3744,84.8797,DW,,1-05-24,11/24,,,2286.0,,,,,,,116.79,38.5,,,,,,,,,,,,,,,,,19.3744,84.8797,1463.0,1-05-24,Safe,"Tanganapalli 1, CHHATRAPUR (GANJAM)",Alluvium,Direct Draining to Sea
24-25/1346,2024-12-02,"CGWB, SER",ODISHA,GANJAM,CHHATRAPUR,Narendrapur,19.335,84.8694,TW,,1-05-24,11/24,,,1934.0,,,371.7,,,,185.46,45.52,,,,,,,,,,,,,,,,,19.335,84.8694,1237.8,1-05-24,Safe,"Narendrapur, CHHATRAPUR (GANJAM)",Alluvium,Direct Draining to Sea
24-25/1347,2024-12-02,"CGWB, SER",ODISHA,GANJAM,JAGANATHPRASAD,Chamkahandi,20.0431,84.7069,TW,,1-05-24,11/24,,,998.0,,,,,,,,40.18,,,,,,,,,,,,,,,,,20.0431,84.7069,638.7,1-05-24,Safe,"Chamkahandi, JAGANATHPRASAD (GANJAM)",Basement Gneissic Complex,Rushikulya
24-25/1348,2024-12-02,"CGWB, SER",ODISHA,GANJAM,RANGILUNDA,Berhampur Ii,19.3117,84.7906,DW,,1-05-24,11/24,,,792.0,,,,,,,,,,,,,,,,,,,,,,,,,19.3117,84.7906,506.9,1-05-24,Safe,"Berhampur Ii, RANGILUNDA (GANJAM)",Basement Gneissic Complex,Direct Draining to Sea
24-25/1349,2024-12-02,"CGWB, SER",ODISHA,GANJAM,RANGILUNDA,Gopalpur 1,19.2589,84.775,DW,,1-05-24,11/24,,,1786.0,,,,,,1.22,,,,,,,,,,,,,,,,,,,19.2589,84.775,1143.0,1-05-24,Safe,"Gopalpur 1, RANGILUNDA (GANJAM)",Basement Gneissic Complex,Direct Draining to Sea
24-25/1350,2024-12-02,"CGWB, SER",ODISHA,GANJAM,RANGILUNDA,Haldiapadar,19.2775,84.7814,DW,,1-05-24,11/24,,,1436.0,,,,,,,,31.94,,,,,,,,,,,,,,,,,19.2775,84.7814,919.0,1-05-24,Safe,"Haldiapadar, RANGILUNDA (GANJAM)",Basement Gneissic Complex,Direct Draining to Sea
24-25/1351,2024-12-02,"CGWB, SER",ODISHA,GANJAM,RANGILUNDA,Mantridi,19.1889,84.7719,TW,,1-05-24,11/24,,,2038.0,,,350.3,,,,114.07,63.65,,,,,,,,,,,,,,,,,19.1889,84.7719,1304.3,1-05-24,Safe,"Mantridi, RANGILUNDA (GANJAM)",Basement Gneissic Complex,Direct Draining to Sea
24-25/1352,2024-12-02,"CGWB, SER",ODISHA,GANJAM,CHIKITI,Surlaroad 1,19.1686,84.7222,TW,,1-05-24,11/24,,,4515.0,,,1189.4,220.0,,,,114.0,,,,,,,,,,,,,,,,,19.1686,84.7222,2889.6,1-05-24,Warning,"Surlaroad 1, CHIKITI (GANJAM)",Basement Gneissic Complex,Direct Draining to Sea
24-25/1353,2024-12-02,"CGWB, SER",ODISHA,GANJAM,RANGILUNDA,kamalpur,19.2522,84.8731,DW,,1-05-24,11/24,,,768.0,,,,,,,,,,,,,,,,,,,,,,,,,19.2522,84.8731,491.5,1-05-24,Safe,"kamalpur, RANGILUNDA (GANJAM)",Alluvium,Direct Draining to Sea
24-25/1354,2024-12-02,"CGWB, SER",ODISHA,GANJAM,KUKUDAKHANDI,Lathi,19.3028,84.7592,DW,,1-05-24,11/24,,,1735.0,,,,,,,122.61,,,,,,,,,,,,,,,,,,19.3028,84.7592,1110.4,1-05-24,Safe,"Lathi, KUKUDAKHANDI (GANJAM)",Basement Gneissic Complex,Direct Draining to Sea
24-25/1355,2024-12-02,"CGWB, SER",ODISHA,GANJAM,CHIKITI,Laxmipur1,19.1628,84.61,DW,,1-05-24,11/24,,,1101.0,,,,,,,120.67,,,,,,,,,,,,,,,,,,19.1628,84.61,704.6,1-05-24,Safe,"Laxmipur1, CHIKITI (GANJAM)",Basement Gneissic Complex,Bahuda
24-25/1356,2024-12-02,"CGWB, SER",ODISHA,GANJAM,PATRAPUR,Surangi,19.1583,84.5333,DW,,1-05-24,11/24,,,1293.0,,,,,,,,32.65,,,,,,,,,,,,,,,,,19.1583,84.5333,827.5,1-05-24,Safe,"Surangi, PATRAPUR (GANJAM)",Basement Gneissic Complex,Bahuda
24-25/1357,2024-12-02,"CGWB, SER",ODISHA,GANJAM,PATRAPUR,Patrapur1,19.1283,84.5772,DW,,1-05-24,11/24,,,1062.0,,,,,,,75.66,31.23,,,,,,,,,,,,,,,,,19.1283,84.5772,679.7,1-05-24,Safe,"Patrapur1, PATRAPUR (GANJAM)",Basement Gneissic Complex,Bahuda
24-25/1358,2024-12-02,"CGWB, SER",ODISHA,GANJAM,KUKUDAKHANDI,Padmanavapur,19.3569,84.5661,DW,,1-05-24,11/24,,,1483.0,,,287.5,,,,107.86,,,,,,,,,,,,,,,,,,19.3569,84.5661,949.1,1-05-24,Safe,"Padmanavapur, KUKUDAKHANDI (GANJAM)",Basement Gneissic Complex,Rushikulya
24-25/1359,2024-12-02,"CGWB, SER",ODISHA,GANJAM,KUKUDAKHANDI,Digapahandi 1,19.3819,84.5631,TW,,1-05-24,11/24,,,,,,,,,1.28,,39.24,,,,,,,,,,,,,,,,,19.3819,84.5631,,1-05-24,Safe,"Digapahandi 1, KUKUDAKHANDI (GANJAM)",Basement Gneissic Complex,Rushikulya
24-25/1360,2024-12-02,"CGWB, SER",ODISHA,GANJAM,SARGAD,Sheragada2,19.5075,84.605,DW,,1-05-24,11/24,,,1115.0,,,,,,,,,,,,,,,,,,,,,,,,,19.5075,84.605,713.6,1-05-24,Safe,"Sheragada2, SARGAD (GANJAM)",Basement Gneissic Complex,Rushikulya
24-25/1361,2024-12-02,"CGWB, SER",ODISHA,GANJAM,GANJAM,Humma,19.4269,85.075,DW,,1-05-24,11/24,,,1552.0,,,,,,,,38.29,,,,,,,,,,,,,,,,,19.4269,85.075,993.3,1-05-24,Safe,"Humma, GANJAM (GANJAM)",Alluvium,Rushikulya
24-25/1362,2024-12-02,"CGWB, SER",ODISHA,GANJAM,CHHATRAPUR,Ganjam,19.3736,85.0347,DW,,1-05-24,11/24,,,1618.0,,,,,,,101.27,,,,,,,,,,,,,,,,,,19.3736,85.0347,1035.5,1-05-24,Safe,"Ganjam, CHHATRAPUR (GANJAM)",Alluvium,Rushikulya
24-25/1363,2024-12-02,"CGWB, SER",ODISHA,GANJAM,KHALIKOTE,Rambha,19.5269,85.0958,DW,,1-05-24,11/24,,,1576.0,,,,,,1.2,,36.65,,,,,,,,,,,,,,,,,19.5269,85.0958,1008.6,1-05-24,Safe,"Rambha, KHALIKOTE (GANJAM)",Alluvium,Mahanadi
24-25/1364,2024-12-02,"CGWB, SER",ODISHA,GANJAM,KUKUDAKHANDI,Lanjia,19.3544,84.7428,DW,,1-05-24,11/24,,,1386.0,,,,,,,85.36,,,,,,,,,,,,,,,,,,19.3544,84.7428,887.0,1-05-24,Safe,"Lanjia, KUKUDAKHANDI (GANJAM)",Khondalites,Direct Draining to Sea
24-25/1365,2024-12-02,"CGWB, SER",ODISHA,GANJAM,CHHATRAPUR,Chatrapur1,19.355,84.9789,DW,,1-05-24,11/24,,,1262.0,,,,,,,,34.3,,,,,,,,,,,,,,,,,19.355,84.9789,807.7,1-05-24,Safe,"Chatrapur1, CHHATRAPUR (GANJAM)",Alluvium,Rushikulya
24-25/1407,2024-12-02,"CGWB, SER",ODISHA,GAJAPATI,KASHINAGARA,K Sitapur 1,18.8128,83.9856,DW,,1-05-24,11/24,,,2072.0,,,398.9,,,,81.87,79.65,,,,,,,,,,,,,,,,,18.8128,83.9856,1326.1,1-05-24,Safe,"K Sitapur 1, KASHINAGARA (GAJAPATI)",Basement Gneissic Complex,Vansadhara
24-25/1408,2024-12-02,"CGWB, SER",ODISHA,GAJAPATI,KASHINAGARA,Kasinagar,18.8561,83.88,DW,,1-05-24,11/24,,,958.0,,,,,,,86.91,36.87,,,,,,,,,,,,,,,,,18.8561,83.88,613.1,1-05-24,Safe,"Kasinagar, KASHINAGARA (GAJAPATI)",Alluvium,Vansadhara
24-25/1409,2024-12-02,"CGWB, SER",ODISHA,GAJAPATI,PARLAKHEMUNDI,Kattalakanita,18.8106,84.1428,DW,,1-05-24,11/24,,,1154.0,,,,,,,84.58,,,,,,,,,,,,,,,,,,18.8106,84.1428,738.6,1-05-24,Safe,"Kattalakanita, PARLAKHEMUNDI (GAJAPATI)",Basement Gneissic Complex,Vansadhara
24-25/1410,2024-12-02,"CGWB, SER",ODISHA,GAJAPATI,MOHANA,Luhaguda,19.4594,84.3625,TW,,1-05-24,11/24,,,1060.0,,,,,,,90.79,48.15,,,,,,,,,,,,,,,,,19.4594,84.3625,678.4,1-05-24,Safe,"Luhaguda, MOHANA (GAJAPATI)",Charnockite,Rushikulya
24-25/1411,2024-12-02,"CGWB, SER",ODISHA,GAJAPATI,PARLAKHEMUNDI,Kantragada,18.8581,84.1906,DW,,1-05-24,11/24,,,1896.0,,,360.5,,,,169.94,37.3,,,,,,,,,,,,,,,,,18.8581,84.1906,1213.4,1-05-24,Safe,"Kantragada, PARLAKHEMUNDI (GAJAPATI)",Khondalites,Vansadhara
24-25/1412,2024-12-02,"CGWB, SER",ODISHA,GAJAPATI,PARLAKHEMUNDI,Garabandh,18.8303,84.2822,DW,,1-05-24,11/24,,,1556.0,,,277.3,,,,98.16,58.49,,,,,,,,,,,,,,,,,18.8303,84.2822,995.8,1-05-24,Safe,"Garabandh, PARLAKHEMUNDI (GAJAPATI)",Charnockite,Direct Draining to Sea
24-25/1923,2024-12-02,"CGWB, SER",ODISHA,SUNDARGARH,TANGARAPALI,Balijori,22.13,83.8869,No data,,1-05-24,11/24,,,969.0,,,,,,,80.32,,,,,,,,,,,,,,,,,,22.13,83.8869,620.2,1-05-24,Safe,"Balijori, TANGARAPALI (SUNDARGARH)",Granite,Mahanadi
24-25/1926,2024-12-02,"CGWB, SER",ODISHA,SUNDARGARH,BISRA,R-02 Jalda Rangila Chhak,22.1875,84.855,No data,,1-05-24,11/24,,,831.0,,,,,,,,34.52,,,,,,,,,,,,,,,,,22.1875,84.855,531.8,1-05-24,Safe,"R-02 Jalda Rangila Chhak, BISRA (SUNDARGARH)",Schist,Brahmani
24-25/1927,2024-12-02,"CGWB, SER",ODISHA,SUNDARGARH,BISRA,R-06 Basanti Colony,22.2375,84.8383,No data,,1-05-24,11/24,,,828.0,,,,,,,88.08,,,,,,,,,,,,,,,,,,22.2375,84.8383,529.9,1-05-24,Safe,"R-06 Basanti Colony, BISRA (SUNDARGARH)",Schist,Brahmani
24-25/1929,2024-12-02,"CGWB, SER",ODISHA,SUNDARGARH,BISRA,R-14 BANPOSH (URBAN),22.2583,84.805,No data,,1-05-24,11/24,,,,,,,,,2.35,,,,,,,,,,,,,,,,,,,22.2583,84.805,,1-05-24,Danger,"R-14 BANPOSH (URBAN), BISRA (SUNDARGARH)",Schist,Brahmani
24-25/1951,2024-12-02,"CGWB, SER",ODISHA,Balsore,No data,"DRDO campus, Chandipur",No data,No data,BW,,1-11-24,11/24,,,983.0,,,,,,1.97,,,,,,,,,,,,,,,,,,,,,629.1,1-11-24,Danger,"DRDO campus, Chandipur, No data (Balsore)",Unclassified / Hard Rock,Unassigned
24-25/1952,2024-12-02,"CGWB, SER",ODISHA,Balsore,No data,"DRDO campus, Chandipur",No data,No data,BW,,1-11-24,11/24,,,1035.0,,,,,,1.48,,,,,,,,,,,,,,,,,,,,,662.4,1-11-24,Safe,"DRDO campus, Chandipur, No data (Balsore)",Unclassified / Hard Rock,Unassigned
24-25/1953,2024-12-02,"CGWB, SER",ODISHA,Balsore,No data,"DRDO campus, Chandipur",No data,No data,BW,,1-11-24,11/24,,,1220.0,,,,,,1.56,,,,,,,,,,,,,,,,,,,,,780.8,1-11-24,Danger,"DRDO campus, Chandipur, No data (Balsore)",Unclassified / Hard Rock,Unassigned
24-25/1954,2024-12-02,"CGWB, SER",ODISHA,Balsore,No data,"DRDO campus, Chandipur",No data,No data,BW,,1-11-24,11/24,,,1922.0,,,431.5,,,1.39,,58.05,,,,,,,,,,,,,,,,,,,1230.1,1-11-24,Safe,"DRDO campus, Chandipur, No data (Balsore)",Unclassified / Hard Rock,Unassigned
24-25/1955,2024-12-02,"CGWB, SER",ODISHA,Balsore,No data,"DRDO campus, Chandipur",No data,No data,BW,,1-11-24,11/24,,,1036.0,,,,,,1.77,,,,,,,,,,,,,,,,,,,,,663.0,1-11-24,Danger,"DRDO campus, Chandipur, No data (Balsore)",Unclassified / Hard Rock,Unassigned
24-25/1956,2024-12-02,"CGWB, SER",ODISHA,Balsore,No data,"DRDO campus, Chandipur",No data,No data,BW,,1-11-24,11/24,,,961.0,,,,,,1.65,,,,,,,,,,,,,,,,,,,,,615.0,1-11-24,Danger,"DRDO campus, Chandipur, No data (Balsore)",Unclassified / Hard Rock,Unassigned
24-25/1957,2024-12-02,"CGWB, SER",ODISHA,Balsore,No data,"DRDO campus, Chandipur",No data,No data,BW,,1-11-24,11/24,,,1039.0,,,,,,1.44,,,,,,,,,,,,,,,,,,,,,665.0,1-11-24,Safe,"DRDO campus, Chandipur, No data (Balsore)",Unclassified / Hard Rock,Unassigned
24-25/1959,2024-12-02,"CGWB, SER",ODISHA,Kalhandi,Junagarh,Baladiamal,,,BW,,1-11-24,11/24,,,795.0,,,,,,,,47.94,,,,,,,,,,,,,,,,,,,508.8,1-11-24,Safe,"Baladiamal, Junagarh (Kalhandi)",Unclassified / Hard Rock,Unassigned
24-25/1960,2024-12-02,"CGWB, SER",ODISHA,Kalhandi,Junagarh,Charbahal,,,BW,,1-11-24,11/24,,,,,,,,,,,36.19,,,,,,,,,,,,,,,,,,,,1-11-24,Safe,"Charbahal, Junagarh (Kalhandi)",Unclassified / Hard Rock,Unassigned
24-25/1961,2024-12-02,"CGWB, SER",ODISHA,Kalhandi,Kokasara,Kokasara,,,BW,,1-11-24,11/24,,,935.0,,,,,,,,44.65,,,,,,,,,,,,,,,,,,,598.4,1-11-24,Safe,"Kokasara, Kokasara (Kalhandi)",Unclassified / Hard Rock,Unassigned
24-25/1963,2024-12-02,"CGWB, SER",ODISHA,Balangir,Tusura,Tusura,,,TW,,1-11-24,11/24,,,,,,,,,,,38.29,,,,,,,,,,,,,,,,,,,,1-11-24,Safe,"Tusura, Tusura (Balangir)",Unclassified / Hard Rock,Unassigned
2024-25/1966,2024-12-17,"CGWB, SER",ODISHA,CUTTACK,ATHAGAD,Anantapur,20.5089,85.6169,Dug Well,,1-11-24,12/24,,,,,,,,,,,,,,,245.0,,,,,,,,,,,,,20.5089,85.6169,,1-11-24,Safe,"Anantapur, ATHAGAD (CUTTACK)",Alluvium,Mahanadi
2024-25/1967,2024-12-17,"CGWB, SER",ODISHA,CUTTACK,CUTTACKSADAR,C-12 Nimasahi (Haripur),20.4661,85.8752,Dug Well,,1-11-24,12/24,,,1113.0,,,,,,,80.0,45.0,,,,385.0,,,,,,,,,,,,,20.4661,85.8752,712.3,1-11-24,Safe,"C-12 Nimasahi (Haripur), CUTTACKSADAR (CUTTACK)",Alluvium,Mahanadi
2024-25/1968,2024-12-17,"CGWB, SER",ODISHA,CUTTACK,CUTTACKSADAR,C-13 Mahammadia Bazar,20.4708,85.8583,Dug Well,,1-11-24,12/24,,,879.0,,,,,,,82.0,,,,,270.0,,,,,,,,,,,,,20.4708,85.8583,562.6,1-11-24,Safe,"C-13 Mahammadia Bazar, CUTTACKSADAR (CUTTACK)",Alluvium,Mahanadi
2024-25/1969,2024-12-17,"CGWB, SER",ODISHA,CUTTACK,CUTTACKSADAR,C-16 Bauxi Bazar,20.4547,85.9106,Dug Well,,1-11-24,12/24,,,779.0,,,,,,,80.0,,,,,275.0,,,,,,,,,,,,,20.4547,85.9106,498.6,1-11-24,Safe,"C-16 Bauxi Bazar, CUTTACKSADAR (CUTTACK)",Alluvium,Mahanadi
2024-25/1970,2024-12-17,"CGWB, SER",ODISHA,CUTTACK,CUTTACKSADAR,C-26 Jagatpur-2,20.4977,85.9227,Dug Well,,1-11-24,12/24,,,950.0,,,,,,,,64.0,,,,450.0,,,,,,,,,,,,,20.4977,85.9227,608.0,1-11-24,Safe,"C-26 Jagatpur-2, CUTTACKSADAR (CUTTACK)",Alluvium,Mahanadi
2024-25/1971,2024-12-17,"CGWB, SER",ODISHA,CUTTACK,CUTTACKSADAR,C-33 Lakshmi Mandap,20.4386,85.8708,Dug Well,,1-11-24,12/24,,,971.0,,,,,88.0,,,66.0,,,,390.0,,,,,,,,,,,,,20.4386,85.8708,621.4,1-11-24,Danger,"C-33 Lakshmi Mandap, CUTTACKSADAR (CUTTACK)",Alluvium,Mahanadi
2024-25/1974,2024-12-17,"CGWB, SER",ODISHA,CUTTACK,KANTAPADA,Dimiri 1,20.2466,86.025,Dug Well,,1-11-24,12/24,,,1260.0,,,,,,,,70.0,,,,435.0,,,,,,,,,,,,,20.2466,86.025,806.4,1-11-24,Safe,"Dimiri 1, KANTAPADA (CUTTACK)",Alluvium,Mahanadi
2024-25/1975,2024-12-17,"CGWB, SER",ODISHA,CUTTACK,NIALI,Kasarda,20.2119,86.0733,Dug Well,,1-11-24,12/24,,,1633.0,,,,,,,80.0,33.0,,,,335.0,,,,,,,,,,,,,20.2119,86.0733,1045.1,1-11-24,Safe,"Kasarda, NIALI (CUTTACK)",Alluvium,Mahanadi
2024-25/1977,2024-12-17,"CGWB, SER",ODISHA,CUTTACK,CUTTACKSADAR,Madhab,20.3883,85.8964,Dug Well,,1-11-24,12/24,,,1684.0,,,,,150.0,,90.0,60.0,,,,470.0,,,,,,,,,,,,,20.3883,85.8964,1077.8,1-11-24,Danger,"Madhab, CUTTACKSADAR (CUTTACK)",Alluvium,Mahanadi
2024-25/1978,2024-12-17,"CGWB, SER",ODISHA,CUTTACK,NIALI,Niali,20.1308,86.0644,Dug Well,,1-11-24,12/24,,,1183.0,,,,,54.0,,,33.0,,,,310.0,,,,,,,,,,,,,20.1308,86.0644,757.1,1-11-24,Danger,"Niali, NIALI (CUTTACK)",Alluvium,Mahanadi
2024-25/1979,2024-12-17,"CGWB, SER",ODISHA,CUTTACK,NISCHINTA KOILI,Nimpur,20.4803,86.1736,Dug Well,,1-11-24,12/24,,,1348.0,,,,,145.0,,82.0,60.0,,,,450.0,,,,,,,,,,,,,20.4803,86.1736,862.7,1-11-24,Danger,"Nimpur, NISCHINTA KOILI (CUTTACK)",Alluvium,Mahanadi
2024-25/1980,2024-12-17,"CGWB, SER",ODISHA,CUTTACK,CUTTACKSADAR,Tangi1,20.5577,85.9894,Dug Well,,1-11-24,12/24,,,1450.0,,,,,,,138.0,32.0,,,,475.0,,,,,,,,,,,,,20.5577,85.9894,928.0,1-11-24,Safe,"Tangi1, CUTTACKSADAR (CUTTACK)",Laterite,Brahmani
2024-25/1996,2024-12-17,"CGWB, SER",ODISHA,JAGATSINGHPUR,KUJANG,Bhutmundi1,20.3238,86.5758,Dug Well,,1-11-24,12/24,,,2040.0,,,,,,,104.0,69.0,,,,545.0,,,,,,,,,,,,,20.3238,86.5758,1305.6,1-11-24,Safe,"Bhutmundi1, KUJANG (JAGATSINGHPUR)",Alluvium,Mahanadi
2024-25/1997,2024-12-17,"CGWB, SER",ODISHA,JAGATSINGHPUR,KUJANG,Chakradharpur,20.3197,86.6033,Dug Well,,1-11-24,12/24,,,,,,,,,,,,,,,275.0,,,,,,,,,,,,,20.3197,86.6033,,1-11-24,Safe,"Chakradharpur, KUJANG (JAGATSINGHPUR)",Alluvium,Mahanadi
2024-25/2001,2024-12-17,"CGWB, SER",ODISHA,JAJAPUR,DHARMASALA,Baruda,20.7827,86.0702,Dug Well,,1-11-24,12/24,,,1360.0,,,,,,,,32.0,,,,,,,,,,,,,,,,,20.7827,86.0702,870.4,1-11-24,Safe,"Baruda, DHARMASALA (JAJAPUR)",Alluvium,Brahmani
2024-25/2002,2024-12-17,"CGWB, SER",ODISHA,JAJAPUR,DHARMASALA,Dankari,20.775,86.0605,Dug Well,,1-11-24,12/24,,,1059.0,,,,,,,,49.0,,,,255.0,,,,,,,,,,,,,20.775,86.0605,677.8,1-11-24,Safe,"Dankari, DHARMASALA (JAJAPUR)",Alluvium,Brahmani
2024-25/2003,2024-12-17,"CGWB, SER",ODISHA,JAJAPUR,DASARATHAPUR,Dasarathpur,20.8344,86.4466,Dug Well,,1-11-24,12/24,,,858.0,,,,,,,,,,,,265.0,,,,,,,,,,,,,20.8344,86.4466,549.1,1-11-24,Safe,"Dasarathpur, DASARATHAPUR (JAJAPUR)",Alluvium,Baitarani
2024-25/2004,2024-12-17,"CGWB, SER",ODISHA,JAJAPUR,SUKINDA,Dubri 1,20.9953,85.9875,Dug Well,,1-11-24,12/24,,,,,,,,,,,32.0,,,,215.0,,,,,,,,,,,,,20.9953,85.9875,,1-11-24,Safe,"Dubri 1, SUKINDA (JAJAPUR)",Laterite,Brahmani
2024-25/2005,2024-12-17,"CGWB, SER",ODISHA,JAJAPUR,DHARMASALA,Jakhpura,20.7919,86.0794,Dug Well,,1-11-24,12/24,,,,,,,,,,,,,,,,,,,,,,,,,,,,20.7919,86.0794,,1-11-24,Safe,"Jakhpura, DHARMASALA (JAJAPUR)",Khondalites,Brahmani
2024-25/2006,2024-12-17,"CGWB, SER",ODISHA,JAJAPUR,BARI,Kalamatia,20.6444,86.4052,Dug Well,,1-11-24,12/24,,,786.0,,,,,,,,,,,,215.0,,,,,,,,,,,,,20.6444,86.4052,503.0,1-11-24,Safe,"Kalamatia, BARI (JAJAPUR)",Alluvium,Brahmani
2024-25/2007,2024-12-17,"CGWB, SER",ODISHA,JAJAPUR,DHARMASALA,Kuakhia 1,20.7842,86.0958,Dug Well,,1-11-24,12/24,,,1699.0,,,,,95.0,,,111.0,,,,575.0,,,,,,,,,,,,,20.7842,86.0958,1087.4,1-11-24,Danger,"Kuakhia 1, DHARMASALA (JAJAPUR)",Alluvium,Brahmani
2024-25/2008,2024-12-17,"CGWB, SER",ODISHA,JAJAPUR,DHARMASALA,Phuljhore,20.7458,86.075,Dug Well,,1-11-24,12/24,,,,,,,,,,,55.0,,,,315.0,,,,,,,,,,,,,20.7458,86.075,,1-11-24,Safe,"Phuljhore, DHARMASALA (JAJAPUR)",Alluvium,Brahmani
2024-25/2011,2024-12-17,"CGWB, SER",ODISHA,JAJAPUR,SUKINDA,Singhpur New,21.0508,85.9817,Dug Well,,1-11-24,12/24,,,,,,,,,,,34.0,,,,225.0,,,,,,,,,,,,,21.0508,85.9817,,1-11-24,Safe,"Singhpur New, SUKINDA (JAJAPUR)",Quartzite,Brahmani
2024-25/2052,2024-12-17,"CGWB, SER",ODISHA,ANUGUL,BANARPAL,Amna,20.84888889,85.16888889,Dug Well,,1-11-24,12/24,,,,,,,,,1.22,,40.0,,,,330.0,,,,,,,,,,,,,20.848889,85.168889,,1-11-24,Safe,"Amna, BANARPAL (ANUGUL)",Basement Gneissic Complex,Brahmani
2024-25/2053,2024-12-17,"CGWB, SER",ODISHA,ANUGUL,ANUGUL,Angul1,20.83888889,85.09944444,Dug Well,,1-11-24,12/24,,,1034.0,,,,,,,114.0,,,,,340.0,,,,,,,,,,,,,20.838889,85.099444,661.8,1-11-24,Safe,"Angul1, ANUGUL (ANUGUL)",Basement Gneissic Complex,Brahmani
2024-25/2054,2024-12-17,"CGWB, SER",ODISHA,ANUGUL,CHHENDIPADA,Bagharia,21.10694444,84.81583333,Dug Well,,1-11-24,12/24,,,1674.0,,,,,57.0,,144.0,43.0,,,,535.0,,,,,,,,,,,,,21.106944,84.815833,1071.4,1-11-24,Danger,"Bagharia, CHHENDIPADA (ANUGUL)",Sandstone,Brahmani
2024-25/2055,2024-12-17,"CGWB, SER",ODISHA,ANUGUL,TALACHER,Balanda,20.9275,85.15777778,Dug Well,,1-11-24,12/24,,,755.0,,,,,,,,39.0,,,,285.0,,,,,,,,,,,,,20.9275,85.157778,483.2,1-11-24,Safe,"Balanda, TALACHER (ANUGUL)",Sandstone,Brahmani
2024-25/2056,2024-12-17,"CGWB, SER",ODISHA,ANUGUL,KANIHA,Balipeta,21.10916667,84.98861111,Dug Well,,1-11-24,12/24,,,1141.0,,,,,89.0,,,51.0,,,,290.0,,,,,,,,,,,,,21.109167,84.988611,730.2,1-11-24,Danger,"Balipeta, KANIHA (ANUGUL)",Sandstone,Brahmani
2024-25/2057,2024-12-17,"CGWB, SER",ODISHA,ANUGUL,BANARPAL,Banarpal 2,20.84055556,85.21416667,Dug Well,,1-11-24,12/24,,,1005.0,,,,,,,,68.0,,,,340.0,,,,,,,,,,,,,20.840556,85.214167,643.2,1-11-24,Safe,"Banarpal 2, BANARPAL (ANUGUL)",Basement Gneissic Complex,Brahmani
2024-25/2058,2024-12-17,"CGWB, SER",ODISHA,ANUGUL,ANUGUL,Bantala,20.74305556,85.06305556,Dug Well,,1-11-24,12/24,,,1023.0,,,,,,1.05,96.0,,,,,300.0,,,,,,,,,,,,,20.743056,85.063056,654.7,1-11-24,Safe,"Bantala, ANUGUL (ANUGUL)",Basement Gneissic Complex,Brahmani
2024-25/2059,2024-12-17,"CGWB, SER",ODISHA,ANUGUL,ANUGUL,Barhabahal,20.755,85.1,Dug Well,,1-11-24,12/24,,,2368.0,,,265.0,,61.0,1.46,212.0,79.0,,,,855.0,,,,,,,,,,,,,20.755,85.1,1515.5,1-11-24,Danger,"Barhabahal, ANUGUL (ANUGUL)",Basement Gneissic Complex,Brahmani
2024-25/2060,2024-12-17,"CGWB, SER",ODISHA,ANUGUL,BANARPAL,Bhogabereni,20.89166667,85.21388889,Dug Well,,1-11-24,12/24,,,2476.0,,,,425.0,83.0,,,95.0,,,,555.0,,,,,,,,,,,,,20.891667,85.213889,1584.6,1-11-24,Danger,"Bhogabereni, BANARPAL (ANUGUL)",Sandstone,Brahmani
2024-25/2061,2024-12-17,"CGWB, SER",ODISHA,ANUGUL,KISHORENAGAR,Boinda,21.09,84.99778,Bore Well,,1-11-24,12/24,,,994.0,,,,,,1.29,,49.0,,,,275.0,,,,,,,,,,,,,21.09,84.99778,636.2,1-11-24,Safe,"Boinda, KISHORENAGAR (ANUGUL)",Sandstone,Brahmani
2024-25/2062,2024-12-17,"CGWB, SER",ODISHA,ANUGUL,TALACHER,Chauliakata,20.95333333,85.22194444,Dug Well,,1-11-24,12/24,,6.06,,,,,,,,,,,,,,,,,,,,,,,,,,20.953333,85.221944,,1-11-24,Warning,"Chauliakata, TALACHER (ANUGUL)",Sandstone,Brahmani
2024-25/2063,2024-12-17,"CGWB, SER",ODISHA,ANUGUL,CHHENDIPADA,Chendipada1,21.08166667,84.87166667,Dug Well,,1-11-24,12/24,,,777.0,,,,,,,,51.0,,,,295.0,,,,,,,,,,,,,21.081667,84.871667,497.3,1-11-24,Safe,"Chendipada1, CHHENDIPADA (ANUGUL)",Sandstone,Brahmani
2024-25/2064,2024-12-17,"CGWB, SER",ODISHA,ANUGUL,BANARPAL,Derjang,,,Dug Well,,1-11-24,12/24,,,1110.0,,,,,,1.15,,57.0,,,,295.0,,,,,,,,,,,,,,,710.4,1-11-24,Safe,"Derjang, BANARPAL (ANUGUL)",Unclassified / Hard Rock,Unassigned
2024-25/2065,2024-12-17,"CGWB, SER",ODISHA,ANUGUL,CHHENDIPADA,Durgapur 1,20.91805556,84.88277778,Dug Well,,1-11-24,12/24,,,1559.0,,,,,71.0,,76.0,85.0,,,,540.0,,,,,,,,,,,,,20.918056,84.882778,997.8,1-11-24,Danger,"Durgapur 1, CHHENDIPADA (ANUGUL)",Basement Gneissic Complex,Brahmani
2024-25/2067,2024-12-17,"CGWB, SER",ODISHA,ANUGUL,KISHORENAGAR,Handpa 1,20.95361111,84.68722222,Dug Well,,1-11-24,12/24,,,1178.0,,,,,109.0,,150.0,,,,,410.0,,,,,,,,,,,,,20.953611,84.687222,753.9,1-11-24,Danger,"Handpa 1, KISHORENAGAR (ANUGUL)",Sandstone,Mahanadi
2024-25/2068,2024-12-17,"CGWB, SER",ODISHA,ANUGUL,CHHENDIPADA,Jarpada,20.87638889,84.88194444,Bore Well,,1-11-24,12/24,,,1788.0,,,,,,,102.0,111.0,,,,710.0,,,,,,,,,,,,,20.876389,84.881944,1144.3,1-11-24,Warning,"Jarpada, CHHENDIPADA (ANUGUL)",Basement Gneissic Complex,Brahmani
2024-25/2069,2024-12-17,"CGWB, SER",ODISHA,ANUGUL,PALALAHADA,Jamardihi,21.50055556,85.25722222,Dug Well,,1-11-24,12/24,,5.48,,,,,,,,,,,,,,,,,,,,,,,,,,21.500556,85.257222,,1-11-24,Warning,"Jamardihi, PALALAHADA (ANUGUL)",Alluvium,Brahmani
2024-25/2070,2024-12-17,"CGWB, SER",ODISHA,ANUGUL,CHHENDIPADA,Katada,20.90666667,84.82055556,Dug Well,,1-11-24,12/24,,,1169.0,,,,,,,78.0,51.0,,,,405.0,,,,,,,,,,,,,20.906667,84.820556,748.2,1-11-24,Safe,"Katada, CHHENDIPADA (ANUGUL)",Khondalites,Brahmani
2024-25/2071,2024-12-17,"CGWB, SER",ODISHA,ANUGUL,BANARPAL,Kuio,20.89083333,85.08111111,Dug Well,,1-11-24,12/24,,6.2,,,,,,80.0,,,,,,,,,,,,,,,,,,,,20.890833,85.081111,,1-11-24,Danger,"Kuio, BANARPAL (ANUGUL)",Sandstone,Brahmani
2024-25/2072,2024-12-17,"CGWB, SER",ODISHA,ANUGUL,BANARPAL,Kukurang,20.89722222,85.14833333,Dug Well,,1-11-24,12/24,,,1170.0,,,,,,,110.0,43.0,,,,450.0,,,,,,,,,,,,,20.897222,85.148333,748.8,1-11-24,Safe,"Kukurang, BANARPAL (ANUGUL)",Basement Gneissic Complex,Brahmani
2024-25/2024,2025-01-17,"CGWB, SER",ODISHA,KENDRAPARA,GARADPUR,Aul(Ali,20.3731,86.2597,DW ,,2024-11-01,2025-01-01 00:00:00,,,,,,,,,,75.6,,,,,260.0,,,,,,,,,,,,,20.3731,86.2597,,2024-11-01,Safe,"Aul(Ali, GARADPUR (KENDRAPARA)",Alluvium,Mahanadi
2024-25/2025,2025-01-17,"CGWB, SER",ODISHA,KENDRAPARA,KENDRAPARA,Barua 1,20.5427,86.4569,DW ,,2024-11-02,2025-01-02 00:00:00,,,2804.0,,,415.4,,,,80.0,58.0,,,,442.0,,,,,,,,,,,,,20.5427,86.4569,1794.6,2024-11-02,Safe,"Barua 1, KENDRAPARA (KENDRAPARA)",Alluvium,Mahanadi
2024-25/2026,2025-01-17,"CGWB, SER",ODISHA,KENDRAPARA,MAHAKALA PADA,Chadeiguan,20.4252,85.5625,DW ,,2024-11-03,2025-01-03 00:00:00,,,1443.0,,,,,,,,31.7,,,,290.0,,,,,,,,,,,,,20.4252,85.5625,923.5,2024-11-03,Safe,"Chadeiguan, MAHAKALA PADA (KENDRAPARA)",Alluvium,Mahanadi
2024-25/2027,2025-01-17,"CGWB, SER",ODISHA,KENDRAPARA,KENDRAPARA,Chandibazar,20.503,86.3347,DW ,,2024-11-04,2025-01-04 00:00:00,,,939.0,,,,,,,,,,,,264.0,,,,,,,,,,,,,20.503,86.3347,601.0,2024-11-04,Safe,"Chandibazar, KENDRAPARA (KENDRAPARA)",Alluvium,Mahanadi
2024-25/2028,2025-01-17,"CGWB, SER",ODISHA,KENDRAPARA,Dera BIS,Daliji,20.4941,86.3144,DW ,,2024-11-05,2025-01-05 00:00:00,,,1570.0,,,323.7,,,,,,,,,,,,,,,,,,,,,,20.4941,86.3144,1004.8,2024-11-05,Safe,"Daliji, Dera BIS (KENDRAPARA)",Alluvium,Mahanadi
2024-25/2029,2025-01-17,"CGWB, SER",ODISHA,KENDRAPARA,RAJKANIKA,Dargochha,20.7308,86.6964,DW ,,2024-11-06,2025-01-06 00:00:00,,,769.0,,,,,,,,,,,,207.0,,,,,,,,,,,,,20.7308,86.6964,492.2,2024-11-06,Safe,"Dargochha, RAJKANIKA (KENDRAPARA)",Alluvium,Brahmani
2024-25/2030,2025-01-17,"CGWB, SER",ODISHA,KENDRAPARA,MARSA GAHI,Giranga,20.4194,86.5116,DW ,,2024-11-07,2025-01-07 00:00:00,,,1912.0,,,316.7,,,,116.2,46.3,,,,483.0,,,,,,,,,,,,,20.4194,86.5116,1223.7,2024-11-07,Safe,"Giranga, MARSA GAHI (KENDRAPARA)",Alluvium,Mahanadi
2024-25/2031,2025-01-17,"CGWB, SER",ODISHA,KENDRAPARA,KENDRAPARA,Jajanga,20.5233,86.44194,DW ,,2024-11-08,2025-01-08 00:00:00,,,812.0,,,,,,,90.4,,,,,317.0,,,,,,,,,,,,,20.5233,86.44194,519.7,2024-11-08,Safe,"Jajanga, KENDRAPARA (KENDRAPARA)",Alluvium,Mahanadi
2024-25/2032,2025-01-17,"CGWB, SER",ODISHA,KENDRAPARA,KENDRAPARA,Jantilo,20.508,86.3522,DW ,,2024-11-09,2025-01-09 00:00:00,,,1491.0,,,,,,,105.0,46.8,,,,457.0,,,,,,,,,,,,,20.508,86.3522,954.2,2024-11-09,Safe,"Jantilo, KENDRAPARA (KENDRAPARA)",Alluvium,Mahanadi
2024-25/2033,2025-01-17,"CGWB, SER",ODISHA,KENDRAPARA,DERABIS,Laxminarayanpur,20.555,86.3222,DW ,,2024-11-10,2025-01-10 00:00:00,,,1032.0,,,,,,,84.8,33.1,,,,350.0,,,,,,,,,,,,,20.555,86.3222,660.5,2024-11-10,Safe,"Laxminarayanpur, DERABIS (KENDRAPARA)",Alluvium,Mahanadi
2024-25/2034,2025-01-17,"CGWB, SER",ODISHA,KENDRAPARA,MAHAKALA PADA,MAHAKALA PARA 2,20.4244,86.5736,DW ,,2024-11-11,2025-01-11 00:00:00,,,2972.0,,,488.6,,,,90.8,61.3,,,,482.0,,,,,,,,,,,,,20.4244,86.5736,1902.1,2024-11-11,Safe,"MAHAKALA PARA 2, MAHAKALA PADA (KENDRAPARA)",Alluvium,Mahanadi
2024-25/2035,2025-01-17,"CGWB, SER",ODISHA,KENDRAPARA,RAJKANIKA,Makundapur,20.7188,86.6875,DW ,,2024-11-12,2025-01-12 00:00:00,,,1886.0,,,,,,,77.8,52.2,,,,412.0,,,,,,,,,,,,,20.7188,86.6875,1207.0,2024-11-12,Safe,"Makundapur, RAJKANIKA (KENDRAPARA)",Alluvium,Brahmani
2024-25/2036,2025-01-17,"CGWB, SER",ODISHA,KENDRAPARA,PATTAMUNDI,Mulabasanta,20.5719,86.5083,DW ,,2024-11-13,2025-01-13 00:00:00,,,769.0,,,,,,,,,,,,204.0,,,,,,,,,,,,,20.5719,86.5083,492.2,2024-11-13,Safe,"Mulabasanta, PATTAMUNDI (KENDRAPARA)",Alluvium,Mahanadi
2024-25/2203,2025-01-17,"CGWB, SER",ODISHA,KORAPUT,JEYPUR,C.Kusimi-i,19.02417,82.43056,BW,,2024-11-16,2025-01-16 00:00:00,,,,,,,,,,,,,,,250.0,,,,,,,,,,,,,19.02417,82.43056,,2024-11-16,Safe,"C.Kusimi-i, JEYPUR (KORAPUT)",Basement Gneissic Complex,Kolab
2024-25/2204,2025-01-17,"CGWB, SER",ODISHA,KORAPUT,BOIPARIGUDA,Disarikaraguda-New Colony,18.7614,82.4761,BW,,2024-11-17,2025-01-17 00:00:00,,6.28,1095.0,,,,,,,83.0,38.8,,,,369.0,,,,,,,,,,,,,18.7614,82.4761,700.8,2024-11-17,Warning,"Disarikaraguda-New Colony, BOIPARIGUDA (KORAPUT)",Basement Gneissic Complex,Kolab
2024-25/2205,2025-01-17,"CGWB, SER",ODISHA,KORAPUT,KORAPUT,Doraguda,18.76139,82.47611,DW,,2024-11-18,2025-01-18 00:00:00,,,1030.0,,,,,,,84.4,,,,,289.0,,,,,,,,,,,,,18.76139,82.47611,659.2,2024-11-18,Safe,"Doraguda, KORAPUT (KORAPUT)",Basement Gneissic Complex,Kolab
2024-25/2206,2025-01-17,"CGWB, SER",ODISHA,KORAPUT,BORIGUMA,Jeypore 1,19.1533,82.5778,DW,,2024-11-19,2025-01-19 00:00:00,,6.46,,,,,,,,,,,,,222.0,,,,,,,,,,,,,19.1533,82.5778,,2024-11-19,Warning,"Jeypore 1, BORIGUMA (KORAPUT)",Sandstone,Indravati
2024-25/2207,2025-01-17,"CGWB, SER",ODISHA,KORAPUT,BORIGUMA,Jujari,19.15333,82.57778,BW,,2024-11-20,2025-01-20 00:00:00,,6.06,,,,,,,,,,,,,,,,,,,,,,,,,,19.15333,82.57778,,2024-11-20,Warning,"Jujari, BORIGUMA (KORAPUT)",Sandstone,Indravati
2024-25/2208,2025-01-17,"CGWB, SER",ODISHA,KORAPUT,BORIGUMA,Kakriguma,19.1467,82.5458,BW,,2024-11-21,2025-01-21 00:00:00,,6.37,,,,,,,,,,,,,,,,,,,,,,,,,,19.1467,82.5458,,2024-11-21,Warning,"Kakriguma, BORIGUMA (KORAPUT)",Shale,Indravati
2024-25/2209,2025-01-17,"CGWB, SER",ODISHA,KORAPUT,SIMILIGUDA,Kunduli,18.61,82.89167,BW,,2024-11-22,2025-01-22 00:00:00,,6.41,,,,,,,,,,,,,,,,,,,,,,,,,,18.61,82.89167,,2024-11-22,Warning,"Kunduli, SIMILIGUDA (KORAPUT)",Charnockite,Kolab
2024-25/2210,2025-01-17,"CGWB, SER",ODISHA,KORAPUT,BOIPARIGUDA,Miriguda,18.7669,82.3878,BW,,2024-11-23,2025-01-23 00:00:00,,,,,,,,,,,,,,,,,,,,,,,,,,,,18.7669,82.3878,,2024-11-23,Safe,"Miriguda, BOIPARIGUDA (KORAPUT)",Basement Gneissic Complex,Kolab
2024-25/2211,2025-01-17,"CGWB, SER",ODISHA,KORAPUT,BOIPARIGUDA,Panchada,18.7728,82.5278,DW,,2024-11-24,2025-01-24 00:00:00,,5.86,,,,,,,,,,,,,,,,,,,,,,,,,,18.7728,82.5278,,2024-11-24,Warning,"Panchada, BOIPARIGUDA (KORAPUT)",Basement Gneissic Complex,Kolab
2024-25/2212,2025-01-17,"CGWB, SER",ODISHA,KORAPUT,SIMILIGUDA,Patraput,18.6442,82.8211,DW,,2024-11-25,2025-01-25 00:00:00,,5.83,,,,,,,,,,,,,,,,,,,,,,,,,,18.6442,82.8211,,2024-11-25,Warning,"Patraput, SIMILIGUDA (KORAPUT)",Laterite,Kolab
2024-25/2213,2025-01-17,"CGWB, SER",ODISHA,KORAPUT,SIMILIGUDA,Subai,18.61833,82.80528,DW,,2024-11-26,2025-01-26 00:00:00,,5.31,,,,,,,,,,,,,,,,,,,,,,,,,,18.61833,82.80528,,2024-11-26,Warning,"Subai, SIMILIGUDA (KORAPUT)",Khondalites,Kolab
2024-25/2214,2025-01-17,"CGWB, SER",ODISHA,KORAPUT,JEYPUR,Tikabaliguda,18.9,82.5697,DW,,2024-11-27,2025-01-27 00:00:00,,5.76,,,,,,,,,,,,,,,,,,,,,,,,,,18.9,82.5697,,2024-11-27,Warning,"Tikabaliguda, JEYPUR (KORAPUT)",Basement Gneissic Complex,Kolab
2024-25/2215,2025-01-17,"CGWB, SER",ODISHA,KORAPUT,JEYPUR,Umeri 1,18.9,82.56972,DW,,2024-11-28,2025-01-28 00:00:00,,6.33,1156.0,,,,,,,100.8,,,,,354.0,,,,,,,,,,,,,18.9,82.56972,739.8,2024-11-28,Warning,"Umeri 1, JEYPUR (KORAPUT)",Basement Gneissic Complex,Kolab
2024-25/2230,2025-01-17,"CGWB, SER",ODISHA,MALKANGIRI,KORUKUNDA,Balimela,18.25222,82.10417,DW,,2024-11-29,2025-01-29 00:00:00,,,909.0,,,,,,,76.2,41.4,,,,363.0,,,,,,,,,,,,,18.25222,82.10417,581.8,2024-11-29,Safe,"Balimela, KORUKUNDA (MALKANGIRI)",Laterite,Kolab
2024-25/2231,2025-01-17,"CGWB, SER",ODISHA,MALKANGIRI,KUDUMULUGUM,KUDUMULUGUMA 1,18.38694,82.19167,DW,,2024-11-30,2025-01-30 00:00:00,,,,,,,,,,,,,,,266.0,,,,,,,,,,,,,18.38694,82.19167,,2024-11-30,Safe,"KUDUMULUGUMA 1, KUDUMULUGUM (MALKANGIRI)",Basement Gneissic Complex,Kolab
