{
"type": "FeatureCollection",
"name": "odisha_districts",
"crs": { "type": "name", "properties": { "name": "urn:ogc:def:crs:OGC:1.3:CRS84" } },
"features": [
{ "type": "Feature", "properties": { "District": "ANUGUL", "STATE": "ODISHA", "REMARKS": null, "State_LGD": 21, "DISTRICT_L": "344", "Shape_Leng": 605948.92970800004, "Shape_Area": 6144341883.1000004 }, "geometry": { "type": "MultiPolygon", "coordinates": [ [ [ [ 84.877718851385907, 21.178398725538795 ], [ 84.875722020254742, 21.17057099146442 ], [ 84.872350420276277, 21.173946943382791 ], [ 84.874965909050829, 21.178973273118192 ], [ 84.877718851385907, 21.178398725538795 ] ] ], [ [ [ 85.243347934015247, 21.679556121326751 ], [ 85.252974178012607, 21.674997346130773 ], [ 85.255087372456771, 21.652354112343883 ], [ 85.265795264330094, 21.641578265430777 ], [ 85.262280496839367, 21.633363219722483 ], [ 85.266630937233074, 21.623360576439719 ], [ 85.274599130438787, 21.617319700982399 ], [ 85.283235392231404, 21.602099949957395 ], [ 85.288607674581812, 21.605176379931965 ], [ 85.291750122638021, 21.600358570681287 ], [ 85.283093837484103, 21.596498685944965 ], [ 85.286383109811553, 21.584113434270112 ], [ 85.295486812252747, 21.574041275984762 ], [ 85.303362926968518, 21.571430128160717 ], [ 85.302743600251887, 21.566984528233029 ], [ 85.312229151165539, 21.569180880022827 ], [ 85.307676973832471, 21.557058619178573 ], [ 85.300055024508737, 21.554099792382306 ], [ 85.298620429846423, 21.545893100911233 ], [ 85.304835223366254, 21.539055748979376 ], [ 85.301423823414041, 21.53106379056057 ], [ 85.321639382828025, 21.534316803150471 ], [ 85.319430134337111, 21.531255214896532 ], [ 85.320800300890284, 21.519974209500585 ], [ 85.324403764314013, 21.518872367048569 ], [ 85.328548309945731, 21.509701014947328 ], [ 85.327516690838294, 21.500739699819096 ], [ 85.330495179217635, 21.495155933927773 ], [ 85.327736822932565, 21.489925653246317 ], [ 85.332085582201159, 21.482201341594784 ], [ 85.321351002225455, 21.465248691516639 ], [ 85.306943998271109, 21.461991796674422 ], [ 85.310441933957279, 21.45820207549863 ], [ 85.303632454617329, 21.447980951399092 ], [ 85.290964787760075, 21.449635881592485 ], [ 85.286989807082833, 21.454170034233172 ], [ 85.276763943531137, 21.453238476177269 ], [ 85.269649973379117, 21.456376055189928 ], [ 85.267750966197809, 21.454193161202141 ], [ 85.262477306005607, 21.457123532621129 ], [ 85.257978613882159, 21.456525873752433 ], [ 85.255202966312922, 21.451000911637419 ], [ 85.258818687414987, 21.443469701828754 ], [ 85.268052251460347, 21.439306776853076 ], [ 85.271719140137833, 21.428578445575333 ], [ 85.282311064819041, 21.426921641934733 ], [ 85.283930943900785, 21.42369108258454 ], [ 85.302016115000015, 21.4171509841111 ], [ 85.306689028594477, 21.412176329146899 ], [ 85.303644715100262, 21.411021015286742 ], [ 85.307742843779053, 21.401501717775091 ], [ 85.304894040615878, 21.396365118884489 ], [ 85.326311356656021, 21.39073185096386 ], [ 85.330000747902446, 21.377098169852491 ], [ 85.3424714963231, 21.366220308103838 ], [ 85.337591733065537, 21.36071635792311 ], [ 85.339145570932942, 21.357177556225935 ], [ 85.335401923285431, 21.356119815735429 ], [ 85.336038258230758, 21.348001429253113 ], [ 85.330766926731158, 21.346932974928208 ], [ 85.328754594288554, 21.328400881299128 ], [ 85.322707920690945, 21.31883852674752 ], [ 85.321913282119795, 21.32429522170921 ], [ 85.315174573504279, 21.330243492624664 ], [ 85.303397632556539, 21.31695582490952 ], [ 85.29679423830018, 21.317412900316697 ], [ 85.296803098524663, 21.308696810193684 ], [ 85.285322935013525, 21.305003282020952 ], [ 85.282478647220302, 21.299279390596546 ], [ 85.275181693507335, 21.304303479467475 ], [ 85.271592764251963, 21.302126085028288 ], [ 85.276283567541597, 21.293304490512476 ], [ 85.270262905081665, 21.274509743758266 ], [ 85.280534358436569, 21.265063171818465 ], [ 85.286964056023962, 21.264013218796102 ], [ 85.295087022593208, 21.276564827978717 ], [ 85.314916768752241, 21.263251845937486 ], [ 85.339078626567726, 21.258117381449551 ], [ 85.357267133425268, 21.247144924860983 ], [ 85.374610810199201, 21.229075962369205 ], [ 85.38231057574211, 21.214286595968442 ], [ 85.37986322533456, 21.199332000455506 ], [ 85.393277576660651, 21.183571430757187 ], [ 85.381168847463158, 21.167887894794497 ], [ 85.366204422739088, 21.172671342363405 ], [ 85.346637268087733, 21.168646678518812 ], [ 85.341481736338466, 21.178035401710673 ], [ 85.334144473518435, 21.17836520690215 ], [ 85.317072400330062, 21.158134769120331 ], [ 85.303955220062861, 21.173133252928242 ], [ 85.291073437197937, 21.180405740108249 ], [ 85.280640164362595, 21.17363390724217 ], [ 85.272673895422471, 21.174668199944513 ], [ 85.262342997522126, 21.15015232631492 ], [ 85.253175183907203, 21.137164231318572 ], [ 85.253777379838695, 21.129727671645931 ], [ 85.247593598074275, 21.12304316381605 ], [ 85.246977942883262, 21.113995390677982 ], [ 85.239863768937809, 21.101804740194012 ], [ 85.230105423400275, 21.072429339232141 ], [ 85.18674467830246, 21.082661222453119 ], [ 85.179639375131231, 21.078556879106916 ], [ 85.175031351334667, 21.06699590574171 ], [ 85.167241942775931, 21.064247418547247 ], [ 85.165236297350447, 21.052818133802393 ], [ 85.171304352147615, 21.04520619478583 ], [ 85.197599379237531, 21.035195008897823 ], [ 85.238291520856379, 21.009725586013058 ], [ 85.250919474754468, 21.000001425606698 ], [ 85.260661008742062, 20.981503341617753 ], [ 85.258034970252027, 20.973654409039632 ], [ 85.243844392326693, 20.966734352892797 ], [ 85.24085493374568, 20.96210588973166 ], [ 85.245676204079629, 20.936634170353894 ], [ 85.238747093426582, 20.912125191000722 ], [ 85.242631346361406, 20.899275742770246 ], [ 85.258974935037884, 20.894859087760015 ], [ 85.261624443623248, 20.890979434311635 ], [ 85.246840962843152, 20.884017873210983 ], [ 85.257534635025806, 20.875582318729109 ], [ 85.255549410200686, 20.84314389901936 ], [ 85.2510770268957, 20.827729214685114 ], [ 85.256688702700202, 20.811784986412153 ], [ 85.253284634084594, 20.80331827864503 ], [ 85.254745149000243, 20.795361783875517 ], [ 85.235963059981728, 20.792328971325642 ], [ 85.218794735794674, 20.794287811082587 ], [ 85.213204273813147, 20.785734556262444 ], [ 85.201092687823802, 20.790187522194941 ], [ 85.195791514581842, 20.78688016602662 ], [ 85.19599687524952, 20.780518926196102 ], [ 85.206571702680804, 20.769501629811963 ], [ 85.204631041659383, 20.758181627390979 ], [ 85.215931339982532, 20.750210637533595 ], [ 85.213468976668423, 20.744837851827398 ], [ 85.208219955284264, 20.742520467043459 ], [ 85.207221173639951, 20.734385150813619 ], [ 85.203914965229259, 20.733442969087179 ], [ 85.205148018516297, 20.719252000163589 ], [ 85.188739957537706, 20.701141525613302 ], [ 85.197852915191646, 20.686658530773038 ], [ 85.194034257109607, 20.678823420543271 ], [ 85.177726253381678, 20.670061821978216 ], [ 85.171931828068381, 20.662652517476491 ], [ 85.167288434417685, 20.664522557374013 ], [ 85.167062009191298, 20.66899575682686 ], [ 85.163682921080849, 20.670671500934002 ], [ 85.165456438413642, 20.684812769526051 ], [ 85.17565152100677, 20.700718833808654 ], [ 85.170688594171835, 20.706726979166177 ], [ 85.15975031245604, 20.707879371903559 ], [ 85.150149614876923, 20.726938694712551 ], [ 85.153176270722284, 20.733072687041862 ], [ 85.139813652638153, 20.731316397862383 ], [ 85.132178460091126, 20.708806306662158 ], [ 85.124933224643115, 20.703534054064107 ], [ 85.113133861293491, 20.683127701803112 ], [ 85.134568125731931, 20.642873419708611 ], [ 85.129023169150528, 20.631798314262998 ], [ 85.127006680508813, 20.616245257242198 ], [ 85.122250700359189, 20.612901421780908 ], [ 85.117116453376838, 20.610316485317373 ], [ 85.102824133731019, 20.617146665815362 ], [ 85.091104258083035, 20.618783377972449 ], [ 85.089039135012968, 20.61551340643479 ], [ 85.091896040456376, 20.612595992609513 ], [ 85.086698676184241, 20.605502404095102 ], [ 85.085558869500872, 20.595378271539538 ], [ 85.074010889575533, 20.581159686943728 ], [ 85.068846862215949, 20.584516294380432 ], [ 85.064892218664127, 20.582087515252354 ], [ 85.065155197760859, 20.578346705790363 ], [ 85.055236076685958, 20.577734220692825 ], [ 85.046534330850903, 20.58547607078291 ], [ 85.035147067245546, 20.585279359106753 ], [ 85.02757440643164, 20.589772413851755 ], [ 84.986985639505676, 20.580417399681949 ], [ 84.986896245670678, 20.575168846264731 ], [ 84.979882284053517, 20.565219921220073 ], [ 84.97499898857609, 20.573363662196485 ], [ 84.950094822741079, 20.575721354179699 ], [ 84.943698467360647, 20.581768857889664 ], [ 84.922324939707579, 20.580393565889384 ], [ 84.907159992186976, 20.584767182791737 ], [ 84.896923622931482, 20.581843272558594 ], [ 84.88615286901863, 20.562384722285767 ], [ 84.875271957531453, 20.5583589039427 ], [ 84.864953606775671, 20.538385559965807 ], [ 84.848516601387587, 20.528031207065016 ], [ 84.820963214726532, 20.56085852265343 ], [ 84.800533493809539, 20.577298609913839 ], [ 84.787945635754298, 20.582710158799699 ], [ 84.778363051426467, 20.597745863585466 ], [ 84.761791670136631, 20.608125380873219 ], [ 84.728418574669774, 20.615519404412005 ], [ 84.712823449670367, 20.611258888049569 ], [ 84.69790106391234, 20.611769605617233 ], [ 84.638977905860713, 20.623810931571715 ], [ 84.61226854141087, 20.639223692581123 ], [ 84.58178415897882, 20.674602971503393 ], [ 84.560132453756125, 20.6899689962423 ], [ 84.515612922559157, 20.702384679739129 ], [ 84.498502278416808, 20.717617878499681 ], [ 84.46281068807663, 20.735189904830463 ], [ 84.450185744748993, 20.73884511788496 ], [ 84.41711839965528, 20.738392030317787 ], [ 84.394402729586545, 20.749998898309055 ], [ 84.377736042140072, 20.753826237326066 ], [ 84.359959617811484, 20.766248265119447 ], [ 84.348742400355562, 20.783306485757354 ], [ 84.35570009769684, 20.794469422431074 ], [ 84.353135305359572, 20.801138162484754 ], [ 84.355544153260169, 20.817991063270952 ], [ 84.351755307552722, 20.829281464914693 ], [ 84.341190575011822, 20.841094094369023 ], [ 84.266314349867656, 20.881177555790089 ], [ 84.268062462500126, 20.888887896890367 ], [ 84.261731348973584, 20.899223426354943 ], [ 84.270710932950877, 20.908155975346112 ], [ 84.268268520138093, 20.913308037232916 ], [ 84.28113689265156, 20.923796503048784 ], [ 84.291508325040951, 20.925482695635178 ], [ 84.297498896430596, 20.934353087182732 ], [ 84.30256612559937, 20.936342768152642 ], [ 84.310533379051606, 20.931466940497014 ], [ 84.316932239058957, 20.944735469080836 ], [ 84.321962869731806, 20.944498481085887 ], [ 84.328211953962708, 20.95140849888093 ], [ 84.333371696326239, 20.949047125316522 ], [ 84.342139253279569, 20.95543613716864 ], [ 84.352039847300873, 20.951839021420064 ], [ 84.355012845444037, 20.958494030015899 ], [ 84.359815412001225, 20.958947794537941 ], [ 84.368073098980688, 20.95174426035398 ], [ 84.375933361002666, 20.95597797568125 ], [ 84.374784984844283, 20.958993896635878 ], [ 84.379528452845449, 20.965608135893977 ], [ 84.405532657390296, 20.976574290614892 ], [ 84.41194033509764, 21.00080107394594 ], [ 84.427570178114593, 21.008310843574108 ], [ 84.433918967738791, 21.016293546528974 ], [ 84.433007656604531, 21.019534691187381 ], [ 84.418720219131202, 21.023606940432387 ], [ 84.408727715755006, 21.030361901933119 ], [ 84.429797692117319, 21.040166710493228 ], [ 84.439030162108509, 21.033150714482691 ], [ 84.441200481797836, 21.039241846944407 ], [ 84.449694726923894, 21.041369482317915 ], [ 84.454257529561332, 21.057807382969358 ], [ 84.47324603498798, 21.077372452229319 ], [ 84.481806005233707, 21.080899177860573 ], [ 84.487903686277576, 21.078136407678844 ], [ 84.496228772780242, 21.079925454854187 ], [ 84.504419349592268, 21.088628380150215 ], [ 84.532266829206094, 21.087184934530551 ], [ 84.550820704867377, 21.06929118228496 ], [ 84.55898132241461, 21.069404433154293 ], [ 84.568457049824701, 21.062009777419544 ], [ 84.583466033961429, 21.060959973277956 ], [ 84.584867776477225, 21.064695597751708 ], [ 84.591998688076771, 21.062444700071104 ], [ 84.598644874040488, 21.069694855153553 ], [ 84.602734270365673, 21.070542771196507 ], [ 84.604343891096391, 21.067951320009758 ], [ 84.608791656009942, 21.071955603299291 ], [ 84.611859266170541, 21.069921880285328 ], [ 84.624277060096034, 21.082457939083422 ], [ 84.629044818280391, 21.080605919920085 ], [ 84.63471084772317, 21.083696460003029 ], [ 84.636798148271382, 21.08067798738956 ], [ 84.64427043601215, 21.083332860705962 ], [ 84.664148674180851, 21.070058235332962 ], [ 84.668455215273184, 21.063800977837197 ], [ 84.679489249743625, 21.060091926261272 ], [ 84.680469225057266, 21.072273312584315 ], [ 84.668893718227807, 21.079483155886532 ], [ 84.667024705988965, 21.09288954090087 ], [ 84.669334509551035, 21.114114634973813 ], [ 84.677163129848935, 21.124927116001178 ], [ 84.680342929815552, 21.146936239874474 ], [ 84.6907679383242, 21.152799362311821 ], [ 84.722747124917873, 21.148302320204106 ], [ 84.725684067036354, 21.160519118156532 ], [ 84.731771479089957, 21.169454988869418 ], [ 84.743324195437069, 21.170720316156288 ], [ 84.747919824352365, 21.161602233293731 ], [ 84.753906496110844, 21.1594514563125 ], [ 84.762486059876153, 21.149062878095162 ], [ 84.777183721528644, 21.145612741986191 ], [ 84.7887446342678, 21.138472183656173 ], [ 84.789377478267326, 21.131499876965865 ], [ 84.798693613558854, 21.130907845507526 ], [ 84.802608002941525, 21.14155604857994 ], [ 84.80867814688304, 21.136582142716396 ], [ 84.811492690224767, 21.140248851336001 ], [ 84.813437771651479, 21.147087665767533 ], [ 84.810909914093543, 21.146165379030172 ], [ 84.802941947805877, 21.155137807463223 ], [ 84.799925259311877, 21.154719316894642 ], [ 84.798585115506171, 21.165601713284772 ], [ 84.817486973258539, 21.171283070608496 ], [ 84.877239236493281, 21.164449066678181 ], [ 84.884865430574919, 21.15318818373169 ], [ 84.899473303423576, 21.150534556501853 ], [ 84.90017735222257, 21.147377850163487 ], [ 84.918786779479049, 21.140757790037284 ], [ 84.932044620342381, 21.15375801175902 ], [ 84.928486446104202, 21.157290700796572 ], [ 84.927322575226455, 21.180703127943719 ], [ 84.950342639570394, 21.170421943431283 ], [ 84.94859336953256, 21.148202025630543 ], [ 84.962154767890439, 21.147363422977495 ], [ 84.96944580444223, 21.161580476234889 ], [ 84.962267847494502, 21.165820190435223 ], [ 84.962027126642781, 21.177774614888385 ], [ 84.966215494204405, 21.178845502316943 ], [ 84.965998005977397, 21.184184942490546 ], [ 84.970008644122913, 21.188762290611187 ], [ 84.939488234004799, 21.196019631443004 ], [ 84.92606801054103, 21.233636569821648 ], [ 84.902361640112943, 21.250746022934408 ], [ 84.897514711638962, 21.261012422624937 ], [ 84.930663529204381, 21.284239522716298 ], [ 84.957013297607048, 21.297778405953746 ], [ 84.988693447032119, 21.287562019038795 ], [ 85.002592079634468, 21.286964381630977 ], [ 85.011139465214669, 21.297343213743641 ], [ 85.033922793473906, 21.29215150098856 ], [ 85.034617345909695, 21.29861263489866 ], [ 85.029871101123035, 21.301148948530411 ], [ 85.02906487902122, 21.305957738577941 ], [ 85.01555269371076, 21.310291941270208 ], [ 85.008272473225659, 21.324141213872817 ], [ 85.012661046623009, 21.333572135787218 ], [ 85.006981578880954, 21.347986458618212 ], [ 85.010244756965662, 21.355841650018593 ], [ 85.006540928657117, 21.362742674414907 ], [ 85.006526438205327, 21.385519294958854 ], [ 84.999993871361852, 21.398265764903083 ], [ 84.994661698916332, 21.401399078846296 ], [ 84.991827631917118, 21.412252154139061 ], [ 84.997544991395955, 21.435715713595869 ], [ 85.00295618094782, 21.442102109173931 ], [ 85.019956515054844, 21.443997519362938 ], [ 85.02642818789505, 21.448034163822268 ], [ 85.020969349462504, 21.458287725111663 ], [ 85.06066791834931, 21.441977156940254 ], [ 85.063974293031578, 21.45311948558923 ], [ 85.07952692693739, 21.458920822988517 ], [ 85.107504648426442, 21.458630132908791 ], [ 85.11723198538094, 21.454702899699665 ], [ 85.131250110180474, 21.457727455376624 ], [ 85.136445819241359, 21.463394151043278 ], [ 85.144843691967623, 21.457756949882214 ], [ 85.158380988265066, 21.46341599259874 ], [ 85.161012685197093, 21.47475257375827 ], [ 85.174379484491411, 21.486532003688271 ], [ 85.180098534882717, 21.500769660455752 ], [ 85.203004349972531, 21.521642002764249 ], [ 85.204066837219685, 21.529041471681001 ], [ 85.20156358528142, 21.531656215050798 ], [ 85.208598140812114, 21.532635188359187 ], [ 85.207231436298969, 21.542131010977062 ], [ 85.212860556796045, 21.555057284285045 ], [ 85.203803659451594, 21.562578226087517 ], [ 85.204426542867367, 21.568446567018494 ], [ 85.199690439715525, 21.573141635082351 ], [ 85.199348341299512, 21.580507847692104 ], [ 85.190720768720993, 21.588253843651636 ], [ 85.156801496565734, 21.590925412992181 ], [ 85.143940060161384, 21.595352344888447 ], [ 85.148211003905502, 21.598195186178632 ], [ 85.14939421843772, 21.605772179613357 ], [ 85.15959472764861, 21.612875885997305 ], [ 85.16596435204869, 21.622831335200733 ], [ 85.176947524713796, 21.620066455765532 ], [ 85.188528184107085, 21.629391888338766 ], [ 85.189223397445389, 21.635613157457968 ], [ 85.194277969049764, 21.640856863841645 ], [ 85.191650188623555, 21.645524833402987 ], [ 85.180741709802163, 21.644502544964279 ], [ 85.184230854055045, 21.649386146129984 ], [ 85.18096725029892, 21.655026756478104 ], [ 85.188093918045197, 21.656838846680984 ], [ 85.191197933021272, 21.661266490817628 ], [ 85.201857786064494, 21.661025651624982 ], [ 85.209220987304732, 21.675415978567166 ], [ 85.218991630120556, 21.673317318942424 ], [ 85.226041003076006, 21.677222390184273 ], [ 85.243347934015247, 21.679556121326751 ] ] ] ] } },
{ "type": "Feature", "properties": { "District": "BOLANGIR (BALANGIR)", "STATE": "ODISHA", "REMARKS": null, "State_LGD": 21, "DISTRICT_L": "345", "Shape_Leng": 560766.02267900005, "Shape_Area": 6318357757.3100004 }, "geometry": { "type": "Polygon", "coordinates": [ [ [ 83.455517679252637, 21.053109257933926 ], [ 83.456341166179769, 21.04818540208986 ], [ 83.451588976319798, 21.0422719859599 ], [ 83.445478487497667, 21.022666802100876 ], [ 83.446319592874502, 21.016162510527483 ], [ 83.455754024463729, 21.010035584690151 ], [ 83.466715628352958, 20.996256138138641 ], [ 83.490343624374518, 20.99532961301572 ], [ 83.504853502758451, 20.980994808894785 ], [ 83.51057793953521, 20.979813544331215 ], [ 83.529555315643478, 20.984656680927852 ], [ 83.572874210655755, 20.974206704212879 ], [ 83.615022152124766, 20.983875442570685 ], [ 83.639125162010245, 20.981260005887677 ], [ 83.631452587365587, 20.963904019442882 ], [ 83.625669377595045, 20.960508212188728 ], [ 83.623941557152961, 20.952381960751236 ], [ 83.616966368779629, 20.950047035536535 ], [ 83.615130785714442, 20.935954344989565 ], [ 83.609082094559326, 20.930471807130292 ], [ 83.615173536588841, 20.927078420774908 ], [ 83.612129392370093, 20.913347270843257 ], [ 83.61504167475799, 20.914223684008785 ], [ 83.619983071107058, 20.909656081382543 ], [ 83.619617194847748, 20.902971545921496 ], [ 83.593542962761518, 20.888056656107299 ], [ 83.589371336053105, 20.880928447592918 ], [ 83.576512342852254, 20.873055376961752 ], [ 83.569711832345845, 20.845429713516214 ], [ 83.582572597655016, 20.843164105087745 ], [ 83.604340718403023, 20.833087649852825 ], [ 83.614226807336323, 20.833022759439402 ], [ 83.625341778302186, 20.827128523115235 ], [ 83.620906675510426, 20.815856386813763 ], [ 83.593676671589847, 20.820816717917097 ], [ 83.597095649210104, 20.805709300715201 ], [ 83.592819872954777, 20.804708705644881 ], [ 83.593182423773285, 20.799520456820467 ], [ 83.607410293019413, 20.79940861706606 ], [ 83.613296795629608, 20.803057012375806 ], [ 83.618295813769521, 20.797012730916151 ], [ 83.624924587144193, 20.79944846358859 ], [ 83.634544844740432, 20.796655520785094 ], [ 83.635281794668359, 20.771101972720349 ], [ 83.64957242340877, 20.774750839441865 ], [ 83.655942528810769, 20.770399833405047 ], [ 83.655062617265457, 20.757127929679829 ], [ 83.649753355645828, 20.755964011325876 ], [ 83.65341089749694, 20.745822501820999 ], [ 83.6772409039623, 20.744622329782192 ], [ 83.676991333255984, 20.740540792166996 ], [ 83.67246153079212, 20.737279806653859 ], [ 83.667002764504005, 20.725072134553912 ], [ 83.664589858553384, 20.704551544677418 ], [ 83.655915955377068, 20.699886827174744 ], [ 83.650397377143818, 20.686555370015522 ], [ 83.636558594228063, 20.679689140408488 ], [ 83.641510284968035, 20.671437767422969 ], [ 83.628146516445327, 20.661123608120498 ], [ 83.626799382529228, 20.644138329841425 ], [ 83.622430239217366, 20.640778343515716 ], [ 83.621445805981764, 20.633154873046077 ], [ 83.606633843938283, 20.617759092706574 ], [ 83.604148858238389, 20.610934568968105 ], [ 83.600742145107986, 20.610796260368584 ], [ 83.60083277563794, 20.607381877445096 ], [ 83.594864993160286, 20.606352059248259 ], [ 83.594055049437003, 20.600982905167253 ], [ 83.599901380201047, 20.590060219265851 ], [ 83.59998832432683, 20.582470007241955 ], [ 83.595994164448257, 20.579311147562905 ], [ 83.605032725927842, 20.570394536950836 ], [ 83.597131147737429, 20.563786619300579 ], [ 83.594455873253281, 20.539637845179083 ], [ 83.597882475529232, 20.530539347702401 ], [ 83.602428332067007, 20.529563724370863 ], [ 83.579594142465311, 20.521381441732135 ], [ 83.57972626590508, 20.503803287097437 ], [ 83.569463441238199, 20.484615804822926 ], [ 83.573794041039676, 20.480854181452575 ], [ 83.582449397792971, 20.488340264009576 ], [ 83.596685348215487, 20.476419611282747 ], [ 83.596682807198107, 20.469155082791822 ], [ 83.609714082624166, 20.465731521712602 ], [ 83.617598026704982, 20.458331008471031 ], [ 83.618487746015049, 20.446821821195478 ], [ 83.62705765136387, 20.447579215193915 ], [ 83.635231187239512, 20.440697448974674 ], [ 83.656357356802232, 20.432560311706769 ], [ 83.659833955230567, 20.423196361532781 ], [ 83.666007124666976, 20.422865964593008 ], [ 83.662457008486854, 20.414321476406123 ], [ 83.658234304496105, 20.414186324369766 ], [ 83.661761763391809, 20.404620400706097 ], [ 83.658315200724658, 20.395192874730249 ], [ 83.655863801509, 20.394923183704734 ], [ 83.654970035916193, 20.388869388325471 ], [ 83.649929449848131, 20.387808454601942 ], [ 83.647578566614015, 20.380517285822084 ], [ 83.653648529701044, 20.371793365239839 ], [ 83.652238088443326, 20.366582511295071 ], [ 83.627280235586866, 20.367583087841467 ], [ 83.622265212623773, 20.362882201592122 ], [ 83.624098818569195, 20.352696997469788 ], [ 83.619022889055557, 20.350597213534478 ], [ 83.595596829166567, 20.360644442585084 ], [ 83.594017630481545, 20.358956982818398 ], [ 83.578791686142395, 20.364834971166854 ], [ 83.576453765286047, 20.363000494678058 ], [ 83.570041148228412, 20.387406598885658 ], [ 83.566181494176632, 20.387093273950832 ], [ 83.564456088932715, 20.393348942946673 ], [ 83.557673020955832, 20.394622452888459 ], [ 83.554802492156711, 20.399712105665422 ], [ 83.548123277735826, 20.401489297492436 ], [ 83.543539727263479, 20.396775183251084 ], [ 83.535752901337219, 20.399060363262169 ], [ 83.520465319214907, 20.404487760425962 ], [ 83.519620041907217, 20.411691985176017 ], [ 83.499343453431806, 20.416133278230667 ], [ 83.493957662126775, 20.406151470576315 ], [ 83.489894771163847, 20.405139539398803 ], [ 83.487331318724614, 20.410110921513997 ], [ 83.489094892657448, 20.42715649548056 ], [ 83.497464193240191, 20.434395810804109 ], [ 83.493721025565151, 20.437524122655432 ], [ 83.494123456846538, 20.447613578548758 ], [ 83.490708938107005, 20.453012633895586 ], [ 83.485804166831812, 20.454243098096683 ], [ 83.44515913155368, 20.418306774306952 ], [ 83.422233331684311, 20.403050473104738 ], [ 83.408339770180106, 20.36787610705688 ], [ 83.39534642970527, 20.359245992854262 ], [ 83.387396781961129, 20.346960725467902 ], [ 83.364102954166057, 20.343268224567172 ], [ 83.361530895156037, 20.317656436015604 ], [ 83.341405726172923, 20.316838901676562 ], [ 83.313658985093724, 20.304971692087708 ], [ 83.300146141191973, 20.305204049215231 ], [ 83.284894837122579, 20.279909767723872 ], [ 83.263115750456407, 20.267707237517666 ], [ 83.248727854002738, 20.264785820432337 ], [ 83.237954732295336, 20.256998928115401 ], [ 83.234238879523545, 20.245436673794217 ], [ 83.239151381288323, 20.229646333239177 ], [ 83.231044102591483, 20.219377229765737 ], [ 83.225058486391433, 20.20449297314579 ], [ 83.204506508193404, 20.195476879854322 ], [ 83.189519240271295, 20.176178953818557 ], [ 83.173645086785612, 20.171282154314049 ], [ 83.155278064642346, 20.174253858220915 ], [ 83.144775621198733, 20.169351574561468 ], [ 83.139738473063147, 20.180124380090788 ], [ 83.133091259791058, 20.18440497983471 ], [ 83.126795214483224, 20.194849770287913 ], [ 83.113012106057369, 20.195381646734013 ], [ 83.101569378314608, 20.192091399403132 ], [ 83.091065551284984, 20.200349890242826 ], [ 83.086086074631339, 20.192113294738849 ], [ 83.065118372032359, 20.19082098585945 ], [ 83.060754298794151, 20.185967854672455 ], [ 83.05221751341098, 20.18861464439237 ], [ 83.038731209041671, 20.182182783465354 ], [ 83.03443254373353, 20.186703409790827 ], [ 83.02945105906737, 20.177674689365659 ], [ 83.015815119397232, 20.171748422278128 ], [ 83.001736316575773, 20.176763968283133 ], [ 82.99387827512875, 20.175670000313058 ], [ 82.990503875295587, 20.178878547518892 ], [ 82.979887057531329, 20.176356424503041 ], [ 82.97568897638638, 20.180648903238424 ], [ 82.948628946365503, 20.177455206970851 ], [ 82.943687170037947, 20.173915044324264 ], [ 82.926157553481119, 20.180168806443433 ], [ 82.921734774666831, 20.172900738853151 ], [ 82.911020469345232, 20.167778532714795 ], [ 82.909576202668674, 20.147357877452496 ], [ 82.895254875892107, 20.149079702958499 ], [ 82.883877455341775, 20.158230162921413 ], [ 82.873962497337743, 20.156592588344573 ], [ 82.857907601838406, 20.16189793407116 ], [ 82.847219614076906, 20.161224724767724 ], [ 82.814924631906393, 20.168181891206554 ], [ 82.809618566505776, 20.174681624288972 ], [ 82.81191944149333, 20.184630410600022 ], [ 82.816573351233103, 20.189107880277177 ], [ 82.82739038535334, 20.186719501386602 ], [ 82.846999854334769, 20.195782315086653 ], [ 82.847854696719367, 20.20659462837347 ], [ 82.856498215279203, 20.228218435128063 ], [ 82.860870535003997, 20.231351652600708 ], [ 82.859405612615802, 20.236520396780818 ], [ 82.852184540616179, 20.236899474850134 ], [ 82.850926815065037, 20.243032489697853 ], [ 82.851526289323942, 20.252831291270741 ], [ 82.858283985360274, 20.255266302236723 ], [ 82.856830540990501, 20.26142851967678 ], [ 82.859898340929931, 20.269462348020255 ], [ 82.855871928814395, 20.280208799787257 ], [ 82.845347094561646, 20.290373538645948 ], [ 82.840199351030762, 20.282094941825008 ], [ 82.828604643163189, 20.279926566770943 ], [ 82.824610101957646, 20.283793657335881 ], [ 82.82124207745558, 20.281082825235764 ], [ 82.817327120241316, 20.284406949114928 ], [ 82.810425415459562, 20.295588907265032 ], [ 82.816799065640723, 20.300296720159647 ], [ 82.819076603026602, 20.307156129293237 ], [ 82.815889769413374, 20.317550062220878 ], [ 82.819112229618383, 20.320854159407151 ], [ 82.833897173420624, 20.321679754307812 ], [ 82.83674965930625, 20.316325037232268 ], [ 82.833390202430664, 20.306686125104335 ], [ 82.83984076056872, 20.305665351018451 ], [ 82.841479996457352, 20.302586071908902 ], [ 82.835897777925325, 20.295653229181749 ], [ 82.845877405474738, 20.291095178990609 ], [ 82.851601345301702, 20.301481043387675 ], [ 82.848937235924183, 20.3117479603413 ], [ 82.853591415829229, 20.325473627799219 ], [ 82.852309958489855, 20.337676819121789 ], [ 82.846741800593975, 20.340951421135657 ], [ 82.834512886580356, 20.336143933057546 ], [ 82.832860444645405, 20.340966639584533 ], [ 82.822133922724291, 20.344601660866324 ], [ 82.820984821329034, 20.350742432279155 ], [ 82.814073947873922, 20.358474236694523 ], [ 82.812296373359146, 20.34691254707479 ], [ 82.806574635341761, 20.340364344163966 ], [ 82.811463129426571, 20.327170948030208 ], [ 82.80314341773142, 20.32114600773205 ], [ 82.788398821391539, 20.324246722179076 ], [ 82.794014026510567, 20.338678065551331 ], [ 82.790184595068325, 20.347104457229204 ], [ 82.812745223260876, 20.363623220303118 ], [ 82.814998311092324, 20.38100610304398 ], [ 82.803520214124234, 20.385356999615567 ], [ 82.79787923123574, 20.379688462708657 ], [ 82.796527208059075, 20.372137327320814 ], [ 82.781079066886491, 20.370276927583838 ], [ 82.77659559533187, 20.356831845612717 ], [ 82.771585066487447, 20.354213563446912 ], [ 82.763755156716371, 20.353380340178095 ], [ 82.748171023493796, 20.362231427056734 ], [ 82.726422472724209, 20.355275541909254 ], [ 82.718587821881371, 20.355312181510079 ], [ 82.712921445978409, 20.360006521976214 ], [ 82.714784062707082, 20.367774877980143 ], [ 82.723346493811874, 20.370689652789878 ], [ 82.729908660554827, 20.3831940810466 ], [ 82.723111398399212, 20.393496009918302 ], [ 82.715050641900731, 20.398376767857272 ], [ 82.708713080973922, 20.416193693117613 ], [ 82.70289882756289, 20.42335074552653 ], [ 82.696543753960654, 20.425779488577017 ], [ 82.694307485798632, 20.43115354995216 ], [ 82.699600094399997, 20.442745674865662 ], [ 82.695328595317449, 20.451292123617705 ], [ 82.684453494918216, 20.453330902278235 ], [ 82.683304998288193, 20.461395166427899 ], [ 82.689469892791152, 20.468571069536512 ], [ 82.687179636989512, 20.476068264951632 ], [ 82.695467392859086, 20.481832018880858 ], [ 82.700536298051659, 20.500752194107026 ], [ 82.705153335951579, 20.504297502339238 ], [ 82.708690218827996, 20.526682954971903 ], [ 82.703791557382416, 20.532855605380526 ], [ 82.704425629010785, 20.539452570428889 ], [ 82.709619834792264, 20.544324437624422 ], [ 82.71019404550097, 20.570487458908936 ], [ 82.72851175798526, 20.585214440044847 ], [ 82.726455741350449, 20.591309645599829 ], [ 82.730051373717998, 20.606038074327589 ], [ 82.741975984930164, 20.630898765442172 ], [ 82.727132236030272, 20.639398808936363 ], [ 82.73106105994151, 20.654168872779312 ], [ 82.72393170902879, 20.657668367359086 ], [ 82.725313451055541, 20.670828955178237 ], [ 82.718908168106864, 20.678178073144295 ], [ 82.693166844557567, 20.684792008242535 ], [ 82.693361745354068, 20.705814376151107 ], [ 82.699867961517199, 20.729655916105759 ], [ 82.727590565304752, 20.722311556316818 ], [ 82.734268298779938, 20.723174847848728 ], [ 82.745464351603331, 20.770560275484385 ], [ 82.753366405840978, 20.770800438427766 ], [ 82.765468792392298, 20.78661455845949 ], [ 82.77078563390036, 20.802294599225583 ], [ 82.800941783132131, 20.834899486640474 ], [ 82.807134606089861, 20.835751057764522 ], [ 82.840683999617625, 20.868036553648945 ], [ 82.858479120254771, 20.876451855121836 ], [ 82.858756271164054, 20.879840436357981 ], [ 82.879685299744651, 20.896610089561257 ], [ 82.887982280331826, 20.909095777340575 ], [ 82.890463418668219, 20.903423296433232 ], [ 82.91667591106922, 20.900859673265977 ], [ 82.925471263302754, 20.894524228460753 ], [ 82.925611233427887, 20.882893997764036 ], [ 82.942127683309394, 20.884093600869861 ], [ 82.953049826263722, 20.895972467204643 ], [ 82.96693901738486, 20.893112710480068 ], [ 82.962837000753623, 20.885491835568594 ], [ 82.964251521825432, 20.878972791257176 ], [ 82.972824594243292, 20.884564005773285 ], [ 82.973016694272985, 20.876839731587481 ], [ 82.981324869346821, 20.865878412690499 ], [ 82.980377934350031, 20.845676331575579 ], [ 83.002464469999481, 20.848806396898663 ], [ 83.014425345086735, 20.861725677891233 ], [ 83.018243415535679, 20.856591384848926 ], [ 83.031399498789384, 20.854245668762495 ], [ 83.086717193138981, 20.857698336318524 ], [ 83.102369581942042, 20.874688647830336 ], [ 83.116064962812132, 20.863199171185958 ], [ 83.129263630996363, 20.858885618941006 ], [ 83.144535988978532, 20.88092486771934 ], [ 83.165435928219736, 20.883926014193587 ], [ 83.188285778570446, 20.897425090130152 ], [ 83.191456444229772, 20.896061437611625 ], [ 83.210327020086922, 20.919420102113431 ], [ 83.217655766941903, 20.92138855064535 ], [ 83.219306087182446, 20.926740335207118 ], [ 83.216524034360376, 20.930366178027153 ], [ 83.233252637564902, 20.928021255839347 ], [ 83.250313408765166, 20.917701109626183 ], [ 83.248962606151935, 20.911880723368331 ], [ 83.254177795898272, 20.902971051280026 ], [ 83.251264744252467, 20.898385844720377 ], [ 83.254332464492691, 20.898530516776962 ], [ 83.259393918885053, 20.888706208695169 ], [ 83.26928653861421, 20.881030197313546 ], [ 83.276024552542395, 20.869381675031214 ], [ 83.271600985493734, 20.868808354379933 ], [ 83.276400902186211, 20.860567478675847 ], [ 83.275808205601862, 20.847359353260902 ], [ 83.27933279512142, 20.841867144987706 ], [ 83.284009680461068, 20.845922598558587 ], [ 83.284711780432403, 20.853291073008606 ], [ 83.298267791866621, 20.854915627784674 ], [ 83.302122638493799, 20.852561079898496 ], [ 83.307063976351927, 20.859393686211554 ], [ 83.31216138788001, 20.857568502139397 ], [ 83.317131088711136, 20.861199145749399 ], [ 83.322223937923624, 20.871275538667941 ], [ 83.328698159990125, 20.873986856490255 ], [ 83.328920984567574, 20.880959720778037 ], [ 83.338400519685806, 20.883187084490409 ], [ 83.349261492756511, 20.874450558438348 ], [ 83.403562272645431, 20.890306212900708 ], [ 83.413829883507873, 20.896364915816758 ], [ 83.414542267676637, 20.908445749673021 ], [ 83.40801480405716, 20.916118404026204 ], [ 83.392170292754074, 20.92446341253374 ], [ 83.391153531361709, 20.93246463240046 ], [ 83.379914328069404, 20.940148126208168 ], [ 83.384965496182346, 20.952588384975357 ], [ 83.379602715584184, 20.95508787609279 ], [ 83.390507857130146, 20.964421152344659 ], [ 83.389380014579118, 20.971182188146305 ], [ 83.384060908447481, 20.972525358994773 ], [ 83.38649965833315, 20.988970687259712 ], [ 83.372289202926694, 20.992957345560537 ], [ 83.371313076428919, 21.001770458129723 ], [ 83.36090518854823, 21.003391676618946 ], [ 83.350008250257602, 20.998666271326773 ], [ 83.342480438213741, 20.986426135709877 ], [ 83.332626640978802, 20.980660196803107 ], [ 83.326707654216619, 20.994855198861611 ], [ 83.301640303038937, 21.006208369938637 ], [ 83.295710183423509, 21.013648183499456 ], [ 83.299661588283982, 21.017640263607422 ], [ 83.29794026331308, 21.022043178532698 ], [ 83.317316988213733, 21.041154285618767 ], [ 83.321719615594134, 21.05616981221474 ], [ 83.341038247242736, 21.0575480027073 ], [ 83.350934726662501, 21.063845153932888 ], [ 83.351953974728389, 21.071154278013662 ], [ 83.377089358038745, 21.061593574661327 ], [ 83.391247243766102, 21.071079071649564 ], [ 83.403390198986173, 21.062239162605998 ], [ 83.404111487640563, 21.050255542308022 ], [ 83.409767487044704, 21.039800332226253 ], [ 83.413949262420658, 21.039668728601441 ], [ 83.41395629290237, 21.036530882478058 ], [ 83.423604254271552, 21.031255666723933 ], [ 83.43113585644862, 21.033396446340312 ], [ 83.436885685944148, 21.046285004723398 ], [ 83.455517679252637, 21.053109257933926 ] ] ] } },
{ "type": "Feature", "properties": { "District": "BALASORE (B>LESHWAR)", "STATE": "ODISHA", "REMARKS": null, "State_LGD": 21, "DISTRICT_L": "346", "Shape_Leng": 554559.33411299996, "Shape_Area": 3581349597.4000001 }, "geometry": { "type": "MultiPolygon", "coordinates": [ [ [ [ 87.430098730056613, 21.586207425887132 ], [ 87.416560854619661, 21.569999707426692 ], [ 87.41371485954464, 21.560165114920174 ], [ 87.413210095530616, 21.568541873128598 ], [ 87.418996512172114, 21.578723528807572 ], [ 87.424840619592914, 21.585716780219983 ], [ 87.430098730056613, 21.586207425887132 ] ] ], [ [ [ 87.170413720630933, 21.979937904970544 ], [ 87.177633390037855, 21.969640514602634 ], [ 87.196808649330904, 21.959550255299799 ], [ 87.210602686506263, 21.964361852013024 ], [ 87.223968016763124, 21.956836086851069 ], [ 87.231456780343635, 21.957283035324846 ], [ 87.239029237541757, 21.940967959562727 ], [ 87.249479530089673, 21.935975373421876 ], [ 87.245114877414011, 21.925412198540894 ], [ 87.249200317438934, 21.915149897436862 ], [ 87.236980510804273, 21.9077982430498 ], [ 87.234260848872196, 21.901053819640961 ], [ 87.252320829330245, 21.877111205091339 ], [ 87.24779746052306, 21.860901326143782 ], [ 87.24902813211412, 21.853225790675086 ], [ 87.25954248480258, 21.84921471767878 ], [ 87.258487389791355, 21.844084321332797 ], [ 87.265417822179856, 21.838683952732467 ], [ 87.265008577689287, 21.83006796573169 ], [ 87.270877264402927, 21.82705991679228 ], [ 87.269056767244322, 21.823428148976561 ], [ 87.264196591294436, 21.823248801024697 ], [ 87.26389553446792, 21.818584037129394 ], [ 87.27519348790014, 21.816970245897561 ], [ 87.276014854602195, 21.811172756445881 ], [ 87.273762057294562, 21.810286316967446 ], [ 87.277377908942526, 21.805005192109661 ], [ 87.284139350004324, 21.802787514948111 ], [ 87.290594403591754, 21.811320938927178 ], [ 87.296982210717729, 21.81155441465015 ], [ 87.298380510061378, 21.801209883557128 ], [ 87.309633447595957, 21.798920925611235 ], [ 87.310656029604573, 21.793854788466678 ], [ 87.321635091925771, 21.797674519340056 ], [ 87.319462050430928, 21.790724191610174 ], [ 87.336030804784684, 21.793542407202249 ], [ 87.338571548149218, 21.784764632688827 ], [ 87.347320879587613, 21.792962255015496 ], [ 87.355516459922541, 21.792173266017588 ], [ 87.355662386491971, 21.786388774162891 ], [ 87.359405043544086, 21.782591535859599 ], [ 87.371825639274746, 21.778758662272939 ], [ 87.369660366076744, 21.765432937616989 ], [ 87.373880586691826, 21.765112478690344 ], [ 87.374010983318342, 21.772807110957853 ], [ 87.38506268800711, 21.776767118593085 ], [ 87.393431172340513, 21.776206513235667 ], [ 87.391482394382905, 21.770959559837525 ], [ 87.395417525103355, 21.770936555593376 ], [ 87.397746993316673, 21.76657870171428 ], [ 87.404133925026315, 21.771481778131559 ], [ 87.44555326406973, 21.768164288592693 ], [ 87.445425539425926, 21.743785570918078 ], [ 87.454321425920142, 21.739085426301443 ], [ 87.44529265062657, 21.738696528204148 ], [ 87.444778158282801, 21.734032052359655 ], [ 87.469184392784314, 21.732516541051616 ], [ 87.463462584472708, 21.725380373243279 ], [ 87.473589832508523, 21.714568786287771 ], [ 87.47018174879473, 21.7053317845272 ], [ 87.473631221397653, 21.697106739985607 ], [ 87.469586872649529, 21.689346609072658 ], [ 87.469449613927836, 21.678725814217181 ], [ 87.466729454657738, 21.678569326439685 ], [ 87.467198726258573, 21.664132440928324 ], [ 87.461275342489714, 21.662640837308459 ], [ 87.460370400480386, 21.651397278793727 ], [ 87.47256288056677, 21.652469883590673 ], [ 87.471956225198866, 21.648062932914335 ], [ 87.476471715846017, 21.646931364685582 ], [ 87.475165579454966, 21.643992404148364 ], [ 87.480610995673374, 21.633205626578565 ], [ 87.486014814226621, 21.632235846687816 ], [ 87.484807911699747, 21.612460112385328 ], [ 87.407575764658063, 21.588660664427405 ], [ 87.406797148331719, 21.582709051568486 ], [ 87.371987453852213, 21.560778819193164 ], [ 87.361884071729904, 21.55775710932101 ], [ 87.249996937552211, 21.556783563801314 ], [ 87.241461685739978, 21.551748493763291 ], [ 87.206143428387904, 21.545277137936928 ], [ 87.199481549081725, 21.546559177955015 ], [ 87.196297102822214, 21.541263913897254 ], [ 87.160547740665976, 21.529470759893261 ], [ 87.130868239542281, 21.512718545230367 ], [ 87.121985773858654, 21.513222200616855 ], [ 87.118501886239429, 21.517097099911449 ], [ 87.10786919592023, 21.499996149352167 ], [ 87.074349158859576, 21.471395033396128 ], [ 87.056312343296753, 21.468962591751797 ], [ 87.052245924772322, 21.461270482998511 ], [ 87.028372990705762, 21.442144274331877 ], [ 86.979279739911135, 21.409763265333794 ], [ 86.972937605602752, 21.400054022577372 ], [ 86.946790967754964, 21.375584874957259 ], [ 86.924055994659739, 21.344865284503424 ], [ 86.912448677764132, 21.337437158269349 ], [ 86.913901738871672, 21.334578241650757 ], [ 86.909913108046666, 21.328310179958539 ], [ 86.897496320735115, 21.316091868316168 ], [ 86.892511894929783, 21.318444711146388 ], [ 86.885707288193572, 21.298935257758028 ], [ 86.855598433708607, 21.258537747119352 ], [ 86.843683691441043, 21.232428476273416 ], [ 86.832137733362657, 21.216189841754275 ], [ 86.83240848294902, 21.208143802377506 ], [ 86.816709805076314, 21.216905664899823 ], [ 86.82475581606397, 21.220975612260691 ], [ 86.816310070287244, 21.22067298446154 ], [ 86.81654583078965, 21.224834031906649 ], [ 86.80907317369477, 21.224523059240262 ], [ 86.808600691107756, 21.228489052083873 ], [ 86.803809494933461, 21.22618404921635 ], [ 86.802463915289067, 21.230767928039 ], [ 86.798849316511138, 21.224244641690746 ], [ 86.792867239806668, 21.226175493043442 ], [ 86.790656465908214, 21.222188169117011 ], [ 86.787662994485757, 21.226543993619025 ], [ 86.785287460152304, 21.219972279383246 ], [ 86.770159205363498, 21.225915696421769 ], [ 86.769209579647395, 21.210698851817462 ], [ 86.762377213617825, 21.199151205244497 ], [ 86.757559147067354, 21.196623489978663 ], [ 86.763173595466341, 21.192154419312025 ], [ 86.76030263669999, 21.186141838337953 ], [ 86.770247010856167, 21.18161084170519 ], [ 86.773592884102399, 21.176469691652354 ], [ 86.770430162903409, 21.17217360850033 ], [ 86.765558927830511, 21.170228830561655 ], [ 86.742897361426614, 21.181517250572124 ], [ 86.736860541307522, 21.182294041613787 ], [ 86.729832740344619, 21.177024364317184 ], [ 86.703472168543414, 21.183810930043045 ], [ 86.699171715919832, 21.183315422994195 ], [ 86.690742405864526, 21.167018486617263 ], [ 86.67255506402222, 21.169645173149718 ], [ 86.662256630568535, 21.15097593718944 ], [ 86.667766719774136, 21.14844338331492 ], [ 86.667432863781301, 21.144833093656011 ], [ 86.654699847321709, 21.128467117394592 ], [ 86.660569261233505, 21.124295590433668 ], [ 86.654227316069552, 21.11420829654077 ], [ 86.652697401536955, 21.101307120513191 ], [ 86.66547235488386, 21.097845126319189 ], [ 86.661777330436635, 21.084122008490947 ], [ 86.649128587581089, 21.087602075164561 ], [ 86.642213535362046, 21.08061680184414 ], [ 86.64757936318145, 21.077054513620713 ], [ 86.648174682215199, 21.063385117332491 ], [ 86.634724502549346, 21.06453132921169 ], [ 86.625387026324489, 21.072335673043064 ], [ 86.630926406973146, 21.086248805473723 ], [ 86.630616179710415, 21.092961442545779 ], [ 86.624670573852725, 21.093138135842402 ], [ 86.616089711053675, 21.099728325151489 ], [ 86.598148135373961, 21.099506055562149 ], [ 86.594227236078922, 21.096781590138789 ], [ 86.588008302850028, 21.099996743370404 ], [ 86.590144948289861, 21.109064391551108 ], [ 86.585349237139667, 21.117934480279636 ], [ 86.578830649040299, 21.117760288223941 ], [ 86.580955895412743, 21.123914105297658 ], [ 86.572554736231723, 21.128677325622711 ], [ 86.574300738207242, 21.131012835403407 ], [ 86.560869502007947, 21.144743835555378 ], [ 86.562785299399238, 21.1499350541397 ], [ 86.55926649386646, 21.1592006493469 ], [ 86.529710512755912, 21.159265649316477 ], [ 86.511243553575838, 21.136530329587359 ], [ 86.482373733602785, 21.152486586010056 ], [ 86.48011790949964, 21.150315739307189 ], [ 86.454876749140126, 21.162768123339735 ], [ 86.44992359501218, 21.154249997142877 ], [ 86.428327194082712, 21.162413960285718 ], [ 86.439148419408326, 21.168914828928589 ], [ 86.440185891024157, 21.179909515797554 ], [ 86.432388898678568, 21.175835782072184 ], [ 86.425949501471194, 21.180769808427474 ], [ 86.439177114938346, 21.193237504518709 ], [ 86.442458068472263, 21.191807258364783 ], [ 86.445994547199561, 21.195469080664328 ], [ 86.443407183053353, 21.202051697155479 ], [ 86.436208866127885, 21.204914544066 ], [ 86.438692412475177, 21.209331946489982 ], [ 86.435344428456062, 21.210540524388314 ], [ 86.43594244770712, 21.216713493407592 ], [ 86.433033373297903, 21.220268091423254 ], [ 86.421557531249036, 21.222632488744253 ], [ 86.417731626612351, 21.210458128455887 ], [ 86.421154546418535, 21.207361827469953 ], [ 86.418736934738902, 21.20347295598836 ], [ 86.417517782859164, 21.207249938180912 ], [ 86.412163157647186, 21.209074541582186 ], [ 86.407028568606862, 21.21970441153837 ], [ 86.374440829623794, 21.224199175349078 ], [ 86.364290392739591, 21.237456212511809 ], [ 86.368428110752248, 21.242269355997163 ], [ 86.372252370587873, 21.258596287886888 ], [ 86.368894090505464, 21.264099593215253 ], [ 86.359704636012921, 21.266111346527492 ], [ 86.360998907610721, 21.269956110772451 ], [ 86.352897652658484, 21.284218445190714 ], [ 86.357957547507397, 21.299339574889753 ], [ 86.3703349738676, 21.307147434164413 ], [ 86.382688434633195, 21.309935311715964 ], [ 86.393629151080006, 21.319940636630253 ], [ 86.404610652402752, 21.320201228777446 ], [ 86.434122447741373, 21.341191969014293 ], [ 86.435653980552942, 21.353005803480062 ], [ 86.488876009844546, 21.383935810450257 ], [ 86.531949231555387, 21.425992907337132 ], [ 86.559708933901135, 21.473144889570364 ], [ 86.567561865401387, 21.495815978515491 ], [ 86.582472957222961, 21.522705710385996 ], [ 86.611364875227039, 21.518425162722107 ], [ 86.620131184001878, 21.526210875285809 ], [ 86.623703837884676, 21.524371322813344 ], [ 86.623301813930112, 21.528621356532334 ], [ 86.626986288990921, 21.5283766548797 ], [ 86.625910078245411, 21.533853935472138 ], [ 86.637826690361791, 21.533695013516496 ], [ 86.63995010213965, 21.549777279715915 ], [ 86.642961494852429, 21.556428944025782 ], [ 86.648615106573601, 21.558930079926338 ], [ 86.646234419712556, 21.562882339255783 ], [ 86.650021908303756, 21.57036673009474 ], [ 86.64933810852007, 21.579576380787731 ], [ 86.664107231946559, 21.577673349505741 ], [ 86.675886803626923, 21.586447005740666 ], [ 86.682945307484303, 21.596710704357264 ], [ 86.69353492740936, 21.584569536525485 ], [ 86.69541652248617, 21.587884289420156 ], [ 86.707300620854966, 21.586866587675956 ], [ 86.713113651825239, 21.595428267540303 ], [ 86.7223711939845, 21.599143769471354 ], [ 86.734582814519726, 21.599059789426949 ], [ 86.735249498851459, 21.604328216856175 ], [ 86.740121354563854, 21.605605304770393 ], [ 86.753422425508049, 21.607193108996395 ], [ 86.765407423406586, 21.601274480123497 ], [ 86.77415071026833, 21.604412668291108 ], [ 86.776329118643957, 21.601416007090393 ], [ 86.79477334174004, 21.597220446820142 ], [ 86.79598527960178, 21.601025656568076 ], [ 86.792591415253213, 21.602995599900154 ], [ 86.799091950947002, 21.607575264153272 ], [ 86.80735535845659, 21.609134532778569 ], [ 86.820597022189773, 21.604943562347767 ], [ 86.829663232999494, 21.605811412241209 ], [ 86.8301088610786, 21.60891989686132 ], [ 86.831486493305832, 21.604019826747656 ], [ 86.832874129887685, 21.607151843559731 ], [ 86.83589917036673, 21.606287497451628 ], [ 86.836376397164273, 21.602895335055177 ], [ 86.844558568651138, 21.599239494998457 ], [ 86.847180537075957, 21.604793918164688 ], [ 86.850700889300668, 21.601282507270099 ], [ 86.85453404409698, 21.603612409767255 ], [ 86.862858738596998, 21.59693358858522 ], [ 86.864038795262658, 21.590230591825357 ], [ 86.871618725369714, 21.605171449522011 ], [ 86.875571863598054, 21.603286140469585 ], [ 86.879085284037558, 21.613064580185306 ], [ 86.885979535258443, 21.61250024494279 ], [ 86.873318599820252, 21.622429552253717 ], [ 86.874942645482719, 21.638422654239143 ], [ 86.878877735035772, 21.63604034197764 ], [ 86.876847412470312, 21.631507821210718 ], [ 86.88335683364258, 21.623909595712629 ], [ 86.88859885304241, 21.623890603188958 ], [ 86.888804620144711, 21.613843852210064 ], [ 86.899709142399729, 21.612481984416473 ], [ 86.899427014247635, 21.608289582060095 ], [ 86.906736787077136, 21.59960217781817 ], [ 86.901967163524404, 21.598671451615022 ], [ 86.902158100775637, 21.593012401643943 ], [ 86.90433236354913, 21.597508036775377 ], [ 86.912088621252479, 21.592264151798695 ], [ 86.908976350626446, 21.587035727434273 ], [ 86.910134508926987, 21.580942239263678 ], [ 86.917045325808104, 21.5823372171334 ], [ 86.920315058026873, 21.591446106778111 ], [ 86.924372931654915, 21.59058063899732 ], [ 86.9289167811543, 21.583562434915219 ], [ 86.956223947182195, 21.573113809209914 ], [ 86.952291112120776, 21.583861700046171 ], [ 86.956249263959151, 21.585306582798335 ], [ 86.952992070858912, 21.59066345993844 ], [ 86.955366851516473, 21.596207092373259 ], [ 86.958043254800572, 21.595001614495096 ], [ 86.958385541300856, 21.597350802720218 ], [ 86.962743607388461, 21.593493885880918 ], [ 86.958254009784554, 21.584367455679544 ], [ 86.960317427910439, 21.580722328854488 ], [ 86.963285935373548, 21.58821755894099 ], [ 86.969357327258663, 21.588797028208148 ], [ 86.970000404113406, 21.58557616079176 ], [ 86.974439360272427, 21.584908310551747 ], [ 86.991841339614851, 21.597423567290235 ], [ 86.989682414480868, 21.593271860344842 ], [ 87.006361784504378, 21.598742756852342 ], [ 87.007028526201864, 21.601457748333893 ], [ 86.996801939235311, 21.610669047492305 ], [ 87.001120805668293, 21.615168500221028 ], [ 86.995342702647093, 21.620119610582755 ], [ 86.987960693072964, 21.618940174421166 ], [ 86.993443928900476, 21.622405396691089 ], [ 86.993197323758366, 21.626882219165321 ], [ 86.98693559597811, 21.628806294540279 ], [ 86.992820015919449, 21.636088838543465 ], [ 86.997584149062007, 21.634548513900342 ], [ 86.995120261061345, 21.626227250440966 ], [ 86.997642321717805, 21.622690111358615 ], [ 86.999135168447481, 21.627252789522203 ], [ 87.005015056762034, 21.627334030955268 ], [ 87.005464564707623, 21.632181279392114 ], [ 87.012509564466981, 21.637913585186844 ], [ 87.011833998171284, 21.648805276791173 ], [ 87.007852260246452, 21.648340212209902 ], [ 87.004523027259893, 21.652360888922697 ], [ 86.988779331001282, 21.65343573059544 ], [ 86.991291714106822, 21.660573486465132 ], [ 86.988884245524005, 21.671663722407807 ], [ 87.002271558650548, 21.676664910144119 ], [ 87.007375149476402, 21.673394119535875 ], [ 87.011058204175811, 21.677500287607643 ], [ 87.018379980648149, 21.674201891741447 ], [ 87.017876839033434, 21.670086537681058 ], [ 87.021840382290151, 21.673925907358125 ], [ 87.025247445839497, 21.672723778869997 ], [ 87.023660638846621, 21.662961769484898 ], [ 87.030546722732524, 21.661018145783064 ], [ 87.031854204841522, 21.67312017875965 ], [ 87.038339903653068, 21.672486362509364 ], [ 87.04096107823608, 21.678534616449522 ], [ 87.048858020625289, 21.677204346199975 ], [ 87.052606391992768, 21.684652487397063 ], [ 87.050843387316505, 21.688000470533822 ], [ 87.046541597478225, 21.688024320206811 ], [ 87.046567119148591, 21.692239096199323 ], [ 87.042815852615192, 21.690966185858993 ], [ 87.042831376495798, 21.694426549288821 ], [ 87.036499971504227, 21.697346336357558 ], [ 87.035153965695358, 21.708147840501805 ], [ 87.039316923253793, 21.710916097839679 ], [ 87.036136975128358, 21.714860546953581 ], [ 87.037419957371327, 21.722101714346987 ], [ 87.031086489056307, 21.721556414310882 ], [ 87.028259412137515, 21.727519933855465 ], [ 87.030668299296863, 21.732972044401784 ], [ 87.023547286903366, 21.738601926344025 ], [ 87.025810936422204, 21.74302414811147 ], [ 87.046104037711316, 21.740724889370657 ], [ 87.042374919387797, 21.736813794841716 ], [ 87.044742559605851, 21.716132364506187 ], [ 87.059657949370788, 21.707332211078526 ], [ 87.068977998281696, 21.707030443011529 ], [ 87.071465524681159, 21.712685224935157 ], [ 87.078547312476772, 21.71182822355005 ], [ 87.076194778984089, 21.715167708458523 ], [ 87.08130319172551, 21.721042464251983 ], [ 87.087584923335029, 21.715681506950663 ], [ 87.089933900672477, 21.722623623120075 ], [ 87.086469354617975, 21.725778634121479 ], [ 87.087888420546591, 21.729870678566996 ], [ 87.092803802269145, 21.72721168261036 ], [ 87.093662687926368, 21.732072018033609 ], [ 87.086304167064725, 21.732527758502027 ], [ 87.083421087940494, 21.738410924278583 ], [ 87.095998602963462, 21.733028375169031 ], [ 87.09496857870505, 21.747480200211193 ], [ 87.107181782550782, 21.755279105569517 ], [ 87.12207003371806, 21.753708749740632 ], [ 87.112594683023019, 21.765552707080158 ], [ 87.102204964408728, 21.771688307304775 ], [ 87.101575460932963, 21.777987489831695 ], [ 87.105708459508662, 21.781722504428078 ], [ 87.103837092098956, 21.784025214144108 ], [ 87.108628464604209, 21.782811111022575 ], [ 87.111214436054425, 21.78897066660203 ], [ 87.116987361394521, 21.789264648337927 ], [ 87.118322044618225, 21.785019968496282 ], [ 87.114115454029033, 21.787832926019455 ], [ 87.1124089659193, 21.785647225067258 ], [ 87.121653275994234, 21.783173278427633 ], [ 87.121934116113124, 21.771988083963855 ], [ 87.126439725145318, 21.772024272988698 ], [ 87.12537610483308, 21.777004973179462 ], [ 87.129949612252716, 21.778901459983764 ], [ 87.158704201321939, 21.771239973557918 ], [ 87.164422081917749, 21.784970783616195 ], [ 87.161812269917036, 21.78900377177354 ], [ 87.166322417430735, 21.786054049165728 ], [ 87.171066307599474, 21.788997072528971 ], [ 87.168553192505939, 21.809187011763818 ], [ 87.172833787038741, 21.812545499830456 ], [ 87.180099494901924, 21.792864202581825 ], [ 87.183508139607397, 21.792659881340349 ], [ 87.176427101201796, 21.813506249100431 ], [ 87.122013991279559, 21.842201245110363 ], [ 87.118317938079059, 21.855002793194437 ], [ 87.102668970800167, 21.859489800708086 ], [ 87.095719395922544, 21.874353903495507 ], [ 87.098846290569782, 21.890718843970731 ], [ 87.090574886632851, 21.901066948263438 ], [ 87.097099673007733, 21.913937528702878 ], [ 87.102345087293813, 21.915058260374661 ], [ 87.106921958009153, 21.922319836540925 ], [ 87.124643999811141, 21.926005779840654 ], [ 87.141548336324718, 21.924018212126569 ], [ 87.152811592270211, 21.933215045346255 ], [ 87.161402604949771, 21.934920250279486 ], [ 87.163276644722572, 21.938898055610359 ], [ 87.160661448451776, 21.952269133512921 ], [ 87.164787785360602, 21.960901932284255 ], [ 87.161986660293579, 21.967612624156963 ], [ 87.168203505016393, 21.97127775265426 ], [ 87.170413720630933, 21.979937904970544 ] ] ] ] } },
{ "type": "Feature", "properties": { "District": "BARAGARH", "STATE": "ODISHA", "REMARKS": null, "State_LGD": 21, "DISTRICT_L": "347", "Shape_Leng": 603877.34730499994, "Shape_Area": 5624674392.3199997 }, "geometry": { "type": "Polygon", "coordinates": [ [ [ 83.798279957725299, 21.564344436915803 ], [ 83.815135227682532, 21.536358306059821 ], [ 83.845891827700484, 21.526610549603266 ], [ 83.862667446279261, 21.492328440558758 ], [ 83.86189654058208, 21.488667739444963 ], [ 83.869186759613768, 21.47827465986423 ], [ 83.872359396285162, 21.45736826814057 ], [ 83.884765924068248, 21.439543498457034 ], [ 83.878910496607645, 21.431276687633648 ], [ 83.881109053419152, 21.42983058497553 ], [ 83.8788002106443, 21.425663835226281 ], [ 83.848164280840635, 21.420559628322192 ], [ 83.84576920358279, 21.414132620192508 ], [ 83.851166393807731, 21.403145184579515 ], [ 83.868328046860682, 21.397661854583419 ], [ 83.879090204327483, 21.388089301772006 ], [ 83.880319877528578, 21.349961476899075 ], [ 83.874928327066897, 21.338332559048059 ], [ 83.876259979661029, 21.324855224512113 ], [ 83.869698690558664, 21.310465669425767 ], [ 83.873000977109299, 21.309384664838319 ], [ 83.875815503065098, 21.293647885021873 ], [ 83.883734306159255, 21.293715347827995 ], [ 83.886148113462809, 21.296968802453353 ], [ 83.890229220161643, 21.294845086124905 ], [ 83.889231322668252, 21.280261413614792 ], [ 83.897478382959179, 21.265184675474522 ], [ 83.906200115893398, 21.259148932796037 ], [ 83.912149914818585, 21.244400307724725 ], [ 83.912407606429326, 21.231794539083143 ], [ 83.895669164889384, 21.186375474930419 ], [ 83.890625598662609, 21.176482538821599 ], [ 83.88443666061832, 21.175450920113651 ], [ 83.872817992411555, 21.159151980341321 ], [ 83.861116889959447, 21.133907500694207 ], [ 83.856481348194109, 21.115940532959847 ], [ 83.840017617623346, 21.093807248501314 ], [ 83.834203259600955, 21.098896759795959 ], [ 83.821090777092721, 21.102401424258609 ], [ 83.812480244798891, 21.109766499975084 ], [ 83.799568307282058, 21.113785470426606 ], [ 83.785613372264478, 21.133348079283309 ], [ 83.786651280830711, 21.145879367499116 ], [ 83.784107496368094, 21.151617635319258 ], [ 83.768142248551968, 21.154971658979445 ], [ 83.761902673844546, 21.142854630717025 ], [ 83.746444208126675, 21.139508713406926 ], [ 83.73725282822565, 21.131297968678204 ], [ 83.727479265657763, 21.131442113388019 ], [ 83.722499658853664, 21.127753121566858 ], [ 83.722614978181426, 21.124063364062579 ], [ 83.712665842061725, 21.119298297481482 ], [ 83.70381589694918, 21.121782693440956 ], [ 83.685280083861613, 21.116218308472419 ], [ 83.675850525119898, 21.126113466624922 ], [ 83.648258428243651, 21.13071847959403 ], [ 83.637168736847201, 21.127754262000646 ], [ 83.604337369029807, 21.128375263063546 ], [ 83.594839447138014, 21.10789982774925 ], [ 83.548217134053203, 21.07686639320071 ], [ 83.539159744615986, 21.072040768595826 ], [ 83.5295487615588, 21.071692082216529 ], [ 83.512548892760108, 21.061845829172881 ], [ 83.501883702808001, 21.064865606408244 ], [ 83.491867143186141, 21.062096448178028 ], [ 83.497071019191381, 21.04480131818076 ], [ 83.493915480288294, 21.040698805913344 ], [ 83.4878991988558, 21.041545521632013 ], [ 83.48112494179361, 21.050922176657132 ], [ 83.461456114537697, 21.061813346031595 ], [ 83.457554037742256, 21.059969220272485 ], [ 83.456267228566929, 21.053355709050212 ], [ 83.436885685944148, 21.046285004723398 ], [ 83.43113585644862, 21.033396446340312 ], [ 83.423604254271552, 21.031255666723933 ], [ 83.41395629290237, 21.036530882478058 ], [ 83.413949262420658, 21.039668728601441 ], [ 83.409767487044704, 21.039800332226253 ], [ 83.404111487640563, 21.050255542308022 ], [ 83.403390198986173, 21.062239162605998 ], [ 83.391247243766102, 21.071079071649564 ], [ 83.377089358038745, 21.061593574661327 ], [ 83.351953974728389, 21.071154278013662 ], [ 83.350934726662501, 21.063845153932888 ], [ 83.341038247242736, 21.0575480027073 ], [ 83.321719615594134, 21.05616981221474 ], [ 83.317316988213733, 21.041154285618767 ], [ 83.299590952728835, 21.024639612883469 ], [ 83.299661588283982, 21.017640263607422 ], [ 83.295710183423509, 21.013648183499456 ], [ 83.306598940190341, 21.001915091074945 ], [ 83.326707654216619, 20.994855198861611 ], [ 83.332626640978802, 20.980660196803107 ], [ 83.342480438213741, 20.986426135709877 ], [ 83.350008250257602, 20.998666271326773 ], [ 83.36090518854823, 21.003391676618946 ], [ 83.371313076428919, 21.001770458129723 ], [ 83.372289202926694, 20.992957345560537 ], [ 83.38649965833315, 20.988970687259712 ], [ 83.384060908447481, 20.972525358994773 ], [ 83.389380014579118, 20.971182188146305 ], [ 83.390507857130146, 20.964421152344659 ], [ 83.379602715584184, 20.95508787609279 ], [ 83.384965496182346, 20.952588384975357 ], [ 83.379914328069404, 20.940148126208168 ], [ 83.391153531361709, 20.93246463240046 ], [ 83.392170292754074, 20.92446341253374 ], [ 83.40801480405716, 20.916118404026204 ], [ 83.414542267676637, 20.908445749673021 ], [ 83.413829883507873, 20.896364915816758 ], [ 83.403562272645431, 20.890306212900708 ], [ 83.349261492756511, 20.874450558438348 ], [ 83.338400519685806, 20.883187084490409 ], [ 83.328920984567574, 20.880959720778037 ], [ 83.328698159990125, 20.873986856490255 ], [ 83.322223937923624, 20.871275538667941 ], [ 83.317131088711136, 20.861199145749399 ], [ 83.31216138788001, 20.857568502139397 ], [ 83.307063976351927, 20.859393686211554 ], [ 83.302122638493799, 20.852561079898496 ], [ 83.298267791866621, 20.854915627784674 ], [ 83.284711780432403, 20.853291073008606 ], [ 83.284009680461068, 20.845922598558587 ], [ 83.27933279512142, 20.841867144987706 ], [ 83.275808205601862, 20.847359353260902 ], [ 83.276400902186211, 20.860567478675847 ], [ 83.271600985493734, 20.868808354379933 ], [ 83.276024552542395, 20.869381675031214 ], [ 83.26928653861421, 20.881030197313546 ], [ 83.259393918885053, 20.888706208695169 ], [ 83.254332464492691, 20.898530516776962 ], [ 83.251264744252467, 20.898385844720377 ], [ 83.254177795898272, 20.902971051280026 ], [ 83.248962606151935, 20.911880723368331 ], [ 83.250313408765166, 20.917701109626183 ], [ 83.233252637564902, 20.928021255839347 ], [ 83.216524034360376, 20.930366178027153 ], [ 83.219306087182446, 20.926740335207118 ], [ 83.217655766941903, 20.92138855064535 ], [ 83.210327020086922, 20.919420102113431 ], [ 83.191456444229772, 20.896061437611625 ], [ 83.188285778570446, 20.897425090130152 ], [ 83.165435928219736, 20.883926014193587 ], [ 83.144535988978532, 20.88092486771934 ], [ 83.129263630996363, 20.858885618941006 ], [ 83.116064962812132, 20.863199171185958 ], [ 83.102369581942042, 20.874688647830336 ], [ 83.086717193138981, 20.857698336318524 ], [ 83.031399498789384, 20.854245668762495 ], [ 83.018243415535679, 20.856591384848926 ], [ 83.014425345086735, 20.861725677891233 ], [ 83.002464469999481, 20.848806396898663 ], [ 82.980377934350031, 20.845676331575579 ], [ 82.981324869346821, 20.865878412690499 ], [ 82.973016694272985, 20.876839731587481 ], [ 82.972824594243292, 20.884564005773285 ], [ 82.964251521825432, 20.878972791257176 ], [ 82.962837000753623, 20.885491835568594 ], [ 82.96693901738486, 20.893112710480068 ], [ 82.953049826263722, 20.895972467204643 ], [ 82.942127683309394, 20.884093600869861 ], [ 82.925611233427887, 20.882893997764036 ], [ 82.925471263302754, 20.894524228460753 ], [ 82.91667591106922, 20.900859673265977 ], [ 82.890463418668219, 20.903423296433232 ], [ 82.887982280331826, 20.909095777340575 ], [ 82.879685299744651, 20.896610089561257 ], [ 82.858756271164054, 20.879840436357981 ], [ 82.858479120254771, 20.876451855121836 ], [ 82.840683999617625, 20.868036553648945 ], [ 82.807134606089861, 20.835751057764522 ], [ 82.800941783132131, 20.834899486640474 ], [ 82.77078563390036, 20.802294599225583 ], [ 82.765468792392298, 20.78661455845949 ], [ 82.753366405840978, 20.770800438427766 ], [ 82.745464351603331, 20.770560275484385 ], [ 82.74497463610669, 20.760114329015281 ], [ 82.739374519699609, 20.750754502088434 ], [ 82.733540944434523, 20.722527207913057 ], [ 82.685354006703818, 20.733028061960596 ], [ 82.686157815973914, 20.743611438644244 ], [ 82.696767912701844, 20.754319455769711 ], [ 82.697653264083712, 20.761365417687017 ], [ 82.694725091613449, 20.770481442868018 ], [ 82.689707388036055, 20.774419561298927 ], [ 82.687819587999002, 20.801148472969683 ], [ 82.683118369587646, 20.813786555719574 ], [ 82.687226678827997, 20.830727914583878 ], [ 82.686613438432857, 20.855018827971627 ], [ 82.681763526374169, 20.869528172213933 ], [ 82.680887505713329, 20.885375899003943 ], [ 82.692464796442707, 20.899976207935101 ], [ 82.693727190860926, 20.924221139033094 ], [ 82.698550586604384, 20.937613937567413 ], [ 82.697152147429662, 20.948747153975003 ], [ 82.687172703088578, 20.973311391236589 ], [ 82.689510464949521, 21.017399485703972 ], [ 82.692372604782022, 21.021670587712578 ], [ 82.679697723500965, 21.03453689626717 ], [ 82.669242959349916, 21.065044060994055 ], [ 82.657675921633597, 21.077193532438674 ], [ 82.646881976103373, 21.079751027102994 ], [ 82.635639415770811, 21.090595225857431 ], [ 82.649905594277215, 21.106467732444894 ], [ 82.641536724245128, 21.111792414668166 ], [ 82.640567667086316, 21.118219578285288 ], [ 82.652755692571645, 21.128710052018413 ], [ 82.651978079443239, 21.133252059601869 ], [ 82.643952136836617, 21.134874765401548 ], [ 82.637272997680654, 21.144740017232991 ], [ 82.640610129275643, 21.154874042718902 ], [ 82.655487978589449, 21.15713633331665 ], [ 82.664053209797629, 21.154997375791705 ], [ 82.693004375503151, 21.165743498578408 ], [ 82.697084015386409, 21.164198514032595 ], [ 82.695732582260305, 21.160526886767723 ], [ 82.699831296893237, 21.157699216687444 ], [ 82.710671195045194, 21.160850677961054 ], [ 82.721187766206, 21.157673054361268 ], [ 82.72115240405688, 21.165847683917836 ], [ 82.7405662848265, 21.163467675233356 ], [ 82.75590684051862, 21.166434290341162 ], [ 82.779402716613603, 21.153584126814209 ], [ 82.785638525337717, 21.144870168205703 ], [ 82.793678623651971, 21.142545167869148 ], [ 82.800315286499668, 21.155946189644869 ], [ 82.828017259521417, 21.16544439592943 ], [ 82.850882297998197, 21.168632358175682 ], [ 82.85246389605291, 21.159537919474673 ], [ 82.866427736544054, 21.162821061017791 ], [ 82.87169979139955, 21.15748366005618 ], [ 82.872546040253681, 21.16238312436667 ], [ 82.876364002714865, 21.163546565656524 ], [ 82.882176336578567, 21.148430397310822 ], [ 82.893931619002402, 21.156373680153749 ], [ 82.902106815635179, 21.166993638481284 ], [ 82.91498304295888, 21.161957726695483 ], [ 82.932251691351482, 21.163084370275282 ], [ 82.937697938696942, 21.169845452975867 ], [ 82.939984205484478, 21.1609322143618 ], [ 82.947683307249378, 21.161778410868891 ], [ 82.942858467783793, 21.171642227833775 ], [ 82.946818178898994, 21.175498321460559 ], [ 82.94384477018211, 21.177853658764519 ], [ 82.964934395888747, 21.193274945797782 ], [ 82.967433178977942, 21.183071801804122 ], [ 82.965559010064197, 21.17533112376157 ], [ 82.975341258738965, 21.182153351926072 ], [ 82.983252741358072, 21.180055625620824 ], [ 82.988085075485245, 21.182812135866847 ], [ 82.990002660266697, 21.181832327094209 ], [ 82.980562688073576, 21.170026229277163 ], [ 82.986073471823815, 21.1681101433756 ], [ 83.001353286115318, 21.170567048448696 ], [ 83.003764307315251, 21.166930463365105 ], [ 82.993317383701253, 21.161887973246934 ], [ 82.985763860493989, 21.15103975234992 ], [ 82.99032224082994, 21.13985946547 ], [ 83.004583649225381, 21.136959273899553 ], [ 83.010050558070773, 21.144742700285001 ], [ 83.01599705843519, 21.146306639229483 ], [ 83.023036712047642, 21.136563560239505 ], [ 83.03481528786773, 21.136625598558105 ], [ 83.033831928864501, 21.131932216587916 ], [ 83.038651749085901, 21.131729752987336 ], [ 83.045250358457338, 21.124009670883403 ], [ 83.05233198158507, 21.126272118335855 ], [ 83.077813087721935, 21.111949755416028 ], [ 83.094419474768543, 21.113275976713808 ], [ 83.101283539013181, 21.109989500589872 ], [ 83.11354404204323, 21.1126637121057 ], [ 83.131491748341716, 21.105814831704283 ], [ 83.138671258018817, 21.109512824434766 ], [ 83.138932956558065, 21.113334081378778 ], [ 83.166914708050584, 21.138788176471913 ], [ 83.177694628005227, 21.135109907952241 ], [ 83.191983419971478, 21.139016347704942 ], [ 83.198103822733529, 21.145443394761156 ], [ 83.198516444035761, 21.164257662940678 ], [ 83.204617362571625, 21.165695445483934 ], [ 83.20284487744749, 21.177643228649345 ], [ 83.214620254951583, 21.194787221477778 ], [ 83.210526330623608, 21.205036035018665 ], [ 83.217058610725388, 21.213312712009806 ], [ 83.217584807245387, 21.225966311880303 ], [ 83.222147963354487, 21.228723738198962 ], [ 83.217646269321449, 21.254849135599777 ], [ 83.2229541874148, 21.265769106268174 ], [ 83.231907659660706, 21.272716900842607 ], [ 83.237958941937777, 21.269607031260328 ], [ 83.246265372833321, 21.281158870365374 ], [ 83.250590787465796, 21.282383384459912 ], [ 83.267767539416568, 21.277556627623675 ], [ 83.270947372340373, 21.272569700938291 ], [ 83.278594631540514, 21.289316474508684 ], [ 83.276294453073831, 21.302301206648298 ], [ 83.262079398227272, 21.307834284154712 ], [ 83.257344162931076, 21.320499442870251 ], [ 83.262832937767044, 21.330273041081572 ], [ 83.266528329739572, 21.330855248886536 ], [ 83.25780088663268, 21.335551009451681 ], [ 83.268681094240051, 21.345486384867797 ], [ 83.274694478803383, 21.363826335299706 ], [ 83.274242009395692, 21.37728724471663 ], [ 83.268728360866561, 21.378589904447185 ], [ 83.28405059472334, 21.380327896326538 ], [ 83.311368324829687, 21.370838034118186 ], [ 83.322972143476406, 21.362397558763671 ], [ 83.343849664354138, 21.35835986887944 ], [ 83.347718799481626, 21.353754845949034 ], [ 83.354614162385005, 21.354285740953411 ], [ 83.378881914913933, 21.344552990383821 ], [ 83.385488149083812, 21.346296776336011 ], [ 83.391833309061838, 21.342635365909466 ], [ 83.406880229943511, 21.351625843152021 ], [ 83.408017755737319, 21.36136585099371 ], [ 83.396869797220617, 21.367556999587155 ], [ 83.400509410049651, 21.375879814609579 ], [ 83.39720324551952, 21.388030915202044 ], [ 83.398927068088796, 21.405342658153014 ], [ 83.385292196297712, 21.415374893851205 ], [ 83.375869169191304, 21.428059789142587 ], [ 83.374283805199937, 21.434976367890076 ], [ 83.371244917435874, 21.435511468474072 ], [ 83.37361777676918, 21.442389882432657 ], [ 83.354371492442581, 21.448070517218465 ], [ 83.346550023943621, 21.471603215793547 ], [ 83.3470601360264, 21.488977846836814 ], [ 83.337836022446567, 21.501301751506389 ], [ 83.343035421461465, 21.50965333793738 ], [ 83.34962089747448, 21.512648937025549 ], [ 83.358660737105865, 21.538241719806344 ], [ 83.361397250692747, 21.539164615797027 ], [ 83.360144291713937, 21.542848309153857 ], [ 83.366199100633693, 21.546631566169516 ], [ 83.365982173187717, 21.550810742751917 ], [ 83.373162194407882, 21.558162378991408 ], [ 83.370329048978093, 21.558749080887818 ], [ 83.371864276588212, 21.564415725739568 ], [ 83.364975117354817, 21.575890625374505 ], [ 83.368946058625909, 21.58499896453365 ], [ 83.367737539786717, 21.591715944083152 ], [ 83.370505799927159, 21.591261177522039 ], [ 83.369657116130014, 21.600505765041522 ], [ 83.380136860223729, 21.608125828042752 ], [ 83.38268482587722, 21.620129854860522 ], [ 83.389433067180406, 21.617694498309817 ], [ 83.392463912042359, 21.627294002703206 ], [ 83.403465145329207, 21.630936509463154 ], [ 83.415043646693746, 21.640799915307987 ], [ 83.427571526631922, 21.643524609593033 ], [ 83.428840674315751, 21.647225912366334 ], [ 83.442649087336051, 21.655406799290731 ], [ 83.450755880939667, 21.650745677609251 ], [ 83.444381753616312, 21.639287315431201 ], [ 83.443974840558582, 21.624002693894866 ], [ 83.452469471202519, 21.622414862579994 ], [ 83.452265152624477, 21.612869888594421 ], [ 83.455444098643525, 21.610439243828775 ], [ 83.460603607868237, 21.607798761727263 ], [ 83.465957588305685, 21.609236293938466 ], [ 83.473556208767775, 21.63249458373242 ], [ 83.488771357318143, 21.630312525557038 ], [ 83.491928986001724, 21.638183457519784 ], [ 83.487144370766572, 21.639898313403407 ], [ 83.48661263219158, 21.644129734732761 ], [ 83.503871393868252, 21.653659498568146 ], [ 83.527635000958455, 21.677224853982867 ], [ 83.533407922936689, 21.688083766544452 ], [ 83.540588579572841, 21.722385607284224 ], [ 83.557204818300761, 21.743242356127311 ], [ 83.566352832130448, 21.744143466044491 ], [ 83.590387086787459, 21.738266335928468 ], [ 83.604093837401962, 21.731018252772916 ], [ 83.648283445780677, 21.723289017727481 ], [ 83.664549572901848, 21.710745688077061 ], [ 83.677597903164553, 21.710300537619446 ], [ 83.692280169008697, 21.701883526817547 ], [ 83.698313181150411, 21.695682743045822 ], [ 83.713328379180879, 21.657228649101658 ], [ 83.729776677197336, 21.626053435618154 ], [ 83.741032977003755, 21.618316686206565 ], [ 83.750949482064698, 21.605907314152631 ], [ 83.765903476534291, 21.59783707709985 ], [ 83.776521559487705, 21.5834331447323 ], [ 83.798279957725299, 21.564344436915803 ] ] ] } },
{ "type": "Feature", "properties": { "District": "BHADRAK", "STATE": "ODISHA", "REMARKS": null, "State_LGD": 21, "DISTRICT_L": "348", "Shape_Leng": 356631.20418399997, "Shape_Area": 2415828025.29 }, "geometry": { "type": "MultiPolygon", "coordinates": [ [ [ [ 87.057139051581828, 20.730207643519467 ], [ 87.054209361409022, 20.7295851123652 ], [ 87.053253907651211, 20.730217925588001 ], [ 87.056314016971655, 20.732855442747329 ], [ 87.057139051581828, 20.730207643519467 ] ] ], [ [ [ 87.050740020783465, 20.737944403206477 ], [ 87.05251688697355, 20.737609540753198 ], [ 87.05312664033454, 20.737089787518478 ], [ 87.050740020783465, 20.737944403206477 ] ] ], [ [ [ 87.077887664878261, 20.743929581807006 ], [ 87.073509128303925, 20.727459023962368 ], [ 87.069554762578292, 20.733469559676234 ], [ 87.074569078554646, 20.734484000638918 ], [ 87.077887664878261, 20.743929581807006 ] ] ], [ [ [ 87.049378042836992, 20.744030490824855 ], [ 87.058849594826412, 20.744922065767593 ], [ 87.059646454229807, 20.743860071083265 ], [ 87.049378042836992, 20.744030490824855 ] ] ], [ [ [ 87.070301421043538, 20.73838479811976 ], [ 87.068778634193635, 20.737626396585593 ], [ 87.072261140124368, 20.748987630340697 ], [ 87.070301421043538, 20.73838479811976 ] ] ], [ [ [ 87.096779772048407, 20.747936448902131 ], [ 87.098417648985432, 20.748039431225408 ], [ 87.098321224956436, 20.747474743029862 ], [ 87.096779772048407, 20.747936448902131 ] ] ], [ [ [ 87.102016845177616, 20.750684852959608 ], [ 87.09940835885844, 20.750026760745893 ], [ 87.101681181243904, 20.751507319114925 ], [ 87.102016845177616, 20.750684852959608 ] ] ], [ [ [ 87.082384337902241, 20.763910382855315 ], [ 87.097523903396436, 20.754916261559881 ], [ 87.07308461844795, 20.753496199200825 ], [ 87.082384337902241, 20.763910382855315 ] ] ], [ [ [ 87.068775092935539, 20.79349531334292 ], [ 87.074754373468906, 20.789020060569868 ], [ 87.076009385460921, 20.77201851208191 ], [ 87.074777360237974, 20.767401714787141 ], [ 87.074071427473584, 20.787502331818999 ], [ 87.069435796245287, 20.788457552798366 ], [ 87.0721463910144, 20.790561791645032 ], [ 87.068775092935539, 20.79349531334292 ] ] ], [ [ [ 86.990126359438989, 20.802431723152651 ], [ 86.986575731804109, 20.801993242961355 ], [ 86.986047158862618, 20.802621192828266 ], [ 86.987767132496685, 20.803963148703073 ], [ 86.990126359438989, 20.802431723152651 ] ] ], [ [ [ 86.803809494933461, 21.22618404921635 ], [ 86.808600691107756, 21.228489052083873 ], [ 86.80907317369477, 21.224523059240262 ], [ 86.81654583078965, 21.224834031906649 ], [ 86.816310070287244, 21.22067298446154 ], [ 86.82475581606397, 21.220975612260691 ], [ 86.816709805076314, 21.216905664899823 ], [ 86.826238485738457, 21.213857261375505 ], [ 86.832602001766404, 21.206093248363217 ], [ 86.842080277317621, 21.204186870566968 ], [ 86.854806541634858, 21.210509026191509 ], [ 86.85573896422639, 21.204035817175825 ], [ 86.844758893202339, 21.187624094039105 ], [ 86.841535703447406, 21.175081371657576 ], [ 86.841815649241639, 21.12482765069042 ], [ 86.84872783051155, 21.093014603004864 ], [ 86.868737933676599, 21.048477662826475 ], [ 86.893823706610291, 21.013341808800053 ], [ 86.939280797044688, 20.920763743108779 ], [ 86.966768629474473, 20.873000343098116 ], [ 86.980877450401906, 20.857047191603559 ], [ 86.975064950174669, 20.813245837416595 ], [ 86.966307031725634, 20.788904541081386 ], [ 86.953503734324883, 20.778037085658774 ], [ 86.950220321754045, 20.77638890843162 ], [ 86.886610452709917, 20.788212497544862 ], [ 86.873610582771775, 20.78763416015439 ], [ 86.863680188687383, 20.782485158955151 ], [ 86.865492352787186, 20.781185422321194 ], [ 86.861414316965508, 20.77531781642584 ], [ 86.833119345144709, 20.762710304237597 ], [ 86.821640034157681, 20.7457488520376 ], [ 86.801558942424251, 20.756776609792876 ], [ 86.796290709341577, 20.752586570129868 ], [ 86.798172150398045, 20.750000012785129 ], [ 86.792519744357918, 20.731844724821048 ], [ 86.780226203649434, 20.741344147618651 ], [ 86.762727446978616, 20.733645017611277 ], [ 86.752772964422419, 20.741799419017823 ], [ 86.760375877051615, 20.760044529589589 ], [ 86.755129899213614, 20.769398530708983 ], [ 86.731413519284501, 20.769995324481449 ], [ 86.726126600863665, 20.763571457335651 ], [ 86.710162494964067, 20.759764144542636 ], [ 86.70661422597064, 20.776474361546093 ], [ 86.696865738209155, 20.777243545603866 ], [ 86.690229359011596, 20.783068817574531 ], [ 86.680511372591894, 20.785088576395854 ], [ 86.677493692091744, 20.789993601439189 ], [ 86.660574513882295, 20.787200828168835 ], [ 86.661504235050501, 20.792556212138969 ], [ 86.657632105626689, 20.796727427313723 ], [ 86.645922774504825, 20.7950549165874 ], [ 86.642762624294164, 20.788447761789794 ], [ 86.636869002421122, 20.798026823448389 ], [ 86.632180356142086, 20.791863508482592 ], [ 86.627460343952677, 20.798634366701432 ], [ 86.614406222341898, 20.794977690930033 ], [ 86.614286199864111, 20.80439289796076 ], [ 86.620959897987916, 20.804389702103588 ], [ 86.62330421119448, 20.808397529921155 ], [ 86.611464582561055, 20.818016871947677 ], [ 86.609343708803124, 20.829907521925545 ], [ 86.601006174051633, 20.82991993854824 ], [ 86.600860395132102, 20.845117571620413 ], [ 86.593902004620745, 20.857416786069901 ], [ 86.587368636322992, 20.856222014764992 ], [ 86.566884973524864, 20.864339605601515 ], [ 86.543614078957958, 20.860357692909105 ], [ 86.528196398244987, 20.867648251838048 ], [ 86.512113928829891, 20.87046290536421 ], [ 86.501945196872271, 20.865423134710095 ], [ 86.494407617702649, 20.867131336606658 ], [ 86.482219394188618, 20.855488771059132 ], [ 86.479406556866749, 20.860025378275111 ], [ 86.468085590093892, 20.860586917110908 ], [ 86.452243071133339, 20.843523117275129 ], [ 86.435970201568679, 20.848800969569535 ], [ 86.426105893063237, 20.846906890690974 ], [ 86.421626843431511, 20.855665525983678 ], [ 86.408022627460625, 20.857606461988844 ], [ 86.390497924842322, 20.865044447018583 ], [ 86.37034555946876, 20.860151204343033 ], [ 86.359422108489838, 20.851883873787603 ], [ 86.352870921102991, 20.850915043889728 ], [ 86.335146331973021, 20.861870261504027 ], [ 86.328435951370992, 20.86201564604098 ], [ 86.3276824193495, 20.867181254523082 ], [ 86.335927171297996, 20.872286785477069 ], [ 86.335085188046691, 20.876864154151221 ], [ 86.319210468192793, 20.877452255056696 ], [ 86.31246725187934, 20.88573774755681 ], [ 86.310760139143923, 20.895326606545208 ], [ 86.298423148282808, 20.900769849068318 ], [ 86.290474766328941, 20.899047175425672 ], [ 86.281750899270563, 20.902728639923055 ], [ 86.277084701772125, 20.917364064778141 ], [ 86.277605558995759, 20.926063003792972 ], [ 86.285947678014693, 20.941354018934529 ], [ 86.28878149764364, 20.958356510531683 ], [ 86.284334631365283, 20.984250530921557 ], [ 86.289721560485262, 21.009779443589814 ], [ 86.281636591100053, 21.022358276633739 ], [ 86.303953886948747, 21.019867248584628 ], [ 86.302532681976857, 21.024406065296819 ], [ 86.309643649735065, 21.04016522794295 ], [ 86.313298522678807, 21.060052245232406 ], [ 86.321029308572449, 21.054933851875184 ], [ 86.324609935360996, 21.06023818707833 ], [ 86.321665708605636, 21.068479882545056 ], [ 86.317736526624515, 21.06995042105569 ], [ 86.317819552308109, 21.081280892084912 ], [ 86.304984784657776, 21.08801858132934 ], [ 86.307218353353278, 21.097329275550077 ], [ 86.302946420478435, 21.099859712028991 ], [ 86.302755921795722, 21.104561677883339 ], [ 86.308368494248583, 21.112991733925039 ], [ 86.28704908780594, 21.120388831225529 ], [ 86.290605617612812, 21.121682370350811 ], [ 86.291287091230643, 21.12619811331335 ], [ 86.283528345063559, 21.1366687384111 ], [ 86.270678792251346, 21.140218732111517 ], [ 86.271722585532984, 21.147338204202633 ], [ 86.283365135553453, 21.162589357002187 ], [ 86.282376182790941, 21.165945985164207 ], [ 86.290556655507373, 21.171406160459522 ], [ 86.291726585345927, 21.175540036829162 ], [ 86.301293617336398, 21.175173264358254 ], [ 86.306027411777976, 21.173259087914492 ], [ 86.305250796308727, 21.169402663875601 ], [ 86.311181284773454, 21.169002280990256 ], [ 86.320442964128873, 21.176344535625326 ], [ 86.320503484459749, 21.181065531955252 ], [ 86.325467561736019, 21.179282794396837 ], [ 86.3231517781728, 21.175985083777487 ], [ 86.330144558778684, 21.180327022597968 ], [ 86.338515638062205, 21.179257714180856 ], [ 86.340642705183967, 21.189475339714331 ], [ 86.348059793629375, 21.191848935597939 ], [ 86.353313109654167, 21.211113683614933 ], [ 86.352090303151741, 21.237400789370586 ], [ 86.366017459988498, 21.236952260185657 ], [ 86.375388091174287, 21.223502469897976 ], [ 86.407028568606862, 21.21970441153837 ], [ 86.412163157647186, 21.209074541582186 ], [ 86.417517782859164, 21.207249938180912 ], [ 86.418736934738902, 21.20347295598836 ], [ 86.421154546418535, 21.207361827469953 ], [ 86.417731626612351, 21.210458128455887 ], [ 86.421557531249036, 21.222632488744253 ], [ 86.433033373297903, 21.220268091423254 ], [ 86.43594244770712, 21.216713493407592 ], [ 86.435344428456062, 21.210540524388314 ], [ 86.438692412475177, 21.209331946489982 ], [ 86.436208866127885, 21.204914544066 ], [ 86.443407183053353, 21.202051697155479 ], [ 86.445994547199561, 21.195469080664328 ], [ 86.442458068472263, 21.191807258364783 ], [ 86.439177114938346, 21.193237504518709 ], [ 86.425949501471194, 21.180769808427474 ], [ 86.432388898678568, 21.175835782072184 ], [ 86.440185891024157, 21.179909515797554 ], [ 86.439148419408326, 21.168914828928589 ], [ 86.428327194082712, 21.162413960285718 ], [ 86.447727472016552, 21.154283502890507 ], [ 86.454876749140126, 21.162768123339735 ], [ 86.48011790949964, 21.150315739307189 ], [ 86.482373733602785, 21.152486586010056 ], [ 86.511243553575838, 21.136530329587359 ], [ 86.529710512755912, 21.159265649316477 ], [ 86.55926649386646, 21.1592006493469 ], [ 86.562785299399238, 21.1499350541397 ], [ 86.560869502007947, 21.144743835555378 ], [ 86.574300738207242, 21.131012835403407 ], [ 86.572554736231723, 21.128677325622711 ], [ 86.580955895412743, 21.123914105297658 ], [ 86.578830649040299, 21.117760288223941 ], [ 86.585349237139667, 21.117934480279636 ], [ 86.590144948289861, 21.109064391551108 ], [ 86.588008302850028, 21.099996743370404 ], [ 86.594227236078922, 21.096781590138789 ], [ 86.598148135373961, 21.099506055562149 ], [ 86.616089711053675, 21.099728325151489 ], [ 86.624670573852725, 21.093138135842402 ], [ 86.630616179710415, 21.092961442545779 ], [ 86.625387026324489, 21.072335673043064 ], [ 86.634724502549346, 21.06453132921169 ], [ 86.644894656360648, 21.06237083793652 ], [ 86.648809024101141, 21.063797543201922 ], [ 86.646401299054318, 21.068396108523938 ], [ 86.648781949642995, 21.073280191079753 ], [ 86.642213535362046, 21.08061680184414 ], [ 86.649128587581089, 21.087602075164561 ], [ 86.661777330436635, 21.084122008490947 ], [ 86.664950024360564, 21.094627482154944 ], [ 86.66547235488386, 21.097845126319189 ], [ 86.652697401536955, 21.101307120513191 ], [ 86.654227316069552, 21.11420829654077 ], [ 86.660569261233505, 21.124295590433668 ], [ 86.654699847321709, 21.128467117394592 ], [ 86.667432863781301, 21.144833093656011 ], [ 86.667766719774136, 21.14844338331492 ], [ 86.662256630568535, 21.15097593718944 ], [ 86.67255506402222, 21.169645173149718 ], [ 86.690742405864526, 21.167018486617263 ], [ 86.699171715919832, 21.183315422994195 ], [ 86.705133917126446, 21.183845461036544 ], [ 86.729832740344619, 21.177024364317184 ], [ 86.736860541307522, 21.182294041613787 ], [ 86.742897361426614, 21.181517250572124 ], [ 86.766647638637394, 21.170103840045059 ], [ 86.773592884102399, 21.176469691652354 ], [ 86.770247010856167, 21.18161084170519 ], [ 86.76030263669999, 21.186141838337953 ], [ 86.763173595466341, 21.192154419312025 ], [ 86.757559147067354, 21.196623489978663 ], [ 86.766141522907603, 21.20404007954658 ], [ 86.770375986888169, 21.213483335622062 ], [ 86.768975445696839, 21.224933743670736 ], [ 86.777527929551994, 21.221615702980653 ], [ 86.781929029550426, 21.223419482974872 ], [ 86.785287460152304, 21.219972279383246 ], [ 86.787879629344459, 21.226675278822718 ], [ 86.790656465908214, 21.222188169117011 ], [ 86.792867239806668, 21.226175493043442 ], [ 86.798849316511138, 21.224244641690746 ], [ 86.802189230583224, 21.230794711726066 ], [ 86.803809494933461, 21.22618404921635 ] ] ] ] } },
{ "type": "Feature", "properties": { "District": "CUTTACK", "STATE": "ODISHA", "REMARKS": null, "State_LGD": 21, "DISTRICT_L": "350", "Shape_Leng": 623347.49237999995, "Shape_Area": 3720048022.6999998 }, "geometry": { "type": "Polygon", "coordinates": [ [ [ 86.28002813986528, 20.581314850249619 ], [ 86.272567219292313, 20.564269718615265 ], [ 86.257227722413518, 20.562099330249293 ], [ 86.265778701211033, 20.562470105576566 ], [ 86.265911948188645, 20.559674133405622 ], [ 86.270520029018954, 20.559002351086981 ], [ 86.26163077611001, 20.548212449850844 ], [ 86.24851889100178, 20.541045118523989 ], [ 86.247879804691266, 20.537346719732742 ], [ 86.250849037128546, 20.52838284392913 ], [ 86.256055308348948, 20.532769319618485 ], [ 86.2763560195406, 20.518579091729933 ], [ 86.272216493638254, 20.509661705509213 ], [ 86.268200243676404, 20.508203639153265 ], [ 86.277447941428278, 20.496392159627042 ], [ 86.270477383494637, 20.489071266755335 ], [ 86.264805624538184, 20.491039618222619 ], [ 86.262401311174202, 20.485486163867062 ], [ 86.26774708200206, 20.482463770830307 ], [ 86.263719484063216, 20.478516162928688 ], [ 86.264525047052757, 20.470419218143935 ], [ 86.267871022075937, 20.469475564356113 ], [ 86.269777321188755, 20.458681458700489 ], [ 86.274057998207311, 20.454606221760379 ], [ 86.269103416469704, 20.452159402856648 ], [ 86.26524098491619, 20.45397284890295 ], [ 86.264574236924616, 20.451046996715302 ], [ 86.275203109433548, 20.446528524711081 ], [ 86.266634865742546, 20.438021743687536 ], [ 86.2704983244614, 20.436917464099622 ], [ 86.26832925825299, 20.425338256570697 ], [ 86.27760562453237, 20.422684249374853 ], [ 86.271104955261919, 20.410919881007601 ], [ 86.273639858731613, 20.409927501340725 ], [ 86.272125578915819, 20.405841557674162 ], [ 86.265538402567685, 20.405443459986223 ], [ 86.266267707053061, 20.395127658209372 ], [ 86.269772992238956, 20.394577730953834 ], [ 86.273926040500442, 20.39997132736087 ], [ 86.275655989748259, 20.396870236953724 ], [ 86.269355625114343, 20.391657432038556 ], [ 86.273129144072499, 20.388031795424663 ], [ 86.261328795874007, 20.386834698715514 ], [ 86.257235396091744, 20.375152203402315 ], [ 86.254845199964507, 20.37604106746582 ], [ 86.257538479766595, 20.379897246883637 ], [ 86.250610652499574, 20.381145547991853 ], [ 86.25094917883834, 20.376227689908713 ], [ 86.245667025500651, 20.371777439374704 ], [ 86.249278654270299, 20.368973868672587 ], [ 86.247942175253186, 20.364965292342877 ], [ 86.236790956903704, 20.365630717794964 ], [ 86.221184869173129, 20.360470187582091 ], [ 86.205816110847721, 20.367155091425214 ], [ 86.198799916416874, 20.363007314617029 ], [ 86.190088189712597, 20.375427240032938 ], [ 86.164533217194247, 20.378975197019312 ], [ 86.137394188815449, 20.357026850799233 ], [ 86.124614799494026, 20.358485741327751 ], [ 86.107420849848836, 20.365383078480651 ], [ 86.106329505513955, 20.369393795206975 ], [ 86.113608071408422, 20.369119200991356 ], [ 86.10395058245183, 20.374016807049411 ], [ 86.101055679860636, 20.366787095082042 ], [ 86.089333371145685, 20.361829132403557 ], [ 86.079958499337479, 20.373946267564499 ], [ 86.078146640869718, 20.371668733000224 ], [ 86.07134183158594, 20.374410945806229 ], [ 86.067281156010111, 20.382837465826405 ], [ 86.045209476077261, 20.395936733595111 ], [ 86.03551777829469, 20.398033806398303 ], [ 86.031308245780409, 20.393831642891708 ], [ 86.027885373971358, 20.396414756876926 ], [ 86.030283880358184, 20.400561800120169 ], [ 86.025907060026881, 20.402439284431168 ], [ 86.010925325993526, 20.378122345802577 ], [ 86.013323161421482, 20.366457817395215 ], [ 86.01926956314945, 20.363193441007795 ], [ 86.022427919112431, 20.356872882022817 ], [ 86.025781088877579, 20.319417531317892 ], [ 86.032654826903453, 20.309959408709044 ], [ 86.032556987381867, 20.294856296593839 ], [ 86.037426069500825, 20.291860791988338 ], [ 86.040588932055996, 20.282892330988219 ], [ 86.066672549763595, 20.266295108810528 ], [ 86.069114733750368, 20.251747372193005 ], [ 86.083420081710329, 20.240862597121041 ], [ 86.112342079389805, 20.230661004636804 ], [ 86.125774593714027, 20.221805714879853 ], [ 86.146705457959712, 20.219008237016094 ], [ 86.151049392559216, 20.213174133450199 ], [ 86.149367072010691, 20.205697979486022 ], [ 86.145771053912014, 20.19905283897603 ], [ 86.139645533979447, 20.200807512556761 ], [ 86.138780492072073, 20.195359263868021 ], [ 86.147422825772054, 20.190996477868563 ], [ 86.150358168913414, 20.178261265140769 ], [ 86.161914799982569, 20.174453937855152 ], [ 86.1679755457439, 20.168460329842624 ], [ 86.146470124784258, 20.172599620406999 ], [ 86.142351465981776, 20.16717163979261 ], [ 86.148513742234144, 20.160171808805231 ], [ 86.141821734882257, 20.144182170368481 ], [ 86.155771467425268, 20.135268000954273 ], [ 86.155218309251651, 20.12157159100763 ], [ 86.164331286962039, 20.114187566412021 ], [ 86.159544417599363, 20.102382007691133 ], [ 86.154710800641155, 20.100289804417432 ], [ 86.154105008116531, 20.091106404106601 ], [ 86.164578265819003, 20.083841748868036 ], [ 86.167613696541352, 20.072285687660532 ], [ 86.182873335363141, 20.057280545503545 ], [ 86.183543184784511, 20.050705503830812 ], [ 86.170998337885038, 20.048767651332565 ], [ 86.168467516445062, 20.040917127847134 ], [ 86.159911413315584, 20.045155185105312 ], [ 86.151389475937819, 20.041161312193836 ], [ 86.143842192769938, 20.043555684311279 ], [ 86.132000409850491, 20.039151639593285 ], [ 86.123137055217782, 20.039180217923647 ], [ 86.116660552273046, 20.046652290631613 ], [ 86.127278800940005, 20.057037428814311 ], [ 86.122062920411295, 20.061267470223388 ], [ 86.107444903944, 20.066624762375735 ], [ 86.09648884278252, 20.065249865387393 ], [ 86.086937816713828, 20.058261236569834 ], [ 86.08462735599872, 20.06507136042211 ], [ 86.076203491908188, 20.07306479474817 ], [ 86.075889790267198, 20.083381906054679 ], [ 86.088411931924128, 20.086144175929721 ], [ 86.089782664601145, 20.090578706604543 ], [ 86.085462832733882, 20.100730629368925 ], [ 86.077246865790102, 20.110473590121636 ], [ 86.070005442614033, 20.112152245564531 ], [ 86.071343019620087, 20.118086659560934 ], [ 86.065212022291917, 20.123602173839288 ], [ 86.056156303234033, 20.125406227175173 ], [ 86.046984737059788, 20.133665113381799 ], [ 86.03531631987633, 20.134717518098601 ], [ 86.031925405517654, 20.142379505867467 ], [ 86.044497026642318, 20.140817131088863 ], [ 86.047956581955091, 20.146148783571693 ], [ 86.044982113260588, 20.15465315745417 ], [ 86.053331778476178, 20.163918849888102 ], [ 86.043869046004787, 20.169293726239157 ], [ 86.037463772586463, 20.179247410672037 ], [ 86.033544234961738, 20.170072933806335 ], [ 86.021709696770102, 20.167391982284705 ], [ 86.022124606383272, 20.178340754407035 ], [ 86.026770695811919, 20.178326042131101 ], [ 86.027717899490995, 20.182211677753049 ], [ 86.017343759070201, 20.186115979041617 ], [ 86.004328515607682, 20.2245157269884 ], [ 85.989855284694201, 20.22598275423405 ], [ 85.989229520147774, 20.231725517515876 ], [ 85.969812269744864, 20.243191484038448 ], [ 85.965185378287742, 20.251603048926334 ], [ 85.951952409025864, 20.26116067117341 ], [ 85.950061670867555, 20.271092654540912 ], [ 85.943086530966625, 20.268227212396564 ], [ 85.938630791379254, 20.272239029292251 ], [ 85.934515565711223, 20.267746049458086 ], [ 85.931038448746776, 20.270742635749144 ], [ 85.931026566325301, 20.274587133969618 ], [ 85.938315044769865, 20.282767663337303 ], [ 85.934220671267298, 20.289184894133211 ], [ 85.922813670809944, 20.293614606647097 ], [ 85.918465204897515, 20.304064055708601 ], [ 85.919326533781856, 20.30968471988847 ], [ 85.911933517217378, 20.311631143370882 ], [ 85.910088056686348, 20.319439683998493 ], [ 85.915484878736521, 20.327704363621059 ], [ 85.919885860220475, 20.32500300090879 ], [ 85.918938986960299, 20.317222147865131 ], [ 85.924233183871337, 20.312014404184648 ], [ 85.927337952001906, 20.313162863493115 ], [ 85.92665028339394, 20.329548403126989 ], [ 85.916709968109089, 20.336105309161983 ], [ 85.913737821010074, 20.348139681518017 ], [ 85.90597922251159, 20.353449059994229 ], [ 85.899688423454961, 20.353667039029325 ], [ 85.897623016677969, 20.372013306060403 ], [ 85.893830999632655, 20.369716871457744 ], [ 85.891709082828527, 20.360270795369889 ], [ 85.882551436850207, 20.360772686691568 ], [ 85.878840051118956, 20.35730213053224 ], [ 85.873432354175122, 20.367165206665558 ], [ 85.874949305942422, 20.375988465981496 ], [ 85.878335951717048, 20.378662048260619 ], [ 85.873454636499346, 20.381264278457184 ], [ 85.865852858187353, 20.400075454635282 ], [ 85.863392793080607, 20.401026167673557 ], [ 85.860312775945232, 20.395684491386131 ], [ 85.84179754618755, 20.410695788321629 ], [ 85.833005737968335, 20.404850400803266 ], [ 85.823573124902722, 20.408396484456411 ], [ 85.818002353690332, 20.41316521048175 ], [ 85.816425225688604, 20.430808475906225 ], [ 85.810263083175997, 20.427599790006102 ], [ 85.80518430553191, 20.434914691006668 ], [ 85.800688084631005, 20.435669883560969 ], [ 85.799374170358519, 20.431450729968855 ], [ 85.797070272050021, 20.432518903084862 ], [ 85.792707305275954, 20.427871959394515 ], [ 85.785228299919282, 20.433791877449281 ], [ 85.77946254011097, 20.422313902553931 ], [ 85.781098691526978, 20.417776390544358 ], [ 85.785987753006381, 20.418822226214548 ], [ 85.78521914296843, 20.411747128037213 ], [ 85.773519581052142, 20.408507538614497 ], [ 85.771279232832867, 20.404028619352534 ], [ 85.767163378194113, 20.405228360180747 ], [ 85.767485954411129, 20.415882432145306 ], [ 85.759513663964242, 20.407351340174802 ], [ 85.745204375155737, 20.408780258641432 ], [ 85.739494480895289, 20.405644695147256 ], [ 85.733853843484141, 20.4104779656784 ], [ 85.716302561447932, 20.404124740304866 ], [ 85.712194306211657, 20.393424550988534 ], [ 85.70518050856613, 20.387093698926414 ], [ 85.696132563096768, 20.354940180586588 ], [ 85.678496693096548, 20.336363766763757 ], [ 85.677213993350477, 20.32445100840701 ], [ 85.664595341079391, 20.331727219065712 ], [ 85.659122147923711, 20.331662724844055 ], [ 85.649821919717652, 20.323934454792877 ], [ 85.642987059058839, 20.325724562537996 ], [ 85.629773643115257, 20.312819776112491 ], [ 85.628631662386553, 20.303835271368044 ], [ 85.63362392675576, 20.30129943457354 ], [ 85.623503179926516, 20.29252022689812 ], [ 85.613966077280466, 20.296817356792783 ], [ 85.590450794363875, 20.298115710686311 ], [ 85.581030797087024, 20.302059750200154 ], [ 85.57119019503979, 20.298022776596341 ], [ 85.56516330531521, 20.299477759439359 ], [ 85.556901045828937, 20.310160417745305 ], [ 85.550601840357317, 20.313039988979444 ], [ 85.547249741093822, 20.307433473927158 ], [ 85.548497906809118, 20.301932960432193 ], [ 85.537583913782143, 20.301178085796078 ], [ 85.53097806822926, 20.305599248799965 ], [ 85.524479320920847, 20.305743314904966 ], [ 85.521352587700676, 20.293173096830945 ], [ 85.510739139356886, 20.291095634962041 ], [ 85.486694481385527, 20.298184381125854 ], [ 85.459336715574764, 20.297335905861086 ], [ 85.453000097478963, 20.280720962988003 ], [ 85.454295030148685, 20.2717796794165 ], [ 85.451098415846303, 20.264438516790733 ], [ 85.444625992569797, 20.264065100210175 ], [ 85.427983156838891, 20.274043602307945 ], [ 85.41945709871456, 20.273641581361471 ], [ 85.405966372467432, 20.257380572267614 ], [ 85.39838135365089, 20.257722491567126 ], [ 85.391826679440058, 20.270964766557881 ], [ 85.393766460615211, 20.270372869351178 ], [ 85.395254287575938, 20.277897750517042 ], [ 85.388319636328873, 20.279139442958797 ], [ 85.381766941077018, 20.286929260439063 ], [ 85.373182985951416, 20.275517046708575 ], [ 85.369752213130383, 20.277219695398593 ], [ 85.354689492550818, 20.272543916599545 ], [ 85.339218679373417, 20.274823441771861 ], [ 85.334284011351116, 20.27255451363461 ], [ 85.334772065540264, 20.276597027003007 ], [ 85.331276090019955, 20.278998282178765 ], [ 85.333581516339322, 20.28409245781668 ], [ 85.346068659871335, 20.287449451632572 ], [ 85.349487290425813, 20.297784623467589 ], [ 85.354443163656953, 20.301774385385499 ], [ 85.351798831609869, 20.306455937566902 ], [ 85.353149764617953, 20.314978028356752 ], [ 85.347487072389015, 20.318899460611497 ], [ 85.350163515197551, 20.320713527697844 ], [ 85.350059803710053, 20.330482361476278 ], [ 85.353963944859316, 20.32943045499454 ], [ 85.350363039868483, 20.334857431662591 ], [ 85.356426022901474, 20.336608253163856 ], [ 85.357908680633443, 20.345836367096332 ], [ 85.372667080681353, 20.351882288479135 ], [ 85.373167335000247, 20.356715247683411 ], [ 85.367890029957394, 20.355753853645123 ], [ 85.366658919122372, 20.367156034747278 ], [ 85.351400815005306, 20.365219337744293 ], [ 85.336636129572625, 20.358390009651878 ], [ 85.271608918170088, 20.359619181546798 ], [ 85.263466777309517, 20.364371104823022 ], [ 85.210744050112183, 20.374547197309575 ], [ 85.196656544467629, 20.380865134223548 ], [ 85.1852651227086, 20.376912540286579 ], [ 85.158433973665041, 20.378546293455411 ], [ 85.14593265626084, 20.386611025807703 ], [ 85.137175570482626, 20.387118364942605 ], [ 85.113481818308259, 20.407877848439036 ], [ 85.073932212187202, 20.417177487479226 ], [ 85.069232982109511, 20.42215195497689 ], [ 85.04959190915487, 20.429312318749385 ], [ 85.032620979898113, 20.442245187017289 ], [ 85.008982851967048, 20.452146298086731 ], [ 84.990670182302068, 20.467213371539181 ], [ 84.949165391359742, 20.48864864017985 ], [ 84.92619564238241, 20.495014122741321 ], [ 84.892999642623479, 20.494826719857972 ], [ 84.881805976665234, 20.498890138308084 ], [ 84.85951477033413, 20.515487279326365 ], [ 84.848516601387587, 20.528031207065016 ], [ 84.864953606775671, 20.538385559965807 ], [ 84.875271957531453, 20.5583589039427 ], [ 84.88615286901863, 20.562384722285767 ], [ 84.896923622931482, 20.581843272558594 ], [ 84.907159992186976, 20.584767182791737 ], [ 84.922324939707579, 20.580393565889384 ], [ 84.943698467360647, 20.581768857889664 ], [ 84.950094822741079, 20.575721354179699 ], [ 84.97499898857609, 20.573363662196485 ], [ 84.979882284053517, 20.565219921220073 ], [ 84.986896245670678, 20.575168846264731 ], [ 84.986985639505676, 20.580417399681949 ], [ 85.02757440643164, 20.589772413851755 ], [ 85.035147067245546, 20.585279359106753 ], [ 85.046534330850903, 20.58547607078291 ], [ 85.055236076685958, 20.577734220692825 ], [ 85.065155197760859, 20.578346705790363 ], [ 85.064892218664127, 20.582087515252354 ], [ 85.068846862215949, 20.584516294380432 ], [ 85.074962298988083, 20.581775434557645 ], [ 85.085558869500872, 20.595378271539538 ], [ 85.086698676184241, 20.605502404095102 ], [ 85.091896040456376, 20.612595992609513 ], [ 85.089039135012968, 20.61551340643479 ], [ 85.094409828587217, 20.618738489162915 ], [ 85.117116453376838, 20.610316485317373 ], [ 85.126301133588967, 20.616278343789908 ], [ 85.148487618601777, 20.609070245670804 ], [ 85.154980618550979, 20.611601043376705 ], [ 85.169935432797786, 20.60250610552141 ], [ 85.178307258377302, 20.601140370641954 ], [ 85.194982188020631, 20.58179556089171 ], [ 85.207888062514982, 20.576058531254017 ], [ 85.19689420534894, 20.567232286608803 ], [ 85.212152064451914, 20.553769110713922 ], [ 85.21140538409766, 20.548296569700394 ], [ 85.251272927129648, 20.51857418631128 ], [ 85.274307024214153, 20.517007305697302 ], [ 85.282581004672409, 20.512337930304692 ], [ 85.293905938022576, 20.51694372688457 ], [ 85.317324800970894, 20.502949705332799 ], [ 85.336424941985698, 20.503666774628105 ], [ 85.338103893995452, 20.499997279285072 ], [ 85.350060044421554, 20.497252283190385 ], [ 85.371883447446862, 20.496076113750945 ], [ 85.38279559712683, 20.499999334810507 ], [ 85.399752808639462, 20.487378592871146 ], [ 85.408091951444518, 20.487974564896142 ], [ 85.40557784832329, 20.509044944779127 ], [ 85.414810560728341, 20.509120406625406 ], [ 85.444578392613195, 20.497596361415102 ], [ 85.456866801826237, 20.484471693965407 ], [ 85.457584777554757, 20.490336481517733 ], [ 85.464958493072899, 20.498392045592436 ], [ 85.480550475130258, 20.506912535537126 ], [ 85.483176750413833, 20.522094149781044 ], [ 85.494503292302369, 20.525846905242496 ], [ 85.497455287867737, 20.524043164779588 ], [ 85.503572264613524, 20.536467935076185 ], [ 85.511329404875028, 20.537596199893468 ], [ 85.547753907168698, 20.524864614454575 ], [ 85.554868671912729, 20.526974845275149 ], [ 85.563722582482228, 20.523629036348126 ], [ 85.56877407084346, 20.516131912001754 ], [ 85.585232129697133, 20.513710172176431 ], [ 85.591362018793362, 20.520775011185911 ], [ 85.593362194821623, 20.533276447683836 ], [ 85.599412058675654, 20.538208332426009 ], [ 85.604022908593294, 20.536858702611706 ], [ 85.611525128769685, 20.539778345049989 ], [ 85.612727446434462, 20.543103403531859 ], [ 85.634201091954964, 20.541557560129771 ], [ 85.648705839200005, 20.551554600526888 ], [ 85.649998526950085, 20.549066761598944 ], [ 85.656049647683943, 20.550292725365022 ], [ 85.664271602622094, 20.568817796465733 ], [ 85.673237024709266, 20.573684017663041 ], [ 85.689629889970334, 20.596358487939021 ], [ 85.709010984902861, 20.605457273169588 ], [ 85.713298529618882, 20.614762935393781 ], [ 85.704350494873566, 20.622140300118176 ], [ 85.705409213788442, 20.626308621361915 ], [ 85.71223072792931, 20.624223085721951 ], [ 85.716445700838833, 20.638266505609455 ], [ 85.725927111444349, 20.641801401102448 ], [ 85.727012930349048, 20.645680714091615 ], [ 85.737514503804462, 20.644885938973257 ], [ 85.754372776925905, 20.636064537224787 ], [ 85.752140237869995, 20.645629307403951 ], [ 85.760744632232132, 20.644435514777296 ], [ 85.762381162892254, 20.661612652648117 ], [ 85.781333092192654, 20.662949169339964 ], [ 85.785629937299291, 20.669425565201635 ], [ 85.78289494081443, 20.671131829022116 ], [ 85.78762094492555, 20.673161773821473 ], [ 85.794242628240497, 20.672205289583577 ], [ 85.797928971045465, 20.666092180296609 ], [ 85.810174595734978, 20.660295615637459 ], [ 85.823683527258311, 20.66175242979708 ], [ 85.833129098771579, 20.668009840449315 ], [ 85.849727765619377, 20.66847812822467 ], [ 85.865476826975595, 20.667683596767137 ], [ 85.879554697625309, 20.657177842213716 ], [ 85.888346469470875, 20.65860347297971 ], [ 85.890692990171416, 20.669239073527169 ], [ 85.903649669082398, 20.677656391773883 ], [ 85.909877857100483, 20.689395883835331 ], [ 85.909674761758097, 20.701023641941507 ], [ 85.91538948520666, 20.702802179628289 ], [ 85.92967936781119, 20.701107031282294 ], [ 85.936545463378593, 20.692019990735812 ], [ 85.940664807793524, 20.693350900292526 ], [ 85.957865881047425, 20.684859056605013 ], [ 85.965569747248935, 20.666546687804384 ], [ 85.973182897913048, 20.669293620074964 ], [ 85.985206618627927, 20.660646080866762 ], [ 85.989703009576388, 20.647707317124535 ], [ 86.003693526347348, 20.641708094316154 ], [ 86.005296822414223, 20.626140992971745 ], [ 86.012437479644831, 20.62087839964957 ], [ 86.015819919312506, 20.622442735684519 ], [ 86.015978450523193, 20.61868049996756 ], [ 86.043131842642737, 20.60034264914864 ], [ 86.039446644733431, 20.593527756210428 ], [ 86.042048162089927, 20.591794035992802 ], [ 86.049219889358497, 20.589556657607087 ], [ 86.071887490752516, 20.59996177879728 ], [ 86.077581515993657, 20.594571177857109 ], [ 86.081981456195479, 20.603299949172754 ], [ 86.08119456687929, 20.612091518200646 ], [ 86.086941882455577, 20.617100361104765 ], [ 86.097280751301938, 20.617385074474058 ], [ 86.103124547727845, 20.61422155234311 ], [ 86.107553056756828, 20.617564893892364 ], [ 86.117099832198292, 20.613760428392336 ], [ 86.121943161153155, 20.625160566260288 ], [ 86.130600742088859, 20.631804422874072 ], [ 86.140458966877532, 20.634139777519731 ], [ 86.14478504198739, 20.642333653123675 ], [ 86.161106039202195, 20.64956073433191 ], [ 86.164399169903504, 20.649418456065941 ], [ 86.165262046659933, 20.643468421150338 ], [ 86.173976438697693, 20.644567463991493 ], [ 86.17503464052065, 20.653011504441714 ], [ 86.180015225787244, 20.65687073167927 ], [ 86.180617928273449, 20.650986997015281 ], [ 86.187284976279315, 20.658120376672876 ], [ 86.190936290389729, 20.655630233580041 ], [ 86.188911425077748, 20.639244182577681 ], [ 86.185940787005578, 20.643743353116488 ], [ 86.181610432650615, 20.642186874144709 ], [ 86.182138153659992, 20.637752937481686 ], [ 86.164221843860233, 20.637969922649045 ], [ 86.185162155076583, 20.63222414194286 ], [ 86.183559218223579, 20.625959686420195 ], [ 86.188408607762725, 20.625471966749924 ], [ 86.193931732701088, 20.632798469088666 ], [ 86.201497324697968, 20.632331984224532 ], [ 86.207382963947964, 20.627303873436563 ], [ 86.205363315125553, 20.619781665567242 ], [ 86.209908676822579, 20.617706299706999 ], [ 86.208550358294744, 20.615924702883092 ], [ 86.213055265234757, 20.616080731064088 ], [ 86.222086796725222, 20.608364796454808 ], [ 86.238428984547326, 20.609462992819989 ], [ 86.250732324194502, 20.605414650591065 ], [ 86.25774906082286, 20.601098753491659 ], [ 86.260062149069938, 20.59007188876118 ], [ 86.266494852618152, 20.584244263723779 ], [ 86.28002813986528, 20.581314850249619 ] ] ] } },
{ "type": "Feature", "properties": { "District": "DEOGARH", "STATE": "ODISHA", "REMARKS": null, "State_LGD": 21, "DISTRICT_L": "351", "Shape_Leng": 409810.12600300001, "Shape_Area": 2847432415.71 }, "geometry": { "type": "Polygon", "coordinates": [ [ [ 85.13089193723016, 21.599604614245681 ], [ 85.156801496565734, 21.590925412992181 ], [ 85.186710296916772, 21.5900300872859 ], [ 85.199348341299512, 21.580507847692104 ], [ 85.199690439715525, 21.573141635082351 ], [ 85.204426542867367, 21.568446567018494 ], [ 85.203685199469561, 21.562789105382517 ], [ 85.212860556796045, 21.555057284285045 ], [ 85.207231436298969, 21.542131010977062 ], [ 85.209723300021636, 21.535352303825643 ], [ 85.20822546987813, 21.532333135174149 ], [ 85.201742033313153, 21.532051113527007 ], [ 85.203720489633454, 21.525023099084233 ], [ 85.199578433924913, 21.51688595083964 ], [ 85.180098534882717, 21.500769660455752 ], [ 85.174379484491411, 21.486532003688271 ], [ 85.161012685197093, 21.47475257375827 ], [ 85.158547071944781, 21.463643524317852 ], [ 85.149534517453063, 21.457980516018416 ], [ 85.136445819241359, 21.463394151043278 ], [ 85.131250110180474, 21.457727455376624 ], [ 85.11723198538094, 21.454702899699665 ], [ 85.107504648426442, 21.458630132908791 ], [ 85.07952692693739, 21.458920822988517 ], [ 85.063974293031578, 21.45311948558923 ], [ 85.06066791834931, 21.441977156940254 ], [ 85.020969349462504, 21.458287725111663 ], [ 85.02642818789505, 21.448034163822268 ], [ 85.000027230435322, 21.439723599809614 ], [ 84.991827631917118, 21.412252154139061 ], [ 84.994661698916332, 21.401399078846296 ], [ 84.999993871361852, 21.398265764903083 ], [ 85.006526438205327, 21.385519294958854 ], [ 85.006540928657117, 21.362742674414907 ], [ 85.010244756965662, 21.355841650018593 ], [ 85.006981578880954, 21.347986458618212 ], [ 85.012661046623009, 21.333572135787218 ], [ 85.008249483242906, 21.324416304935479 ], [ 85.010245087377044, 21.317594326518243 ], [ 85.014495670312201, 21.315793162167179 ], [ 85.01555269371076, 21.310291941270208 ], [ 85.028066876201564, 21.307079476450472 ], [ 85.029871101123035, 21.301148948530411 ], [ 85.034617345909695, 21.29861263489866 ], [ 85.033922793473906, 21.29215150098856 ], [ 85.011139465214669, 21.297343213743641 ], [ 85.002592079634468, 21.286964381630977 ], [ 84.988693447032119, 21.287562019038795 ], [ 84.957013297607048, 21.297778405953746 ], [ 84.930663529204381, 21.284239522716298 ], [ 84.897514711638962, 21.261012422624937 ], [ 84.902361640112943, 21.250746022934408 ], [ 84.92606801054103, 21.233636569821648 ], [ 84.939488234004799, 21.196019631443004 ], [ 84.970008644122913, 21.188762290611187 ], [ 84.965998005977397, 21.184184942490546 ], [ 84.966215494204405, 21.178845502316943 ], [ 84.962027126642781, 21.177774614888385 ], [ 84.962267847494502, 21.165820190435223 ], [ 84.96944580444223, 21.161580476234889 ], [ 84.962154767890439, 21.147363422977495 ], [ 84.94859336953256, 21.148202025630543 ], [ 84.950342639570394, 21.170421943431283 ], [ 84.927322575226455, 21.180703127943719 ], [ 84.928486446104202, 21.157290700796572 ], [ 84.932044620342381, 21.15375801175902 ], [ 84.918786779479049, 21.140757790037284 ], [ 84.90017735222257, 21.147377850163487 ], [ 84.899473303423576, 21.150534556501853 ], [ 84.884865430574919, 21.15318818373169 ], [ 84.877239236493281, 21.164449066678181 ], [ 84.817486973258539, 21.171283070608496 ], [ 84.798585115506171, 21.165601713284772 ], [ 84.799925259311877, 21.154719316894642 ], [ 84.802941947805877, 21.155137807463223 ], [ 84.810909914093543, 21.146165379030172 ], [ 84.813437771651479, 21.147087665767533 ], [ 84.811492690224767, 21.140248851336001 ], [ 84.80867814688304, 21.136582142716396 ], [ 84.802608002941525, 21.14155604857994 ], [ 84.798693613558854, 21.130907845507526 ], [ 84.789377478267326, 21.131499876965865 ], [ 84.7887446342678, 21.138472183656173 ], [ 84.777183721528644, 21.145612741986191 ], [ 84.762486059876153, 21.149062878095162 ], [ 84.753906496110844, 21.1594514563125 ], [ 84.747919824352365, 21.161602233293731 ], [ 84.738718822144264, 21.17569764407536 ], [ 84.746007129475942, 21.178865193507502 ], [ 84.741021837010436, 21.184126556807779 ], [ 84.739091013691976, 21.195216872764941 ], [ 84.730808350982215, 21.194708520186051 ], [ 84.721603992966664, 21.199361508007303 ], [ 84.72394568348362, 21.204896987454447 ], [ 84.71583146398396, 21.20936110639018 ], [ 84.720153236073216, 21.215758795619045 ], [ 84.71756558317648, 21.219647301288276 ], [ 84.72152205904689, 21.228211646638243 ], [ 84.733611774951797, 21.22772434676045 ], [ 84.743762256364647, 21.234411829192695 ], [ 84.754092105142561, 21.227415819720431 ], [ 84.758379423873578, 21.24261208576036 ], [ 84.764630875643192, 21.244835268127858 ], [ 84.768372820394617, 21.253793196558675 ], [ 84.751584164207159, 21.258780527811695 ], [ 84.762018394526194, 21.274288932288059 ], [ 84.759095729140498, 21.278336221616488 ], [ 84.739952263961399, 21.288410807530632 ], [ 84.732438702971876, 21.301168588289986 ], [ 84.717933818314236, 21.310092746525747 ], [ 84.709361223982214, 21.319471195969502 ], [ 84.689425877731708, 21.322647671751625 ], [ 84.658223106094724, 21.313732494760011 ], [ 84.666411414010327, 21.30382778851353 ], [ 84.645990518801952, 21.300387368049684 ], [ 84.64275648614769, 21.291416217039039 ], [ 84.632911348904798, 21.290113134583805 ], [ 84.626727645991352, 21.280409604236119 ], [ 84.628561048527473, 21.276019871380278 ], [ 84.612535738806329, 21.276899599478689 ], [ 84.606103921089513, 21.27251934372271 ], [ 84.603086665787814, 21.262236878762117 ], [ 84.591675761056976, 21.2578617961037 ], [ 84.579977411815022, 21.258448122580944 ], [ 84.576924186857823, 21.253727017603456 ], [ 84.564488012529395, 21.249999293831191 ], [ 84.560082104817027, 21.258152134566462 ], [ 84.563802218674113, 21.258896802244607 ], [ 84.569162072390043, 21.268017104505141 ], [ 84.565584608900991, 21.27262600960638 ], [ 84.568482570734773, 21.275953010021343 ], [ 84.565817363668415, 21.275756574349092 ], [ 84.567883662611521, 21.280739016333104 ], [ 84.565339814885974, 21.280778901723345 ], [ 84.564466640910311, 21.287578962184529 ], [ 84.568907130528899, 21.294956909877484 ], [ 84.564101396905428, 21.301560035862956 ], [ 84.565591766258976, 21.308759801846271 ], [ 84.562847949582164, 21.309198787558991 ], [ 84.561903812385907, 21.317649937612249 ], [ 84.565681677300702, 21.323167397419031 ], [ 84.555377746201756, 21.33554125387025 ], [ 84.556071285529526, 21.340788374689986 ], [ 84.549684548947269, 21.356550527029526 ], [ 84.542417285839804, 21.366069316876505 ], [ 84.546003312246356, 21.373575347803641 ], [ 84.541780585211185, 21.377648754597306 ], [ 84.533111594914658, 21.383561902902954 ], [ 84.517654137292922, 21.381816995707734 ], [ 84.512405470206872, 21.373242972562412 ], [ 84.49859168867151, 21.375258647055322 ], [ 84.502521506066728, 21.369755403577358 ], [ 84.498663659307738, 21.364781693741218 ], [ 84.485780740777372, 21.370187019812793 ], [ 84.492442401809882, 21.38172176951911 ], [ 84.489053748548045, 21.391616311630283 ], [ 84.483146605009338, 21.390344946853535 ], [ 84.470444910054383, 21.39541741103335 ], [ 84.448901190267463, 21.393854030916089 ], [ 84.424234011984737, 21.383798211877959 ], [ 84.401575259596356, 21.380306710005758 ], [ 84.402942469014619, 21.384765338583765 ], [ 84.398982068481345, 21.385227497676663 ], [ 84.39377436761356, 21.394603885044592 ], [ 84.398496033618173, 21.407515457060203 ], [ 84.395243550956408, 21.409884682937953 ], [ 84.397622641792509, 21.419256862585691 ], [ 84.392152512152407, 21.426227363358695 ], [ 84.392800099488895, 21.43563580672846 ], [ 84.409035749298809, 21.442352383205701 ], [ 84.408400396688634, 21.451023305078312 ], [ 84.41466296671571, 21.455191944884454 ], [ 84.408772790733309, 21.467320671173031 ], [ 84.407924325027977, 21.476836884295025 ], [ 84.427468021980616, 21.488821816457182 ], [ 84.444203067353214, 21.49086631732516 ], [ 84.446428204576065, 21.501274209098607 ], [ 84.440388002073661, 21.512336374006381 ], [ 84.442017711000545, 21.518175701356981 ], [ 84.458122189553777, 21.515907410737658 ], [ 84.459300678641952, 21.528307934301605 ], [ 84.46718976252825, 21.527430328073784 ], [ 84.472505101335344, 21.536155914626729 ], [ 84.471071422747556, 21.538978092163344 ], [ 84.49170314192132, 21.531416783469115 ], [ 84.494202712403208, 21.543769628402554 ], [ 84.499997013125949, 21.543256245951486 ], [ 84.50348239404471, 21.549366681273394 ], [ 84.497528853704239, 21.567578681110749 ], [ 84.488323082523905, 21.578075842821058 ], [ 84.493162213489541, 21.579019967806566 ], [ 84.509490361924506, 21.572231763313898 ], [ 84.510029961319617, 21.581602573055889 ], [ 84.533987381124462, 21.568325737666644 ], [ 84.537684529275367, 21.571445672929709 ], [ 84.532361773954221, 21.577393739833028 ], [ 84.54245914232105, 21.583669239611101 ], [ 84.56669491143758, 21.577285174848949 ], [ 84.569490858050074, 21.581542501054727 ], [ 84.556572973066281, 21.591411654516833 ], [ 84.544655771561779, 21.595087139115229 ], [ 84.542344744046403, 21.601590032571181 ], [ 84.531288753410749, 21.606504900842431 ], [ 84.534050639112635, 21.611597461262399 ], [ 84.524448173114109, 21.62493484518054 ], [ 84.52088386005822, 21.626985411509825 ], [ 84.510651616714284, 21.621437765329855 ], [ 84.508004479312959, 21.62432799879948 ], [ 84.500603921054804, 21.624288990853508 ], [ 84.4847386534218, 21.64020620598043 ], [ 84.485095018417482, 21.64834631928673 ], [ 84.494283479287347, 21.658723704759836 ], [ 84.490818295870071, 21.664183355803392 ], [ 84.500879751555573, 21.683669973164466 ], [ 84.50594757969823, 21.687533798823782 ], [ 84.531475725381256, 21.679261885650444 ], [ 84.542485944570174, 21.679664674295037 ], [ 84.544291273481576, 21.684571507924989 ], [ 84.555775798999491, 21.684948880654563 ], [ 84.55894265962182, 21.689063048925611 ], [ 84.559582523639818, 21.700963539308926 ], [ 84.566679398489114, 21.703234759846485 ], [ 84.580726246722364, 21.702438323566188 ], [ 84.591155074023888, 21.697850002186534 ], [ 84.629159221608433, 21.698393522657383 ], [ 84.638078579336678, 21.723139099312288 ], [ 84.637470246272173, 21.733757941103359 ], [ 84.630263315299075, 21.73714018918956 ], [ 84.630860585910412, 21.73961362473333 ], [ 84.646104126465488, 21.743298500515913 ], [ 84.6538958937345, 21.764284928444145 ], [ 84.663722739853824, 21.763322504553635 ], [ 84.678477917663344, 21.7492096831566 ], [ 84.675000515028842, 21.736478938743083 ], [ 84.691301668354583, 21.709722538762648 ], [ 84.703054095586694, 21.707429949112505 ], [ 84.712565929971888, 21.711159760911386 ], [ 84.718028848319008, 21.717063648577078 ], [ 84.729759382115162, 21.69340007592492 ], [ 84.74675987774603, 21.682498202678502 ], [ 84.741086535658951, 21.669318804895063 ], [ 84.745874369484838, 21.669248474924061 ], [ 84.749246103504106, 21.66362812203684 ], [ 84.75328844769129, 21.642128624937182 ], [ 84.752458189623866, 21.628057880478455 ], [ 84.757424320818657, 21.624476896154409 ], [ 84.778922517636317, 21.625686661306293 ], [ 84.793410406739724, 21.636706613343371 ], [ 84.782912188301211, 21.641429578962015 ], [ 84.781762553090218, 21.649347078638446 ], [ 84.789911688184475, 21.668572297124925 ], [ 84.828270644110887, 21.660378224331197 ], [ 84.855272970149457, 21.66053961626886 ], [ 84.856541711169669, 21.652153389838155 ], [ 84.861060190515218, 21.65197687446539 ], [ 84.877659217200161, 21.658325957554535 ], [ 84.900942754685801, 21.658820784266972 ], [ 84.903384453985623, 21.668338190317339 ], [ 84.91437140211319, 21.670517554220009 ], [ 84.927003945199573, 21.667772527866166 ], [ 84.941328731152936, 21.659434856001404 ], [ 84.953609525593748, 21.665100056589601 ], [ 84.956429608826042, 21.684352117271278 ], [ 84.965333795147842, 21.682944491538354 ], [ 84.975389190431997, 21.672781387015679 ], [ 84.981118835928569, 21.674490391257201 ], [ 84.982544122871616, 21.681763994595013 ], [ 84.988629313842083, 21.678767325188744 ], [ 84.997888827354927, 21.682031123492408 ], [ 85.026068682816941, 21.672466504361516 ], [ 85.030883243449566, 21.658733337130894 ], [ 85.026151252973605, 21.653267468781745 ], [ 85.029573863463483, 21.64239411206745 ], [ 85.029380642216438, 21.627802159306338 ], [ 85.037810982345349, 21.622569138675146 ], [ 85.03940303541124, 21.617675004830907 ], [ 85.035164163354295, 21.608656995669904 ], [ 85.038200137999382, 21.600519768218138 ], [ 85.048491775428403, 21.591008988956254 ], [ 85.065070908566511, 21.591807672238787 ], [ 85.066197815376583, 21.598567191814997 ], [ 85.077330938769776, 21.603780829226793 ], [ 85.09200988436028, 21.602699010510221 ], [ 85.105783821186662, 21.594353378071634 ], [ 85.13089193723016, 21.599604614245681 ] ], [ [ 84.877718851385907, 21.178398725538795 ], [ 84.874965909050829, 21.178973273118192 ], [ 84.872350420276277, 21.173946943382791 ], [ 84.875722020254742, 21.17057099146442 ], [ 84.877718851385907, 21.178398725538795 ] ] ] } },
{ "type": "Feature", "properties": { "District": "DHENK>N>L", "STATE": "ODISHA", "REMARKS": null, "State_LGD": 21, "DISTRICT_L": "352", "Shape_Leng": 407088.67625100003, "Shape_Area": 4299977172.5100002 }, "geometry": { "type": "Polygon", "coordinates": [ [ [ 85.728208646457446, 21.141358448618703 ], [ 85.709276098675971, 21.142637965494668 ], [ 85.694209309266896, 21.135692905168074 ], [ 85.681235485308704, 21.112167894737347 ], [ 85.686913118911946, 21.100409360363088 ], [ 85.692081854060106, 21.097743778038453 ], [ 85.701495774014475, 21.074549413156394 ], [ 85.715844819290012, 21.065222691965271 ], [ 85.719641262441826, 21.06808800326305 ], [ 85.727026309363907, 21.063775548296711 ], [ 85.725752709500341, 21.050020978437161 ], [ 85.730408725616144, 21.040574711743094 ], [ 85.7314666389818, 21.027573621712104 ], [ 85.724498830436417, 21.019833698249709 ], [ 85.721508840873568, 20.999796522248179 ], [ 85.717763820535183, 20.996190816829465 ], [ 85.722129223704712, 20.985125398395976 ], [ 85.720702153989834, 20.981008831078544 ], [ 85.734506531476001, 20.989996893460379 ], [ 85.750797794476455, 20.992836422685777 ], [ 85.77005180594351, 20.987565078827366 ], [ 85.776915127693698, 20.98226187836422 ], [ 85.780339626612275, 20.972190870785997 ], [ 85.800820467265268, 20.967597696734263 ], [ 85.800983123456888, 20.964098087437623 ], [ 85.819389399160087, 20.94608124981783 ], [ 85.819095839356095, 20.933223446634639 ], [ 85.827494091509053, 20.924757483975434 ], [ 85.836578943834439, 20.92811716262338 ], [ 85.839062383315607, 20.932167898759285 ], [ 85.845284118158645, 20.932779177139849 ], [ 85.86043672514073, 20.928038592783476 ], [ 85.917229415928773, 20.927965757541372 ], [ 85.919595394282666, 20.901066780850325 ], [ 85.897787431625417, 20.855958092103354 ], [ 85.898391848887258, 20.84687788613871 ], [ 85.919414854340232, 20.840926881092262 ], [ 85.944329595720049, 20.840359505711707 ], [ 85.953634004855772, 20.833193326539128 ], [ 85.958257992292616, 20.839943407820058 ], [ 85.959156183383556, 20.836520289532952 ], [ 85.971754788265059, 20.830944963141825 ], [ 85.968497133715744, 20.826692631581437 ], [ 85.969878710913108, 20.823484648905861 ], [ 85.982483829310254, 20.818852825395595 ], [ 85.996882219778087, 20.818314275725786 ], [ 85.998832363816859, 20.8132887703504 ], [ 86.014401848702349, 20.813577732205623 ], [ 86.030542246178172, 20.80876832284898 ], [ 86.031641826245433, 20.796825852600225 ], [ 86.020590615846146, 20.77627658625785 ], [ 86.023145112679245, 20.768941238948088 ], [ 86.018453163218069, 20.765883270792973 ], [ 86.027532813248072, 20.761814949788644 ], [ 86.02381228488666, 20.744342959726595 ], [ 86.030613292948431, 20.741183022156566 ], [ 86.023585003875723, 20.72736953935437 ], [ 86.016081769781195, 20.730023722318041 ], [ 86.009154283006964, 20.724621753397841 ], [ 85.981244482409338, 20.737179846233278 ], [ 85.964966816304113, 20.72853120293118 ], [ 85.959431208139918, 20.721382805853104 ], [ 85.950756100630656, 20.722595006699173 ], [ 85.931970356310302, 20.714655376263966 ], [ 85.905450249266181, 20.715699464014186 ], [ 85.904081549904774, 20.705743579877769 ], [ 85.90952794481683, 20.703438162423733 ], [ 85.910123565559019, 20.689957592283925 ], [ 85.903649669082398, 20.677656391773883 ], [ 85.890692990171416, 20.669239073527169 ], [ 85.888346469470875, 20.65860347297971 ], [ 85.879554697625309, 20.657177842213716 ], [ 85.865476826975595, 20.667683596767137 ], [ 85.849727765619377, 20.66847812822467 ], [ 85.833129098771579, 20.668009840449315 ], [ 85.823683527258311, 20.66175242979708 ], [ 85.810174595734978, 20.660295615637459 ], [ 85.797928971045465, 20.666092180296609 ], [ 85.794242628240497, 20.672205289583577 ], [ 85.786202904441211, 20.672822039134225 ], [ 85.78289494081443, 20.671131829022116 ], [ 85.785629937299291, 20.669425565201635 ], [ 85.781333092192654, 20.662949169339964 ], [ 85.762381162892254, 20.661612652648117 ], [ 85.760744632232132, 20.644435514777296 ], [ 85.752140237869995, 20.645629307403951 ], [ 85.754372776925905, 20.636064537224787 ], [ 85.736904136902339, 20.645008135638452 ], [ 85.727012930349048, 20.645680714091615 ], [ 85.725927111444349, 20.641801401102448 ], [ 85.716944124108437, 20.63890261293345 ], [ 85.713124905514022, 20.625160103583543 ], [ 85.709510490219941, 20.623610903985114 ], [ 85.705836844939597, 20.626817747083138 ], [ 85.704320427440095, 20.622302782518993 ], [ 85.713298529618882, 20.614762935393781 ], [ 85.709010984902861, 20.605457273169588 ], [ 85.689629889970334, 20.596358487939021 ], [ 85.673237024709266, 20.573684017663041 ], [ 85.664271602622094, 20.568817796465733 ], [ 85.656049647683943, 20.550292725365022 ], [ 85.649998526950085, 20.549066761598944 ], [ 85.648705839200005, 20.551554600526888 ], [ 85.634201091954964, 20.541557560129771 ], [ 85.612727446434462, 20.543103403531859 ], [ 85.611525128769685, 20.539778345049989 ], [ 85.604022908593294, 20.536858702611706 ], [ 85.599412058675654, 20.538208332426009 ], [ 85.593362194821623, 20.533276447683836 ], [ 85.591362018793362, 20.520775011185911 ], [ 85.585232129697133, 20.513710172176431 ], [ 85.56877407084346, 20.516131912001754 ], [ 85.563722582482228, 20.523629036348126 ], [ 85.554868671912729, 20.526974845275149 ], [ 85.547753907168698, 20.524864614454575 ], [ 85.511329404875028, 20.537596199893468 ], [ 85.503572264613524, 20.536467935076185 ], [ 85.497455287867737, 20.524043164779588 ], [ 85.494503292302369, 20.525846905242496 ], [ 85.483176750413833, 20.522094149781044 ], [ 85.480550475130258, 20.506912535537126 ], [ 85.464958493072899, 20.498392045592436 ], [ 85.457584777554757, 20.490336481517733 ], [ 85.456866801826237, 20.484471693965407 ], [ 85.444578392613195, 20.497596361415102 ], [ 85.414810560728341, 20.509120406625406 ], [ 85.40557784832329, 20.509044944779127 ], [ 85.408091951444518, 20.487974564896142 ], [ 85.399752808639462, 20.487378592871146 ], [ 85.38279559712683, 20.499999334810507 ], [ 85.371883447446862, 20.496076113750945 ], [ 85.350060044421554, 20.497252283190385 ], [ 85.338103893995452, 20.499997279285072 ], [ 85.336424941985698, 20.503666774628105 ], [ 85.317324800970894, 20.502949705332799 ], [ 85.293905938022576, 20.51694372688457 ], [ 85.282581004672409, 20.512337930304692 ], [ 85.274307024214153, 20.517007305697302 ], [ 85.251272927129648, 20.51857418631128 ], [ 85.21140538409766, 20.548296569700394 ], [ 85.212152064451914, 20.553769110713922 ], [ 85.19689420534894, 20.567232286608803 ], [ 85.207888062514982, 20.576058531254017 ], [ 85.194982188020631, 20.58179556089171 ], [ 85.178307258377302, 20.601140370641954 ], [ 85.169935432797786, 20.60250610552141 ], [ 85.155818138069066, 20.611366105881405 ], [ 85.148487618601777, 20.609070245670804 ], [ 85.127006680508813, 20.616245257242198 ], [ 85.129023169150528, 20.631798314262998 ], [ 85.134568125731931, 20.642873419708611 ], [ 85.113133861293491, 20.683127701803112 ], [ 85.124933224643115, 20.703534054064107 ], [ 85.132178460091126, 20.708806306662158 ], [ 85.139813652638153, 20.731316397862383 ], [ 85.153176270722284, 20.733072687041862 ], [ 85.150149614876923, 20.726938694712551 ], [ 85.15975031245604, 20.707879371903559 ], [ 85.170688594171835, 20.706726979166177 ], [ 85.17565152100677, 20.700718833808654 ], [ 85.165456438413642, 20.684812769526051 ], [ 85.166678761792738, 20.679740442376989 ], [ 85.163684220715183, 20.675359421500502 ], [ 85.166583744842839, 20.665264854186489 ], [ 85.171931828068381, 20.662652517476491 ], [ 85.177726253381678, 20.670061821978216 ], [ 85.194034257109607, 20.678823420543271 ], [ 85.197788030035014, 20.686057184322387 ], [ 85.188213157653394, 20.699419799405881 ], [ 85.197671653503249, 20.709296824002696 ], [ 85.199164625229955, 20.715373312009227 ], [ 85.205148018516297, 20.719252000163589 ], [ 85.203914965229259, 20.733442969087179 ], [ 85.207221173639951, 20.734385150813619 ], [ 85.208219955284264, 20.742520467043459 ], [ 85.213468976668423, 20.744837851827398 ], [ 85.215931339982532, 20.750210637533595 ], [ 85.204631041659383, 20.758181627390979 ], [ 85.206571702680804, 20.769501629811963 ], [ 85.19599687524952, 20.780518926196102 ], [ 85.195791514581842, 20.78688016602662 ], [ 85.201092687823802, 20.790187522194941 ], [ 85.213204273813147, 20.785734556262444 ], [ 85.218794735794674, 20.794287811082587 ], [ 85.235963059981728, 20.792328971325642 ], [ 85.254745149000243, 20.795361783875517 ], [ 85.253284634084594, 20.80331827864503 ], [ 85.256688702700202, 20.811784986412153 ], [ 85.2510770268957, 20.827729214685114 ], [ 85.255549410200686, 20.84314389901936 ], [ 85.257534635025806, 20.875582318729109 ], [ 85.246840962843152, 20.884017873210983 ], [ 85.261624443623248, 20.890979434311635 ], [ 85.258974935037884, 20.894859087760015 ], [ 85.242631346361406, 20.899275742770246 ], [ 85.238747093426582, 20.912125191000722 ], [ 85.245676204079629, 20.936634170353894 ], [ 85.24085493374568, 20.96210588973166 ], [ 85.243844392326693, 20.966734352892797 ], [ 85.258034970252027, 20.973654409039632 ], [ 85.259789994945038, 20.986539211860293 ], [ 85.250919474754468, 21.000001425606698 ], [ 85.238291520856379, 21.009725586013058 ], [ 85.197599379237531, 21.035195008897823 ], [ 85.171304352147615, 21.04520619478583 ], [ 85.165172814477742, 21.053680007673073 ], [ 85.167241942775931, 21.064247418547247 ], [ 85.175031351334667, 21.06699590574171 ], [ 85.17718209940044, 21.074890450725384 ], [ 85.183988253822406, 21.082202711214027 ], [ 85.230105423400275, 21.072429339232141 ], [ 85.239863768937809, 21.101804740194012 ], [ 85.246977942883262, 21.113995390677982 ], [ 85.247593598074275, 21.12304316381605 ], [ 85.253777379838695, 21.129727671645931 ], [ 85.253175183907203, 21.137164231318572 ], [ 85.262342997522126, 21.15015232631492 ], [ 85.272196293494801, 21.174320096658811 ], [ 85.280640164362595, 21.17363390724217 ], [ 85.291073437197937, 21.180405740108249 ], [ 85.303955220062861, 21.173133252928242 ], [ 85.317072400330062, 21.158134769120331 ], [ 85.334144473518435, 21.17836520690215 ], [ 85.341481736338466, 21.178035401710673 ], [ 85.346637268087733, 21.168646678518812 ], [ 85.366204422739088, 21.172671342363405 ], [ 85.381168847463158, 21.167887894794497 ], [ 85.393277576660651, 21.183571430757187 ], [ 85.42173325267818, 21.164893020525813 ], [ 85.463979117520253, 21.123869819077282 ], [ 85.497790905360873, 21.115230095608517 ], [ 85.530761660999872, 21.14666150503994 ], [ 85.545218186195697, 21.167016464927659 ], [ 85.550718979273483, 21.161395299356982 ], [ 85.590320610044301, 21.142308025547365 ], [ 85.592343271892503, 21.138169370069555 ], [ 85.606422541427023, 21.136397834307179 ], [ 85.617600246948783, 21.14690066291373 ], [ 85.625486620274955, 21.16098499523709 ], [ 85.643355915911812, 21.16623773437016 ], [ 85.663379976240734, 21.166568800973685 ], [ 85.683014532111741, 21.186447770547563 ], [ 85.690478136760461, 21.179477654869192 ], [ 85.701905877061321, 21.182826966167607 ], [ 85.707513008383884, 21.181008982702483 ], [ 85.703458343926386, 21.174342651219732 ], [ 85.705778894571054, 21.168876942713933 ], [ 85.718378387297179, 21.161352889020332 ], [ 85.728208646457446, 21.141358448618703 ] ] ] } },
{ "type": "Feature", "properties": { "District": "GAJAPATI", "STATE": "ODISHA", "REMARKS": null, "State_LGD": 21, "DISTRICT_L": "353", "Shape_Leng": 505662.570221, "Shape_Area": 4001409962.5300002 }, "geometry": { "type": "MultiPolygon", "coordinates": [ [ [ [ 84.32927290767779, 18.787198741526474 ], [ 84.339591572022542, 18.789400542926064 ], [ 84.339361606720246, 18.77869196503072 ], [ 84.32927290767779, 18.787198741526474 ] ] ], [ [ [ 84.351713167101678, 18.785771135969647 ], [ 84.349676147727138, 18.788704124405712 ], [ 84.349678059842716, 18.79191898464774 ], [ 84.353274639286056, 18.789892993631803 ], [ 84.351713167101678, 18.785771135969647 ] ] ], [ [ [ 84.042496970542359, 19.627967234359133 ], [ 84.057072929862471, 19.627819762614951 ], [ 84.060587904312456, 19.634366512715872 ], [ 84.083114300502885, 19.632954765726154 ], [ 84.086188975421919, 19.628098034432494 ], [ 84.090940990336719, 19.630887785360258 ], [ 84.105774507001769, 19.623277268398173 ], [ 84.106170604736192, 19.625897360998696 ], [ 84.114956631653499, 19.628494053045298 ], [ 84.122297060925035, 19.627483134528731 ], [ 84.123760671923804, 19.63143381078574 ], [ 84.133779376929311, 19.631192099545174 ], [ 84.136805019706998, 19.628748402956724 ], [ 84.140222172220675, 19.607690092523143 ], [ 84.152885760794533, 19.583487074040882 ], [ 84.16166514834056, 19.582320955753193 ], [ 84.163898666930152, 19.589131893652851 ], [ 84.172655967071805, 19.589247146272687 ], [ 84.178391878895653, 19.585630848113382 ], [ 84.197442454679233, 19.595349476832897 ], [ 84.206896735604374, 19.594029164578881 ], [ 84.208438270357121, 19.589439288808162 ], [ 84.204816731591904, 19.579871476277066 ], [ 84.207841275451358, 19.584003859795342 ], [ 84.215224366775757, 19.585097724867047 ], [ 84.252801532515264, 19.560357184018564 ], [ 84.259635646776459, 19.589069662766669 ], [ 84.263450274795616, 19.587709988706564 ], [ 84.261848405465997, 19.561596265483391 ], [ 84.264238414375129, 19.552612376308588 ], [ 84.276549531271868, 19.553995051333089 ], [ 84.279468719695558, 19.567348103026763 ], [ 84.295168864549538, 19.574365226024373 ], [ 84.29829111362352, 19.579066632316323 ], [ 84.314891691455898, 19.581319200941206 ], [ 84.319473508754427, 19.586814034661174 ], [ 84.319113153010122, 19.584131490239656 ], [ 84.322837930967324, 19.583852778914377 ], [ 84.335705845792731, 19.586057039522704 ], [ 84.331664226908231, 19.594281835349868 ], [ 84.334915605498921, 19.598171932226631 ], [ 84.335755432444671, 19.59432417112119 ], [ 84.35297461660339, 19.588618619960005 ], [ 84.358746355960676, 19.594861476462395 ], [ 84.365347366523523, 19.595843046431117 ], [ 84.371161858671982, 19.587476217082674 ], [ 84.378123736340811, 19.58557295804853 ], [ 84.378711183215586, 19.576068773008171 ], [ 84.388496447175029, 19.564751881958127 ], [ 84.385344380191867, 19.556128013521178 ], [ 84.388812939920257, 19.552205125122729 ], [ 84.385637083527257, 19.539142693528706 ], [ 84.382924942663379, 19.53456593746759 ], [ 84.380401444397947, 19.53661071612235 ], [ 84.387845980826214, 19.51550740104037 ], [ 84.381740563691793, 19.500199420022625 ], [ 84.374630603769347, 19.492339737727452 ], [ 84.374728904187833, 19.486246017402745 ], [ 84.384243487635572, 19.473922693002354 ], [ 84.393538147764616, 19.473772277021432 ], [ 84.396619675429207, 19.468312870523778 ], [ 84.395851854285709, 19.45678868446441 ], [ 84.403210543237023, 19.449024665264496 ], [ 84.416006358314974, 19.443807547293133 ], [ 84.422922761545692, 19.445567492049875 ], [ 84.423357736902958, 19.439424152250162 ], [ 84.405180771885028, 19.439165026659182 ], [ 84.384208135867468, 19.429838388753552 ], [ 84.383268060972142, 19.423165297017515 ], [ 84.371955044574051, 19.426789828106227 ], [ 84.370415493812345, 19.408902005477604 ], [ 84.388137272433951, 19.405536807804175 ], [ 84.388080660328683, 19.40014964435035 ], [ 84.393534077251488, 19.396236730998464 ], [ 84.392479253598466, 19.381809818325088 ], [ 84.38541102290597, 19.390638749517791 ], [ 84.380794509395471, 19.384770675722631 ], [ 84.393511822183029, 19.372234753879678 ], [ 84.408062594172392, 19.367263866939751 ], [ 84.425464094574565, 19.367312397287023 ], [ 84.436372190338005, 19.364314980233701 ], [ 84.436576971136276, 19.361563555557584 ], [ 84.425308954120013, 19.354473817327275 ], [ 84.417229238059505, 19.33800578231887 ], [ 84.415582559582106, 19.327791921129286 ], [ 84.420085536372952, 19.312721164406945 ], [ 84.417305866124366, 19.308636304366129 ], [ 84.423356512321135, 19.30155642342848 ], [ 84.420062820391209, 19.293865823520424 ], [ 84.427746545835987, 19.294520701277722 ], [ 84.419927816321973, 19.277596109078917 ], [ 84.425514040733717, 19.260905787278489 ], [ 84.409307151063089, 19.239090125554576 ], [ 84.411051234480809, 19.225176677614179 ], [ 84.396821235650876, 19.21394909356118 ], [ 84.395249294112048, 19.209949068338151 ], [ 84.398957014183921, 19.20144560712076 ], [ 84.396232411387942, 19.199429314214786 ], [ 84.387395620036642, 19.19775488753152 ], [ 84.385653194277069, 19.193738748347158 ], [ 84.381053376729128, 19.197014292627752 ], [ 84.368217508225271, 19.19521848277644 ], [ 84.360677097812328, 19.190373857925618 ], [ 84.360972491349187, 19.182278255506265 ], [ 84.368886160108929, 19.180066741494329 ], [ 84.364681372734751, 19.161215002337631 ], [ 84.374124319093085, 19.157774432718956 ], [ 84.377119003683788, 19.147468704837237 ], [ 84.389420291465356, 19.141652551663338 ], [ 84.378497529375096, 19.140503715013519 ], [ 84.376407600211266, 19.128757372599821 ], [ 84.380492601259448, 19.130883519453889 ], [ 84.387921838450637, 19.129097430983521 ], [ 84.388238569119935, 19.125268636836648 ], [ 84.387082637477917, 19.121143500152776 ], [ 84.38099995205306, 19.11919681319759 ], [ 84.374756838512738, 19.111472828933682 ], [ 84.378516176117103, 19.10590980476012 ], [ 84.371135529134023, 19.104987200737625 ], [ 84.367052011362873, 19.090209805365788 ], [ 84.372179082771652, 19.090942285135572 ], [ 84.373991686257554, 19.080506783184337 ], [ 84.370211585543373, 19.072082069695025 ], [ 84.36236945049626, 19.07371270307587 ], [ 84.356527646603055, 19.064784104390153 ], [ 84.368397081251103, 19.050749682828702 ], [ 84.362051313187479, 19.047904804236619 ], [ 84.364157436523001, 19.045325219029024 ], [ 84.359934248801622, 19.03256407886176 ], [ 84.353873035096882, 19.030680327019727 ], [ 84.346812331097979, 19.014013581414908 ], [ 84.356837770691726, 19.014324184810651 ], [ 84.353923270727506, 19.008322700216361 ], [ 84.362205610394653, 19.009876792185469 ], [ 84.366494932749148, 19.015726355032957 ], [ 84.371188483841763, 19.014294198059609 ], [ 84.359704871896497, 18.993526814036912 ], [ 84.36442749997218, 18.989374131957511 ], [ 84.38088731493194, 18.991224338499539 ], [ 84.388503244289154, 19.005763496092623 ], [ 84.395697495285333, 19.003508855585565 ], [ 84.397164567591858, 19.000902336606234 ], [ 84.391881264364471, 19.000251116521813 ], [ 84.390238721965204, 18.996946253976009 ], [ 84.392627015636847, 18.990500729379761 ], [ 84.399568668960356, 18.987293450532533 ], [ 84.387584216297654, 18.974816182784394 ], [ 84.383956602021172, 18.97644456973023 ], [ 84.386549359160185, 18.965392231915889 ], [ 84.39804482342349, 18.973564013000058 ], [ 84.407081370969877, 18.973243725012217 ], [ 84.410371526502217, 18.965790046640389 ], [ 84.404153934585338, 18.965224377909166 ], [ 84.403057741916498, 18.959086429326529 ], [ 84.393869046882358, 18.953986224401575 ], [ 84.401490574300283, 18.94415524943819 ], [ 84.411800186179576, 18.939332865006815 ], [ 84.425582701285194, 18.950907794785497 ], [ 84.424219831300661, 18.947253904344823 ], [ 84.431028272249961, 18.935852730877947 ], [ 84.427683756957322, 18.932090215739233 ], [ 84.437985318395164, 18.932368188417694 ], [ 84.439465733962663, 18.9270831673308 ], [ 84.437652879861318, 18.919639605259018 ], [ 84.431108198875478, 18.916663854018736 ], [ 84.428392558671732, 18.909022532915657 ], [ 84.418572820456745, 18.917320801649819 ], [ 84.416759498423929, 18.914604308341627 ], [ 84.422190340292687, 18.905414707086955 ], [ 84.418508934585574, 18.897376003234882 ], [ 84.40008726464103, 18.895308461439654 ], [ 84.393534016114828, 18.904332846568295 ], [ 84.385559539916926, 18.900355674394895 ], [ 84.378401295033157, 18.903690774570528 ], [ 84.385149337238076, 18.895920627406273 ], [ 84.390326349883466, 18.895817253029549 ], [ 84.397518053408291, 18.890283201571801 ], [ 84.398326894434476, 18.883679683211124 ], [ 84.392132483711421, 18.876296431959183 ], [ 84.38811039277256, 18.884240839688228 ], [ 84.381483069924741, 18.886427727640086 ], [ 84.382556977534705, 18.881417498662127 ], [ 84.360266451866138, 18.894552687417313 ], [ 84.36255022598516, 18.887153203735995 ], [ 84.372591420299443, 18.878066732090542 ], [ 84.378817955959036, 18.87815454288744 ], [ 84.384202176760411, 18.87413965443552 ], [ 84.378994256783088, 18.871700377133838 ], [ 84.374226911079319, 18.861388378377832 ], [ 84.366502629046195, 18.864019864455145 ], [ 84.362060333381393, 18.860882047753318 ], [ 84.357788040093851, 18.869300835658269 ], [ 84.336807073413496, 18.890208497996834 ], [ 84.330533243190317, 18.883215122001953 ], [ 84.325604343722532, 18.876091762286539 ], [ 84.333060304696176, 18.860513726540422 ], [ 84.344988150979347, 18.849049052364784 ], [ 84.361233857123466, 18.842164272979179 ], [ 84.363849640125579, 18.837121915828746 ], [ 84.359603083064982, 18.831214703507875 ], [ 84.352111491021134, 18.831487543632331 ], [ 84.349407898030563, 18.820057652365776 ], [ 84.34265516468831, 18.822218932931023 ], [ 84.331055248782548, 18.817849680337488 ], [ 84.331052677040589, 18.815009692509019 ], [ 84.34183446794988, 18.8089781147848 ], [ 84.344545351965195, 18.801797145289044 ], [ 84.326591658609345, 18.798786533516562 ], [ 84.321258361321739, 18.78649242760638 ], [ 84.305923359312359, 18.794227174619159 ], [ 84.304986881507659, 18.798258960545748 ], [ 84.288661543272823, 18.804659320670545 ], [ 84.28648938829005, 18.79230205424993 ], [ 84.260966734915542, 18.783220072973499 ], [ 84.255921820979211, 18.787985862883897 ], [ 84.249027134884869, 18.785789593188913 ], [ 84.243136524545193, 18.788623742069348 ], [ 84.240802789866109, 18.797144642875761 ], [ 84.236740915824853, 18.79855190805435 ], [ 84.233830428151691, 18.794770476872436 ], [ 84.226308191642985, 18.798767107173926 ], [ 84.214398261278461, 18.795424939495081 ], [ 84.213772420163195, 18.793997983870174 ], [ 84.218914389670019, 18.791185290451466 ], [ 84.218083691562214, 18.790107530548497 ], [ 84.195342727872571, 18.791676831056908 ], [ 84.19468011916338, 18.783319328668643 ], [ 84.189938539369436, 18.777703976728251 ], [ 84.182705948073277, 18.781960597695555 ], [ 84.175774321475814, 18.780081635852127 ], [ 84.169718471869359, 18.788215347907137 ], [ 84.159263474195114, 18.7878533484045 ], [ 84.15842698025061, 18.782892797131101 ], [ 84.151761481677127, 18.783540619914824 ], [ 84.146218995297772, 18.777162785459957 ], [ 84.140387518503474, 18.777272203941422 ], [ 84.138909582237773, 18.768803103921847 ], [ 84.14199501614371, 18.764299662892 ], [ 84.137397451411545, 18.761236190412927 ], [ 84.132560125965455, 18.760602319282956 ], [ 84.12930482153385, 18.765333028622898 ], [ 84.12467928092687, 18.763939169966065 ], [ 84.122383877541523, 18.767944223500489 ], [ 84.089462532266936, 18.756780403325518 ], [ 84.089589896127336, 18.763987308753105 ], [ 84.084751145448962, 18.764272919234635 ], [ 84.085229712746127, 18.766487783466221 ], [ 84.076417030922883, 18.764445229463462 ], [ 84.073727800533476, 18.775819576651294 ], [ 84.067989930286174, 18.782311312299168 ], [ 84.05991188487107, 18.782423507212133 ], [ 84.057265010150317, 18.789369858878995 ], [ 84.06162560840697, 18.790729545942078 ], [ 84.057277162182885, 18.792760117398309 ], [ 84.059876752866501, 18.799175146655095 ], [ 84.046685905798384, 18.801607625980623 ], [ 84.045607231277174, 18.812880423885396 ], [ 84.038483301190581, 18.816432845238914 ], [ 84.037782887181024, 18.813045062816219 ], [ 84.03296377219155, 18.811596130635412 ], [ 84.025221890440292, 18.817047635274374 ], [ 84.01546593766929, 18.817063190860583 ], [ 84.015731260786879, 18.808752563390339 ], [ 84.00989646877855, 18.811687989692519 ], [ 84.005218086871565, 18.80873746086672 ], [ 83.993850185793036, 18.813605738858708 ], [ 83.986860477569564, 18.810048641549866 ], [ 83.977851760813692, 18.814172988852508 ], [ 83.965093020048826, 18.81461558609735 ], [ 83.950161534306915, 18.805177269630583 ], [ 83.941743535135743, 18.808330044059041 ], [ 83.942320842829233, 18.815457693831622 ], [ 83.937536714378425, 18.818159725791777 ], [ 83.931648331149006, 18.815878199616996 ], [ 83.915804863411637, 18.827961592737424 ], [ 83.89963014605236, 18.824402611261945 ], [ 83.89316228089433, 18.814473184491902 ], [ 83.887725434808161, 18.830960987470707 ], [ 83.871651644329802, 18.848335076635962 ], [ 83.853327557709832, 18.858068817458225 ], [ 83.848306737031507, 18.864419837017639 ], [ 83.84361332597868, 18.87554269870785 ], [ 83.848899166698232, 18.899896760129678 ], [ 83.845787686679344, 18.913582847110501 ], [ 83.840317151714572, 18.918508691618744 ], [ 83.830708494527315, 18.914752115450437 ], [ 83.826577389142898, 18.91628374684818 ], [ 83.828939078384124, 18.930604557383006 ], [ 83.819730550110364, 18.939256871155017 ], [ 83.821761670459637, 18.960229130356971 ], [ 83.817732976929605, 18.971533424220439 ], [ 83.808926318386995, 18.992282913404793 ], [ 83.796861850506417, 19.000915641519118 ], [ 83.793638358970142, 19.006948181977119 ], [ 83.798934923948579, 19.027822153852735 ], [ 83.806989325640316, 19.033406106395415 ], [ 83.816574044692643, 19.032032154878106 ], [ 83.819092206544411, 19.020355369482093 ], [ 83.833403152145522, 19.003834640143584 ], [ 83.844446107144307, 19.010734719431948 ], [ 83.850721492372045, 19.005780466609991 ], [ 83.856125465997891, 18.999282082878999 ], [ 83.857435619478153, 18.991061376431411 ], [ 83.86515748654503, 18.98933713818397 ], [ 83.867674619012533, 18.993324863717675 ], [ 83.875585743872662, 18.995265105097452 ], [ 83.89102646131397, 18.994613517065869 ], [ 83.894830695953544, 18.996982700654723 ], [ 83.89599717038088, 19.007058398669194 ], [ 83.907853340395761, 19.019927246012202 ], [ 83.917142922496922, 19.013194571067043 ], [ 83.928419351851744, 19.015074597779044 ], [ 83.930186267890974, 19.010550487937973 ], [ 83.937804748431205, 19.009269376801697 ], [ 83.950279317492061, 18.997568706730089 ], [ 83.96018326599075, 18.99918442131866 ], [ 83.968173484580944, 19.006328392046957 ], [ 83.976282368074635, 19.008102878016892 ], [ 83.985556721165096, 19.022253613124324 ], [ 83.963158826170172, 19.043067401695485 ], [ 83.964688185557407, 19.051398305928871 ], [ 83.961123457129176, 19.053017450758599 ], [ 83.961271797919593, 19.056558653052853 ], [ 83.964662307076168, 19.062982024525358 ], [ 83.977635394119545, 19.072242983428399 ], [ 83.997588340469022, 19.068235961064577 ], [ 84.003433494866641, 19.069874196703235 ], [ 84.009060175497964, 19.057310550377743 ], [ 84.031797491576214, 19.058572054704992 ], [ 84.028927745688051, 19.075667940409097 ], [ 84.021767731074235, 19.075103891386512 ], [ 84.018096349909342, 19.079727571875154 ], [ 84.019517355594985, 19.089228526609432 ], [ 84.013518581298825, 19.09985758266825 ], [ 84.016015087353466, 19.102416746451574 ], [ 84.015602365880952, 19.118140680224542 ], [ 84.033686445466643, 19.13222853718575 ], [ 84.026527023781981, 19.142507202102532 ], [ 84.010170544957276, 19.143064835690698 ], [ 84.006574043382869, 19.147723315225306 ], [ 83.994233550609394, 19.149775675380784 ], [ 83.988801911632194, 19.157005276832503 ], [ 83.98849576627812, 19.161627995243911 ], [ 83.983971664462956, 19.164680643914249 ], [ 83.991988275681834, 19.168793202229271 ], [ 83.987987113533009, 19.186620641094404 ], [ 83.997460174825363, 19.193435429114057 ], [ 83.984635625306495, 19.203620482507148 ], [ 83.979749524775542, 19.213007824400954 ], [ 83.984520223304642, 19.214591155296119 ], [ 83.988539073567949, 19.221097875985055 ], [ 83.988205834991021, 19.228682097286956 ], [ 83.994511983042273, 19.236031386503182 ], [ 83.992391404804593, 19.242787226789996 ], [ 83.995395040787031, 19.244096740082554 ], [ 83.998614308897089, 19.257526835276842 ], [ 84.002774056433111, 19.258627699761419 ], [ 84.003128699613768, 19.269739369542304 ], [ 84.011249856237725, 19.271451773912204 ], [ 84.012668626682469, 19.285344352808536 ], [ 84.020123085075028, 19.290836320876569 ], [ 84.014321405349364, 19.30653637707205 ], [ 84.016175013358264, 19.317645705773455 ], [ 84.026825216949987, 19.328487163302764 ], [ 84.023990456599662, 19.337728723997905 ], [ 84.02881566836453, 19.347452313110111 ], [ 84.015435460015041, 19.377248554121966 ], [ 83.997160251213216, 19.38883051478745 ], [ 83.989766920496876, 19.38900193913339 ], [ 83.987001328713859, 19.402439960046841 ], [ 83.980153345215172, 19.399952496461051 ], [ 83.97752121300914, 19.38355671161645 ], [ 83.966332081730712, 19.387544711295792 ], [ 83.962621845895555, 19.395951369272876 ], [ 83.947239068383936, 19.396820009831714 ], [ 83.941682693294553, 19.420075688620717 ], [ 83.954702878453546, 19.441278293654705 ], [ 83.96336457985457, 19.448431369489036 ], [ 83.961886795504441, 19.452215597738654 ], [ 83.96921092956444, 19.461132498988331 ], [ 83.968102428311965, 19.469248543430062 ], [ 83.976696600569781, 19.486129128240904 ], [ 83.958476774856621, 19.502357459055236 ], [ 83.959110045847922, 19.507854015388034 ], [ 83.965754799526962, 19.512001707507633 ], [ 83.971241095175799, 19.525665270308611 ], [ 83.979065141817728, 19.531485520744461 ], [ 83.975488620551531, 19.532203572690467 ], [ 83.970741242972665, 19.542049679051914 ], [ 83.955003575645748, 19.548230201782093 ], [ 83.946025265804607, 19.546761030791842 ], [ 83.93837863269124, 19.555710402909884 ], [ 83.93955796790209, 19.562981105777148 ], [ 83.931562745899328, 19.573773247116236 ], [ 83.934455005585306, 19.594354854765541 ], [ 83.931364314337372, 19.595687229379408 ], [ 83.92492821261088, 19.626409902757242 ], [ 83.925771081842058, 19.630603187337158 ], [ 83.933708818275164, 19.634062436621797 ], [ 83.954962004119992, 19.636178879171812 ], [ 83.963877045144244, 19.631513751205194 ], [ 83.966402834340158, 19.623851670952043 ], [ 83.983016872090246, 19.622113517924319 ], [ 83.991279223667746, 19.627605099733309 ], [ 84.003370545390069, 19.628831581541036 ], [ 84.0096508176063, 19.618956337729902 ], [ 84.01247378090153, 19.624717639622023 ], [ 84.023796952070953, 19.630145760376084 ], [ 84.026793969234362, 19.637620518925996 ], [ 84.035409502213298, 19.635690958162062 ], [ 84.042496970542359, 19.627967234359133 ] ] ] ] } },
{ "type": "Feature", "properties": { "District": "GANJ>M", "STATE": "ODISHA", "REMARKS": null, "State_LGD": 21, "DISTRICT_L": "354", "Shape_Leng": 679720.08148699999, "Shape_Area": 8115391150.29 }, "geometry": { "type": "Polygon", "coordinates": [ [ [ 84.939918586930773, 19.897412475706684 ], [ 84.935956351639845, 19.874528152475939 ], [ 84.952668176007123, 19.868281038379688 ], [ 84.950942253272757, 19.865908355786168 ], [ 84.969289732097749, 19.854417042099392 ], [ 84.985315559639091, 19.819065108337995 ], [ 84.99173090703222, 19.815149435773964 ], [ 84.998422144097091, 19.816602145848453 ], [ 84.99920465679925, 19.809746047879543 ], [ 85.006798151621226, 19.803508121506901 ], [ 85.021929103337854, 19.807004891148807 ], [ 85.045024476357924, 19.805885957965373 ], [ 85.072313144448515, 19.794561870456196 ], [ 85.083969514583586, 19.770289371409199 ], [ 85.125707395765232, 19.749340956919269 ], [ 85.137786457178237, 19.739024677070514 ], [ 85.143969372471986, 19.729043857596313 ], [ 85.143602252580848, 19.721185617287684 ], [ 85.160068254853755, 19.703144064656428 ], [ 85.161305390174036, 19.696295903630119 ], [ 85.169328601036739, 19.691093487693514 ], [ 85.172455128470858, 19.684106379091457 ], [ 85.182718573437, 19.678049499242736 ], [ 85.172999121081546, 19.559259706159533 ], [ 85.135437638391437, 19.521540471024071 ], [ 85.148716696703829, 19.49495135589634 ], [ 85.173094530372637, 19.466829012325032 ], [ 85.105550822014578, 19.413768923886952 ], [ 85.093802558935153, 19.398605354039315 ], [ 85.092021611346695, 19.388058456871146 ], [ 85.079317044379081, 19.374347511497785 ], [ 84.983600957712653, 19.317831408996366 ], [ 84.933311203194279, 19.278824954482083 ], [ 84.876387624822456, 19.228068607613103 ], [ 84.850081010637197, 19.202475105136237 ], [ 84.811325048925085, 19.157455498806542 ], [ 84.793638630503963, 19.120857410551327 ], [ 84.766265503224744, 19.078143625158411 ], [ 84.75454535530821, 19.082169595418708 ], [ 84.702795510647775, 19.11786212164569 ], [ 84.702523446773142, 19.125856312198426 ], [ 84.697835417425026, 19.126443632061935 ], [ 84.706124250495179, 19.141025248458856 ], [ 84.700047773798332, 19.144394923666411 ], [ 84.701175020290279, 19.147059773088714 ], [ 84.710515909722943, 19.146458390532338 ], [ 84.714854330789194, 19.152319892421975 ], [ 84.712011265378663, 19.158277034629055 ], [ 84.703398420014437, 19.161168068413453 ], [ 84.684349239091901, 19.159989586380789 ], [ 84.677758051525771, 19.166784041042483 ], [ 84.670906111703346, 19.166042339490037 ], [ 84.667931746621576, 19.154173155139411 ], [ 84.671015431507655, 19.156230858592224 ], [ 84.671655364672176, 19.148218875382405 ], [ 84.667318409993968, 19.129856736728989 ], [ 84.65426435714221, 19.129374535071527 ], [ 84.644078013034047, 19.133723918547087 ], [ 84.643626612184534, 19.129708229235856 ], [ 84.631022388405285, 19.129677112652647 ], [ 84.629777606003671, 19.126680690503061 ], [ 84.595530035309807, 19.132449533745287 ], [ 84.596005774457808, 19.128789060381393 ], [ 84.602849959193037, 19.126620690371084 ], [ 84.608412426434654, 19.107533034819848 ], [ 84.611282194129586, 19.106847798823377 ], [ 84.609545185873344, 19.100778746375706 ], [ 84.618666027176815, 19.100084138556721 ], [ 84.619654215087579, 19.104395873725991 ], [ 84.625477724953853, 19.09909287147525 ], [ 84.622678481082943, 19.093863667270227 ], [ 84.625494770355971, 19.084913615471017 ], [ 84.631931024902215, 19.086563432557874 ], [ 84.631196528803159, 19.082101463682132 ], [ 84.634328210461177, 19.088667146814849 ], [ 84.636784511263485, 19.085948492863302 ], [ 84.636840059575945, 19.089738017680517 ], [ 84.647040991809988, 19.096262885324503 ], [ 84.653189619508581, 19.093089986302338 ], [ 84.65897086103314, 19.09442800108469 ], [ 84.663878803291283, 19.087572087851733 ], [ 84.663471689795969, 19.082396301372597 ], [ 84.670852346818705, 19.076330140920543 ], [ 84.663082352750905, 19.074606162812945 ], [ 84.661131033627214, 19.063038861192005 ], [ 84.6539438754901, 19.067535621514764 ], [ 84.641613513962596, 19.067274432058433 ], [ 84.637114941357936, 19.059978140520517 ], [ 84.63101074167642, 19.060419137615234 ], [ 84.627822556972831, 19.066207890783485 ], [ 84.61830976306284, 19.065873005444551 ], [ 84.617045986645778, 19.060930027538923 ], [ 84.622424275583185, 19.060100818777325 ], [ 84.620742515062346, 19.056141503483843 ], [ 84.613427912333023, 19.056566309137608 ], [ 84.614268077781873, 19.051939450071202 ], [ 84.605853050021665, 19.041697212440841 ], [ 84.601273895227465, 19.025282020740971 ], [ 84.595681662214574, 19.025547983066055 ], [ 84.594147849673035, 19.022258481487942 ], [ 84.581666241944802, 19.030088266600643 ], [ 84.583286373799766, 19.042482331827074 ], [ 84.577289977551231, 19.040471025293723 ], [ 84.583050898349043, 19.049239064027724 ], [ 84.580458286154112, 19.060024610093741 ], [ 84.582950707119892, 19.07318422224898 ], [ 84.574702158200481, 19.067566824029452 ], [ 84.571576442448333, 19.069575755671753 ], [ 84.572864847702718, 19.073719981821618 ], [ 84.556602702665657, 19.056580874002464 ], [ 84.543271671811681, 19.055053549119013 ], [ 84.526134531161674, 19.046037365570694 ], [ 84.524119731633519, 19.048697050962542 ], [ 84.516379032471193, 19.048426028861812 ], [ 84.505319106313749, 19.03386347240804 ], [ 84.494367357863922, 19.029001168229605 ], [ 84.488774730065131, 19.019506089383416 ], [ 84.48264234668062, 19.016568907441886 ], [ 84.478893166386129, 18.988459171967623 ], [ 84.466778396534622, 18.993879147302419 ], [ 84.460591715757275, 18.993058213693427 ], [ 84.460359600252346, 18.996780259880218 ], [ 84.449608090372138, 19.003003362725345 ], [ 84.44160629067872, 19.003529539426221 ], [ 84.44055951434558, 19.007411633324647 ], [ 84.437122235171614, 19.007129209199874 ], [ 84.431603443744294, 19.013482300176534 ], [ 84.424579937312714, 19.013953456862556 ], [ 84.425733286296051, 19.019207183471501 ], [ 84.421085398073927, 19.02199144800057 ], [ 84.422011309381389, 19.012748196973732 ], [ 84.432497957370529, 19.006554807740077 ], [ 84.432218843556598, 18.995050605636074 ], [ 84.443295951016168, 18.990499164135603 ], [ 84.444683242158007, 18.983262364457936 ], [ 84.452426243077014, 18.975977488457115 ], [ 84.447729058170935, 18.975565097880345 ], [ 84.441678784911929, 18.968649949718952 ], [ 84.431072936346396, 18.969189415072545 ], [ 84.429411837539703, 18.964858902178417 ], [ 84.432428362678323, 18.959089523597861 ], [ 84.419442418105035, 18.948108639344351 ], [ 84.415725953206362, 18.940155215843042 ], [ 84.401490574300283, 18.94415524943819 ], [ 84.393869046882358, 18.953986224401575 ], [ 84.403057741916498, 18.959086429326529 ], [ 84.404153934585338, 18.965224377909166 ], [ 84.410371526502217, 18.965790046640389 ], [ 84.407318318736344, 18.972953557159848 ], [ 84.396766430253308, 18.973058311876215 ], [ 84.387085966586611, 18.964767649726337 ], [ 84.38388307333112, 18.972637377352427 ], [ 84.383956602021172, 18.97644456973023 ], [ 84.387584216297654, 18.974816182784394 ], [ 84.39882639548938, 18.984357104403305 ], [ 84.399538350417913, 18.987717448693971 ], [ 84.392627015636847, 18.990500729379761 ], [ 84.390238721965204, 18.996946253976009 ], [ 84.391881264364471, 19.000251116521813 ], [ 84.397164567591858, 19.000902336606234 ], [ 84.395697495285333, 19.003508855585565 ], [ 84.388503244289154, 19.005763496092623 ], [ 84.38088731493194, 18.991224338499539 ], [ 84.36442749997218, 18.989374131957511 ], [ 84.359704871896497, 18.993526814036912 ], [ 84.371188483841763, 19.014294198059609 ], [ 84.366494932749148, 19.015726355032957 ], [ 84.362205610394653, 19.009876792185469 ], [ 84.353923270727506, 19.008322700216361 ], [ 84.356837770691726, 19.014324184810651 ], [ 84.346812331097979, 19.014013581414908 ], [ 84.353873035096882, 19.030680327019727 ], [ 84.359934248801622, 19.03256407886176 ], [ 84.364157436523001, 19.045325219029024 ], [ 84.362051313187479, 19.047904804236619 ], [ 84.368397081251103, 19.050749682828702 ], [ 84.356527646603055, 19.064784104390153 ], [ 84.36236945049626, 19.07371270307587 ], [ 84.370211585543373, 19.072082069695025 ], [ 84.373991686257554, 19.080506783184337 ], [ 84.372179082771652, 19.090942285135572 ], [ 84.367052011362873, 19.090209805365788 ], [ 84.371135529134023, 19.104987200737625 ], [ 84.378516176117103, 19.10590980476012 ], [ 84.374756838512738, 19.111472828933682 ], [ 84.38099995205306, 19.11919681319759 ], [ 84.387082637477917, 19.121143500152776 ], [ 84.388238569119935, 19.125268636836648 ], [ 84.387921838450637, 19.129097430983521 ], [ 84.380492601259448, 19.130883519453889 ], [ 84.376407600211266, 19.128757372599821 ], [ 84.378497529375096, 19.140503715013519 ], [ 84.389420291465356, 19.141652551663338 ], [ 84.377119003683788, 19.147468704837237 ], [ 84.374124319093085, 19.157774432718956 ], [ 84.364681372734751, 19.161215002337631 ], [ 84.368886160108929, 19.180066741494329 ], [ 84.360972491349187, 19.182278255506265 ], [ 84.360677097812328, 19.190373857925618 ], [ 84.368217508225271, 19.19521848277644 ], [ 84.381053376729128, 19.197014292627752 ], [ 84.385653194277069, 19.193738748347158 ], [ 84.387395620036642, 19.19775488753152 ], [ 84.396232411387942, 19.199429314214786 ], [ 84.398957014183921, 19.20144560712076 ], [ 84.395249294112048, 19.209949068338151 ], [ 84.396821235650876, 19.21394909356118 ], [ 84.411051234480809, 19.225176677614179 ], [ 84.409307151063089, 19.239090125554576 ], [ 84.425514040733717, 19.260905787278489 ], [ 84.419927816321973, 19.277596109078917 ], [ 84.427746545835987, 19.294520701277722 ], [ 84.420062820391209, 19.293865823520424 ], [ 84.423356512321135, 19.30155642342848 ], [ 84.417305866124366, 19.308636304366129 ], [ 84.420085536372952, 19.312721164406945 ], [ 84.415582559582106, 19.327791921129286 ], [ 84.417229238059505, 19.33800578231887 ], [ 84.425308954120013, 19.354473817327275 ], [ 84.436576971136276, 19.361563555557584 ], [ 84.436372190338005, 19.364314980233701 ], [ 84.425464094574565, 19.367312397287023 ], [ 84.408062594172392, 19.367263866939751 ], [ 84.393511822183029, 19.372234753879678 ], [ 84.380794509395471, 19.384770675722631 ], [ 84.38541102290597, 19.390638749517791 ], [ 84.392479253598466, 19.381809818325088 ], [ 84.393534077251488, 19.396236730998464 ], [ 84.388080660328683, 19.40014964435035 ], [ 84.388137272433951, 19.405536807804175 ], [ 84.370415493812345, 19.408902005477604 ], [ 84.371955044574051, 19.426789828106227 ], [ 84.383268060972142, 19.423165297017515 ], [ 84.384208135867468, 19.429838388753552 ], [ 84.405180771885028, 19.439165026659182 ], [ 84.423357736902958, 19.439424152250162 ], [ 84.422922761545692, 19.445567492049875 ], [ 84.416006358314974, 19.443807547293133 ], [ 84.403210543237023, 19.449024665264496 ], [ 84.395851854285709, 19.45678868446441 ], [ 84.396619675429207, 19.468312870523778 ], [ 84.393538147764616, 19.473772277021432 ], [ 84.384243487635572, 19.473922693002354 ], [ 84.374728904187833, 19.486246017402745 ], [ 84.374630603769347, 19.492339737727452 ], [ 84.381740563691793, 19.500199420022625 ], [ 84.387845980826214, 19.51550740104037 ], [ 84.380401444397947, 19.53661071612235 ], [ 84.382924942663379, 19.53456593746759 ], [ 84.385637083527257, 19.539142693528706 ], [ 84.388812939920257, 19.552205125122729 ], [ 84.385344380191867, 19.556128013521178 ], [ 84.388496447175029, 19.564751881958127 ], [ 84.378711183215586, 19.576068773008171 ], [ 84.378123736340811, 19.58557295804853 ], [ 84.371161858671982, 19.587476217082674 ], [ 84.365347366523523, 19.595843046431117 ], [ 84.358746355960676, 19.594861476462395 ], [ 84.35297461660339, 19.588618619960005 ], [ 84.335755432444671, 19.59432417112119 ], [ 84.334915605498921, 19.598171932226631 ], [ 84.331664226908231, 19.594281835349868 ], [ 84.335705845792731, 19.586057039522704 ], [ 84.322837930967324, 19.583852778914377 ], [ 84.319113153010122, 19.584131490239656 ], [ 84.319473508754427, 19.586814034661174 ], [ 84.314891691455898, 19.581319200941206 ], [ 84.29829111362352, 19.579066632316323 ], [ 84.295168864549538, 19.574365226024373 ], [ 84.279468719695558, 19.567348103026763 ], [ 84.277772727711763, 19.55517379362918 ], [ 84.27097441753385, 19.552488642048996 ], [ 84.264238414375129, 19.552612376308588 ], [ 84.262257317865391, 19.559092388038767 ], [ 84.263450274795616, 19.587709988706564 ], [ 84.259635646776459, 19.589069662766669 ], [ 84.252801532515264, 19.560357184018564 ], [ 84.228407315686169, 19.574606283914434 ], [ 84.233883500203163, 19.57328179149955 ], [ 84.233872710927571, 19.576970020870128 ], [ 84.239308921296356, 19.576317498598339 ], [ 84.232719172316919, 19.592910855017397 ], [ 84.232928289329038, 19.604633508558717 ], [ 84.236409813089466, 19.608853859497273 ], [ 84.227238780884775, 19.612220536161388 ], [ 84.224559188388881, 19.629550662068439 ], [ 84.234688844172183, 19.630641176308281 ], [ 84.236026297842159, 19.637957058201547 ], [ 84.241156705534451, 19.639421789037101 ], [ 84.250859636257942, 19.654698414004457 ], [ 84.236359806939035, 19.660213952169411 ], [ 84.24056663813667, 19.663880992926625 ], [ 84.236079132122427, 19.668516015058994 ], [ 84.224812793931761, 19.669091631494645 ], [ 84.216914744845766, 19.676345762997876 ], [ 84.214188073483584, 19.685472200264485 ], [ 84.206838034964477, 19.681669729231796 ], [ 84.201022821327314, 19.686368750444451 ], [ 84.20291659236544, 19.691210597486183 ], [ 84.198254462589702, 19.69810331102811 ], [ 84.194899826052193, 19.698050959908723 ], [ 84.190726756737732, 19.711289191045697 ], [ 84.201730450214768, 19.733888349612197 ], [ 84.181488278275367, 19.737669791506338 ], [ 84.166577234665112, 19.734865854078517 ], [ 84.152607602554411, 19.724988558614431 ], [ 84.147801274543582, 19.729882078909007 ], [ 84.15150952874653, 19.746846549430746 ], [ 84.149231567643227, 19.756709756700374 ], [ 84.13016266412491, 19.780509941009001 ], [ 84.160787707318875, 19.786668908636639 ], [ 84.173038670299334, 19.793440345166402 ], [ 84.16524105016191, 19.805559151665584 ], [ 84.171713381459966, 19.811480581376223 ], [ 84.173679881568873, 19.823542086781337 ], [ 84.186508142170766, 19.823184950853083 ], [ 84.199929104677622, 19.835552995346916 ], [ 84.184809572152133, 19.860531304990378 ], [ 84.247999534396243, 19.871667301584992 ], [ 84.277479314508824, 19.880625803954953 ], [ 84.306261215287606, 19.90876483932588 ], [ 84.324187214273437, 19.872241728930707 ], [ 84.335396778991239, 19.868811695157714 ], [ 84.337379945530529, 19.870642700460177 ], [ 84.337267940258698, 19.867349857180887 ], [ 84.339987747784306, 19.867932263304969 ], [ 84.340164581631115, 19.863912356365642 ], [ 84.344063488691319, 19.861600349378712 ], [ 84.358338249022708, 19.863465012144356 ], [ 84.35710937110548, 19.859880173360697 ], [ 84.3707373595836, 19.847440592692635 ], [ 84.384624774203758, 19.840877366671162 ], [ 84.424020564595978, 19.835902084939892 ], [ 84.431390307182411, 19.840162104793205 ], [ 84.442861226273564, 19.830647543721497 ], [ 84.448660625843914, 19.834915396777326 ], [ 84.442895085506038, 19.844571576590333 ], [ 84.462222283050451, 19.85731814431891 ], [ 84.457782825715967, 19.872072931911251 ], [ 84.462104001651824, 19.881530296223996 ], [ 84.456377103756097, 19.905404889314102 ], [ 84.462685549221874, 19.915396343989464 ], [ 84.461983469037861, 19.930967438379575 ], [ 84.468926677570849, 19.93985725901144 ], [ 84.46383657716666, 19.954232379811906 ], [ 84.455130118800142, 19.951967647768651 ], [ 84.433644549916636, 19.959884311319353 ], [ 84.419426254843884, 19.955384443690871 ], [ 84.41595766928836, 19.957857744524599 ], [ 84.417584452616452, 19.960292346858775 ], [ 84.407358636866221, 19.958414019755267 ], [ 84.404456077710066, 19.962471001363056 ], [ 84.39765391131516, 19.960885974804022 ], [ 84.396806953183628, 19.956923127011979 ], [ 84.389948780010315, 19.956145151285327 ], [ 84.385631207018776, 19.962018457257596 ], [ 84.376434420988517, 19.965792399081618 ], [ 84.355883680549425, 19.990647296000862 ], [ 84.336162739861535, 19.978293404908754 ], [ 84.328175452285748, 19.98073736779812 ], [ 84.322631635392824, 19.989759635323171 ], [ 84.3302873763798, 20.007563225006542 ], [ 84.338592778873846, 20.008717621624044 ], [ 84.357449274407657, 20.032999865501484 ], [ 84.363474275682151, 20.025767157391716 ], [ 84.393067072326929, 20.040788172564568 ], [ 84.41486568896984, 20.045185108236236 ], [ 84.417956311116214, 20.049591565008175 ], [ 84.415226547206331, 20.05144782402834 ], [ 84.415728833135816, 20.062778233917285 ], [ 84.404028420734363, 20.071717364625915 ], [ 84.404438398669569, 20.083669567851896 ], [ 84.410725739680402, 20.084624058425383 ], [ 84.417817272261161, 20.100362701500341 ], [ 84.417514364814636, 20.115613645337792 ], [ 84.427543071736878, 20.120812343698415 ], [ 84.429362413878437, 20.137868666403662 ], [ 84.441570780697305, 20.146714905488903 ], [ 84.435895771085271, 20.154352630426931 ], [ 84.438532458229957, 20.162111335075867 ], [ 84.432656912950605, 20.171429969157501 ], [ 84.431347782783462, 20.180124270257036 ], [ 84.436565880079741, 20.194363399002949 ], [ 84.434641688312411, 20.200303840472106 ], [ 84.446200824119714, 20.205267007027064 ], [ 84.449802284844324, 20.201147660689823 ], [ 84.459268212954129, 20.18807885458429 ], [ 84.456783492478934, 20.182069874135774 ], [ 84.453287313956579, 20.182118579682779 ], [ 84.452360878059537, 20.16791504975312 ], [ 84.48666413563987, 20.140650820987201 ], [ 84.495972881772843, 20.141794799407037 ], [ 84.509250091317824, 20.136289716817242 ], [ 84.508172478104399, 20.140929429873356 ], [ 84.51345880232634, 20.150363763248251 ], [ 84.5232613846444, 20.152380316911035 ], [ 84.525924775662787, 20.143870727414832 ], [ 84.539327994790582, 20.140351784500787 ], [ 84.555588024788591, 20.141535370495067 ], [ 84.560487086937201, 20.138537545572586 ], [ 84.564222933532648, 20.145492813236537 ], [ 84.558269305072017, 20.157258096737404 ], [ 84.587586951221965, 20.171352524631654 ], [ 84.585067711856496, 20.186516026237751 ], [ 84.597181029060124, 20.175926744470225 ], [ 84.611867223762331, 20.181527053958298 ], [ 84.620404354175136, 20.188402531124936 ], [ 84.63363128367952, 20.190066659329741 ], [ 84.637468688544985, 20.196927182827224 ], [ 84.647369596412915, 20.20133596812105 ], [ 84.650990339583402, 20.225866519199414 ], [ 84.665038525799659, 20.243889763664654 ], [ 84.672367143191224, 20.274108950165278 ], [ 84.696213801369893, 20.28110715789434 ], [ 84.7060638683772, 20.277750575234492 ], [ 84.728138339737825, 20.25873464002775 ], [ 84.735603978933653, 20.244146809901931 ], [ 84.7580580764768, 20.242091657511782 ], [ 84.765177516156157, 20.246097633968031 ], [ 84.773746204660569, 20.243443193685899 ], [ 84.782154408366139, 20.232197332955177 ], [ 84.803049647680197, 20.224864765042415 ], [ 84.822661999240893, 20.223298378618544 ], [ 84.831617855151691, 20.216387445195348 ], [ 84.82364467775848, 20.179815024416531 ], [ 84.825938103765822, 20.158926543754944 ], [ 84.82186618797985, 20.120478480239459 ], [ 84.819938007998175, 20.116792352029957 ], [ 84.807345691212518, 20.115403372738591 ], [ 84.804108485187911, 20.111009988266972 ], [ 84.806610721247779, 20.104001150872204 ], [ 84.798212694432095, 20.090602061094543 ], [ 84.804619147466298, 20.083294113959038 ], [ 84.810684381501659, 20.067830687363696 ], [ 84.834740442912434, 20.054105926861961 ], [ 84.856706551746939, 20.030710425813293 ], [ 84.861187180374429, 20.018797276842065 ], [ 84.859838748121192, 20.005811423814567 ], [ 84.862434135654766, 20.000062395255593 ], [ 84.873484018553242, 19.998289756499105 ], [ 84.883378437387861, 20.000743010027861 ], [ 84.900795922224574, 19.992879916736833 ], [ 84.920687104233238, 19.943071851803413 ], [ 84.915491809810888, 19.925186166646593 ], [ 84.913406122299165, 19.926557042670318 ], [ 84.906221446652168, 19.915539121430012 ], [ 84.906028430382506, 19.909521615052725 ], [ 84.915636454900792, 19.906138816996403 ], [ 84.927810543816094, 19.908056011782417 ], [ 84.939918586930773, 19.897412475706684 ] ] ] } },
{ "type": "Feature", "properties": { "District": "JAGATSINGHPUR", "STATE": "ODISHA", "REMARKS": null, "State_LGD": 21, "DISTRICT_L": "355", "Shape_Leng": 262528.01857900003, "Shape_Area": 1674095798.7 }, "geometry": { "type": "Polygon", "coordinates": [ [ [ 86.236790956903704, 20.365630717794964 ], [ 86.261907572645399, 20.365869736944699 ], [ 86.269105744901736, 20.372478032139462 ], [ 86.2741679057456, 20.367764437935016 ], [ 86.271094099348375, 20.363269895296341 ], [ 86.273167488043526, 20.357346515404057 ], [ 86.277842236816227, 20.356480448601818 ], [ 86.279003625893097, 20.361188277470358 ], [ 86.287925211558175, 20.362937170909667 ], [ 86.305270248718429, 20.354838766794433 ], [ 86.309503774181366, 20.361578205537562 ], [ 86.317623296815839, 20.354087797311635 ], [ 86.325009179356002, 20.357613369588854 ], [ 86.324806913468109, 20.368853168517845 ], [ 86.335891454671795, 20.370350376125312 ], [ 86.345971181726838, 20.3602230876627 ], [ 86.348774673183058, 20.350849897120497 ], [ 86.359185707508985, 20.350459195902456 ], [ 86.360561559285244, 20.358357091923942 ], [ 86.366426919164411, 20.355595413433747 ], [ 86.37011451747118, 20.359403803691333 ], [ 86.389590685169551, 20.353943006329203 ], [ 86.391757492344524, 20.357239650811895 ], [ 86.38940329058201, 20.362630401855139 ], [ 86.393776541450109, 20.365261542890778 ], [ 86.400292753088706, 20.36011991946895 ], [ 86.412435799050158, 20.359171855084327 ], [ 86.411757993430385, 20.352220919761113 ], [ 86.423483851925923, 20.342166822526771 ], [ 86.433627706293478, 20.346586972579868 ], [ 86.431675147146677, 20.335592856677106 ], [ 86.441148274532495, 20.337276992977149 ], [ 86.452204834552631, 20.330119315917347 ], [ 86.473329050799876, 20.336839283987548 ], [ 86.49879150567817, 20.32828921442783 ], [ 86.520295591867495, 20.341325380086726 ], [ 86.548563623907484, 20.324385654789925 ], [ 86.560077279038694, 20.326317108048393 ], [ 86.577287286533576, 20.336656265615677 ], [ 86.588604445118534, 20.335531158417361 ], [ 86.594170792059757, 20.340902618774425 ], [ 86.604670256694163, 20.341107410942406 ], [ 86.618497523244713, 20.33609594887098 ], [ 86.66437796783751, 20.328802952208278 ], [ 86.681848120432079, 20.318647243253963 ], [ 86.680689750366597, 20.316020009900914 ], [ 86.688956887014839, 20.30136009257625 ], [ 86.697485152842447, 20.29691554171449 ], [ 86.723378692396039, 20.298422241685124 ], [ 86.764956730327654, 20.324765215846561 ], [ 86.779130959270518, 20.337294401156477 ], [ 86.779716558387861, 20.336445774559547 ], [ 86.750965715366604, 20.312840529622317 ], [ 86.747526889852992, 20.306966522076063 ], [ 86.713878781619982, 20.285706549293284 ], [ 86.6811552077953, 20.271065453069308 ], [ 86.679838266970393, 20.264218050163649 ], [ 86.679453037707589, 20.267574334647037 ], [ 86.673645036537039, 20.26996275404132 ], [ 86.67550645781283, 20.275107864598528 ], [ 86.669251880415345, 20.275719674012581 ], [ 86.667876885539215, 20.271587487649388 ], [ 86.671185435345592, 20.269275916563409 ], [ 86.672118965449613, 20.262500437978716 ], [ 86.680186862854839, 20.259944510744599 ], [ 86.656500204159741, 20.254274517485875 ], [ 86.595569815669108, 20.224465046573318 ], [ 86.523825564483602, 20.173447218978325 ], [ 86.512659844937801, 20.158777893313207 ], [ 86.497733699240655, 20.12679722616765 ], [ 86.476898781760042, 20.097346118209011 ], [ 86.433964533639397, 20.052140721929568 ], [ 86.433951825949634, 20.046348413167863 ], [ 86.414037019185642, 20.010653446958351 ], [ 86.414024152929116, 19.997315796266843 ], [ 86.390073391936468, 19.98123169571803 ], [ 86.389646536874196, 19.976684870396525 ], [ 86.384611710409501, 19.976093759547393 ], [ 86.377997443584874, 19.96683349253378 ], [ 86.373550903768617, 19.976427265597902 ], [ 86.355119060177898, 19.972860557345996 ], [ 86.343060427004588, 19.978946515160143 ], [ 86.322787317606938, 20.018474210110263 ], [ 86.313536653853575, 20.02531963002123 ], [ 86.295114231625135, 20.029336083810254 ], [ 86.27907312641409, 20.040408556872499 ], [ 86.269774392979755, 20.041454684513585 ], [ 86.278128087497109, 20.054690758062087 ], [ 86.26502565219154, 20.050995167665047 ], [ 86.253716889070816, 20.053319753369397 ], [ 86.242781644112952, 20.03651594435847 ], [ 86.230215242447059, 20.042994750950498 ], [ 86.220342316451948, 20.035334165719732 ], [ 86.211365683776194, 20.039866592148826 ], [ 86.211398240294358, 20.042902827653776 ], [ 86.204802658454028, 20.038734824841516 ], [ 86.202688882406747, 20.04266499432487 ], [ 86.206892051398455, 20.045335948650163 ], [ 86.201196898656519, 20.047465396996753 ], [ 86.200904916318606, 20.052257655306903 ], [ 86.194382813961198, 20.049562456079471 ], [ 86.183543184784511, 20.050705503830812 ], [ 86.182873335363141, 20.057280545503545 ], [ 86.167613696541352, 20.072285687660532 ], [ 86.164578265819003, 20.083841748868036 ], [ 86.154105008116531, 20.091106404106601 ], [ 86.154710800641155, 20.100289804417432 ], [ 86.159544417599363, 20.102382007691133 ], [ 86.164331286962039, 20.114187566412021 ], [ 86.155218309251651, 20.12157159100763 ], [ 86.155771467425268, 20.135268000954273 ], [ 86.141821734882257, 20.144182170368481 ], [ 86.148513742234144, 20.160171808805231 ], [ 86.142351465981776, 20.16717163979261 ], [ 86.146470124784258, 20.172599620406999 ], [ 86.168011456942367, 20.1679861209183 ], [ 86.161914799982569, 20.174453937855152 ], [ 86.150358168913414, 20.178261265140769 ], [ 86.147422825772054, 20.190996477868563 ], [ 86.138780492072073, 20.195359263868021 ], [ 86.139645533979447, 20.200807512556761 ], [ 86.14692078860854, 20.199708995111077 ], [ 86.150792750999429, 20.213742142648478 ], [ 86.145557052903598, 20.219833918146083 ], [ 86.125774593714027, 20.221805714879853 ], [ 86.112342079389805, 20.230661004636804 ], [ 86.077736672177721, 20.244388301259555 ], [ 86.068694205883972, 20.252427320874578 ], [ 86.066672549763595, 20.266295108810528 ], [ 86.040588932055996, 20.282892330988219 ], [ 86.037426069500825, 20.291860791988338 ], [ 86.032556987381867, 20.294856296593839 ], [ 86.032654826903453, 20.309959408709044 ], [ 86.025781088877579, 20.319417531317892 ], [ 86.022427919112431, 20.356872882022817 ], [ 86.01926956314945, 20.363193441007795 ], [ 86.013323161421482, 20.366457817395215 ], [ 86.010925325993526, 20.378122345802577 ], [ 86.025907060026881, 20.402439284431168 ], [ 86.030283880358184, 20.400561800120169 ], [ 86.027885373971358, 20.396414756876926 ], [ 86.031308245780409, 20.393831642891708 ], [ 86.03551777829469, 20.398033806398303 ], [ 86.045209476077261, 20.395936733595111 ], [ 86.067281156010111, 20.382837465826405 ], [ 86.07134183158594, 20.374410945806229 ], [ 86.078146640869718, 20.371668733000224 ], [ 86.079958499337479, 20.373946267564499 ], [ 86.089333371145685, 20.361829132403557 ], [ 86.101055679860636, 20.366787095082042 ], [ 86.10395058245183, 20.374016807049411 ], [ 86.113608071408422, 20.369119200991356 ], [ 86.106329505513955, 20.369393795206975 ], [ 86.107420849848836, 20.365383078480651 ], [ 86.124614799494026, 20.358485741327751 ], [ 86.137394188815449, 20.357026850799233 ], [ 86.164533217194247, 20.378975197019312 ], [ 86.190088189712597, 20.375427240032938 ], [ 86.198799916416874, 20.363007314617029 ], [ 86.205816110847721, 20.367155091425214 ], [ 86.221184869173129, 20.360470187582091 ], [ 86.236790956903704, 20.365630717794964 ] ] ] } },
{ "type": "Feature", "properties": { "District": "J>JAPUR", "STATE": "ODISHA", "REMARKS": null, "State_LGD": 21, "DISTRICT_L": "356", "Shape_Leng": 433131.24493300001, "Shape_Area": 2794481950.1999998 }, "geometry": { "type": "Polygon", "coordinates": [ [ [ 86.281636591100053, 21.022358276633739 ], [ 86.289721560485262, 21.009779443589814 ], [ 86.284334631365283, 20.984250530921557 ], [ 86.288974948073317, 20.961180771272378 ], [ 86.285947678014693, 20.941354018934529 ], [ 86.277605558995759, 20.926063003792972 ], [ 86.279690629112423, 20.907305429239507 ], [ 86.283803005191402, 20.900858016406954 ], [ 86.298423148282808, 20.900769849068318 ], [ 86.310760139143923, 20.895326606545208 ], [ 86.31246725187934, 20.88573774755681 ], [ 86.320126186518493, 20.876913778438094 ], [ 86.334509486310694, 20.877702110208425 ], [ 86.335927171297996, 20.872286785477069 ], [ 86.327916246813601, 20.867561656612942 ], [ 86.328435951370992, 20.86201564604098 ], [ 86.334231218005868, 20.86228233060212 ], [ 86.355327478224311, 20.850752728201478 ], [ 86.36950578799761, 20.859831784037091 ], [ 86.390497924842322, 20.865044447018583 ], [ 86.408022627460625, 20.857606461988844 ], [ 86.421626843431511, 20.855665525983678 ], [ 86.426105893063237, 20.846906890690974 ], [ 86.435970201568679, 20.848800969569535 ], [ 86.450599563581463, 20.843499421804342 ], [ 86.455430578920584, 20.844513634136231 ], [ 86.461387562966891, 20.855957868237994 ], [ 86.468085590093892, 20.860586917110908 ], [ 86.479406556866749, 20.860025378275111 ], [ 86.482219394188618, 20.855488771059132 ], [ 86.494407617702649, 20.867131336606658 ], [ 86.501945196872271, 20.865423134710095 ], [ 86.512113928829891, 20.87046290536421 ], [ 86.528196398244987, 20.867648251838048 ], [ 86.543614078957958, 20.860357692909105 ], [ 86.566884973524864, 20.864339605601515 ], [ 86.587368636322992, 20.856222014764992 ], [ 86.593642220081492, 20.857506525886713 ], [ 86.600860395132102, 20.845117571620413 ], [ 86.601006174051633, 20.82991993854824 ], [ 86.609343708803124, 20.829907521925545 ], [ 86.611464582561055, 20.818016871947677 ], [ 86.62330421119448, 20.808397529921155 ], [ 86.620959897987916, 20.804389702103588 ], [ 86.614813517848589, 20.804863939756718 ], [ 86.613256954778237, 20.801033818036778 ], [ 86.614406222341898, 20.794977690930033 ], [ 86.622175337095001, 20.796775042387072 ], [ 86.624402283622501, 20.793820607913432 ], [ 86.621258280582964, 20.781127631911261 ], [ 86.614049014108943, 20.780560399487474 ], [ 86.617422137952715, 20.776397967573846 ], [ 86.614954236681868, 20.774052188103969 ], [ 86.608319660038077, 20.77801290825446 ], [ 86.608751235744577, 20.772696405034281 ], [ 86.606265470946553, 20.771719343465495 ], [ 86.587509081636696, 20.779943001172775 ], [ 86.56465840813199, 20.774397500369613 ], [ 86.559957187589049, 20.762232423078135 ], [ 86.556916793269977, 20.762197503843698 ], [ 86.553409490320192, 20.755958221701125 ], [ 86.540745621081626, 20.752138986750804 ], [ 86.539014659191807, 20.740112360901026 ], [ 86.543458708136129, 20.737964680393034 ], [ 86.538075442364445, 20.734674864072698 ], [ 86.543721636525817, 20.735164308038918 ], [ 86.54312041168717, 20.730667444170248 ], [ 86.546349333269688, 20.730075113667912 ], [ 86.551227962584008, 20.736729162436603 ], [ 86.560953574825035, 20.738240638365856 ], [ 86.557411416929028, 20.732552562525012 ], [ 86.55879614570145, 20.728670709764931 ], [ 86.551555896222894, 20.729777030439482 ], [ 86.545908501046824, 20.721693316680113 ], [ 86.555950321447625, 20.706593680017431 ], [ 86.546578528105158, 20.703049837240464 ], [ 86.541669623817853, 20.694073382349004 ], [ 86.528568200732096, 20.695330054146176 ], [ 86.525844056640764, 20.688207023191453 ], [ 86.519924711663904, 20.698812139267176 ], [ 86.51396467893727, 20.699324015818121 ], [ 86.510877150528287, 20.687433301698217 ], [ 86.497787179418921, 20.68534906381274 ], [ 86.487480267328436, 20.679445512153411 ], [ 86.468622623825055, 20.689314032187287 ], [ 86.463514964030111, 20.679566854737718 ], [ 86.458547096535696, 20.680716940002579 ], [ 86.452302034342722, 20.675189852170444 ], [ 86.455214344371313, 20.670252111136847 ], [ 86.452625825231564, 20.659848346522391 ], [ 86.455598272726576, 20.654111097547133 ], [ 86.450298203295489, 20.647697019164927 ], [ 86.443217961414504, 20.649241925793028 ], [ 86.426530739071367, 20.645044525578012 ], [ 86.421555211552487, 20.63573472930717 ], [ 86.418021059991005, 20.634972984391744 ], [ 86.421984222217745, 20.625069535548072 ], [ 86.410458730577787, 20.628432523055768 ], [ 86.399946481167717, 20.624136012312611 ], [ 86.392001605755155, 20.609109029249414 ], [ 86.376899885279798, 20.59407421865475 ], [ 86.366210498123465, 20.595146679680347 ], [ 86.344689161037664, 20.61034571672981 ], [ 86.33030003177727, 20.608953281146402 ], [ 86.325524113163638, 20.625659591381797 ], [ 86.31964366217187, 20.630371166158241 ], [ 86.316371147241014, 20.624905287868604 ], [ 86.31872734684508, 20.611984616765874 ], [ 86.313304907541507, 20.594895043460028 ], [ 86.319976523814901, 20.59107666476584 ], [ 86.314259359803827, 20.580993054332779 ], [ 86.298733561606298, 20.579182456721313 ], [ 86.296459693189206, 20.584373200636666 ], [ 86.287406042923095, 20.584548494434394 ], [ 86.281843970839816, 20.580802760851608 ], [ 86.266494852618152, 20.584244263723779 ], [ 86.260062149069938, 20.59007188876118 ], [ 86.25774906082286, 20.601098753491659 ], [ 86.250732324194502, 20.605414650591065 ], [ 86.238428984547326, 20.609462992819989 ], [ 86.222086796725222, 20.608364796454808 ], [ 86.213055265234757, 20.616080731064088 ], [ 86.208550358294744, 20.615924702883092 ], [ 86.209908676822579, 20.617706299706999 ], [ 86.205363315125553, 20.619781665567242 ], [ 86.207382963947964, 20.627303873436563 ], [ 86.201497324697968, 20.632331984224532 ], [ 86.193931732701088, 20.632798469088666 ], [ 86.188408607762725, 20.625471966749924 ], [ 86.183559218223579, 20.625959686420195 ], [ 86.185162155076583, 20.63222414194286 ], [ 86.164221843860233, 20.637969922649045 ], [ 86.182138153659992, 20.637752937481686 ], [ 86.181610432650615, 20.642186874144709 ], [ 86.185940787005578, 20.643743353116488 ], [ 86.188911425077748, 20.639244182577681 ], [ 86.190936290389729, 20.655630233580041 ], [ 86.187284976279315, 20.658120376672876 ], [ 86.180617928273449, 20.650986997015281 ], [ 86.180015225787244, 20.65687073167927 ], [ 86.17503464052065, 20.653011504441714 ], [ 86.173976438697693, 20.644567463991493 ], [ 86.165262046659933, 20.643468421150338 ], [ 86.164399169903504, 20.649418456065941 ], [ 86.161106039202195, 20.64956073433191 ], [ 86.14478504198739, 20.642333653123675 ], [ 86.140458966877532, 20.634139777519731 ], [ 86.130600742088859, 20.631804422874072 ], [ 86.121943161153155, 20.625160566260288 ], [ 86.117099832198292, 20.613760428392336 ], [ 86.107553056756828, 20.617564893892364 ], [ 86.106175089609678, 20.614409024479478 ], [ 86.100073204108256, 20.614155998001284 ], [ 86.098904904105808, 20.616996001079809 ], [ 86.088563149571456, 20.617989850030789 ], [ 86.08119456687929, 20.612091518200646 ], [ 86.081981456195479, 20.603299949172754 ], [ 86.077581515993657, 20.594571177857109 ], [ 86.071887490752516, 20.59996177879728 ], [ 86.049219889358497, 20.589556657607087 ], [ 86.039446644733431, 20.593527756210428 ], [ 86.043131842642737, 20.60034264914864 ], [ 86.015978450523193, 20.61868049996756 ], [ 86.015819919312506, 20.622442735684519 ], [ 86.012437479644831, 20.62087839964957 ], [ 86.006157507195354, 20.62513402537914 ], [ 86.003693526347348, 20.641708094316154 ], [ 85.989703009576388, 20.647707317124535 ], [ 85.985206618627927, 20.660646080866762 ], [ 85.973182897913048, 20.669293620074964 ], [ 85.965569747248935, 20.666546687804384 ], [ 85.957865881047425, 20.684859056605013 ], [ 85.940664807793524, 20.693350900292526 ], [ 85.936545463378593, 20.692019990735812 ], [ 85.929250858264936, 20.701276117731808 ], [ 85.909674761758097, 20.701023641941507 ], [ 85.904081549904774, 20.705743579877769 ], [ 85.905450249266181, 20.715699464014186 ], [ 85.931970356310302, 20.714655376263966 ], [ 85.950756100630656, 20.722595006699173 ], [ 85.959431208139918, 20.721382805853104 ], [ 85.964966816304113, 20.72853120293118 ], [ 85.981244482409338, 20.737179846233278 ], [ 86.009154283006964, 20.724621753397841 ], [ 86.016081769781195, 20.730023722318041 ], [ 86.023585003875723, 20.72736953935437 ], [ 86.030613292948431, 20.741183022156566 ], [ 86.02381228488666, 20.744342959726595 ], [ 86.027532813248072, 20.761814949788644 ], [ 86.018453163218069, 20.765883270792973 ], [ 86.023145112679245, 20.768941238948088 ], [ 86.020590615846146, 20.77627658625785 ], [ 86.031641826245433, 20.796825852600225 ], [ 86.030542246178172, 20.80876832284898 ], [ 86.014401848702349, 20.813577732205623 ], [ 85.998832363816859, 20.8132887703504 ], [ 85.996882219778087, 20.818314275725786 ], [ 85.982483829310254, 20.818852825395595 ], [ 85.969878710913108, 20.823484648905861 ], [ 85.968497133715744, 20.826692631581437 ], [ 85.971754788265059, 20.830944963141825 ], [ 85.959156183383556, 20.836520289532952 ], [ 85.958257992292616, 20.839943407820058 ], [ 85.953634004855772, 20.833193326539128 ], [ 85.944329595720049, 20.840359505711707 ], [ 85.919414854340232, 20.840926881092262 ], [ 85.898391848887258, 20.84687788613871 ], [ 85.897787431625417, 20.855958092103354 ], [ 85.919595394282666, 20.901066780850325 ], [ 85.917229415928773, 20.927965757541372 ], [ 85.86043672514073, 20.928038592783476 ], [ 85.845284118158645, 20.932779177139849 ], [ 85.839062383315607, 20.932167898759285 ], [ 85.836578943834439, 20.92811716262338 ], [ 85.827494091509053, 20.924757483975434 ], [ 85.819095839356095, 20.933223446634639 ], [ 85.819389399160087, 20.94608124981783 ], [ 85.800983123456888, 20.964098087437623 ], [ 85.800820467265268, 20.967597696734263 ], [ 85.780339626612275, 20.972190870785997 ], [ 85.776915127693698, 20.98226187836422 ], [ 85.77005180594351, 20.987565078827366 ], [ 85.750797794476455, 20.992836422685777 ], [ 85.734506531476001, 20.989996893460379 ], [ 85.720702153989834, 20.981008831078544 ], [ 85.722129223704712, 20.985125398395976 ], [ 85.717763820535183, 20.996190816829465 ], [ 85.721508840873568, 20.999796522248179 ], [ 85.724498830436417, 21.019833698249709 ], [ 85.7314666389818, 21.027573621712104 ], [ 85.730408725616144, 21.040574711743094 ], [ 85.725752709500341, 21.050020978437161 ], [ 85.727026309363907, 21.063775548296711 ], [ 85.719641262441826, 21.06808800326305 ], [ 85.715844819290012, 21.065222691965271 ], [ 85.701495774014475, 21.074549413156394 ], [ 85.692081854060106, 21.097743778038453 ], [ 85.686913118911946, 21.100409360363088 ], [ 85.681235485308704, 21.112167894737347 ], [ 85.694209309266896, 21.135692905168074 ], [ 85.698711966696067, 21.138315740476511 ], [ 85.709276098675971, 21.142637965494668 ], [ 85.740546290270203, 21.139354748411275 ], [ 85.747031138426948, 21.147989526467899 ], [ 85.75175419010931, 21.14919882420882 ], [ 85.762108433728017, 21.14487092949064 ], [ 85.766974738812593, 21.125853763427745 ], [ 85.766410283891418, 21.115519502021915 ], [ 85.771181779797459, 21.114831357565006 ], [ 85.772590756518795, 21.10504881755757 ], [ 85.775814281214167, 21.105812821377768 ], [ 85.779554464040658, 21.101697694332369 ], [ 85.784381149754594, 21.101253563267001 ], [ 85.790246471117257, 21.105690569512291 ], [ 85.797539270495136, 21.103858850283498 ], [ 85.806996046286727, 21.106509402088008 ], [ 85.812236561924166, 21.093993324641698 ], [ 85.821998169216613, 21.090908402034277 ], [ 85.82815992229466, 21.090165199376933 ], [ 85.835886973875802, 21.096077052302679 ], [ 85.847673482627016, 21.095629134226247 ], [ 85.863170354754786, 21.087693068534257 ], [ 85.888209131531653, 21.08625550995772 ], [ 85.916989353000389, 21.092535418105626 ], [ 85.928943687337039, 21.123657797625722 ], [ 85.928839070980132, 21.136223894667332 ], [ 85.93667471336893, 21.135261430310994 ], [ 85.939602966540917, 21.129719145413944 ], [ 85.946992386533736, 21.132574933149098 ], [ 85.94854471503912, 21.128875875713678 ], [ 85.95774941516062, 21.130337609876239 ], [ 85.958706406028483, 21.1339573452553 ], [ 85.96188893291864, 21.130485085965955 ], [ 85.961776929982477, 21.140358998194312 ], [ 85.969467508152718, 21.137406554957273 ], [ 85.975230802832115, 21.143002308386276 ], [ 85.98225730550962, 21.136481081072638 ], [ 85.992726848340709, 21.13900105514934 ], [ 85.993402520886349, 21.143043386772558 ], [ 86.001629273506438, 21.141926832444565 ], [ 86.007418377242274, 21.145321609050743 ], [ 86.011898106727514, 21.141440401825076 ], [ 86.019585478697906, 21.14470137140481 ], [ 86.021378646130685, 21.139272967841912 ], [ 86.025168113345387, 21.13924965406877 ], [ 86.030376863478622, 21.143114630637058 ], [ 86.026868401368361, 21.147995910452511 ], [ 86.032303822118166, 21.150384993146567 ], [ 86.036580906472736, 21.160622931655602 ], [ 86.042891621300072, 21.157297902085872 ], [ 86.049426403347127, 21.161056972250609 ], [ 86.057060560761926, 21.154007554795058 ], [ 86.063127502785193, 21.153327517570279 ], [ 86.065762579033333, 21.163908032875007 ], [ 86.07323179850809, 21.163903944078289 ], [ 86.082347530724888, 21.17026883003647 ], [ 86.089404706874006, 21.168405233059058 ], [ 86.086468647371774, 21.164210752003303 ], [ 86.079994540003653, 21.164478325807657 ], [ 86.075006364122771, 21.155014572899322 ], [ 86.074631497512016, 21.130858469491088 ], [ 86.050960969362791, 21.117442040566797 ], [ 86.046344154202572, 21.100869344798184 ], [ 86.033044149802635, 21.093385668023338 ], [ 86.026943253589579, 21.073027407448301 ], [ 86.038195624739032, 21.06028501618686 ], [ 86.033808330394265, 21.056321017024469 ], [ 86.034005327693478, 21.047418505266879 ], [ 86.04816589830655, 21.022607861530407 ], [ 86.053361071479856, 21.021227452269198 ], [ 86.055279615693536, 21.024458991105874 ], [ 86.062659157205431, 21.019996013244402 ], [ 86.083132107325966, 21.015802437266117 ], [ 86.08208238582877, 21.019112625959668 ], [ 86.088326450938652, 21.023198367546161 ], [ 86.086675323770152, 21.026500681072942 ], [ 86.093365531147768, 21.053934390090028 ], [ 86.107128615906745, 21.058777731054473 ], [ 86.11071471024691, 21.056176364676347 ], [ 86.117526489461753, 21.06806091920399 ], [ 86.129956612882651, 21.067424961566836 ], [ 86.133581773261156, 21.076378825217386 ], [ 86.145063568871265, 21.073378848775945 ], [ 86.158303052729167, 21.064974839770422 ], [ 86.177205023217482, 21.062799719535896 ], [ 86.191991382975587, 21.057074815969713 ], [ 86.198737946506313, 21.059848783326213 ], [ 86.206243929505902, 21.0583662273601 ], [ 86.234402717558581, 21.040335162256014 ], [ 86.260647051145241, 21.039389814645286 ], [ 86.281636591100053, 21.022358276633739 ] ] ] } },
{ "type": "Feature", "properties": { "District": "JH>RSUGUDA", "STATE": "ODISHA", "REMARKS": null, "State_LGD": 21, "DISTRICT_L": "357", "Shape_Leng": 357233.91903300001, "Shape_Area": 1995409611.5899999 }, "geometry": { "type": "Polygon", "coordinates": [ [ [ 83.798279957725299, 21.564344436915803 ], [ 83.776521559487705, 21.5834331447323 ], [ 83.765903476534291, 21.59783707709985 ], [ 83.750949482064698, 21.605907314152631 ], [ 83.741032977003755, 21.618316686206565 ], [ 83.729776677197336, 21.626053435618154 ], [ 83.696165826170088, 21.698642631267354 ], [ 83.678274688632328, 21.710068507750147 ], [ 83.664549572901848, 21.710745688077061 ], [ 83.652936890682426, 21.721259904637591 ], [ 83.636901550350515, 21.726720644624766 ], [ 83.604093837401962, 21.731018252772916 ], [ 83.590387086787459, 21.738266335928468 ], [ 83.566352832130448, 21.744143466044491 ], [ 83.557204818300761, 21.743242356127311 ], [ 83.540588579572841, 21.722385607284224 ], [ 83.529422387618553, 21.680014396858468 ], [ 83.503871393868252, 21.653659498568146 ], [ 83.485547810829857, 21.644215376910683 ], [ 83.444835636145683, 21.659342908214416 ], [ 83.431272988591857, 21.674209723306966 ], [ 83.418693412733347, 21.680653866954817 ], [ 83.431646528625777, 21.699905174370109 ], [ 83.451695203073825, 21.695424809027237 ], [ 83.459477090981665, 21.698550946250162 ], [ 83.46106197474991, 21.709086505542572 ], [ 83.473356002117299, 21.720636323121795 ], [ 83.477840327143156, 21.730541562097358 ], [ 83.481295291826783, 21.731126147466384 ], [ 83.485199097763598, 21.745165811045592 ], [ 83.489315197026514, 21.745392932386174 ], [ 83.487443578471641, 21.74895127861684 ], [ 83.476054842486306, 21.752376990722297 ], [ 83.482177708187663, 21.765597946906464 ], [ 83.476165551339491, 21.780784032739053 ], [ 83.469394242520607, 21.78756199898007 ], [ 83.483651340962354, 21.794187501981995 ], [ 83.487802983501254, 21.807306643756476 ], [ 83.493736368421509, 21.812995462563467 ], [ 83.492906070564189, 21.818366355317639 ], [ 83.522591675074992, 21.799447567108974 ], [ 83.541044639848522, 21.799313650005168 ], [ 83.542733652228193, 21.805729337833164 ], [ 83.537405790410858, 21.813079123748246 ], [ 83.54010202694306, 21.822043372645954 ], [ 83.530452511181736, 21.827554508831902 ], [ 83.541631023228447, 21.838257095781305 ], [ 83.553945125066392, 21.840387137267477 ], [ 83.589965297737209, 21.825849780514066 ], [ 83.596589115023846, 21.832308919701635 ], [ 83.607501190485564, 21.832850078353925 ], [ 83.61019605617966, 21.837750120551263 ], [ 83.609013067964611, 21.845821694782011 ], [ 83.623256535805837, 21.84869220407462 ], [ 83.62802793543635, 21.845736353435914 ], [ 83.62661385087803, 21.839272396777179 ], [ 83.636376964869669, 21.819056774415618 ], [ 83.667063691401125, 21.808357723694193 ], [ 83.672820953100683, 21.808896527815111 ], [ 83.686824727860525, 21.801681875110987 ], [ 83.68879861534316, 21.790387790768516 ], [ 83.701521245034201, 21.791276997118491 ], [ 83.719211389081465, 21.785976503797851 ], [ 83.721167024818797, 21.790494059074568 ], [ 83.729035481213401, 21.794087964491535 ], [ 83.727936877996157, 21.802686593554029 ], [ 83.73825850917062, 21.81678784140362 ], [ 83.75834278960096, 21.836191079828271 ], [ 83.766899098013809, 21.838927375508948 ], [ 83.793751817051032, 21.866638399166504 ], [ 83.798998988109048, 21.870155531793795 ], [ 83.807230774782582, 21.856660234065167 ], [ 83.812794188987326, 21.854606423454193 ], [ 83.809403792765266, 21.860721333606318 ], [ 83.816341685982664, 21.884835246453346 ], [ 83.829062143598563, 21.877355083298109 ], [ 83.83089666469678, 21.896053846353603 ], [ 83.837627076946632, 21.893541431585543 ], [ 83.846031021582149, 21.904191972871569 ], [ 83.851936064068141, 21.902726555056649 ], [ 83.854369114808065, 21.906868192536958 ], [ 83.864395435123839, 21.911243200609757 ], [ 83.85174295067462, 21.923621844164995 ], [ 83.876952770861095, 21.923105730663732 ], [ 83.896304297669815, 21.945985882357437 ], [ 83.958884771810901, 21.942563860422311 ], [ 83.965150983127913, 21.920725593170189 ], [ 83.976149871621573, 21.905399572427307 ], [ 84.004984646457856, 21.923260309740844 ], [ 84.027074726799952, 21.953947580219403 ], [ 84.03530571890208, 21.94882256528297 ], [ 84.046147720212858, 21.948441339725573 ], [ 84.053586829322469, 21.937098078192072 ], [ 84.060622320719503, 21.936773079592513 ], [ 84.061315976205321, 21.934381965710365 ], [ 84.078606922446454, 21.937506487131813 ], [ 84.078519619529231, 21.95388420290406 ], [ 84.086784501908454, 21.959608917136837 ], [ 84.087586706778751, 21.963600992487748 ], [ 84.084088056062399, 21.979889354382642 ], [ 84.068810754196917, 21.984702208283245 ], [ 84.070181442446284, 21.989707991049514 ], [ 84.086361866620891, 21.990171308044538 ], [ 84.08879728550329, 21.999394150350593 ], [ 84.094537460444684, 21.996339223780446 ], [ 84.102870601089776, 21.997485755577554 ], [ 84.106010697673582, 21.992146711258627 ], [ 84.117397901708813, 22.013035157968268 ], [ 84.120979985155813, 22.007335409876614 ], [ 84.136256277941413, 21.998740857470541 ], [ 84.166993401757807, 22.001885765495256 ], [ 84.177348109490495, 21.993639902472427 ], [ 84.199376720633097, 21.986727299061204 ], [ 84.203726566642388, 21.97769928116114 ], [ 84.229653124509255, 21.974551068409376 ], [ 84.241263660628817, 21.980323045321704 ], [ 84.257732324309274, 22.003874082658353 ], [ 84.26802384193536, 22.008943569115726 ], [ 84.267832062029186, 22.015724382760144 ], [ 84.286717109438428, 22.016154089327543 ], [ 84.297339678172889, 22.036054384532772 ], [ 84.320446527889814, 22.039534757661155 ], [ 84.336880587611645, 22.033524712521636 ], [ 84.343256845286817, 22.037360341075054 ], [ 84.356598198846768, 22.038571483125388 ], [ 84.3713212041513, 22.028588816734285 ], [ 84.390871045495061, 22.0236785336579 ], [ 84.381364079008236, 22.015967098573864 ], [ 84.379536543052396, 22.000984724067894 ], [ 84.374184006573671, 21.98888277468048 ], [ 84.37873105674899, 21.978769100500521 ], [ 84.371226405729246, 21.977804607774207 ], [ 84.362324707184442, 21.983547307987173 ], [ 84.367757568145038, 21.977787741732737 ], [ 84.364748848716332, 21.974629482039237 ], [ 84.367965473368713, 21.972149872384669 ], [ 84.372065754986082, 21.956259279856322 ], [ 84.366153932559158, 21.951373985380446 ], [ 84.3628401595452, 21.925699198850953 ], [ 84.35206028447908, 21.917494305308342 ], [ 84.347674976144589, 21.89942756774574 ], [ 84.327456025957829, 21.86350139950051 ], [ 84.327842338984709, 21.833081554945601 ], [ 84.314325420724785, 21.823373401630587 ], [ 84.310949878007293, 21.808182931314942 ], [ 84.298251893588343, 21.798570443608106 ], [ 84.29635438466687, 21.7915847621334 ], [ 84.289314384520239, 21.784355910752669 ], [ 84.286599111077152, 21.771479908274753 ], [ 84.273872432594544, 21.763174984256981 ], [ 84.263854058158685, 21.765969688631664 ], [ 84.260241157478319, 21.781520226080911 ], [ 84.256161558858423, 21.784122963569406 ], [ 84.251860275239991, 21.796918939445089 ], [ 84.236488211405216, 21.806477302451601 ], [ 84.227093558340442, 21.799832064369266 ], [ 84.214417927477484, 21.799510623608413 ], [ 84.212591193148967, 21.794075673137929 ], [ 84.193716035431279, 21.795484567656185 ], [ 84.189403524692111, 21.790951780782127 ], [ 84.162985742071982, 21.787754746997386 ], [ 84.156353749871897, 21.774506728317146 ], [ 84.14540845690928, 21.775704919512958 ], [ 84.114901358227527, 21.788207349643624 ], [ 84.098096471054134, 21.780721272142937 ], [ 84.087715077285878, 21.771482937138416 ], [ 84.055695910922196, 21.774089814342723 ], [ 84.036153852493101, 21.756054736899344 ], [ 84.032708105808766, 21.757453061867878 ], [ 84.032672096096178, 21.765910264087452 ], [ 84.025105922225293, 21.771146433452206 ], [ 84.024196961689299, 21.782640163581121 ], [ 84.019705021172257, 21.785749018232949 ], [ 84.005250718848288, 21.787789602207621 ], [ 84.000098369916543, 21.773657128426471 ], [ 83.97958149063551, 21.781391601125176 ], [ 83.982978953835214, 21.757120353040722 ], [ 83.978211137704349, 21.75683999262257 ], [ 83.973227009244226, 21.76224670417292 ], [ 83.968939157312732, 21.761413510868 ], [ 83.965551427988814, 21.749347169993705 ], [ 83.954617414505037, 21.743063254397484 ], [ 83.953963471021851, 21.733696703907892 ], [ 83.941824332712699, 21.729670723080812 ], [ 83.947537107243036, 21.717385514108539 ], [ 83.972717111401437, 21.704045872641597 ], [ 83.966485190362675, 21.689081608255822 ], [ 83.972279646191012, 21.657852706270759 ], [ 83.970240074840063, 21.638639624128182 ], [ 83.97451264238083, 21.598220086187158 ], [ 83.969844909858523, 21.582117278078005 ], [ 83.959038510155139, 21.575625975390778 ], [ 83.940738542619656, 21.581838359500775 ], [ 83.885239345834364, 21.576077240445034 ], [ 83.870835551639857, 21.578134620852321 ], [ 83.852295311461845, 21.586046951464155 ], [ 83.841124758379451, 21.586558362549251 ], [ 83.827083162424231, 21.593613701764209 ], [ 83.810724470251458, 21.594783004585029 ], [ 83.798279957725299, 21.564344436915803 ] ] ] } },
{ "type": "Feature", "properties": { "District": "KAL>H>NDI", "STATE": "ODISHA", "REMARKS": null, "State_LGD": 21, "DISTRICT_L": "358", "Shape_Leng": 636149.204257, "Shape_Area": 7632727250.79 }, "geometry": { "type": "Polygon", "coordinates": [ [ [ 83.650910325957753, 20.388522093229945 ], [ 83.660879909517732, 20.380870068200444 ], [ 83.685954541601205, 20.37632789374727 ], [ 83.691964714640221, 20.371188210998998 ], [ 83.697887801429161, 20.372915879944596 ], [ 83.706056440559678, 20.367978931503874 ], [ 83.70047339800827, 20.351953467242726 ], [ 83.702563894415604, 20.341243194606076 ], [ 83.708935332603573, 20.333339307266119 ], [ 83.709526308005891, 20.310817124524615 ], [ 83.717469396683697, 20.290276562127296 ], [ 83.717689017335118, 20.255096357078038 ], [ 83.722842887041608, 20.252032711098227 ], [ 83.724972557869762, 20.241404533125234 ], [ 83.718804048321545, 20.237098664119873 ], [ 83.740199624353181, 20.222186553106209 ], [ 83.731291654215411, 20.20969267753949 ], [ 83.744423768111886, 20.207817511536152 ], [ 83.749654959923646, 20.209974704695146 ], [ 83.755259383536753, 20.206713353482652 ], [ 83.761772372246554, 20.208335457396156 ], [ 83.770750464340566, 20.205657394377685 ], [ 83.777646615400542, 20.206447412200024 ], [ 83.782704076989233, 20.212497144296748 ], [ 83.790785469054342, 20.193128987170216 ], [ 83.789662136685962, 20.178823641694407 ], [ 83.777518935921975, 20.172468521450117 ], [ 83.773459090292619, 20.159577796299448 ], [ 83.762453314995668, 20.164256907479345 ], [ 83.747109832342915, 20.156980470003706 ], [ 83.742971078937401, 20.149696264659848 ], [ 83.732682561201244, 20.147362881966181 ], [ 83.726491906017301, 20.125367212773636 ], [ 83.720048589619495, 20.13112617725637 ], [ 83.715765157819803, 20.129153434704335 ], [ 83.719029056931518, 20.114970155046784 ], [ 83.710695662423191, 20.101574985406316 ], [ 83.692220310233139, 20.099916042707466 ], [ 83.675709962804433, 20.111076115415205 ], [ 83.663914519767147, 20.106866961776618 ], [ 83.635781423500276, 20.08729003465719 ], [ 83.628011548306091, 20.094173376503072 ], [ 83.616254233216651, 20.097621476097761 ], [ 83.614343324221096, 20.103338015464022 ], [ 83.598792629087981, 20.103102957057438 ], [ 83.594752286176941, 20.109067720322848 ], [ 83.58441580652196, 20.114139606918769 ], [ 83.580586523831002, 20.107632084381745 ], [ 83.583987995917582, 20.107607212758481 ], [ 83.587969858214933, 20.099167155879318 ], [ 83.578678015440815, 20.096774331779329 ], [ 83.583397268721541, 20.091076105153324 ], [ 83.572187494763199, 20.085592731355902 ], [ 83.57568092162343, 20.079764294085724 ], [ 83.566735643588387, 20.072460906052559 ], [ 83.572447281092423, 20.065813431459937 ], [ 83.56867033669522, 20.056287785666921 ], [ 83.562201103655468, 20.050693110819452 ], [ 83.554277486517876, 20.05381452746818 ], [ 83.548193132508786, 20.044218047916022 ], [ 83.550441156619584, 20.036345292606025 ], [ 83.542368012879919, 20.020684472654455 ], [ 83.523140987520662, 20.016494386563053 ], [ 83.500586313173599, 19.99362976327318 ], [ 83.503554273384054, 19.976828073561432 ], [ 83.495163742451012, 19.960471029823022 ], [ 83.479458171297239, 19.965662363935198 ], [ 83.473624214950419, 19.963314605328073 ], [ 83.472987643882306, 19.966592516512193 ], [ 83.446233733474543, 19.973284837196978 ], [ 83.443714427316962, 19.957010679633665 ], [ 83.445797014453532, 19.951473452650081 ], [ 83.441428328359549, 19.946855857106751 ], [ 83.44206940043459, 19.933581320429496 ], [ 83.423146342838152, 19.928467420441759 ], [ 83.418504852921515, 19.934382445380479 ], [ 83.404134316921784, 19.920887150980409 ], [ 83.408538723407418, 19.909710835261833 ], [ 83.41055000592705, 19.911074196704433 ], [ 83.413171651825053, 19.90671306824688 ], [ 83.409489602772283, 19.90062219079898 ], [ 83.420170979869653, 19.892024555326099 ], [ 83.425362312445912, 19.882169269676147 ], [ 83.424429457253865, 19.875770288497275 ], [ 83.430489471604488, 19.870973725876468 ], [ 83.42194548623884, 19.849547693067798 ], [ 83.423637926598374, 19.845041002316105 ], [ 83.434485951612956, 19.839826964868731 ], [ 83.438999834898439, 19.83324985236839 ], [ 83.431455512669132, 19.826011022958216 ], [ 83.433466063004118, 19.81610418547773 ], [ 83.437612836274837, 19.813338437132703 ], [ 83.436782607318932, 19.801741005186454 ], [ 83.44650753248736, 19.799097564516188 ], [ 83.446997386576243, 19.796503524396854 ], [ 83.459492949476399, 19.796630092646598 ], [ 83.450564203455954, 19.784575109178153 ], [ 83.454398320991913, 19.78077026658724 ], [ 83.450437931177888, 19.779745524913135 ], [ 83.454253403529478, 19.775670099324465 ], [ 83.454440151650985, 19.739577160837978 ], [ 83.452147727108255, 19.734036737914067 ], [ 83.444652534904677, 19.732531763459093 ], [ 83.442924615668701, 19.726148143989906 ], [ 83.44638539687692, 19.719618237702321 ], [ 83.432256797644911, 19.712214519138978 ], [ 83.42795948278561, 19.696329113089305 ], [ 83.422005682760783, 19.694486057292288 ], [ 83.415734388560864, 19.684808371286053 ], [ 83.402432545650527, 19.682801465521127 ], [ 83.383811122219115, 19.667913909292022 ], [ 83.378013511720923, 19.653292860659903 ], [ 83.378269813477587, 19.639955180256809 ], [ 83.373297835185738, 19.633726299451453 ], [ 83.36933391273881, 19.619830113020797 ], [ 83.375062542708093, 19.606903455716587 ], [ 83.372936426381443, 19.597426310396834 ], [ 83.366196476120038, 19.597569152791998 ], [ 83.36392821361828, 19.604724463603912 ], [ 83.357963865289079, 19.607101074524298 ], [ 83.31930335077999, 19.592362822107383 ], [ 83.300204839784115, 19.590909821272589 ], [ 83.28775151681171, 19.5970967751629 ], [ 83.287796738717901, 19.588827963904205 ], [ 83.278054094567835, 19.598384726396137 ], [ 83.266337279562066, 19.601124575284821 ], [ 83.269349948429038, 19.577414893959109 ], [ 83.266484720115457, 19.574899506433869 ], [ 83.258314692899347, 19.577011547410393 ], [ 83.252990464820869, 19.569979263707637 ], [ 83.255518443201865, 19.565057026190594 ], [ 83.265889270490334, 19.558889433134219 ], [ 83.262501013367512, 19.554366456791588 ], [ 83.263777255078068, 19.54785671058038 ], [ 83.255985825629367, 19.547285896996311 ], [ 83.248312946047193, 19.539460798515574 ], [ 83.257353844197496, 19.528166852083331 ], [ 83.24536000638939, 19.513639704856558 ], [ 83.245540355610743, 19.50462819937999 ], [ 83.228318821436091, 19.505943114189336 ], [ 83.224597777016854, 19.498162903258731 ], [ 83.219384593699971, 19.495819837992098 ], [ 83.220220410296932, 19.490065301523686 ], [ 83.213867055542465, 19.485794255580348 ], [ 83.211897177340958, 19.478199985285922 ], [ 83.204924442520209, 19.474197992409838 ], [ 83.20829434617805, 19.469184807406965 ], [ 83.205739827689825, 19.469708127720676 ], [ 83.204184921070137, 19.459656435974217 ], [ 83.201062988388969, 19.460100813075186 ], [ 83.204287363197139, 19.451025108008853 ], [ 83.207456217176173, 19.44807373622842 ], [ 83.209287581752108, 19.44972686281028 ], [ 83.211503518418155, 19.443558197138721 ], [ 83.219185891333467, 19.443121049124557 ], [ 83.2161342196313, 19.430491064750534 ], [ 83.211473577828016, 19.435023342682509 ], [ 83.213102633163246, 19.438259323034281 ], [ 83.201555617663885, 19.439452155947617 ], [ 83.204274748751274, 19.445863472412661 ], [ 83.198242400215776, 19.45854541204741 ], [ 83.194993239814792, 19.457677073274958 ], [ 83.192079661717145, 19.465123132965633 ], [ 83.186466263221277, 19.464075498071708 ], [ 83.184704144776461, 19.451596341677273 ], [ 83.182407979462482, 19.452202052209614 ], [ 83.185340997044591, 19.447248745124174 ], [ 83.183086447524971, 19.437087683229791 ], [ 83.18518742011635, 19.423681316397907 ], [ 83.182372501691503, 19.421777798471165 ], [ 83.169301296899533, 19.427137007472567 ], [ 83.163081118492343, 19.444851064718478 ], [ 83.152675646277316, 19.457602049593984 ], [ 83.153324665271583, 19.463844644814092 ], [ 83.148446597995701, 19.466901256427008 ], [ 83.149756545657809, 19.473447642374506 ], [ 83.159385538248017, 19.481421426726246 ], [ 83.15328564702854, 19.490783793074456 ], [ 83.135395087917402, 19.507899676121582 ], [ 83.128588110166135, 19.506354012774999 ], [ 83.122376116327857, 19.497841773759443 ], [ 83.107186358647112, 19.508686542551111 ], [ 83.114216413607053, 19.514570418468395 ], [ 83.109074570337498, 19.520230550675457 ], [ 83.108852847316214, 19.525173843115851 ], [ 83.102598122605713, 19.52438413343878 ], [ 83.107961214244639, 19.538308302070064 ], [ 83.101885965905694, 19.542597217441052 ], [ 83.100728557774957, 19.537457802345958 ], [ 83.093662486681097, 19.53992431550698 ], [ 83.088039815016344, 19.537207407822148 ], [ 83.086352880950486, 19.545306444351027 ], [ 83.077262673602007, 19.554195354402498 ], [ 83.078156664927832, 19.559270357773979 ], [ 83.070398525200332, 19.561730568599135 ], [ 83.043484109850283, 19.556044214098176 ], [ 83.036052376202235, 19.550008559621933 ], [ 83.034844127099177, 19.538383643988567 ], [ 83.028315659796675, 19.53403094335162 ], [ 83.02492885583797, 19.525248454190336 ], [ 83.028344965793977, 19.51500314518864 ], [ 83.025131270641666, 19.507858118873173 ], [ 82.999178309111471, 19.497799678422655 ], [ 82.994010171347639, 19.484537665883543 ], [ 82.997030964263175, 19.467558615300796 ], [ 82.993858030770397, 19.463926185532319 ], [ 82.97830618850864, 19.449395400898538 ], [ 82.97551639156849, 19.4513904829148 ], [ 82.971907546721866, 19.447866249125102 ], [ 82.938402445400996, 19.446687339217917 ], [ 82.934938704983708, 19.451719686447511 ], [ 82.930339762144456, 19.443720194909869 ], [ 82.929208025716392, 19.445864080067906 ], [ 82.921398657821143, 19.439316476177005 ], [ 82.922429496419099, 19.433465546373284 ], [ 82.928602428908491, 19.429664793973838 ], [ 82.93277520101762, 19.431458665043174 ], [ 82.936057175409857, 19.425177299904377 ], [ 82.938173801167679, 19.403343904576843 ], [ 82.949899997357704, 19.399528381395175 ], [ 82.956235652356511, 19.388006309483973 ], [ 82.945176955912274, 19.363762273377439 ], [ 82.952177222298985, 19.35537234048164 ], [ 82.953646878643156, 19.346517486782044 ], [ 82.938407903236012, 19.323311180734965 ], [ 82.937899564959054, 19.306835308492676 ], [ 82.926138373637002, 19.296977972336361 ], [ 82.919827142942452, 19.299524123268387 ], [ 82.911564993532807, 19.295920690902388 ], [ 82.901743774048271, 19.283335745145248 ], [ 82.901630907805796, 19.276435422132796 ], [ 82.906145297505006, 19.270313273333628 ], [ 82.902553000538589, 19.26401822352285 ], [ 82.913101999838517, 19.250899914075152 ], [ 82.918289627234856, 19.238555586617444 ], [ 82.908204593695871, 19.230413433729421 ], [ 82.907765765992011, 19.225354813597381 ], [ 82.894815134667837, 19.217227993030495 ], [ 82.884245526748344, 19.218091330783484 ], [ 82.894354446352494, 19.211058233952159 ], [ 82.888540456254518, 19.201556246850146 ], [ 82.878828931831279, 19.198336177887676 ], [ 82.871906156872242, 19.199125172857318 ], [ 82.864082109650028, 19.207276430088839 ], [ 82.857839902306893, 19.20562810710905 ], [ 82.848082456419391, 19.208500039018809 ], [ 82.845574557451783, 19.212143705127669 ], [ 82.846621812805438, 19.224161528076877 ], [ 82.836163746620926, 19.236408119293799 ], [ 82.833135036824359, 19.23432005085979 ], [ 82.83330757165082, 19.237019431521752 ], [ 82.823902414526827, 19.239267702015201 ], [ 82.821501992475532, 19.234196787309624 ], [ 82.813760684765782, 19.230777634527534 ], [ 82.798669177149492, 19.236193320910452 ], [ 82.803905413705792, 19.23710353965701 ], [ 82.816812413848737, 19.256602209989207 ], [ 82.824574428032591, 19.256176763794301 ], [ 82.830001179081123, 19.275897604223157 ], [ 82.825996676976473, 19.282383556074233 ], [ 82.830735130944774, 19.284872944088619 ], [ 82.831406097397448, 19.29102422190936 ], [ 82.836081153706147, 19.293050424899835 ], [ 82.839106991791979, 19.301177428931677 ], [ 82.843741082647838, 19.301221009312744 ], [ 82.841314557477446, 19.307993692709609 ], [ 82.852991925221488, 19.307803200942331 ], [ 82.843801818381195, 19.317246544072702 ], [ 82.848707888523592, 19.32028151697877 ], [ 82.848115547636866, 19.323878405956428 ], [ 82.822523411994652, 19.322247962936899 ], [ 82.813100129104185, 19.329356658751145 ], [ 82.798749828395898, 19.32895679841398 ], [ 82.789975767800925, 19.332882570670577 ], [ 82.786021443319015, 19.342054640253689 ], [ 82.779713023007872, 19.343060419284257 ], [ 82.777763707211705, 19.34016149163244 ], [ 82.771988883159963, 19.340344221447815 ], [ 82.76896429373744, 19.334596607511937 ], [ 82.772957960085222, 19.331815775261187 ], [ 82.756778701212838, 19.32683659467439 ], [ 82.756363417837576, 19.33295247433086 ], [ 82.7481879027372, 19.33735802381636 ], [ 82.741392623948812, 19.349461074436668 ], [ 82.732262006463841, 19.344665125027422 ], [ 82.725651148030309, 19.345035163853581 ], [ 82.724981813847165, 19.354242623237326 ], [ 82.71695428217707, 19.352976920719058 ], [ 82.71416867343352, 19.355559831072053 ], [ 82.711677959317797, 19.368172506383928 ], [ 82.716881376275595, 19.369650481884925 ], [ 82.71656826691931, 19.37202905233891 ], [ 82.708498137987249, 19.378618638696583 ], [ 82.706808644305497, 19.389602094915212 ], [ 82.711518685134038, 19.391202154371236 ], [ 82.706128778275996, 19.400178406914868 ], [ 82.715512211340538, 19.404340524625823 ], [ 82.71155074712857, 19.413818539542543 ], [ 82.706993146905504, 19.414597712968177 ], [ 82.708279391871727, 19.41922914895018 ], [ 82.693829130886542, 19.416866579749676 ], [ 82.689635331133388, 19.420148923031512 ], [ 82.682509033741383, 19.437362025183933 ], [ 82.673919446216075, 19.434130563179199 ], [ 82.674062279197102, 19.442034155230704 ], [ 82.663611661869439, 19.444497179068687 ], [ 82.660183036763698, 19.457122364591747 ], [ 82.65415135391676, 19.456382483546214 ], [ 82.649640168240992, 19.45954055859908 ], [ 82.649021385213061, 19.477461055588449 ], [ 82.642878003310585, 19.482729675185631 ], [ 82.633180565333845, 19.481769500038045 ], [ 82.632968267126415, 19.483871909952057 ], [ 82.633751518475677, 19.492154010313712 ], [ 82.638652741481408, 19.494029498370704 ], [ 82.642991849732368, 19.505807099432388 ], [ 82.646546313171569, 19.507757533956671 ], [ 82.64107780145109, 19.51250035560987 ], [ 82.627950287482449, 19.514096290136912 ], [ 82.623584927711747, 19.519659852076998 ], [ 82.606692030282943, 19.521170701257955 ], [ 82.613812936838897, 19.525344489977286 ], [ 82.61744834038555, 19.537801710442462 ], [ 82.604451792527129, 19.541811419340839 ], [ 82.58799534532119, 19.540457127037122 ], [ 82.580178366364692, 19.546538111576002 ], [ 82.568880787779946, 19.543104210286376 ], [ 82.564908003959559, 19.549643569956903 ], [ 82.567072991639876, 19.555253297129717 ], [ 82.564869535860808, 19.561953398658499 ], [ 82.567869634937594, 19.56618265799305 ], [ 82.558794380945869, 19.574432823378753 ], [ 82.558172350929269, 19.582103975438216 ], [ 82.535662565737127, 19.578127621138027 ], [ 82.530260436926881, 19.583436099170726 ], [ 82.529665457985629, 19.587041884992704 ], [ 82.536583558892602, 19.592313301838857 ], [ 82.536728779218294, 19.597059872521307 ], [ 82.539895706771844, 19.594760559420788 ], [ 82.541698047431296, 19.596827703611297 ], [ 82.547257162651633, 19.613421164428402 ], [ 82.53808747920975, 19.615645533122755 ], [ 82.539696309295707, 19.618382798480962 ], [ 82.524514724929617, 19.632217453643701 ], [ 82.53646173128287, 19.639682323447065 ], [ 82.555719930497119, 19.645249068100419 ], [ 82.568062543183629, 19.671093452396704 ], [ 82.576936111553877, 19.680759324796782 ], [ 82.5675749688248, 19.683718468536632 ], [ 82.56822385503483, 19.708715608795195 ], [ 82.573068517302175, 19.71393547201189 ], [ 82.567939355978467, 19.715249721448401 ], [ 82.567971088149761, 19.719974419222272 ], [ 82.563976950123362, 19.72078173353556 ], [ 82.562132219854391, 19.725834698957396 ], [ 82.567542911385345, 19.735246538089232 ], [ 82.572679633121538, 19.733665595044847 ], [ 82.592979413786125, 19.747267984186973 ], [ 82.602189601932537, 19.747041243318819 ], [ 82.599659262810221, 19.757389804693258 ], [ 82.595548530227504, 19.759983264940882 ], [ 82.594736674032248, 19.774300503903056 ], [ 82.595293510597543, 19.778469426488368 ], [ 82.602153106715775, 19.781118260652743 ], [ 82.603783732215405, 19.788123093634724 ], [ 82.627127477040503, 19.793657973855225 ], [ 82.636625618272362, 19.812926555985648 ], [ 82.647599495207444, 19.819542398636369 ], [ 82.652159163116721, 19.832165858131191 ], [ 82.696705795364764, 19.830614045183182 ], [ 82.705552404287261, 19.83302310648055 ], [ 82.711397925868638, 19.839995369987122 ], [ 82.711402016384966, 19.850627932442777 ], [ 82.718164906012234, 19.853593684975937 ], [ 82.719593565797098, 19.867433053937901 ], [ 82.724584458079008, 19.875537677861146 ], [ 82.714052423092525, 19.877807443365491 ], [ 82.70740820200686, 19.902040928168223 ], [ 82.707368059430891, 19.912985617119599 ], [ 82.712762030641073, 19.918521054535695 ], [ 82.713072406180387, 19.938455307007661 ], [ 82.720491609683194, 19.94829345455716 ], [ 82.714614865148405, 19.958770575473437 ], [ 82.717516371580999, 19.965553847594272 ], [ 82.716616692255059, 20.006425924415172 ], [ 82.720467772668584, 20.008154615290316 ], [ 82.728377111602924, 20.023552084455087 ], [ 82.739281729784139, 20.021304241799655 ], [ 82.744880787603321, 20.024614184777271 ], [ 82.748098667560896, 20.041623833118809 ], [ 82.739707615944511, 20.052614482129389 ], [ 82.754941831471072, 20.054857744781454 ], [ 82.767853049517427, 20.07670712999828 ], [ 82.779409243516525, 20.086604338536382 ], [ 82.788295989898927, 20.103393172152163 ], [ 82.80692457139655, 20.099734617222602 ], [ 82.813576861860739, 20.101554282023077 ], [ 82.81657550227709, 20.110330690529743 ], [ 82.820457912606727, 20.112806361066415 ], [ 82.816091692049852, 20.128474184306842 ], [ 82.822920914917347, 20.165208600104432 ], [ 82.857907601838406, 20.16189793407116 ], [ 82.873962497337743, 20.156592588344573 ], [ 82.883877455341775, 20.158230162921413 ], [ 82.895254875892107, 20.149079702958499 ], [ 82.909576202668674, 20.147357877452496 ], [ 82.911020469345232, 20.167778532714795 ], [ 82.921734774666831, 20.172900738853151 ], [ 82.926157553481119, 20.180168806443433 ], [ 82.943687170037947, 20.173915044324264 ], [ 82.948628946365503, 20.177455206970851 ], [ 82.97568897638638, 20.180648903238424 ], [ 82.979887057531329, 20.176356424503041 ], [ 82.990503875295587, 20.178878547518892 ], [ 82.99387827512875, 20.175670000313058 ], [ 83.001736316575773, 20.176763968283133 ], [ 83.015815119397232, 20.171748422278128 ], [ 83.02945105906737, 20.177674689365659 ], [ 83.03443254373353, 20.186703409790827 ], [ 83.038731209041671, 20.182182783465354 ], [ 83.05221751341098, 20.18861464439237 ], [ 83.060754298794151, 20.185967854672455 ], [ 83.065118372032359, 20.19082098585945 ], [ 83.086086074631339, 20.192113294738849 ], [ 83.091065551284984, 20.200349890242826 ], [ 83.101569378314608, 20.192091399403132 ], [ 83.113012106057369, 20.195381646734013 ], [ 83.126795214483224, 20.194849770287913 ], [ 83.133091259791058, 20.18440497983471 ], [ 83.139738473063147, 20.180124380090788 ], [ 83.144775621198733, 20.169351574561468 ], [ 83.155278064642346, 20.174253858220915 ], [ 83.173645086785612, 20.171282154314049 ], [ 83.189519240271295, 20.176178953818557 ], [ 83.204506508193404, 20.195476879854322 ], [ 83.225058486391433, 20.20449297314579 ], [ 83.231044102591483, 20.219377229765737 ], [ 83.239151381288323, 20.229646333239177 ], [ 83.234238879523545, 20.245436673794217 ], [ 83.237954732295336, 20.256998928115401 ], [ 83.248727854002738, 20.264785820432337 ], [ 83.263115750456407, 20.267707237517666 ], [ 83.284894837122579, 20.279909767723872 ], [ 83.300146141191973, 20.305204049215231 ], [ 83.313658985093724, 20.304971692087708 ], [ 83.341405726172923, 20.316838901676562 ], [ 83.361530895156037, 20.317656436015604 ], [ 83.364102954166057, 20.343268224567172 ], [ 83.387396781961129, 20.346960725467902 ], [ 83.39534642970527, 20.359245992854262 ], [ 83.408339770180106, 20.36787610705688 ], [ 83.422233331684311, 20.403050473104738 ], [ 83.44515913155368, 20.418306774306952 ], [ 83.485804166831812, 20.454243098096683 ], [ 83.490708938107005, 20.453012633895586 ], [ 83.494123456846538, 20.447613578548758 ], [ 83.493721025565151, 20.437524122655432 ], [ 83.497464193240191, 20.434395810804109 ], [ 83.489094892657448, 20.42715649548056 ], [ 83.487331318724614, 20.410110921513997 ], [ 83.489894771163847, 20.405139539398803 ], [ 83.493957662126775, 20.406151470576315 ], [ 83.499343453431806, 20.416133278230667 ], [ 83.519620041907217, 20.411691985176017 ], [ 83.520465319214907, 20.404487760425962 ], [ 83.535752901337219, 20.399060363262169 ], [ 83.543539727263479, 20.396775183251084 ], [ 83.548123277735826, 20.401489297492436 ], [ 83.554802492156711, 20.399712105665422 ], [ 83.557673020955832, 20.394622452888459 ], [ 83.564456088932715, 20.393348942946673 ], [ 83.566181494176632, 20.387093273950832 ], [ 83.570041148228412, 20.387406598885658 ], [ 83.576453765286047, 20.363000494678058 ], [ 83.586286050195014, 20.363247756380318 ], [ 83.621665217760565, 20.350602607180367 ], [ 83.624098818569195, 20.352696997469788 ], [ 83.622265212623773, 20.362882201592122 ], [ 83.626304766192462, 20.36707874150682 ], [ 83.652238088443326, 20.366582511295071 ], [ 83.653648529701044, 20.371793365239839 ], [ 83.647564927494656, 20.380273710696191 ], [ 83.650910325957753, 20.388522093229945 ] ] ] } },
{ "type": "Feature", "properties": { "District": "KANDHAM>L", "STATE": "ODISHA", "REMARKS": null, "State_LGD": 21, "DISTRICT_L": "359", "Shape_Leng": 644946.62214600004, "Shape_Area": 7745678774.9499998 }, "geometry": { "type": "Polygon", "coordinates": [ [ [ 84.509733085962438, 20.395228633026701 ], [ 84.513013308114665, 20.382687752971865 ], [ 84.520575745887058, 20.381355064121376 ], [ 84.518338411976401, 20.369485252141029 ], [ 84.49529743953498, 20.358374540737461 ], [ 84.493739144364369, 20.35022089900713 ], [ 84.483217623479021, 20.347843727454123 ], [ 84.485966892619416, 20.346849427107774 ], [ 84.486624626075098, 20.338149899646801 ], [ 84.493294868873818, 20.333550140655198 ], [ 84.504966929464317, 20.331604168532973 ], [ 84.511545150432951, 20.337788698832028 ], [ 84.509344235918533, 20.326379927824838 ], [ 84.514573017116248, 20.319063253242007 ], [ 84.521098046996585, 20.32557643743813 ], [ 84.528836645263183, 20.32202430782759 ], [ 84.542830716723387, 20.323305297125824 ], [ 84.552050145017063, 20.283986743415866 ], [ 84.543866443417912, 20.275550676674261 ], [ 84.547302735914826, 20.25907372067061 ], [ 84.541984393997936, 20.251360081513816 ], [ 84.548934721418377, 20.231907263235108 ], [ 84.554867363277566, 20.226039184976742 ], [ 84.557716699505107, 20.227058640512656 ], [ 84.573757438810048, 20.206895193131285 ], [ 84.585067711856496, 20.186516026237751 ], [ 84.587586951221965, 20.171352524631654 ], [ 84.558269305072017, 20.157258096737404 ], [ 84.564222933532648, 20.145492813236537 ], [ 84.560487086937201, 20.138537545572586 ], [ 84.555588024788591, 20.141535370495067 ], [ 84.539327994790582, 20.140351784500787 ], [ 84.525924775662787, 20.143870727414832 ], [ 84.5232613846444, 20.152380316911035 ], [ 84.51345880232634, 20.150363763248251 ], [ 84.508172478104399, 20.140929429873356 ], [ 84.509250091317824, 20.136289716817242 ], [ 84.495972881772843, 20.141794799407037 ], [ 84.48666413563987, 20.140650820987201 ], [ 84.453934860949374, 20.166091274548094 ], [ 84.453287313956579, 20.182118579682779 ], [ 84.456783492478934, 20.182069874135774 ], [ 84.459268212954129, 20.18807885458429 ], [ 84.446200824119714, 20.205267007027064 ], [ 84.434641688312411, 20.200303840472106 ], [ 84.436565880079741, 20.194363399002949 ], [ 84.431347782783462, 20.180124270257036 ], [ 84.432656912950605, 20.171429969157501 ], [ 84.438532458229957, 20.162111335075867 ], [ 84.435895771085271, 20.154352630426931 ], [ 84.441570780697305, 20.146714905488903 ], [ 84.429362413878437, 20.137868666403662 ], [ 84.427543071736878, 20.120812343698415 ], [ 84.417514364814636, 20.115613645337792 ], [ 84.417817272261161, 20.100362701500341 ], [ 84.410725739680402, 20.084624058425383 ], [ 84.404438398669569, 20.083669567851896 ], [ 84.404028420734363, 20.071717364625915 ], [ 84.415728833135816, 20.062778233917285 ], [ 84.415226547206331, 20.05144782402834 ], [ 84.417956311116214, 20.049591565008175 ], [ 84.41486568896984, 20.045185108236236 ], [ 84.393067072326929, 20.040788172564568 ], [ 84.363474275682151, 20.025767157391716 ], [ 84.357449274407657, 20.032999865501484 ], [ 84.338592778873846, 20.008717621624044 ], [ 84.3302873763798, 20.007563225006542 ], [ 84.322631635392824, 19.989759635323171 ], [ 84.328175452285748, 19.98073736779812 ], [ 84.336162739861535, 19.978293404908754 ], [ 84.355883680549425, 19.990647296000862 ], [ 84.376434420988517, 19.965792399081618 ], [ 84.385631207018776, 19.962018457257596 ], [ 84.389948780010315, 19.956145151285327 ], [ 84.396806953183628, 19.956923127011979 ], [ 84.39765391131516, 19.960885974804022 ], [ 84.404456077710066, 19.962471001363056 ], [ 84.407358636866221, 19.958414019755267 ], [ 84.417584452616452, 19.960292346858775 ], [ 84.41595766928836, 19.957857744524599 ], [ 84.419426254843884, 19.955384443690871 ], [ 84.433644549916636, 19.959884311319353 ], [ 84.455130118800142, 19.951967647768651 ], [ 84.46383657716666, 19.954232379811906 ], [ 84.468926677570849, 19.93985725901144 ], [ 84.461983469037861, 19.930967438379575 ], [ 84.462685549221874, 19.915396343989464 ], [ 84.456377103756097, 19.905404889314102 ], [ 84.462104001651824, 19.881530296223996 ], [ 84.457782825715967, 19.872072931911251 ], [ 84.462222283050451, 19.85731814431891 ], [ 84.442895085506038, 19.844571576590333 ], [ 84.448660625843914, 19.834915396777326 ], [ 84.442861226273564, 19.830647543721497 ], [ 84.431390307182411, 19.840162104793205 ], [ 84.424020564595978, 19.835902084939892 ], [ 84.384624774203758, 19.840877366671162 ], [ 84.3707373595836, 19.847440592692635 ], [ 84.35710937110548, 19.859880173360697 ], [ 84.358338249022708, 19.863465012144356 ], [ 84.344063488691319, 19.861600349378712 ], [ 84.340164581631115, 19.863912356365642 ], [ 84.339987747784306, 19.867932263304969 ], [ 84.337267940258698, 19.867349857180887 ], [ 84.337379945530529, 19.870642700460177 ], [ 84.335396778991239, 19.868811695157714 ], [ 84.324187214273437, 19.872241728930707 ], [ 84.306261215287606, 19.90876483932588 ], [ 84.277479314508824, 19.880625803954953 ], [ 84.247999534396243, 19.871667301584992 ], [ 84.184809572152133, 19.860531304990378 ], [ 84.199929104677622, 19.835552995346916 ], [ 84.186508142170766, 19.823184950853083 ], [ 84.173679881568873, 19.823542086781337 ], [ 84.171713381459966, 19.811480581376223 ], [ 84.16524105016191, 19.805559151665584 ], [ 84.173038670299334, 19.793440345166402 ], [ 84.160787707318875, 19.786668908636639 ], [ 84.13016266412491, 19.780509941009001 ], [ 84.149231567643227, 19.756709756700374 ], [ 84.15150952874653, 19.746846549430746 ], [ 84.147801274543582, 19.729882078909007 ], [ 84.152607602554411, 19.724988558614431 ], [ 84.166577234665112, 19.734865854078517 ], [ 84.181488278275367, 19.737669791506338 ], [ 84.201730450214768, 19.733888349612197 ], [ 84.190726756737732, 19.711289191045697 ], [ 84.194899826052193, 19.698050959908723 ], [ 84.198254462589702, 19.69810331102811 ], [ 84.20291659236544, 19.691210597486183 ], [ 84.201022821327314, 19.686368750444451 ], [ 84.206838034964477, 19.681669729231796 ], [ 84.214188073483584, 19.685472200264485 ], [ 84.216914744845766, 19.676345762997876 ], [ 84.224812793931761, 19.669091631494645 ], [ 84.235343133854016, 19.668915495904471 ], [ 84.24056663813667, 19.663880992926625 ], [ 84.236359806939035, 19.660213952169411 ], [ 84.25001120222808, 19.656387383231269 ], [ 84.250485039060678, 19.650950187648903 ], [ 84.241156705534451, 19.639421789037101 ], [ 84.236906260872658, 19.639153274807708 ], [ 84.234688844172183, 19.630641176308281 ], [ 84.228358863595986, 19.631076438750632 ], [ 84.223974157801081, 19.627275404889193 ], [ 84.227238780884775, 19.612220536161388 ], [ 84.236409813089466, 19.608853859497273 ], [ 84.232928289329038, 19.604633508558717 ], [ 84.232719172316919, 19.592910855017397 ], [ 84.239308921296356, 19.576317498598339 ], [ 84.233872710927571, 19.576970020870128 ], [ 84.233883500203163, 19.57328179149955 ], [ 84.230684585972398, 19.573733876887552 ], [ 84.215224366775757, 19.585097724867047 ], [ 84.207841275451358, 19.584003859795342 ], [ 84.205422237309975, 19.579555870755915 ], [ 84.208743140821838, 19.591647114121937 ], [ 84.197442454679233, 19.595349476832897 ], [ 84.184933407232933, 19.587159585820672 ], [ 84.178391878895653, 19.585630848113382 ], [ 84.172655967071805, 19.589247146272687 ], [ 84.163898666930152, 19.589131893652851 ], [ 84.16166514834056, 19.582320955753193 ], [ 84.152885760794533, 19.583487074040882 ], [ 84.140222172220675, 19.607690092523143 ], [ 84.136805019706998, 19.628748402956724 ], [ 84.128892235864186, 19.632210980784713 ], [ 84.123760671923804, 19.63143381078574 ], [ 84.122297060925035, 19.627483134528731 ], [ 84.106170604736192, 19.625897360998696 ], [ 84.105774507001769, 19.623277268398173 ], [ 84.090940990336719, 19.630887785360258 ], [ 84.086188975421919, 19.628098034432494 ], [ 84.083114300502885, 19.632954765726154 ], [ 84.060587904312456, 19.634366512715872 ], [ 84.057072929862471, 19.627819762614951 ], [ 84.043017920281741, 19.627614608597991 ], [ 84.035409502213298, 19.635690958162062 ], [ 84.026079579243216, 19.637608701893374 ], [ 84.023796952070953, 19.630145760376084 ], [ 84.01247378090153, 19.624717639622023 ], [ 84.0096508176063, 19.618956337729902 ], [ 84.003370545390069, 19.628831581541036 ], [ 83.991279223667746, 19.627605099733309 ], [ 83.983016872090246, 19.622113517924319 ], [ 83.966402834340158, 19.623851670952043 ], [ 83.963877045144244, 19.631513751205194 ], [ 83.954962004119992, 19.636178879171812 ], [ 83.940069020366238, 19.635253730754236 ], [ 83.934001172349298, 19.658252213784802 ], [ 83.923810541405572, 19.663577808989711 ], [ 83.935978101539234, 19.671549088425802 ], [ 83.932125800259413, 19.673029771903312 ], [ 83.93032323084023, 19.678719737828985 ], [ 83.921590077295932, 19.675666253854008 ], [ 83.916586875318814, 19.68095211655649 ], [ 83.905506233370261, 19.671666036813996 ], [ 83.872863983587749, 19.671685792755753 ], [ 83.853835917147123, 19.685685195452926 ], [ 83.849875354892902, 19.700753187237069 ], [ 83.842589395859619, 19.702466857380525 ], [ 83.845018657259686, 19.709380135119801 ], [ 83.836619280053043, 19.711513041834863 ], [ 83.832414870018155, 19.706898311175436 ], [ 83.829870554945416, 19.710477632216943 ], [ 83.818107040436303, 19.714053169736182 ], [ 83.814862662297713, 19.720961302524906 ], [ 83.803257530693315, 19.719202120973215 ], [ 83.791425535867802, 19.71095861438797 ], [ 83.77982904905538, 19.711030498085023 ], [ 83.766384755102578, 19.716195310052814 ], [ 83.764487788392444, 19.705403564462024 ], [ 83.767166858833093, 19.699046592934774 ], [ 83.763176057600916, 19.691483275445727 ], [ 83.762962505724133, 19.676819239856194 ], [ 83.7494451291698, 19.668923342564351 ], [ 83.741838547599201, 19.65908972657429 ], [ 83.742208760558526, 19.655359623704943 ], [ 83.728785922492335, 19.654864241536227 ], [ 83.722454012033026, 19.671867261553565 ], [ 83.713556988320747, 19.674466903269931 ], [ 83.69500932554196, 19.691075664852992 ], [ 83.670433890030367, 19.678210626756275 ], [ 83.662593368246817, 19.664940978797702 ], [ 83.65432186901019, 19.663907641775889 ], [ 83.648931529640791, 19.657517486179501 ], [ 83.63452782263883, 19.67140468559688 ], [ 83.634911832991023, 19.678564112548219 ], [ 83.643374593214645, 19.695559569556831 ], [ 83.642473852988587, 19.703690357509263 ], [ 83.63161045737786, 19.717141671820816 ], [ 83.632102424525073, 19.730868402203193 ], [ 83.625508003199798, 19.744843662213064 ], [ 83.607781564106716, 19.750556718825187 ], [ 83.607997896304397, 19.759754796147867 ], [ 83.618692742526065, 19.768704906048491 ], [ 83.621048598817467, 19.775406456534242 ], [ 83.615373488482305, 19.799950760376113 ], [ 83.619838539158053, 19.804630347771951 ], [ 83.619018082931262, 19.814538783940261 ], [ 83.606888545332552, 19.816102417469757 ], [ 83.599807303433494, 19.834463682700221 ], [ 83.597508189411229, 19.828343470193929 ], [ 83.585283617940718, 19.823243191766903 ], [ 83.543740188068966, 19.842785202484826 ], [ 83.534659042910931, 19.858039698641036 ], [ 83.533306325422188, 19.854298037970491 ], [ 83.527981423636746, 19.854933527492509 ], [ 83.526719894170839, 19.877711593096553 ], [ 83.538070107735351, 19.896937409736662 ], [ 83.553558933971033, 19.910314662173697 ], [ 83.559855694836259, 19.92990906012173 ], [ 83.551883193030946, 19.930822996041883 ], [ 83.549914956750186, 19.936093015493253 ], [ 83.533727105992142, 19.947571503947501 ], [ 83.495163742451012, 19.960471029823022 ], [ 83.503554273384054, 19.976828073561432 ], [ 83.500586313173599, 19.99362976327318 ], [ 83.523140987520662, 20.016494386563053 ], [ 83.542368012879919, 20.020684472654455 ], [ 83.550441156619584, 20.036345292606025 ], [ 83.548193132508786, 20.044218047916022 ], [ 83.554277486517876, 20.05381452746818 ], [ 83.562201103655468, 20.050693110819452 ], [ 83.56867033669522, 20.056287785666921 ], [ 83.572447281092423, 20.065813431459937 ], [ 83.566735643588387, 20.072460906052559 ], [ 83.57568092162343, 20.079764294085724 ], [ 83.572187494763199, 20.085592731355902 ], [ 83.583397268721541, 20.091076105153324 ], [ 83.578678015440815, 20.096774331779329 ], [ 83.587969858214933, 20.099167155879318 ], [ 83.583987995917582, 20.107607212758481 ], [ 83.580586523831002, 20.107632084381745 ], [ 83.58441580652196, 20.114139606918769 ], [ 83.594752286176941, 20.109067720322848 ], [ 83.598792629087981, 20.103102957057438 ], [ 83.614343324221096, 20.103338015464022 ], [ 83.616254233216651, 20.097621476097761 ], [ 83.628011548306091, 20.094173376503072 ], [ 83.635781423500276, 20.08729003465719 ], [ 83.663914519767147, 20.106866961776618 ], [ 83.675709962804433, 20.111076115415205 ], [ 83.692220310233139, 20.099916042707466 ], [ 83.710695662423191, 20.101574985406316 ], [ 83.719029056931518, 20.114970155046784 ], [ 83.715765157819803, 20.129153434704335 ], [ 83.720048589619495, 20.13112617725637 ], [ 83.726491906017301, 20.125367212773636 ], [ 83.732682561201244, 20.147362881966181 ], [ 83.742971078937401, 20.149696264659848 ], [ 83.747109832342915, 20.156980470003706 ], [ 83.762453314995668, 20.164256907479345 ], [ 83.773459090292619, 20.159577796299448 ], [ 83.777518935921975, 20.172468521450117 ], [ 83.789662136685962, 20.178823641694407 ], [ 83.790785469054342, 20.193128987170216 ], [ 83.782704076989233, 20.212497144296748 ], [ 83.777646615400542, 20.206447412200024 ], [ 83.770750464340566, 20.205657394377685 ], [ 83.761772372246554, 20.208335457396156 ], [ 83.755259383536753, 20.206713353482652 ], [ 83.749654959923646, 20.209974704695146 ], [ 83.744423768111886, 20.207817511536152 ], [ 83.731291654215411, 20.20969267753949 ], [ 83.740199624353181, 20.222186553106209 ], [ 83.718804048321545, 20.237098664119873 ], [ 83.724972557869762, 20.241404533125234 ], [ 83.722842887041608, 20.252032711098227 ], [ 83.717689017335118, 20.255096357078038 ], [ 83.717469396683697, 20.290276562127296 ], [ 83.709526308005891, 20.310817124524615 ], [ 83.708935332603573, 20.333339307266119 ], [ 83.702563894415604, 20.341243194606076 ], [ 83.70047339800827, 20.351953467242726 ], [ 83.706056440559678, 20.367978931503874 ], [ 83.697887801429161, 20.372915879944596 ], [ 83.691964714640221, 20.371188210998998 ], [ 83.685954541601205, 20.37632789374727 ], [ 83.660879909517732, 20.380870068200444 ], [ 83.650910325957753, 20.388522093229945 ], [ 83.654970035916193, 20.388869388325471 ], [ 83.661568399187402, 20.403375659377907 ], [ 83.658234304496105, 20.414186324369766 ], [ 83.662457008486854, 20.414321476406123 ], [ 83.666006208663958, 20.422868125471467 ], [ 83.673609916363304, 20.429646794932751 ], [ 83.679379587686327, 20.428240892550438 ], [ 83.686033775592847, 20.414596029209783 ], [ 83.691338465767572, 20.414087784330526 ], [ 83.720431647451193, 20.435034802180006 ], [ 83.728046498381119, 20.432624160170867 ], [ 83.727726813100148, 20.426693305269428 ], [ 83.734588846202655, 20.426587503574563 ], [ 83.738013404818517, 20.422188928390618 ], [ 83.746444142025709, 20.420771905484006 ], [ 83.746152523776914, 20.426438752124366 ], [ 83.754694804705252, 20.426106447894984 ], [ 83.767821409784645, 20.413264031839756 ], [ 83.776846035434673, 20.411116373540043 ], [ 83.780056321177085, 20.407281413856222 ], [ 83.782981516826382, 20.414158706092039 ], [ 83.781053369956481, 20.42630283421277 ], [ 83.785694014891988, 20.44209287046306 ], [ 83.791409016069863, 20.441011588905269 ], [ 83.792941917856709, 20.43335919775917 ], [ 83.806085091396852, 20.431425898669033 ], [ 83.814544867738888, 20.436287895100772 ], [ 83.807470150472952, 20.446180955936097 ], [ 83.813123539185611, 20.455048633028998 ], [ 83.819735086983073, 20.450909659133231 ], [ 83.828159691614346, 20.45219182282813 ], [ 83.811084173063207, 20.462908506197646 ], [ 83.806315263382757, 20.495019646308176 ], [ 83.795625266343322, 20.509069097724932 ], [ 83.805480954792529, 20.508921524463631 ], [ 83.813399061008496, 20.521612644186845 ], [ 83.819246965397667, 20.522126309992757 ], [ 83.824615653151156, 20.535636824263644 ], [ 83.819617956441576, 20.544480358599642 ], [ 83.823200688231182, 20.54915829493245 ], [ 83.832142521849278, 20.545134249549211 ], [ 83.841224170406704, 20.545245922345156 ], [ 83.857037335382387, 20.563147639939675 ], [ 83.856369804253262, 20.57233730652198 ], [ 83.873596217475225, 20.582496795757887 ], [ 83.88523317343595, 20.580314962273757 ], [ 83.896430062370229, 20.583061639516711 ], [ 83.912374125280351, 20.579515519912313 ], [ 83.910463212652473, 20.592772362148523 ], [ 83.912803091914597, 20.602237464385777 ], [ 83.92133560380266, 20.610540283033533 ], [ 83.940611573528557, 20.604704401712745 ], [ 83.929474137550045, 20.596229733597994 ], [ 83.931492074721064, 20.588809794545348 ], [ 83.937967946001677, 20.584203962861061 ], [ 83.945995267067644, 20.58181857161652 ], [ 83.965480111293488, 20.587008845708358 ], [ 83.979465442674567, 20.586039698587022 ], [ 83.984044160151043, 20.580107919438205 ], [ 84.004866553181174, 20.568671882444026 ], [ 84.014853317609038, 20.568203586773169 ], [ 84.033748289677561, 20.576463240348257 ], [ 84.035223052386556, 20.581746710772997 ], [ 84.060152296823517, 20.589926583104258 ], [ 84.069916924638164, 20.590133012178523 ], [ 84.081662881034973, 20.584468544891482 ], [ 84.104643361286804, 20.591968436683207 ], [ 84.11257133327284, 20.582577154036013 ], [ 84.134555932837927, 20.582672033078033 ], [ 84.144742252996252, 20.578001742236612 ], [ 84.151241714868661, 20.580325201535654 ], [ 84.15233299979144, 20.5850555077274 ], [ 84.160276035894057, 20.59202009228617 ], [ 84.175793525031708, 20.59927543519991 ], [ 84.185587453615426, 20.584394778777742 ], [ 84.225154533846961, 20.581928700054863 ], [ 84.231082370319143, 20.584944301570559 ], [ 84.236598900309218, 20.593239111964277 ], [ 84.25661833480514, 20.60180524112484 ], [ 84.263645364217908, 20.616366424816672 ], [ 84.262084769861801, 20.619975558899327 ], [ 84.271823843007198, 20.63606905829452 ], [ 84.28042767631014, 20.635469055719373 ], [ 84.27318580947275, 20.668041765818828 ], [ 84.276559654649915, 20.672505412583025 ], [ 84.296076759220028, 20.686301174673698 ], [ 84.314475773055904, 20.68969926586135 ], [ 84.326281966368285, 20.687761374762829 ], [ 84.339035041520319, 20.679661497620756 ], [ 84.337337422782738, 20.672755550680396 ], [ 84.345816554937173, 20.669256833243125 ], [ 84.356714729313566, 20.671180410318399 ], [ 84.356371617080129, 20.664408067612591 ], [ 84.368942649280214, 20.650790884380108 ], [ 84.372556206672215, 20.641455980545771 ], [ 84.369770510851026, 20.632411523735723 ], [ 84.376402491788454, 20.621881232737 ], [ 84.384201390115251, 20.598190264849517 ], [ 84.380935303853349, 20.596574286179397 ], [ 84.379555066741005, 20.58840480498829 ], [ 84.385307895184553, 20.578293566095589 ], [ 84.391727669376223, 20.579659146717606 ], [ 84.394027174101737, 20.576077688518364 ], [ 84.3911863103218, 20.56666285887405 ], [ 84.384274229347056, 20.568910477011308 ], [ 84.381227409587027, 20.558684249977418 ], [ 84.389265998866762, 20.542300556316523 ], [ 84.387956147677158, 20.530543186302555 ], [ 84.401211753654081, 20.528282039933039 ], [ 84.433471994878971, 20.508866657331644 ], [ 84.434520785327777, 20.496245768956026 ], [ 84.424929791696414, 20.485837469360856 ], [ 84.430489866120624, 20.479080162293879 ], [ 84.439054699369933, 20.476560986595182 ], [ 84.448114882124727, 20.465222501098996 ], [ 84.455149178949227, 20.466273843278721 ], [ 84.464704754127695, 20.445943676759978 ], [ 84.464955143395585, 20.437694360137428 ], [ 84.460161968886311, 20.432653714461608 ], [ 84.458491833780514, 20.424705958444072 ], [ 84.461460385350449, 20.419209681791113 ], [ 84.460851146207659, 20.400004062041031 ], [ 84.463688111070098, 20.395485469935206 ], [ 84.467693851649685, 20.389751175647724 ], [ 84.48163528958051, 20.384269103299772 ], [ 84.492927577130331, 20.395104868400427 ], [ 84.509733085962438, 20.395228633026701 ] ] ] } },
{ "type": "Feature", "properties": { "District": "KENDR>PARHA", "STATE": "ODISHA", "REMARKS": null, "State_LGD": 21, "DISTRICT_L": "360", "Shape_Leng": 406097.54542699998, "Shape_Area": 2444274717.3299999 }, "geometry": { "type": "MultiPolygon", "coordinates": [ [ [ [ 86.780474844956743, 20.358141755698387 ], [ 86.780825992616542, 20.361548237012222 ], [ 86.784536341593238, 20.363963912146964 ], [ 86.783793625447743, 20.361639498541798 ], [ 86.780474844956743, 20.358141755698387 ] ] ], [ [ [ 86.792719188832194, 20.382987555782481 ], [ 86.790294471759495, 20.382280282335337 ], [ 86.791033153202079, 20.386391124652175 ], [ 86.792719188832194, 20.382987555782481 ] ] ], [ [ [ 86.805539049293614, 20.395767734075733 ], [ 86.807480074441514, 20.373532750203392 ], [ 86.798908887031814, 20.364516457085966 ], [ 86.795846694698028, 20.369318931989145 ], [ 86.797916073725744, 20.375430486936114 ], [ 86.795767118739676, 20.395118694326182 ], [ 86.79896015656891, 20.386406495517182 ], [ 86.802865786252937, 20.390213044915022 ], [ 86.799629204224544, 20.390976263120521 ], [ 86.800567479760815, 20.394519455786011 ], [ 86.796481097780458, 20.400095333244547 ], [ 86.805539049293614, 20.395767734075733 ] ] ], [ [ [ 86.787865743622831, 20.38347220879178 ], [ 86.786660397726166, 20.404280739053412 ], [ 86.79093349796085, 20.411036879466966 ], [ 86.790176557970312, 20.432553531693411 ], [ 86.799012591115812, 20.439054929018717 ], [ 86.800048915697417, 20.443119607505452 ], [ 86.795656003192946, 20.459682884603559 ], [ 86.799634458389548, 20.468568260582995 ], [ 86.793224921566207, 20.493242092256146 ], [ 86.798057405778351, 20.488391213965244 ], [ 86.808243981357677, 20.453118517703903 ], [ 86.806796018686867, 20.441896499334103 ], [ 86.791880409697185, 20.407093520612921 ], [ 86.794102490363443, 20.388847934511951 ], [ 86.790604613743653, 20.387010949496567 ], [ 86.787865743622831, 20.38347220879178 ] ] ], [ [ [ 87.013056252741819, 20.717228195240857 ], [ 87.008647408448368, 20.709896974021838 ], [ 87.00661337266834, 20.71194253238281 ], [ 87.013056252741819, 20.717228195240857 ] ] ], [ [ [ 87.006202174032722, 20.715050102240834 ], [ 87.002429747516672, 20.713205868929371 ], [ 87.008122608749957, 20.719520647115942 ], [ 87.006202174032722, 20.715050102240834 ] ] ], [ [ [ 86.886610452709917, 20.788212497544862 ], [ 86.950736545378859, 20.776076070440737 ], [ 86.942042660266125, 20.772955886263567 ], [ 86.944163497174401, 20.766477947357888 ], [ 86.964218140774165, 20.767278452955853 ], [ 86.976562723553897, 20.7718843668552 ], [ 86.992482253067138, 20.770227986187674 ], [ 86.997454380216212, 20.75073317426347 ], [ 87.005618980413956, 20.734608501665154 ], [ 87.002012052044606, 20.718316787524934 ], [ 86.99654267541068, 20.712158764740742 ], [ 86.999990396523444, 20.703814093665443 ], [ 87.005516974778686, 20.702788423736195 ], [ 87.000028809108301, 20.701491851856971 ], [ 87.000038410826377, 20.697836803989944 ], [ 87.026139457191064, 20.701905522635855 ], [ 87.058248066237283, 20.716757008945976 ], [ 86.996696991641855, 20.672926381140474 ], [ 86.868923740391793, 20.59092289409017 ], [ 86.789366595035872, 20.533932405194914 ], [ 86.775250491362314, 20.520752711264944 ], [ 86.765789106929063, 20.503725755617786 ], [ 86.75941065509123, 20.500381443777588 ], [ 86.745649461492022, 20.46803989191061 ], [ 86.741861887773624, 20.466082956079244 ], [ 86.740744320502117, 20.471201619784857 ], [ 86.734267215576864, 20.464100824108943 ], [ 86.72856603877463, 20.440686411996527 ], [ 86.733581944977985, 20.414803172570636 ], [ 86.724380891646931, 20.393845313764075 ], [ 86.730754408051411, 20.392548364428514 ], [ 86.739243217997299, 20.400813672633383 ], [ 86.741519880372252, 20.395905431148076 ], [ 86.737611487702949, 20.389901626641812 ], [ 86.745870622252099, 20.391607605588337 ], [ 86.743316189256248, 20.380444581530085 ], [ 86.747397675809111, 20.387546867530936 ], [ 86.751242710443861, 20.38766543658075 ], [ 86.746448395537954, 20.378607577180205 ], [ 86.776197946926473, 20.405421183828295 ], [ 86.782243111183988, 20.386833721249005 ], [ 86.780910747691067, 20.378619190321174 ], [ 86.785596579300773, 20.381444321046235 ], [ 86.789743925556323, 20.375916109115639 ], [ 86.79242946874183, 20.379351655718036 ], [ 86.797266808649127, 20.375756304485719 ], [ 86.790773177727203, 20.365766371119602 ], [ 86.788938059727442, 20.374621777296451 ], [ 86.781854186023878, 20.365863347815779 ], [ 86.778792102288264, 20.356615574554063 ], [ 86.791500109055278, 20.364809938723198 ], [ 86.794328619844904, 20.369216034231552 ], [ 86.798018839781307, 20.363396106164828 ], [ 86.77812425137472, 20.344553646896504 ], [ 86.782518413956325, 20.340879776314509 ], [ 86.771315628595033, 20.329305350058753 ], [ 86.731594921387199, 20.303219765858138 ], [ 86.723378692396039, 20.298422241685124 ], [ 86.695205120076835, 20.297187284528711 ], [ 86.687203582886752, 20.304009114447222 ], [ 86.681848120432079, 20.318647243253963 ], [ 86.66437796783751, 20.328802952208278 ], [ 86.618497523244713, 20.33609594887098 ], [ 86.608034377470574, 20.340550225936443 ], [ 86.597070928448417, 20.340064448031793 ], [ 86.599197876697929, 20.34187657252567 ], [ 86.588604445118534, 20.335531158417361 ], [ 86.577287286533576, 20.336656265615677 ], [ 86.560077279038694, 20.326317108048393 ], [ 86.548563623907484, 20.324385654789925 ], [ 86.520295591867495, 20.341325380086726 ], [ 86.49879150567817, 20.32828921442783 ], [ 86.473329050799876, 20.336839283987548 ], [ 86.452204834552631, 20.330119315917347 ], [ 86.441148274532495, 20.337276992977149 ], [ 86.431675147146677, 20.335592856677106 ], [ 86.433627706293478, 20.346586972579868 ], [ 86.423483851925923, 20.342166822526771 ], [ 86.411757993430385, 20.352220919761113 ], [ 86.412435799050158, 20.359171855084327 ], [ 86.400292753088706, 20.36011991946895 ], [ 86.393776541450109, 20.365261542890778 ], [ 86.38940329058201, 20.362630401855139 ], [ 86.391757492344524, 20.357239650811895 ], [ 86.389590685169551, 20.353943006329203 ], [ 86.37011451747118, 20.359403803691333 ], [ 86.366426919164411, 20.355595413433747 ], [ 86.360561559285244, 20.358357091923942 ], [ 86.359185707508985, 20.350459195902456 ], [ 86.348774673183058, 20.350849897120497 ], [ 86.345971181726838, 20.3602230876627 ], [ 86.335891454671795, 20.370350376125312 ], [ 86.324806913468109, 20.368853168517845 ], [ 86.325009179356002, 20.357613369588854 ], [ 86.317623296815839, 20.354087797311635 ], [ 86.309503774181366, 20.361578205537562 ], [ 86.305270248718429, 20.354838766794433 ], [ 86.287925211558175, 20.362937170909667 ], [ 86.279003625893097, 20.361188277470358 ], [ 86.277842236816227, 20.356480448601818 ], [ 86.273167488043526, 20.357346515404057 ], [ 86.271094099348375, 20.363269895296341 ], [ 86.2741679057456, 20.367764437935016 ], [ 86.269105744901736, 20.372478032139462 ], [ 86.261907572645399, 20.365869736944699 ], [ 86.247991035956474, 20.364780177882654 ], [ 86.249278654270299, 20.368973868672587 ], [ 86.245667025500651, 20.371777439374704 ], [ 86.25094917883834, 20.376227689908713 ], [ 86.250610652499574, 20.381145547991853 ], [ 86.257538479766595, 20.379897246883637 ], [ 86.254845199964507, 20.37604106746582 ], [ 86.257235396091744, 20.375152203402315 ], [ 86.261328795874007, 20.386834698715514 ], [ 86.273129144072499, 20.388031795424663 ], [ 86.269355625114343, 20.391657432038556 ], [ 86.275655989748259, 20.396870236953724 ], [ 86.273926040500442, 20.39997132736087 ], [ 86.269772992238956, 20.394577730953834 ], [ 86.266267707053061, 20.395127658209372 ], [ 86.265538402567685, 20.405443459986223 ], [ 86.272125578915819, 20.405841557674162 ], [ 86.273639858731613, 20.409927501340725 ], [ 86.271104955261919, 20.410919881007601 ], [ 86.27760562453237, 20.422684249374853 ], [ 86.26832925825299, 20.425338256570697 ], [ 86.2704983244614, 20.436917464099622 ], [ 86.266634865742546, 20.438021743687536 ], [ 86.275203109433548, 20.446528524711081 ], [ 86.264574236924616, 20.451046996715302 ], [ 86.26524098491619, 20.45397284890295 ], [ 86.269103416469704, 20.452159402856648 ], [ 86.274057998207311, 20.454606221760379 ], [ 86.269777321188755, 20.458681458700489 ], [ 86.267871022075937, 20.469475564356113 ], [ 86.264525047052757, 20.470419218143935 ], [ 86.263719484063216, 20.478516162928688 ], [ 86.26774708200206, 20.482463770830307 ], [ 86.262401311174202, 20.485486163867062 ], [ 86.264805624538184, 20.491039618222619 ], [ 86.270477383494637, 20.489071266755335 ], [ 86.277447941428278, 20.496392159627042 ], [ 86.268200243676404, 20.508203639153265 ], [ 86.272216493638254, 20.509661705509213 ], [ 86.2763560195406, 20.518579091729933 ], [ 86.256055308348948, 20.532769319618485 ], [ 86.250849037128546, 20.52838284392913 ], [ 86.24851889100178, 20.541045118523989 ], [ 86.26163077611001, 20.548212449850844 ], [ 86.270520029018954, 20.559002351086981 ], [ 86.265911948188645, 20.559674133405622 ], [ 86.265778701211033, 20.562470105576566 ], [ 86.257227722413518, 20.562099330249293 ], [ 86.272567219292313, 20.564269718615265 ], [ 86.28002813986528, 20.581314850249619 ], [ 86.28981392415939, 20.584644228239132 ], [ 86.296911182639192, 20.584271136948232 ], [ 86.298733561606298, 20.579182456721313 ], [ 86.314259359803827, 20.580993054332779 ], [ 86.319976523814901, 20.59107666476584 ], [ 86.313304907541507, 20.594895043460028 ], [ 86.31872734684508, 20.611984616765874 ], [ 86.316371147241014, 20.624905287868604 ], [ 86.31964366217187, 20.630371166158241 ], [ 86.325524113163638, 20.625659591381797 ], [ 86.33030003177727, 20.608953281146402 ], [ 86.344689161037664, 20.61034571672981 ], [ 86.366210498123465, 20.595146679680347 ], [ 86.376899885279798, 20.59407421865475 ], [ 86.392001605755155, 20.609109029249414 ], [ 86.399946481167717, 20.624136012312611 ], [ 86.410458730577787, 20.628432523055768 ], [ 86.421984222217745, 20.625069535548072 ], [ 86.418021059991005, 20.634972984391744 ], [ 86.421555211552487, 20.63573472930717 ], [ 86.426530739071367, 20.645044525578012 ], [ 86.443217961414504, 20.649241925793028 ], [ 86.450298203295489, 20.647697019164927 ], [ 86.455598272726576, 20.654111097547133 ], [ 86.452625825231564, 20.659848346522391 ], [ 86.455214344371313, 20.670252111136847 ], [ 86.452302034342722, 20.675189852170444 ], [ 86.458547096535696, 20.680716940002579 ], [ 86.463514964030111, 20.679566854737718 ], [ 86.468622623825055, 20.689314032187287 ], [ 86.487480267328436, 20.679445512153411 ], [ 86.497787179418921, 20.68534906381274 ], [ 86.510877150528287, 20.687433301698217 ], [ 86.515274184005605, 20.699747867482468 ], [ 86.519924711663904, 20.698812139267176 ], [ 86.524058029886561, 20.688229207825511 ], [ 86.529642375048454, 20.695748723759884 ], [ 86.542752334853546, 20.69488938617561 ], [ 86.546578528105158, 20.703049837240464 ], [ 86.556242132811818, 20.706964849599068 ], [ 86.546251808863474, 20.722511865193621 ], [ 86.551555896222894, 20.729777030439482 ], [ 86.5583843430922, 20.728226992670962 ], [ 86.557411416929028, 20.732552562525012 ], [ 86.56110882553709, 20.73769435386998 ], [ 86.555520225196716, 20.738809486913468 ], [ 86.548033462515434, 20.730571992415836 ], [ 86.543356878516278, 20.730252429762022 ], [ 86.544140393799253, 20.734849167912543 ], [ 86.538076182251544, 20.734399277496742 ], [ 86.543458708136129, 20.737964680393034 ], [ 86.539014659191807, 20.740112360901026 ], [ 86.540745621081626, 20.752138986750804 ], [ 86.553409490320192, 20.755958221701125 ], [ 86.556916793269977, 20.762197503843698 ], [ 86.559957187589049, 20.762232423078135 ], [ 86.563111390447943, 20.772839342706785 ], [ 86.572974338666455, 20.777558190859867 ], [ 86.588450822400702, 20.779841353754801 ], [ 86.606265470946553, 20.771719343465495 ], [ 86.608751235744577, 20.772696405034281 ], [ 86.608319660038077, 20.77801290825446 ], [ 86.61651910884629, 20.774502958324096 ], [ 86.61390524902842, 20.780383789220636 ], [ 86.621258280582964, 20.781127631911261 ], [ 86.624635587021743, 20.79269174376233 ], [ 86.622175337095001, 20.796775042387072 ], [ 86.625706478897285, 20.79872542465279 ], [ 86.632180356142086, 20.791863508482592 ], [ 86.638032876046296, 20.797527800057889 ], [ 86.642129661316787, 20.788438052571497 ], [ 86.645922774504825, 20.7950549165874 ], [ 86.658727941155448, 20.796540130809774 ], [ 86.661562450137581, 20.792280871333354 ], [ 86.660338919868153, 20.787286201552501 ], [ 86.677493692091744, 20.789993601439189 ], [ 86.680511372591894, 20.785088576395854 ], [ 86.690229359011596, 20.783068817574531 ], [ 86.696865738209155, 20.777243545603866 ], [ 86.705753172036125, 20.777078286970657 ], [ 86.710162494964067, 20.759764144542636 ], [ 86.726126600863665, 20.763571457335651 ], [ 86.731413519284501, 20.769995324481449 ], [ 86.755966349590039, 20.769011180242916 ], [ 86.760375877051615, 20.760044529589589 ], [ 86.752772964422419, 20.741799419017823 ], [ 86.7578258108624, 20.735594452761148 ], [ 86.764466209102437, 20.733475725286393 ], [ 86.780226203649434, 20.741344147618651 ], [ 86.792519744357918, 20.731844724821048 ], [ 86.798172150398045, 20.750000012785129 ], [ 86.796290709341577, 20.752586570129868 ], [ 86.801558942424251, 20.756776609792876 ], [ 86.821640034157681, 20.7457488520376 ], [ 86.833119345144709, 20.762710304237597 ], [ 86.861414316965508, 20.77531781642584 ], [ 86.865492352787186, 20.781185422321194 ], [ 86.863680188687383, 20.782485158955151 ], [ 86.873610582771775, 20.78763416015439 ], [ 86.886610452709917, 20.788212497544862 ] ] ], [ [ [ 86.983608773998753, 20.780388222334956 ], [ 86.978454313119173, 20.778806374234676 ], [ 86.982642665244811, 20.784820225870998 ], [ 86.983608773998753, 20.780388222334956 ] ] ] ] } },
{ "type": "Feature", "properties": { "District": "KEONJHAR (KENDUJHAR)", "STATE": "ODISHA", "REMARKS": null, "State_LGD": 21, "DISTRICT_L": "361", "Shape_Leng": 664391.230171, "Shape_Area": 7996780949.9200001 }, "geometry": { "type": "Polygon", "coordinates": [ [ [ 85.678444850789646, 22.062941049215262 ], [ 85.673195107997358, 22.051775085706506 ], [ 85.67368013571641, 22.04236235847786 ], [ 85.662151764515144, 22.033958441043058 ], [ 85.669116082737389, 22.014951505518074 ], [ 85.674935895503381, 22.014659932187055 ], [ 85.684081471181429, 22.008261594344479 ], [ 85.692843629241722, 22.010314407934217 ], [ 85.700870964323286, 22.006399241398221 ], [ 85.702462641657434, 22.000739193461555 ], [ 85.697073780007287, 21.992621069088162 ], [ 85.706109598185492, 21.984720781142606 ], [ 85.737586903610591, 21.992878894126644 ], [ 85.746185610108981, 21.9870646279022 ], [ 85.746736926763077, 21.977222576423284 ], [ 85.764826951335564, 21.974003934436901 ], [ 85.77561087004932, 21.9592887690638 ], [ 85.784687498087564, 21.961203465643276 ], [ 85.793767302642564, 21.951302174628953 ], [ 85.794380454422907, 21.932549336216237 ], [ 85.787827640757442, 21.903748586953427 ], [ 85.804852837139649, 21.888286094593187 ], [ 85.800212288344483, 21.876653787969641 ], [ 85.809126088708155, 21.852116289760968 ], [ 85.80935910187165, 21.83917322926046 ], [ 85.805527728045917, 21.831001856620539 ], [ 85.809428135404005, 21.811540744477103 ], [ 85.823877032076979, 21.807262833742833 ], [ 85.825345616262368, 21.803330208454245 ], [ 85.830975523611414, 21.809264453108433 ], [ 85.838353653246529, 21.810816069389389 ], [ 85.845792659624365, 21.803587282497354 ], [ 85.855394087499008, 21.802294474012193 ], [ 85.863747044991754, 21.796132678360753 ], [ 85.873233416671681, 21.795867836578001 ], [ 85.882700732646626, 21.790548504801482 ], [ 85.885119622584824, 21.782945039783748 ], [ 85.893234453292166, 21.781680673809973 ], [ 85.901757588249978, 21.771240340737634 ], [ 85.900249702909335, 21.767318903640216 ], [ 85.909450707988171, 21.770640970254608 ], [ 85.917473148476333, 21.760304987446357 ], [ 85.920102745694891, 21.763642043426024 ], [ 85.936253349478093, 21.763588608515299 ], [ 85.948182997869026, 21.750882181009842 ], [ 85.952057154821205, 21.75203146026816 ], [ 85.951614916623939, 21.747678914714147 ], [ 85.956763712345236, 21.748398014394208 ], [ 85.965882058046162, 21.739674141810703 ], [ 85.968472879515247, 21.742459069018345 ], [ 85.97047110565633, 21.738858084952703 ], [ 85.975271424744889, 21.743680293922509 ], [ 85.976771967332752, 21.739348837007228 ], [ 85.983789259938945, 21.745905346331831 ], [ 85.992890374631912, 21.748400257836025 ], [ 85.995608317253399, 21.742743466518306 ], [ 86.001947414274056, 21.749638496568746 ], [ 86.005376576030415, 21.745259656176749 ], [ 86.009288596436988, 21.747270836995671 ], [ 86.009829191119394, 21.751650614166195 ], [ 86.012865926003059, 21.75159205947541 ], [ 86.019091011104948, 21.73985811597062 ], [ 86.018736151297631, 21.731603475994369 ], [ 86.027570848648864, 21.724789774293278 ], [ 86.023476815767722, 21.707529177003142 ], [ 86.024120491570429, 21.695951296683965 ], [ 86.033722900598221, 21.691788563544296 ], [ 86.038997159284932, 21.704697130947345 ], [ 86.049949943117454, 21.717941106271308 ], [ 86.051084977526443, 21.710720373570126 ], [ 86.05609103534475, 21.705793766065913 ], [ 86.056770161666691, 21.694288061701418 ], [ 86.064982364075888, 21.688209588564124 ], [ 86.07088364562081, 21.689706263970603 ], [ 86.072968654402814, 21.695427714610354 ], [ 86.082082186515166, 21.691932544804931 ], [ 86.072148982403931, 21.664178593644333 ], [ 86.072628120654855, 21.645151089622534 ], [ 86.081043169465843, 21.636985929518666 ], [ 86.079132591116377, 21.630479906855374 ], [ 86.065674585142659, 21.613718823904332 ], [ 86.068378900984527, 21.608561961423511 ], [ 86.050297164636476, 21.594759520039087 ], [ 86.051172615200215, 21.587898593170618 ], [ 86.047770367702256, 21.586013625794717 ], [ 86.045953616642464, 21.577289831574539 ], [ 86.027041790839235, 21.57227040733493 ], [ 86.01574781221376, 21.561345117812621 ], [ 86.018710372081642, 21.551637403487565 ], [ 86.00628707240071, 21.533888482970632 ], [ 86.067573310649607, 21.504149511787652 ], [ 86.091117114304907, 21.496690509514419 ], [ 86.126369264460308, 21.473588014360626 ], [ 86.134830778322296, 21.462691246095094 ], [ 86.134874128065491, 21.455355524476904 ], [ 86.150961483536662, 21.440418316470591 ], [ 86.16126325764715, 21.423417574109905 ], [ 86.153464306130786, 21.412189254153823 ], [ 86.135043675214433, 21.39954181872351 ], [ 86.119777262468801, 21.371328913117015 ], [ 86.124731213228387, 21.360558794804959 ], [ 86.104425436009478, 21.350938446096304 ], [ 86.108560028357743, 21.341799487059468 ], [ 86.1046317808852, 21.326478716713908 ], [ 86.101240932478774, 21.322783591532438 ], [ 86.096122494386364, 21.323334362198633 ], [ 86.096332754425077, 21.318913117772556 ], [ 86.089014982489573, 21.312626198592696 ], [ 86.091724631396275, 21.313327429732151 ], [ 86.09249445929423, 21.308082600175418 ], [ 86.096470640115925, 21.305845207855725 ], [ 86.105950699850979, 21.304522782647204 ], [ 86.105137187524093, 21.298772469473857 ], [ 86.114030921945314, 21.283402179728988 ], [ 86.113745551443529, 21.273932143191871 ], [ 86.130724504531798, 21.264877606632545 ], [ 86.135176815231674, 21.265799546635769 ], [ 86.135218293383957, 21.281795507304626 ], [ 86.142883449221017, 21.278979668950065 ], [ 86.155922516417988, 21.292136767580157 ], [ 86.159243826557017, 21.292076504303751 ], [ 86.158596606364569, 21.284687729986633 ], [ 86.18484975509601, 21.272493664935268 ], [ 86.206383830881819, 21.281324010443047 ], [ 86.205788997590034, 21.286186393914939 ], [ 86.216357139490512, 21.297474816984806 ], [ 86.224306061310912, 21.324023975881001 ], [ 86.236936026096302, 21.330848760751415 ], [ 86.250450837324266, 21.350659716614256 ], [ 86.265089004612477, 21.362573430095427 ], [ 86.267739234106656, 21.368818960724511 ], [ 86.265787195075916, 21.380198402333171 ], [ 86.282620984800474, 21.376950958878197 ], [ 86.295286378092982, 21.356708144741198 ], [ 86.327572573133025, 21.341657423020987 ], [ 86.354306497050743, 21.321406623704551 ], [ 86.359872976294497, 21.311846651416637 ], [ 86.352897652658484, 21.284218445190714 ], [ 86.360998907610721, 21.269956110772451 ], [ 86.359704636012921, 21.266111346527492 ], [ 86.368894090505464, 21.264099593215253 ], [ 86.372252370587873, 21.258596287886888 ], [ 86.367682569044007, 21.240825483214966 ], [ 86.363315131220716, 21.236765901069905 ], [ 86.351888683413904, 21.237228350610597 ], [ 86.353313109654167, 21.211113683614933 ], [ 86.348059793629375, 21.191848935597939 ], [ 86.340642705183967, 21.189475339714331 ], [ 86.338515638062205, 21.179257714180856 ], [ 86.330144558778684, 21.180327022597968 ], [ 86.3231517781728, 21.175985083777487 ], [ 86.325467561736019, 21.179282794396837 ], [ 86.320503484459749, 21.181065531955252 ], [ 86.320442964128873, 21.176344535625326 ], [ 86.311181284773454, 21.169002280990256 ], [ 86.305250796308727, 21.169402663875601 ], [ 86.306027411777976, 21.173259087914492 ], [ 86.301293617336398, 21.175173264358254 ], [ 86.291726585345927, 21.175540036829162 ], [ 86.290556655507373, 21.171406160459522 ], [ 86.282376182790941, 21.165945985164207 ], [ 86.283365135553453, 21.162589357002187 ], [ 86.271722585532984, 21.147338204202633 ], [ 86.270678792251346, 21.140218732111517 ], [ 86.283528345063559, 21.1366687384111 ], [ 86.291287091230643, 21.12619811331335 ], [ 86.290605617612812, 21.121682370350811 ], [ 86.28704908780594, 21.120388831225529 ], [ 86.308368494248583, 21.112991733925039 ], [ 86.302755921795722, 21.104561677883339 ], [ 86.302946420478435, 21.099859712028991 ], [ 86.307218353353278, 21.097329275550077 ], [ 86.304984784657776, 21.08801858132934 ], [ 86.317819552308109, 21.081280892084912 ], [ 86.317736526624515, 21.06995042105569 ], [ 86.324039369791564, 21.062959877658631 ], [ 86.321029308572449, 21.054933851875184 ], [ 86.313298522678807, 21.060052245232406 ], [ 86.309643649735065, 21.04016522794295 ], [ 86.302532681976857, 21.024406065296819 ], [ 86.303953886948747, 21.019867248584628 ], [ 86.281636591100053, 21.022358276633739 ], [ 86.260647051145241, 21.039389814645286 ], [ 86.231385796635251, 21.04123859957387 ], [ 86.206243929505902, 21.0583662273601 ], [ 86.198737946506313, 21.059848783326213 ], [ 86.191991382975587, 21.057074815969713 ], [ 86.177205023217482, 21.062799719535896 ], [ 86.158303052729167, 21.064974839770422 ], [ 86.145063568871265, 21.073378848775945 ], [ 86.133581773261156, 21.076378825217386 ], [ 86.129956612882651, 21.067424961566836 ], [ 86.117526489461753, 21.06806091920399 ], [ 86.11071471024691, 21.056176364676347 ], [ 86.107128615906745, 21.058777731054473 ], [ 86.093365531147768, 21.053934390090028 ], [ 86.086675323770152, 21.026500681072942 ], [ 86.088326450938652, 21.023198367546161 ], [ 86.08208238582877, 21.019112625959668 ], [ 86.083132107325966, 21.015802437266117 ], [ 86.062659157205431, 21.019996013244402 ], [ 86.055279615693536, 21.024458991105874 ], [ 86.054264032191469, 21.021471804510533 ], [ 86.049519085144809, 21.021648726954094 ], [ 86.034005327693478, 21.047418505266879 ], [ 86.033808330394265, 21.056321017024469 ], [ 86.038195624739032, 21.06028501618686 ], [ 86.026943253589579, 21.073027407448301 ], [ 86.033044149802635, 21.093385668023338 ], [ 86.046344154202572, 21.100869344798184 ], [ 86.050960969362791, 21.117442040566797 ], [ 86.074631497512016, 21.130858469491088 ], [ 86.075006364122771, 21.155014572899322 ], [ 86.079994540003653, 21.164478325807657 ], [ 86.086468647371774, 21.164210752003303 ], [ 86.089404706874006, 21.168405233059058 ], [ 86.082347530724888, 21.17026883003647 ], [ 86.07323179850809, 21.163903944078289 ], [ 86.065762579033333, 21.163908032875007 ], [ 86.063127502785193, 21.153327517570279 ], [ 86.057060560761926, 21.154007554795058 ], [ 86.049426403347127, 21.161056972250609 ], [ 86.042891621300072, 21.157297902085872 ], [ 86.036580906472736, 21.160622931655602 ], [ 86.032303822118166, 21.150384993146567 ], [ 86.026868401368361, 21.147995910452511 ], [ 86.030376863478622, 21.143114630637058 ], [ 86.025168113345387, 21.13924965406877 ], [ 86.021378646130685, 21.139272967841912 ], [ 86.019585478697906, 21.14470137140481 ], [ 86.011898106727514, 21.141440401825076 ], [ 86.007418377242274, 21.145321609050743 ], [ 86.001629273506438, 21.141926832444565 ], [ 85.993402520886349, 21.143043386772558 ], [ 85.992726848340709, 21.13900105514934 ], [ 85.98225730550962, 21.136481081072638 ], [ 85.975230802832115, 21.143002308386276 ], [ 85.969467508152718, 21.137406554957273 ], [ 85.961776929982477, 21.140358998194312 ], [ 85.96188893291864, 21.130485085965955 ], [ 85.958706406028483, 21.1339573452553 ], [ 85.95774941516062, 21.130337609876239 ], [ 85.94854471503912, 21.128875875713678 ], [ 85.946992386533736, 21.132574933149098 ], [ 85.939602966540917, 21.129719145413944 ], [ 85.93667471336893, 21.135261430310994 ], [ 85.928839070980132, 21.136223894667332 ], [ 85.928943687337039, 21.123657797625722 ], [ 85.916989353000389, 21.092535418105626 ], [ 85.887247432644401, 21.086145311352645 ], [ 85.863170354754786, 21.087693068534257 ], [ 85.847673482627016, 21.095629134226247 ], [ 85.835886973875802, 21.096077052302679 ], [ 85.82815992229466, 21.090165199376933 ], [ 85.821998169216613, 21.090908402034277 ], [ 85.812236561924166, 21.093993324641698 ], [ 85.806996046286727, 21.106509402088008 ], [ 85.797539270495136, 21.103858850283498 ], [ 85.788900651346751, 21.105446075321002 ], [ 85.784381149754594, 21.101253563267001 ], [ 85.772590756518795, 21.10504881755757 ], [ 85.771181779797459, 21.114831357565006 ], [ 85.766251321790406, 21.116114405423147 ], [ 85.766974738812593, 21.125853763427745 ], [ 85.761904368167762, 21.145104319840264 ], [ 85.75145595734017, 21.149169619155415 ], [ 85.747031138426948, 21.147989526467899 ], [ 85.740546290270203, 21.139354748411275 ], [ 85.728799698394582, 21.140924629691391 ], [ 85.718378387297179, 21.161352889020332 ], [ 85.705778894571054, 21.168876942713933 ], [ 85.703458343926386, 21.174342651219732 ], [ 85.707513008383884, 21.181008982702483 ], [ 85.701905877061321, 21.182826966167607 ], [ 85.690478136760461, 21.179477654869192 ], [ 85.683014532111741, 21.186447770547563 ], [ 85.663379976240734, 21.166568800973685 ], [ 85.643355915911812, 21.16623773437016 ], [ 85.625486620274955, 21.16098499523709 ], [ 85.617600246948783, 21.14690066291373 ], [ 85.606422541427023, 21.136397834307179 ], [ 85.592343271892503, 21.138169370069555 ], [ 85.590320610044301, 21.142308025547365 ], [ 85.550718979273483, 21.161395299356982 ], [ 85.545218186195697, 21.167016464927659 ], [ 85.530761660999872, 21.14666150503994 ], [ 85.497790905360873, 21.115230095608517 ], [ 85.471496971825786, 21.120220696803848 ], [ 85.458559009519618, 21.128517786765556 ], [ 85.42173325267818, 21.164893020525813 ], [ 85.397285864150874, 21.179824738266287 ], [ 85.38682153906673, 21.190532927925375 ], [ 85.37986322533456, 21.199332000455506 ], [ 85.38231057574211, 21.214286595968442 ], [ 85.374610810199201, 21.229075962369205 ], [ 85.361051673703372, 21.244282144348205 ], [ 85.339078626567726, 21.258117381449551 ], [ 85.314916768752241, 21.263251845937486 ], [ 85.295087022593208, 21.276564827978717 ], [ 85.286964056023962, 21.264013218796102 ], [ 85.280534358436569, 21.265063171818465 ], [ 85.270432880449377, 21.273983099380331 ], [ 85.276283567541597, 21.293304490512476 ], [ 85.271592764251963, 21.302126085028288 ], [ 85.275181693507335, 21.304303479467475 ], [ 85.282478647220302, 21.299279390596546 ], [ 85.285322935013525, 21.305003282020952 ], [ 85.296803098524663, 21.308696810193684 ], [ 85.29679423830018, 21.317412900316697 ], [ 85.303397632556539, 21.31695582490952 ], [ 85.315174573504279, 21.330243492624664 ], [ 85.321913282119795, 21.32429522170921 ], [ 85.322707920690945, 21.31883852674752 ], [ 85.328754594288554, 21.328400881299128 ], [ 85.330766926731158, 21.346932974928208 ], [ 85.336038258230758, 21.348001429253113 ], [ 85.335401923285431, 21.356119815735429 ], [ 85.339145570932942, 21.357177556225935 ], [ 85.337591733065537, 21.36071635792311 ], [ 85.3424714963231, 21.366220308103838 ], [ 85.330000747902446, 21.377098169852491 ], [ 85.326311356656021, 21.39073185096386 ], [ 85.304894040615878, 21.396365118884489 ], [ 85.307742843779053, 21.401501717775091 ], [ 85.303644715100262, 21.411021015286742 ], [ 85.306689028594477, 21.412176329146899 ], [ 85.302016115000015, 21.4171509841111 ], [ 85.283930943900785, 21.42369108258454 ], [ 85.282311064819041, 21.426921641934733 ], [ 85.271719140137833, 21.428578445575333 ], [ 85.268052251460347, 21.439306776853076 ], [ 85.258818687414987, 21.443469701828754 ], [ 85.255202966312922, 21.451000911637419 ], [ 85.257978613882159, 21.456525873752433 ], [ 85.262477306005607, 21.457123532621129 ], [ 85.267750966197809, 21.454193161202141 ], [ 85.269649973379117, 21.456376055189928 ], [ 85.276763943531137, 21.453238476177269 ], [ 85.286989807082833, 21.454170034233172 ], [ 85.290964787760075, 21.449635881592485 ], [ 85.303632454617329, 21.447980951399092 ], [ 85.310441933957279, 21.45820207549863 ], [ 85.306943998271109, 21.461991796674422 ], [ 85.321351002225455, 21.465248691516639 ], [ 85.332075171041438, 21.481844551681487 ], [ 85.327736822932565, 21.489925653246317 ], [ 85.330495179217635, 21.495155933927773 ], [ 85.327516690838294, 21.500739699819096 ], [ 85.328548309945731, 21.509701014947328 ], [ 85.324403764314013, 21.518872367048569 ], [ 85.320800300890284, 21.519974209500585 ], [ 85.320891048579909, 21.535162725653549 ], [ 85.301423823414041, 21.53106379056057 ], [ 85.304835223366254, 21.539055748979376 ], [ 85.298620429846423, 21.545893100911233 ], [ 85.300055024508737, 21.554099792382306 ], [ 85.307676973832471, 21.557058619178573 ], [ 85.308821974845912, 21.565316690596234 ], [ 85.312587138386448, 21.568276775090688 ], [ 85.302743600251887, 21.566984528233029 ], [ 85.303362926968518, 21.571430128160717 ], [ 85.295486812252747, 21.574041275984762 ], [ 85.286383109811553, 21.584113434270112 ], [ 85.283093837484103, 21.596498685944965 ], [ 85.291750122638021, 21.600358570681287 ], [ 85.288607674581812, 21.605176379931965 ], [ 85.283235392231404, 21.602099949957395 ], [ 85.274599130438787, 21.617319700982399 ], [ 85.266630937233074, 21.623360576439719 ], [ 85.262280496839367, 21.633363219722483 ], [ 85.265795264330094, 21.641578265430777 ], [ 85.255087372456771, 21.652354112343883 ], [ 85.252974178012607, 21.674997346130773 ], [ 85.242765621829847, 21.680155085476603 ], [ 85.218991630120556, 21.673317318942424 ], [ 85.209220987304732, 21.675415978567166 ], [ 85.201857786064494, 21.661025651624982 ], [ 85.191197933021272, 21.661266490817628 ], [ 85.186307111549269, 21.678811232813604 ], [ 85.192076558162299, 21.686108631602092 ], [ 85.19282870404588, 21.69668382184485 ], [ 85.184217573960069, 21.709057726211938 ], [ 85.191265332964846, 21.722022882926574 ], [ 85.212799385505321, 21.739330986854863 ], [ 85.214325611146435, 21.747236690232167 ], [ 85.206818618399026, 21.746871013210743 ], [ 85.200000945585103, 21.762155106608891 ], [ 85.202340882767345, 21.768737483596933 ], [ 85.209596673754618, 21.774641685467895 ], [ 85.215240119178546, 21.799124170730472 ], [ 85.225169326425757, 21.813099134316719 ], [ 85.226280869742112, 21.820223516365949 ], [ 85.231013858715585, 21.817989367836301 ], [ 85.23150912707375, 21.812318202941466 ], [ 85.242853734529987, 21.804441794191671 ], [ 85.255399830220455, 21.81623929358225 ], [ 85.27126918468943, 21.818099812943334 ], [ 85.280798784372394, 21.834903568447494 ], [ 85.282817172409253, 21.833163392854257 ], [ 85.290732856274985, 21.837409274606475 ], [ 85.296357200633693, 21.832594878538355 ], [ 85.297317623161348, 21.825826392033825 ], [ 85.305096046287858, 21.824488470577975 ], [ 85.309394090597564, 21.819686858452879 ], [ 85.324308562838922, 21.823907946670197 ], [ 85.335607543819123, 21.823426097786342 ], [ 85.344765219206565, 21.827858181909637 ], [ 85.350081857927819, 21.841680750340078 ], [ 85.364039358877477, 21.859752850579056 ], [ 85.362820560196695, 21.869906390463743 ], [ 85.368852243211194, 21.890888891762856 ], [ 85.367542193298959, 21.89969119950479 ], [ 85.374524917198443, 21.903982796049213 ], [ 85.375675712632813, 21.911323654783285 ], [ 85.372783172645924, 21.918439300101802 ], [ 85.376532422655757, 21.929667116247256 ], [ 85.375908145777146, 21.936480069435138 ], [ 85.371022775022396, 21.940852920038239 ], [ 85.35161413440207, 21.942357364748439 ], [ 85.347180891146408, 21.949840917772214 ], [ 85.322885812512183, 21.953478340973909 ], [ 85.313903338630098, 21.958615772033614 ], [ 85.309015675743964, 21.958872592342253 ], [ 85.298634523128015, 21.952537983053755 ], [ 85.283849827400473, 21.954222112723222 ], [ 85.271892559976564, 21.960662684841555 ], [ 85.264917396992374, 21.974940289941035 ], [ 85.231429603970213, 21.996493506919236 ], [ 85.233074345701823, 22.002742584003176 ], [ 85.251702771225325, 22.026972234570614 ], [ 85.26305935856557, 22.058679980011963 ], [ 85.281301684108641, 22.090428146891323 ], [ 85.310584319247297, 22.118817291189004 ], [ 85.318843139061343, 22.120830705058584 ], [ 85.323092241409483, 22.12749920497777 ], [ 85.343537613153472, 22.127382844683996 ], [ 85.34647519829295, 22.130248588761653 ], [ 85.364406915913364, 22.123714073219354 ], [ 85.360386717132073, 22.14401334058245 ], [ 85.366543554613614, 22.153626104480161 ], [ 85.36579428858991, 22.158468646252953 ], [ 85.371320720933795, 22.161025835254836 ], [ 85.382552756951384, 22.156436610896527 ], [ 85.397267169026378, 22.163202256488439 ], [ 85.421145512484273, 22.15878384306756 ], [ 85.461871096625615, 22.139903158847449 ], [ 85.489906238145466, 22.121075585588049 ], [ 85.509784557666705, 22.1177492189959 ], [ 85.53977572183409, 22.101847889262835 ], [ 85.539015237371586, 22.097103628858576 ], [ 85.542979615269488, 22.090473057209763 ], [ 85.560436053691291, 22.096074282802796 ], [ 85.560993331605232, 22.091775340189308 ], [ 85.566197868210608, 22.088894575448684 ], [ 85.571554008039413, 22.091163362063185 ], [ 85.58621566435076, 22.08653524335471 ], [ 85.597182494753596, 22.079123699257337 ], [ 85.606808562393908, 22.079842795681635 ], [ 85.611181627808477, 22.087042818317968 ], [ 85.613875514658872, 22.086085649951382 ], [ 85.613445111924122, 22.081538620298996 ], [ 85.624919363435453, 22.082087245637616 ], [ 85.628879162002903, 22.086009038904884 ], [ 85.632463568299059, 22.084169221582023 ], [ 85.639810167273666, 22.08666932260315 ], [ 85.644123288848732, 22.094256532990933 ], [ 85.651623696658348, 22.095438547803674 ], [ 85.657383302879509, 22.083928657933573 ], [ 85.661580582502822, 22.083335301687352 ], [ 85.664064442151428, 22.076847551972083 ], [ 85.6702456213891, 22.073433971686747 ], [ 85.671657896925112, 22.067483843132912 ], [ 85.678444850789646, 22.062941049215262 ] ] ] } },
{ "type": "Feature", "properties": { "District": "KHORDHA", "STATE": "ODISHA", "REMARKS": null, "State_LGD": 21, "DISTRICT_L": "362", "Shape_Leng": 640351.92123900005, "Shape_Area": 2781806247.8200002 }, "geometry": { "type": "Polygon", "coordinates": [ [ [ 86.07917084694337, 20.105315264634555 ], [ 86.069280989016747, 20.108488982506202 ], [ 86.056306934390705, 20.102682424625549 ], [ 86.051580194009432, 20.107703390173068 ], [ 86.046392814661615, 20.105041634009936 ], [ 86.028968132964479, 20.107675340753797 ], [ 86.021413972758879, 20.101224252858888 ], [ 86.015055944466539, 20.103789728994713 ], [ 86.01011657588478, 20.112784075061509 ], [ 86.003958298582702, 20.113996578241682 ], [ 85.999000293382522, 20.106956947566228 ], [ 85.959848410278383, 20.121742906677937 ], [ 85.952734128650604, 20.112692399308191 ], [ 85.948606823686333, 20.117696044451503 ], [ 85.950072308633509, 20.120257367044555 ], [ 85.948353233673942, 20.118390458308866 ], [ 85.945752709874469, 20.12108091896939 ], [ 85.943730278055966, 20.114558727158339 ], [ 85.934303602069591, 20.117384191098047 ], [ 85.929720893235768, 20.115382409010888 ], [ 85.929865697650271, 20.112360598449587 ], [ 85.924768175212961, 20.112948517625572 ], [ 85.920650487745448, 20.119198408027334 ], [ 85.910264173076826, 20.121009404927477 ], [ 85.902366460059881, 20.127335117457761 ], [ 85.902268349007144, 20.120833526653662 ], [ 85.897055821055631, 20.111851548740763 ], [ 85.87991718961355, 20.112886230735771 ], [ 85.875418364676605, 20.12070470406622 ], [ 85.871637159735826, 20.121746698356219 ], [ 85.873620820273757, 20.125924528855002 ], [ 85.884209620707807, 20.129411801512269 ], [ 85.891612120486087, 20.141177229697163 ], [ 85.894539155393687, 20.139880991916257 ], [ 85.903659128037887, 20.15182852193367 ], [ 85.898341514335129, 20.152943017075707 ], [ 85.89821492966415, 20.157324084789543 ], [ 85.893685115107303, 20.159942812501093 ], [ 85.892626704248116, 20.167571080582746 ], [ 85.888659155573862, 20.170473564977257 ], [ 85.892981304562241, 20.176979134521712 ], [ 85.887154970299378, 20.183537837267213 ], [ 85.87371210840854, 20.191877540577369 ], [ 85.870409646310947, 20.189349098057225 ], [ 85.866248088694277, 20.191151927431857 ], [ 85.861572763190409, 20.198453714703465 ], [ 85.858025257814731, 20.197378231134827 ], [ 85.851993377775926, 20.203591369396811 ], [ 85.844808107949788, 20.198105253770937 ], [ 85.840434429859258, 20.200059423018399 ], [ 85.837419804183568, 20.194884997116979 ], [ 85.844577948166275, 20.192329872672353 ], [ 85.841698328934385, 20.195455529632056 ], [ 85.842369140719597, 20.197908143481055 ], [ 85.847083325414701, 20.193231851022173 ], [ 85.854320693463364, 20.192868125343811 ], [ 85.854125448850567, 20.17641837538962 ], [ 85.844332117811831, 20.175685801569447 ], [ 85.842976123925936, 20.188285277444681 ], [ 85.837324616593563, 20.191595470609236 ], [ 85.827466570928124, 20.171259983593171 ], [ 85.825438140639918, 20.159107727811381 ], [ 85.805730741579197, 20.161315469868388 ], [ 85.797698395873269, 20.151954374369097 ], [ 85.787989763354759, 20.157864544214032 ], [ 85.779262788416958, 20.158030246411322 ], [ 85.783472449561714, 20.163584047428163 ], [ 85.780170442627764, 20.167410441065226 ], [ 85.763547334714445, 20.168423787669987 ], [ 85.761342328134873, 20.15986587244608 ], [ 85.764486870206198, 20.153603827096607 ], [ 85.754842394244804, 20.153075105622669 ], [ 85.752702442069577, 20.146667919615876 ], [ 85.758094392760668, 20.14592436023586 ], [ 85.756842456812592, 20.14152907858977 ], [ 85.748712982655405, 20.14004852520884 ], [ 85.749154761599613, 20.145852422523976 ], [ 85.744936534755183, 20.148153320474787 ], [ 85.728392529016418, 20.149674461297586 ], [ 85.720539215148904, 20.141888115682711 ], [ 85.726203077479695, 20.135338219812372 ], [ 85.722766445144089, 20.129738798327899 ], [ 85.714476516075479, 20.136901761016556 ], [ 85.719492917212392, 20.14291481907388 ], [ 85.71477762101263, 20.145712976338423 ], [ 85.701388006528049, 20.14409692078674 ], [ 85.701365257393732, 20.152042983516456 ], [ 85.692853134213976, 20.15404454035686 ], [ 85.690550061744503, 20.158318917073505 ], [ 85.690753946413224, 20.153947630839109 ], [ 85.684815212104851, 20.153081210792802 ], [ 85.683617864157355, 20.144683629288338 ], [ 85.680563789141772, 20.143834102309199 ], [ 85.683626798310229, 20.131050004321569 ], [ 85.674971539797468, 20.125184807026415 ], [ 85.674621286361827, 20.112827381175986 ], [ 85.685902525069693, 20.104825585296151 ], [ 85.683426910624803, 20.100082008832871 ], [ 85.686382812471777, 20.099426330715179 ], [ 85.68560763049588, 20.09663345475365 ], [ 85.692552403126456, 20.098735714509683 ], [ 85.692829314616347, 20.095309480064994 ], [ 85.679953395205899, 20.092887145546214 ], [ 85.671171120436242, 20.087581104395923 ], [ 85.675242127877652, 20.077113054363242 ], [ 85.681252166050626, 20.075974643865965 ], [ 85.677124358598476, 20.069321128825223 ], [ 85.66976840938004, 20.07021915397123 ], [ 85.662857246351194, 20.066015525949219 ], [ 85.650068480123778, 20.067128755132821 ], [ 85.646853267251871, 20.090255880061321 ], [ 85.649305904585802, 20.096982882104307 ], [ 85.631827794362522, 20.102571482836137 ], [ 85.636844819537103, 20.091971961352773 ], [ 85.643709113791175, 20.088885298937875 ], [ 85.643807451468561, 20.081907061484415 ], [ 85.637170948721149, 20.082465642339976 ], [ 85.637687433090818, 20.075255623149232 ], [ 85.622496759498063, 20.066636245162371 ], [ 85.61896953589131, 20.068700052318363 ], [ 85.612290494416158, 20.037717919415623 ], [ 85.620398847392025, 20.03642595198038 ], [ 85.619082495373746, 20.032286814846202 ], [ 85.628430004472307, 20.02366370774666 ], [ 85.62245216068527, 20.018033817249158 ], [ 85.613583593293882, 19.992721895103628 ], [ 85.60641556846268, 19.995985810965443 ], [ 85.614547673022869, 20.019612060213813 ], [ 85.606733133489143, 20.019081069709408 ], [ 85.589258969483268, 19.998817921022617 ], [ 85.586164047227257, 20.001828867137458 ], [ 85.587129351986576, 20.006652008952088 ], [ 85.58060092512207, 20.008831456924611 ], [ 85.578845591799123, 20.021750184320648 ], [ 85.571736547108827, 20.02569552357502 ], [ 85.566246409765583, 20.010766453328554 ], [ 85.571915515861775, 20.006932023875105 ], [ 85.57038032057855, 19.999122851887893 ], [ 85.567218164663572, 19.997918306794105 ], [ 85.566020023730147, 20.003577947555574 ], [ 85.561905813651222, 19.995648462677071 ], [ 85.56227997586177, 19.991807357995679 ], [ 85.567022951840528, 19.990422661241375 ], [ 85.563995115977036, 19.986043688913639 ], [ 85.568615176872385, 19.981870851892232 ], [ 85.566302519386994, 19.978165961403754 ], [ 85.559945190280487, 19.981082559185872 ], [ 85.55497401498414, 19.974478423128879 ], [ 85.566354332423842, 19.972438525851462 ], [ 85.563972794192381, 19.954729606013728 ], [ 85.558669270211723, 19.951646504405204 ], [ 85.550443831397956, 19.952609811660132 ], [ 85.552328350291162, 19.962820555957336 ], [ 85.547451472354737, 19.956957705113044 ], [ 85.531790123608033, 19.958635738031322 ], [ 85.534767455861157, 19.965246590107338 ], [ 85.528106658474599, 19.971538168282386 ], [ 85.530746251485894, 19.976944582410841 ], [ 85.526336038882533, 19.978511577323918 ], [ 85.527006190621208, 19.976294804814849 ], [ 85.52108895886974, 19.976543682384914 ], [ 85.521814148115197, 19.974607424415424 ], [ 85.516992897137428, 19.974133320241521 ], [ 85.518003531501236, 19.970279776161266 ], [ 85.514640402713965, 19.970247040518078 ], [ 85.51073558907656, 19.952583456275697 ], [ 85.505780230990055, 19.952722505423662 ], [ 85.501699048927989, 19.947827731813369 ], [ 85.503333392154218, 19.94624259717094 ], [ 85.498952246650347, 19.946300478075234 ], [ 85.505722081232037, 19.94469949744628 ], [ 85.505552697881143, 19.947977547523678 ], [ 85.518671743000823, 19.941171666957192 ], [ 85.508706280232701, 19.935717607104628 ], [ 85.505690485332934, 19.930790979094446 ], [ 85.507283324758703, 19.927502305003966 ], [ 85.520446719639494, 19.930634222751493 ], [ 85.526684826591094, 19.944034446595612 ], [ 85.533917777959601, 19.938782048263068 ], [ 85.530782135355494, 19.927643826093075 ], [ 85.568126367582948, 19.916881192356755 ], [ 85.560886200262729, 19.908899416394728 ], [ 85.569919070364321, 19.903949034656048 ], [ 85.566326674901575, 19.900875458997941 ], [ 85.568407942404903, 19.898326389362882 ], [ 85.564814200532112, 19.892239738654101 ], [ 85.567790593585428, 19.882537948565513 ], [ 85.564317110248126, 19.875860497107592 ], [ 85.561878732355979, 19.854501235315329 ], [ 85.50001725605793, 19.869842272777291 ], [ 85.502814465671861, 19.884659690419358 ], [ 85.438428190437136, 19.883085851084324 ], [ 85.38662584212598, 19.831527321903227 ], [ 85.359341771655977, 19.822203875500648 ], [ 85.348057091933441, 19.800344214538487 ], [ 85.343481004979225, 19.801473162340169 ], [ 85.343383783772879, 19.797958338739669 ], [ 85.329323937771591, 19.785234303966536 ], [ 85.316079980289913, 19.781476790122273 ], [ 85.303138946394384, 19.783614530125682 ], [ 85.285810607569374, 19.781583744739958 ], [ 85.252486167595478, 19.767525229337632 ], [ 85.249833492249877, 19.743894484326631 ], [ 85.226547819124477, 19.743561594132569 ], [ 85.218601715243494, 19.739995771361958 ], [ 85.203064161277936, 19.719591947994669 ], [ 85.198286747235414, 19.706228245502988 ], [ 85.200550913805586, 19.700794729170386 ], [ 85.211183533634014, 19.696307404958223 ], [ 85.212640655765128, 19.686186339614586 ], [ 85.207876197753251, 19.679386244183952 ], [ 85.195942147558924, 19.674149245390314 ], [ 85.182498107335448, 19.672234160516457 ], [ 85.182718573437, 19.678049499242736 ], [ 85.161760679947974, 19.69568169208852 ], [ 85.160068254853755, 19.703144064656428 ], [ 85.143602252580848, 19.721185617287684 ], [ 85.143969372471986, 19.729043857596313 ], [ 85.137786457178237, 19.739024677070514 ], [ 85.125707395765232, 19.749340956919269 ], [ 85.083969514583586, 19.770289371409199 ], [ 85.072313144448515, 19.794561870456196 ], [ 85.045024476357924, 19.805885957965373 ], [ 85.004236710819839, 19.804576983567333 ], [ 84.99920465679925, 19.809746047879543 ], [ 84.998422144097091, 19.816602145848453 ], [ 84.99173090703222, 19.815149435773964 ], [ 84.984002285888621, 19.820274097566628 ], [ 84.969289732097749, 19.854417042099392 ], [ 84.950942253272757, 19.865908355786168 ], [ 84.952668176007123, 19.868281038379688 ], [ 84.935956351639845, 19.874528152475939 ], [ 84.939918586930773, 19.897412475706684 ], [ 84.945710828017781, 19.899936294497493 ], [ 84.975930400258918, 19.904311092327049 ], [ 85.005072400741327, 19.899595775473944 ], [ 85.019034676129564, 19.905631946479399 ], [ 85.026066756246479, 19.90110802331284 ], [ 85.050788265650667, 19.915702031125566 ], [ 85.055001808305676, 19.913593870472965 ], [ 85.079240911773937, 19.921481207544392 ], [ 85.102332039619029, 19.932523519989992 ], [ 85.122984204847768, 19.93361917374996 ], [ 85.165248305036556, 19.903668505303195 ], [ 85.18095499972766, 19.910220861284881 ], [ 85.182645178543297, 19.90690948551223 ], [ 85.191840174022815, 19.907513579541639 ], [ 85.2106728782408, 19.91226130484139 ], [ 85.219092614931483, 19.909653970988575 ], [ 85.221794544260291, 19.912300609406582 ], [ 85.243219202653322, 19.906086247728624 ], [ 85.266282412266122, 19.912356025906945 ], [ 85.270152538659673, 19.917895175482105 ], [ 85.27417445760787, 19.913860198823013 ], [ 85.278587243780322, 19.914286919471262 ], [ 85.288273406540526, 19.922171860774029 ], [ 85.301107142255262, 19.922534386474791 ], [ 85.304604610538462, 19.926872343337322 ], [ 85.309244529582585, 19.924405175223129 ], [ 85.327808622908435, 19.925782305824789 ], [ 85.329630302946654, 19.931508794667646 ], [ 85.350913109765187, 19.94395300462222 ], [ 85.353748710472331, 19.951491060105575 ], [ 85.360274306775779, 19.956542671143353 ], [ 85.369127424691456, 19.954559855535351 ], [ 85.372777443713204, 19.950333905161347 ], [ 85.382791752253638, 19.952019902825146 ], [ 85.383858053333526, 19.940195117204635 ], [ 85.393568059563989, 19.940269745842404 ], [ 85.399728454216458, 19.9323528021804 ], [ 85.407671240332917, 19.928110338104091 ], [ 85.415478833889821, 19.928744753248839 ], [ 85.418032165928167, 19.924146650730325 ], [ 85.422381191890082, 19.939746449389617 ], [ 85.424841892249233, 19.93727046965202 ], [ 85.435340376265245, 19.939734631228259 ], [ 85.439596311856619, 19.950933855454434 ], [ 85.455036039870848, 19.970523929517711 ], [ 85.451611806738185, 19.973312734923748 ], [ 85.450343430321993, 19.983808385662208 ], [ 85.438607250354352, 19.991226314458082 ], [ 85.437074639556144, 19.996421017491315 ], [ 85.430169443185818, 19.993098714938824 ], [ 85.414706998839975, 19.994049585463468 ], [ 85.415677035376888, 20.004063443201662 ], [ 85.42338674979726, 20.003888399723401 ], [ 85.42587029547461, 20.011227977307772 ], [ 85.431290647492247, 20.014966581188855 ], [ 85.435679642943128, 20.02878236890227 ], [ 85.415083899474098, 20.024642215748397 ], [ 85.414850014030932, 20.033181671990899 ], [ 85.406409762365982, 20.031741724743544 ], [ 85.400371718199096, 20.03521047688497 ], [ 85.394094349933638, 20.041978819287557 ], [ 85.395862619151345, 20.046697021203229 ], [ 85.387639681633956, 20.053885382279628 ], [ 85.386394349654807, 20.063472505130672 ], [ 85.380215541211172, 20.070710800616247 ], [ 85.384225663635362, 20.076859014263825 ], [ 85.384203185468465, 20.079975483772003 ], [ 85.380187512264953, 20.080896157567416 ], [ 85.38437398164838, 20.091766104152828 ], [ 85.40085185761275, 20.090637884574896 ], [ 85.408794506018054, 20.111347616059767 ], [ 85.408031111509985, 20.116851497584356 ], [ 85.416279045756667, 20.124554808698381 ], [ 85.41405315242055, 20.129508030620109 ], [ 85.402063814117867, 20.137503120964052 ], [ 85.395867018017924, 20.136891132674236 ], [ 85.395091414145881, 20.133225368755326 ], [ 85.387750722605958, 20.13690738127729 ], [ 85.387094786334728, 20.143509598286439 ], [ 85.391174722006909, 20.145814495474774 ], [ 85.385256347196247, 20.156239506273611 ], [ 85.376353302026715, 20.146690244812003 ], [ 85.355264985456159, 20.143572061531081 ], [ 85.357012634999762, 20.154356524325319 ], [ 85.362452395090969, 20.158336866170071 ], [ 85.361851741926088, 20.165025239725328 ], [ 85.369688652528509, 20.17084346178008 ], [ 85.370166984519813, 20.178210453602087 ], [ 85.355937530169243, 20.189848762499619 ], [ 85.352179216426151, 20.186466653583206 ], [ 85.346573631358453, 20.187249683117198 ], [ 85.339966595123897, 20.171021801740245 ], [ 85.331737365724365, 20.17341915543626 ], [ 85.330553396905174, 20.181741287917585 ], [ 85.319267856959172, 20.171516241147724 ], [ 85.313466706316561, 20.170512201660152 ], [ 85.310481308710663, 20.164345379112959 ], [ 85.31354672127874, 20.159062987672701 ], [ 85.312084938486322, 20.154884527306994 ], [ 85.2903755877593, 20.154842147413895 ], [ 85.288193804896849, 20.150525543380176 ], [ 85.271720837509562, 20.148883234998191 ], [ 85.255744628049385, 20.132262360012021 ], [ 85.248475768360819, 20.130112590038337 ], [ 85.246564023060074, 20.118436181340844 ], [ 85.240959743158925, 20.115878039083412 ], [ 85.231440625252361, 20.119179408607295 ], [ 85.224820465804086, 20.128697126971449 ], [ 85.212004254799837, 20.131259440916324 ], [ 85.209303471667468, 20.150883641396344 ], [ 85.203163173878366, 20.155843407685744 ], [ 85.203700948393816, 20.158576898006711 ], [ 85.211171750048806, 20.160269920190757 ], [ 85.213340488515527, 20.17058079575996 ], [ 85.206479442421681, 20.17618829152261 ], [ 85.202681417855544, 20.173683393188142 ], [ 85.203922685353447, 20.17973921799409 ], [ 85.200371900905935, 20.181112076855843 ], [ 85.198956767177606, 20.186454202151605 ], [ 85.20393207090477, 20.195615062349223 ], [ 85.211223989650094, 20.198868997249463 ], [ 85.211560244650641, 20.207548772017997 ], [ 85.218307580333672, 20.219617884254067 ], [ 85.225214486756798, 20.224457239805798 ], [ 85.229586864672868, 20.223286445735621 ], [ 85.231596520442935, 20.213559915653828 ], [ 85.239298658533627, 20.208971659055937 ], [ 85.254559329808899, 20.213428320320844 ], [ 85.254573039045624, 20.226364079584197 ], [ 85.256724728243043, 20.226918419723688 ], [ 85.297527086094235, 20.227395725756637 ], [ 85.313312730242174, 20.233663763315448 ], [ 85.314008346166432, 20.229957719369239 ], [ 85.316788425149696, 20.232631300852066 ], [ 85.322586593642143, 20.229674077095925 ], [ 85.325999937564447, 20.244729445552462 ], [ 85.337176551092014, 20.2454500467625 ], [ 85.341083168101733, 20.252085942164296 ], [ 85.33615410332537, 20.256528893186228 ], [ 85.330041516980259, 20.254799614838259 ], [ 85.32920980346141, 20.258274151122649 ], [ 85.327293585654573, 20.254425682214375 ], [ 85.324424219290265, 20.258228383193767 ], [ 85.329796383531004, 20.263848792949666 ], [ 85.327378775541305, 20.271034388755947 ], [ 85.329209142507239, 20.278459442342395 ], [ 85.334772065540264, 20.276597027003007 ], [ 85.334284011351116, 20.27255451363461 ], [ 85.373182985951416, 20.275517046708575 ], [ 85.381766941077018, 20.286929260439063 ], [ 85.388319636328873, 20.279139442958797 ], [ 85.395254287575938, 20.277897750517042 ], [ 85.393766460615211, 20.270372869351178 ], [ 85.391826679440058, 20.270964766557881 ], [ 85.39708148016885, 20.258473941457613 ], [ 85.405966372467432, 20.257380572267614 ], [ 85.41945709871456, 20.273641581361471 ], [ 85.427983156838891, 20.274043602307945 ], [ 85.444625992569797, 20.264065100210175 ], [ 85.451098415846303, 20.264438516790733 ], [ 85.454295030148685, 20.2717796794165 ], [ 85.453000097478963, 20.280720962988003 ], [ 85.459336715574764, 20.297335905861086 ], [ 85.486694481385527, 20.298184381125854 ], [ 85.510739139356886, 20.291095634962041 ], [ 85.521352587700676, 20.293173096830945 ], [ 85.524479320920847, 20.305743314904966 ], [ 85.53097806822926, 20.305599248799965 ], [ 85.537583913782143, 20.301178085796078 ], [ 85.548497906809118, 20.301932960432193 ], [ 85.547249741093822, 20.307433473927158 ], [ 85.550601840357317, 20.313039988979444 ], [ 85.556901045828937, 20.310160417745305 ], [ 85.56516330531521, 20.299477759439359 ], [ 85.57119019503979, 20.298022776596341 ], [ 85.581030797087024, 20.302059750200154 ], [ 85.590450794363875, 20.298115710686311 ], [ 85.613966077280466, 20.296817356792783 ], [ 85.623503179926516, 20.29252022689812 ], [ 85.63362392675576, 20.30129943457354 ], [ 85.628631662386553, 20.303835271368044 ], [ 85.629773643115257, 20.312819776112491 ], [ 85.642987059058839, 20.325724562537996 ], [ 85.649821919717652, 20.323934454792877 ], [ 85.659122147923711, 20.331662724844055 ], [ 85.664595341079391, 20.331727219065712 ], [ 85.677213993350477, 20.32445100840701 ], [ 85.678496693096548, 20.336363766763757 ], [ 85.696132563096768, 20.354940180586588 ], [ 85.70518050856613, 20.387093698926414 ], [ 85.712194306211657, 20.393424550988534 ], [ 85.714693842299795, 20.40282997886008 ], [ 85.73190523582484, 20.410301081391911 ], [ 85.739494480895289, 20.405644695147256 ], [ 85.745204375155737, 20.408780258641432 ], [ 85.759513663964242, 20.407351340174802 ], [ 85.766489363716119, 20.4158708606289 ], [ 85.76722690927329, 20.405084164969413 ], [ 85.771838433641648, 20.404204129584521 ], [ 85.773266849687474, 20.408365721482649 ], [ 85.78521914296843, 20.411747128037213 ], [ 85.785987753006381, 20.418822226214548 ], [ 85.781098691526978, 20.417776390544358 ], [ 85.77946254011097, 20.422313902553931 ], [ 85.785228299919282, 20.433791877449281 ], [ 85.792707305275954, 20.427871959394515 ], [ 85.797070272050021, 20.432518903084862 ], [ 85.799374170358519, 20.431450729968855 ], [ 85.800688084631005, 20.435669883560969 ], [ 85.80518430553191, 20.434914691006668 ], [ 85.810263083175997, 20.427599790006102 ], [ 85.816425225688604, 20.430808475906225 ], [ 85.818002353690332, 20.41316521048175 ], [ 85.823573124902722, 20.408396484456411 ], [ 85.833005737968335, 20.404850400803266 ], [ 85.84179754618755, 20.410695788321629 ], [ 85.860312775945232, 20.395684491386131 ], [ 85.863392793080607, 20.401026167673557 ], [ 85.865852858187353, 20.400075454635282 ], [ 85.873454636499346, 20.381264278457184 ], [ 85.878335951717048, 20.378662048260619 ], [ 85.874949305942422, 20.375988465981496 ], [ 85.873432354175122, 20.367165206665558 ], [ 85.878840051118956, 20.35730213053224 ], [ 85.882551436850207, 20.360772686691568 ], [ 85.891709082828527, 20.360270795369889 ], [ 85.893830999632655, 20.369716871457744 ], [ 85.897623016677969, 20.372013306060403 ], [ 85.899688423454961, 20.353667039029325 ], [ 85.90597922251159, 20.353449059994229 ], [ 85.913737821010074, 20.348139681518017 ], [ 85.916709968109089, 20.336105309161983 ], [ 85.92665028339394, 20.329548403126989 ], [ 85.927337952001906, 20.313162863493115 ], [ 85.924233183871337, 20.312014404184648 ], [ 85.918938986960299, 20.317222147865131 ], [ 85.919885860220475, 20.32500300090879 ], [ 85.915484878736521, 20.327704363621059 ], [ 85.910088056686348, 20.319439683998493 ], [ 85.911933517217378, 20.311631143370882 ], [ 85.919326533781856, 20.30968471988847 ], [ 85.918465204897515, 20.304064055708601 ], [ 85.922813670809944, 20.293614606647097 ], [ 85.934220671267298, 20.289184894133211 ], [ 85.938315044769865, 20.282767663337303 ], [ 85.931026566325301, 20.274587133969618 ], [ 85.931038448746776, 20.270742635749144 ], [ 85.934515565711223, 20.267746049458086 ], [ 85.938630791379254, 20.272239029292251 ], [ 85.943086530966625, 20.268227212396564 ], [ 85.950061670867555, 20.271092654540912 ], [ 85.951952409025864, 20.26116067117341 ], [ 85.965185378287742, 20.251603048926334 ], [ 85.969812269744864, 20.243191484038448 ], [ 85.989229520147774, 20.231725517515876 ], [ 85.989855284694201, 20.22598275423405 ], [ 86.004328515607682, 20.2245157269884 ], [ 86.017343759070201, 20.186115979041617 ], [ 86.027717899490995, 20.182211677753049 ], [ 86.026770695811919, 20.178326042131101 ], [ 86.022124606383272, 20.178340754407035 ], [ 86.021709696770102, 20.167391982284705 ], [ 86.033544234961738, 20.170072933806335 ], [ 86.037463772586463, 20.179247410672037 ], [ 86.043869046004787, 20.169293726239157 ], [ 86.053331778476178, 20.163918849888102 ], [ 86.044982113260588, 20.15465315745417 ], [ 86.047956581955091, 20.146148783571693 ], [ 86.044497026642318, 20.140817131088863 ], [ 86.031925405517654, 20.142379505867467 ], [ 86.03531631987633, 20.134717518098601 ], [ 86.046984737059788, 20.133665113381799 ], [ 86.056156303234033, 20.125406227175173 ], [ 86.065212022291917, 20.123602173839288 ], [ 86.071343019620087, 20.118086659560934 ], [ 86.069431927698943, 20.112890054428302 ], [ 86.077246865790102, 20.110473590121636 ], [ 86.07917084694337, 20.105315264634555 ] ] ] } },
{ "type": "Feature", "properties": { "District": "KOR>PUT", "STATE": "ODISHA", "REMARKS": null, "State_LGD": 21, "DISTRICT_L": "363", "Shape_Leng": 790931.63424699998, "Shape_Area": 8131518072.4300003 }, "geometry": { "type": "Polygon", "coordinates": [ [ [ 82.871906156872242, 19.199125172857318 ], [ 82.869917704632215, 19.194394013494133 ], [ 82.877637540845399, 19.183425033489126 ], [ 82.88345983889964, 19.184416279494325 ], [ 82.884007621684361, 19.181742699845785 ], [ 82.892968189419477, 19.178809481532163 ], [ 82.894899757913294, 19.173960716848285 ], [ 82.897989801115685, 19.174398804567193 ], [ 82.897063026145929, 19.167768685662992 ], [ 82.903935152301855, 19.160112281474373 ], [ 82.901341449551055, 19.155370796703515 ], [ 82.914463650362322, 19.157362071111269 ], [ 82.919968639553176, 19.162385960355792 ], [ 82.930374325071867, 19.158808002981356 ], [ 82.938622658621796, 19.16154594862919 ], [ 82.948597611885958, 19.154794504960009 ], [ 82.955046681090849, 19.155967701767509 ], [ 82.972963451811736, 19.165825653567055 ], [ 82.976693075415227, 19.172470155413915 ], [ 82.980739651942955, 19.171803233245559 ], [ 82.979388324867728, 19.162929080365867 ], [ 82.983020980306989, 19.147944357140659 ], [ 82.980549699797947, 19.138382187719504 ], [ 83.005113656807438, 19.120623372002413 ], [ 83.008903947467076, 19.112234997950502 ], [ 83.006570135959379, 19.100752528599575 ], [ 83.009311805640976, 19.0956504898001 ], [ 83.018906079141487, 19.095372892228525 ], [ 83.02861170917808, 19.086798448087745 ], [ 83.029149094460195, 19.078981844963828 ], [ 83.019338011968472, 19.073843166270553 ], [ 83.021840389937864, 19.061223503466511 ], [ 83.03169108354453, 19.055311195110857 ], [ 83.048141240811489, 19.055773339553415 ], [ 83.065091193050876, 19.044154946130657 ], [ 83.072007405210371, 19.057635898121557 ], [ 83.071622599919309, 19.061461158027132 ], [ 83.066088299697242, 19.062932384422933 ], [ 83.07310629264903, 19.071141343251202 ], [ 83.073820268499375, 19.081561915302078 ], [ 83.080092783088219, 19.086914856195996 ], [ 83.087344917589505, 19.088016646704396 ], [ 83.100756051808943, 19.11136297437033 ], [ 83.106828707293531, 19.113808231027846 ], [ 83.120368713176617, 19.08971275348404 ], [ 83.129517378574718, 19.093346548534136 ], [ 83.130881391428744, 19.122320929432405 ], [ 83.135714467454804, 19.136427982768698 ], [ 83.147759457165535, 19.1356411984309 ], [ 83.150063884736028, 19.124956755360316 ], [ 83.161612423660287, 19.121854024176297 ], [ 83.16618927485284, 19.138338508224287 ], [ 83.175279269086104, 19.145213193356092 ], [ 83.177509636919368, 19.143529330495184 ], [ 83.18915007712053, 19.150598816320223 ], [ 83.196539829941457, 19.147015192149915 ], [ 83.201256566392615, 19.148295514464142 ], [ 83.204828190255768, 19.154236730827272 ], [ 83.19745178150518, 19.16036037854143 ], [ 83.198251763890582, 19.168974674136606 ], [ 83.219809857275479, 19.161186895501231 ], [ 83.226659263493943, 19.173292820413629 ], [ 83.248131931583657, 19.162449989237771 ], [ 83.257129503437881, 19.163942767459133 ], [ 83.25556710846422, 19.153195827361216 ], [ 83.25010357418941, 19.152951238486356 ], [ 83.248318670933429, 19.14843290772253 ], [ 83.241083815442536, 19.145181030175415 ], [ 83.240118154525206, 19.133139481238199 ], [ 83.244713591256982, 19.12791255957584 ], [ 83.225094255161437, 19.122881116480556 ], [ 83.220796109850511, 19.138292221250115 ], [ 83.205371006242373, 19.132502850821432 ], [ 83.204874713149309, 19.123386300785867 ], [ 83.195374816390782, 19.119281763943338 ], [ 83.19519506634748, 19.115025167404067 ], [ 83.190270300162339, 19.11302448654342 ], [ 83.187983314352039, 19.106033547074016 ], [ 83.179069950776181, 19.098001085117644 ], [ 83.181533487715669, 19.095307442169464 ], [ 83.189520009892348, 19.096459028573811 ], [ 83.185185725073367, 19.081119401196325 ], [ 83.195312963439193, 19.075345033263126 ], [ 83.186608812036752, 19.059248881532106 ], [ 83.193096906382792, 19.052410742428311 ], [ 83.186081622098669, 19.030969714449952 ], [ 83.184489427085779, 19.013799790819665 ], [ 83.188036880523683, 19.003677608936595 ], [ 83.194462963238479, 19.000218805997164 ], [ 83.196525857247636, 18.991347163703274 ], [ 83.185828395490489, 18.968707518344988 ], [ 83.185004614315346, 18.960858831074557 ], [ 83.200861325568837, 18.960336918900392 ], [ 83.219852649639748, 18.983630501834742 ], [ 83.232241174169999, 18.985617606226356 ], [ 83.236842006123922, 18.989576963679205 ], [ 83.234393690895942, 19.026470512074162 ], [ 83.243271944344642, 19.027240271954035 ], [ 83.260415681797326, 19.038605588393864 ], [ 83.268222522137606, 19.054654581369366 ], [ 83.266930965870287, 19.063761553885463 ], [ 83.262214038050359, 19.065034651638936 ], [ 83.26226816594864, 19.069454724851091 ], [ 83.259406779361782, 19.067548015441126 ], [ 83.268578955363367, 19.084686144904612 ], [ 83.279459407383342, 19.123371330169284 ], [ 83.284777247418802, 19.125540459108905 ], [ 83.2845521224328, 19.11676886741644 ], [ 83.290422218348837, 19.114902958816103 ], [ 83.298396336823032, 19.122954726427 ], [ 83.301896229566239, 19.114267516916467 ], [ 83.308948684157869, 19.11818473126932 ], [ 83.319904662589721, 19.114136147970306 ], [ 83.326879278765361, 19.100252165280725 ], [ 83.340758416516337, 19.10217605987199 ], [ 83.338318023943316, 19.083335465373075 ], [ 83.342418709875602, 19.081084169248797 ], [ 83.344779017118043, 19.073300499119014 ], [ 83.340348887650762, 19.060870640191919 ], [ 83.345377466482006, 19.052371116396106 ], [ 83.358798993479155, 19.052448270164785 ], [ 83.362469077100101, 19.047696048137784 ], [ 83.347041160466887, 19.02546276633193 ], [ 83.347953457698949, 19.017061039297086 ], [ 83.342921487849338, 19.01813655383436 ], [ 83.337112727188043, 19.006446228357209 ], [ 83.338784837823724, 18.997005094234702 ], [ 83.327214477048074, 19.002403035294439 ], [ 83.310646220823159, 18.998672858862999 ], [ 83.318742019514033, 18.973408942924831 ], [ 83.328303684521558, 18.967034421275535 ], [ 83.334822446306106, 18.968523781446876 ], [ 83.332516551088943, 18.957674069608377 ], [ 83.339017108258162, 18.952778186890686 ], [ 83.337835164283618, 18.946294842168612 ], [ 83.32710971112904, 18.944618932278679 ], [ 83.325408486017523, 18.933147276177976 ], [ 83.333918259433091, 18.928781800764281 ], [ 83.335221876615975, 18.924926973393021 ], [ 83.348437710050248, 18.92628642966292 ], [ 83.343847249047428, 18.941124927220198 ], [ 83.350170121859392, 18.943266772398111 ], [ 83.348180186586177, 18.959779366803751 ], [ 83.350288800171853, 18.965632161568578 ], [ 83.354735959414199, 18.967296289592216 ], [ 83.3671253744658, 18.963006374463188 ], [ 83.365843642574347, 18.956935358484987 ], [ 83.371275427356579, 18.942650195685236 ], [ 83.387441546194836, 18.932792531334687 ], [ 83.382015414449782, 18.927289839048385 ], [ 83.370604274513937, 18.926036204084685 ], [ 83.370146990828133, 18.941716308229317 ], [ 83.352483990988858, 18.943463124776816 ], [ 83.35343333693811, 18.930603496552468 ], [ 83.36170328026175, 18.915989023213605 ], [ 83.359825313713088, 18.914712438709589 ], [ 83.369717126259729, 18.907875916221158 ], [ 83.381811258816256, 18.913889631093308 ], [ 83.390609096796751, 18.909608485696396 ], [ 83.393177518169381, 18.907380738910046 ], [ 83.384648669767927, 18.903855274138611 ], [ 83.378331032033287, 18.896954965385142 ], [ 83.397416340241236, 18.878529220532833 ], [ 83.414700129027892, 18.873704027198382 ], [ 83.404873646236112, 18.861905216127493 ], [ 83.405882582323528, 18.842515212260082 ], [ 83.378325654303808, 18.830662856637442 ], [ 83.368150909131856, 18.844060018586944 ], [ 83.347767157421416, 18.827112654789897 ], [ 83.328245729166838, 18.818081807828513 ], [ 83.330616307000653, 18.806346744385365 ], [ 83.319403465222649, 18.804766011667443 ], [ 83.309306001388165, 18.809502044634925 ], [ 83.297866241124211, 18.801699631875564 ], [ 83.284337853394263, 18.797878159700812 ], [ 83.275274027983187, 18.782905025967882 ], [ 83.281373677359767, 18.774602373519198 ], [ 83.271354608463596, 18.764635364366146 ], [ 83.262552508136196, 18.7697551473887 ], [ 83.243245801821246, 18.768276309607447 ], [ 83.234598289521927, 18.774061228761074 ], [ 83.22410509600671, 18.774741951327243 ], [ 83.222594042469652, 18.771598569333147 ], [ 83.228166296153077, 18.756904127958929 ], [ 83.217412546269415, 18.74445428865139 ], [ 83.212452078050049, 18.730485462438015 ], [ 83.212691304293784, 18.737577620124249 ], [ 83.206547864650915, 18.751438432728278 ], [ 83.193187063693102, 18.753122183528269 ], [ 83.177907367310468, 18.770860262446895 ], [ 83.164153209644454, 18.766896717145329 ], [ 83.156479832435537, 18.768231860415021 ], [ 83.151814253178259, 18.776071936421733 ], [ 83.137998315973562, 18.784816420188026 ], [ 83.115147003238135, 18.768094564127562 ], [ 83.12114042888247, 18.765836223627751 ], [ 83.122207254256125, 18.757500142227762 ], [ 83.112419954730996, 18.752809936322969 ], [ 83.101693828345205, 18.73274647337611 ], [ 83.094770060211218, 18.731383309168148 ], [ 83.092611189160351, 18.72352604811919 ], [ 83.072790769908494, 18.705540021364978 ], [ 83.07136869102969, 18.7016353140848 ], [ 83.075013660954909, 18.701256251768708 ], [ 83.062784860050456, 18.683631673446712 ], [ 83.058023603956215, 18.665314681772593 ], [ 83.044227251538814, 18.658441930427184 ], [ 83.024997531084779, 18.65441354407271 ], [ 83.01312841724787, 18.646054184495757 ], [ 83.019632786622637, 18.635121563538821 ], [ 83.00575374956226, 18.62168811160744 ], [ 82.99957439567099, 18.619531616911093 ], [ 83.000470135670611, 18.607984925225814 ], [ 83.015213485802391, 18.605438230282516 ], [ 83.0135621282394, 18.594363905671525 ], [ 83.023790247766456, 18.589647176406043 ], [ 83.052792520281628, 18.600683815908102 ], [ 83.053096847426488, 18.588128644849323 ], [ 83.040075072788227, 18.586481368209618 ], [ 83.029756749963468, 18.57350780526691 ], [ 83.045354189950032, 18.54418365761763 ], [ 83.061930874059271, 18.542047606150966 ], [ 83.080941456079174, 18.554024924112863 ], [ 83.083806184884367, 18.55165828901627 ], [ 83.089514456060058, 18.552986213187456 ], [ 83.095039209912542, 18.546642411697743 ], [ 83.093526205176332, 18.539839068799292 ], [ 83.077010051567655, 18.526146117329802 ], [ 83.075066390496517, 18.5145686050402 ], [ 83.055206390929342, 18.495657226423244 ], [ 83.055110198643746, 18.485608500312704 ], [ 83.020947664112597, 18.456241953885051 ], [ 83.024614331549117, 18.448456454424079 ], [ 83.032891044217152, 18.44796130525981 ], [ 83.040937197792474, 18.440792535406 ], [ 83.037759036787293, 18.434543905841867 ], [ 83.042530374894639, 18.42422581922634 ], [ 83.050796671606548, 18.434132441802891 ], [ 83.058564458976406, 18.436681608945147 ], [ 83.067311613454365, 18.430091421617625 ], [ 83.065504294262908, 18.422992605031908 ], [ 83.057435676417555, 18.419372032693381 ], [ 83.06425384423585, 18.409406237145735 ], [ 83.077051347246297, 18.403354343989569 ], [ 83.055453149276545, 18.380711732289686 ], [ 83.043075375881969, 18.379372496622732 ], [ 83.039229910547192, 18.383451803330669 ], [ 83.02579181731231, 18.386928932399908 ], [ 83.021920664173734, 18.391703806711377 ], [ 83.015980763353426, 18.387046738307276 ], [ 83.0117932000325, 18.388644893061617 ], [ 83.005276550619683, 18.382760349051125 ], [ 82.996825524709408, 18.385523272124178 ], [ 82.992080558518197, 18.378558316538435 ], [ 82.987281804490081, 18.378838775399803 ], [ 82.983175400052005, 18.366442003783611 ], [ 82.970471461630623, 18.360006129292984 ], [ 82.966991740309695, 18.358926405538401 ], [ 82.960108170600179, 18.36640980550758 ], [ 82.953733466410952, 18.361574359152815 ], [ 82.939727066670017, 18.360818663975092 ], [ 82.926028017701867, 18.368139890751841 ], [ 82.922196194605505, 18.375424131764344 ], [ 82.917860965116773, 18.375282673643895 ], [ 82.91308323979581, 18.36847821560745 ], [ 82.910885253390902, 18.372945137574778 ], [ 82.901922703372875, 18.374069342095094 ], [ 82.894193665777166, 18.381568108297483 ], [ 82.890718813871089, 18.390496953415511 ], [ 82.897778851315294, 18.403499302832252 ], [ 82.894999663550152, 18.424102579343248 ], [ 82.871295074435807, 18.418456328591184 ], [ 82.85641084301497, 18.425436946255537 ], [ 82.852416119014464, 18.419201458679577 ], [ 82.845837064285718, 18.433752366661079 ], [ 82.823804358667005, 18.44350125066725 ], [ 82.823219303967591, 18.447256207695897 ], [ 82.815637077468608, 18.45090220393676 ], [ 82.803142591590543, 18.449246031489697 ], [ 82.795375471780986, 18.439711464079945 ], [ 82.782163268504746, 18.430787767273443 ], [ 82.782893013120955, 18.422608925860978 ], [ 82.787433907074501, 18.419173705144637 ], [ 82.786882861867824, 18.410713369681467 ], [ 82.799538370283074, 18.406749760063018 ], [ 82.791464459073524, 18.396142516004154 ], [ 82.793862905991347, 18.386023532270279 ], [ 82.782649000116209, 18.381891755770113 ], [ 82.790556361336428, 18.363187793410454 ], [ 82.776390755942714, 18.34923522499459 ], [ 82.774085849958993, 18.340316747850107 ], [ 82.764823988016659, 18.336156432011048 ], [ 82.759688629512027, 18.33961456754967 ], [ 82.755175376424575, 18.330192028813237 ], [ 82.742870070310545, 18.329988661960346 ], [ 82.738308099121625, 18.326953892061752 ], [ 82.740979696600888, 18.322606384106184 ], [ 82.736046597746338, 18.323112033948888 ], [ 82.734272606065275, 18.320241579209124 ], [ 82.724907309156819, 18.324532283547821 ], [ 82.715020426604028, 18.322516259201173 ], [ 82.708559764841894, 18.315843084277869 ], [ 82.709375628488914, 18.313179460002097 ], [ 82.701664807348578, 18.310637213125993 ], [ 82.694515104864095, 18.312281877638036 ], [ 82.684418057397025, 18.303589043731712 ], [ 82.676321166102497, 18.306560606235038 ], [ 82.666765921112997, 18.298029228628131 ], [ 82.65742069038086, 18.296068483855631 ], [ 82.651190104008492, 18.301859875512218 ], [ 82.642649915454783, 18.302033007188879 ], [ 82.6407176642563, 18.296226236831757 ], [ 82.643823128674512, 18.288008984073503 ], [ 82.652242362833178, 18.281141801721844 ], [ 82.648536878389265, 18.272865786308696 ], [ 82.642788498624398, 18.271550914596695 ], [ 82.642280125444145, 18.263766777879958 ], [ 82.647117232825053, 18.262225321031998 ], [ 82.65248670862411, 18.249999356256581 ], [ 82.637680999614645, 18.236704469411428 ], [ 82.623534577447117, 18.246321178573439 ], [ 82.613849464947378, 18.258424794786936 ], [ 82.604218406273745, 18.264686169245646 ], [ 82.596913416687656, 18.26479246602856 ], [ 82.596783416979576, 18.27437114177858 ], [ 82.587785350362907, 18.276063438123838 ], [ 82.588046167130869, 18.280299045775568 ], [ 82.592151601554349, 18.280346126409334 ], [ 82.594064072794296, 18.284703482724591 ], [ 82.59102212737946, 18.289775096067558 ], [ 82.595203005518798, 18.291840999794299 ], [ 82.594665411061683, 18.298215538070867 ], [ 82.598655247358622, 18.304186284548361 ], [ 82.596062439513503, 18.310284360155229 ], [ 82.585166933712756, 18.308464127512387 ], [ 82.581306700385525, 18.315168905449998 ], [ 82.583893239400354, 18.319755678827637 ], [ 82.588473903061683, 18.317878777974162 ], [ 82.594884748075131, 18.328875820895185 ], [ 82.601252558802145, 18.325343715493677 ], [ 82.608941684513056, 18.327126767219521 ], [ 82.611197590771539, 18.333712633562929 ], [ 82.602879998096384, 18.344354318480242 ], [ 82.602044706955866, 18.352276315230036 ], [ 82.614522076744549, 18.350910634905905 ], [ 82.621227537731244, 18.359708283252019 ], [ 82.605985423857305, 18.366058320281525 ], [ 82.603216903618204, 18.372650506107238 ], [ 82.606121799659306, 18.375670863359655 ], [ 82.605290991531703, 18.38202977528805 ], [ 82.599516315760951, 18.379787928154439 ], [ 82.594795582741838, 18.389228945421205 ], [ 82.588632700994694, 18.391629745781195 ], [ 82.583874634276683, 18.386727021576828 ], [ 82.575826467536089, 18.396226945541809 ], [ 82.571004453944283, 18.394667561907315 ], [ 82.562425033379924, 18.399956287813577 ], [ 82.555331020799983, 18.393626305918247 ], [ 82.552174966436027, 18.397907949398036 ], [ 82.540882673514133, 18.399427347547903 ], [ 82.53532369403851, 18.406560878756093 ], [ 82.547086467317783, 18.412605082830947 ], [ 82.543298630820033, 18.414022855943994 ], [ 82.541414178658371, 18.421908172683526 ], [ 82.545621592227462, 18.422402557789407 ], [ 82.545738224545275, 18.427520360504491 ], [ 82.552005066746091, 18.42856705558421 ], [ 82.550580241700857, 18.433295174297974 ], [ 82.561632648063323, 18.446929518759305 ], [ 82.554822591625893, 18.454484958351316 ], [ 82.54875971780703, 18.453052835323888 ], [ 82.542371863235871, 18.457627205305759 ], [ 82.544466346899142, 18.449383268556641 ], [ 82.539557906595462, 18.443604164052676 ], [ 82.53325368958987, 18.458658849720717 ], [ 82.527392158105428, 18.459663940681668 ], [ 82.528336691738247, 18.464205761482766 ], [ 82.519420046387452, 18.465596657698704 ], [ 82.534190212484788, 18.47773444180768 ], [ 82.527852701959546, 18.480654472219168 ], [ 82.533266156546674, 18.488281930220619 ], [ 82.526494980166802, 18.496287972315805 ], [ 82.529660008064013, 18.50130435991268 ], [ 82.526977776077956, 18.505879870319298 ], [ 82.532034825805738, 18.511156500896007 ], [ 82.525971744531645, 18.516324085027819 ], [ 82.515204108855102, 18.518100430625015 ], [ 82.505099851853942, 18.513450979273749 ], [ 82.494053163406321, 18.52455298410786 ], [ 82.486837381272608, 18.527523989282308 ], [ 82.487591852212546, 18.53260505691426 ], [ 82.481337949641116, 18.540610133136052 ], [ 82.484004291531576, 18.543318071113216 ], [ 82.493525150905313, 18.542831889998194 ], [ 82.487281150838101, 18.549797889905388 ], [ 82.473473223744989, 18.542578284672867 ], [ 82.460984588222445, 18.525498213764266 ], [ 82.444748114148979, 18.514088866093729 ], [ 82.434039093995509, 18.498565315881411 ], [ 82.437910043980111, 18.494849391891432 ], [ 82.430459483268606, 18.485499373659863 ], [ 82.412575592221316, 18.487851694518795 ], [ 82.387735816218708, 18.499718995717075 ], [ 82.384973724558947, 18.503091874774597 ], [ 82.389367477761468, 18.51061821994611 ], [ 82.384877519241996, 18.512914572597943 ], [ 82.3831068497594, 18.52241999610262 ], [ 82.388694623268222, 18.529341435074411 ], [ 82.397844550321707, 18.524602370570975 ], [ 82.40300479083831, 18.526086668581041 ], [ 82.40177583084521, 18.540910187403377 ], [ 82.414684703684927, 18.562956155587631 ], [ 82.386219005164349, 18.583498750244733 ], [ 82.385088618679063, 18.591372778728218 ], [ 82.4085642529393, 18.60215485621206 ], [ 82.399647941602211, 18.6110041388322 ], [ 82.396995030194446, 18.621541536247239 ], [ 82.39022904242988, 18.625739051621728 ], [ 82.383798505948747, 18.617572701128083 ], [ 82.37492804355081, 18.616458609586772 ], [ 82.371219494839835, 18.623800560789043 ], [ 82.363221022296628, 18.623307396498266 ], [ 82.329315213480072, 18.598492585795615 ], [ 82.328110876532634, 18.591678802845571 ], [ 82.312664520310321, 18.575594195783474 ], [ 82.288364652857368, 18.579999957599352 ], [ 82.289032791112461, 18.584441061753903 ], [ 82.280556092145275, 18.591348334129737 ], [ 82.266792363624347, 18.589530277334081 ], [ 82.262320515718272, 18.593518232023087 ], [ 82.263979718465606, 18.596213445462215 ], [ 82.257095595539937, 18.599539604558856 ], [ 82.256804134105522, 18.604362520496078 ], [ 82.253833879475835, 18.603831012358256 ], [ 82.252275793980189, 18.613695560412445 ], [ 82.242753992865104, 18.612823340829248 ], [ 82.238697146603144, 18.618674015633157 ], [ 82.240727484264326, 18.621667210730312 ], [ 82.23369514576288, 18.623586649516454 ], [ 82.22912272287418, 18.630954158392878 ], [ 82.234992474643434, 18.643105572611084 ], [ 82.229444774076143, 18.645428136421874 ], [ 82.230000701991273, 18.658120578328404 ], [ 82.223527843691897, 18.665039755874695 ], [ 82.222395262540218, 18.671711301453499 ], [ 82.215557190922141, 18.666726773925234 ], [ 82.212259842530017, 18.66766989088773 ], [ 82.208413795820135, 18.660099583984664 ], [ 82.198199833614908, 18.653505249969168 ], [ 82.195865966915278, 18.655959867153395 ], [ 82.187808633185611, 18.65064783683993 ], [ 82.181980707788071, 18.638643459029709 ], [ 82.171116916266783, 18.638557815139659 ], [ 82.16435525662601, 18.645797318162032 ], [ 82.160377840047474, 18.669402979053007 ], [ 82.156898287369089, 18.672189487173132 ], [ 82.154180203879207, 18.667719575833942 ], [ 82.14592789215618, 18.665059237591421 ], [ 82.141940137820455, 18.672692228505262 ], [ 82.130940346012551, 18.678890138932854 ], [ 82.14002065821488, 18.684108310713608 ], [ 82.1435474676491, 18.693927612860161 ], [ 82.140554589252218, 18.705774439461042 ], [ 82.132506524027335, 18.707671209978887 ], [ 82.130053148666192, 18.721670089614129 ], [ 82.114758783324035, 18.727969864642127 ], [ 82.110355757156299, 18.726175239151662 ], [ 82.091342566491008, 18.738477510535319 ], [ 82.093521007191612, 18.746814723220702 ], [ 82.089021015464652, 18.761742355131048 ], [ 82.091579546728298, 18.765730652777091 ], [ 82.097823715945168, 18.763837070129053 ], [ 82.119083982797221, 18.769751949711871 ], [ 82.133417617013265, 18.765364209231794 ], [ 82.13133379570624, 18.770111959109126 ], [ 82.133494713090599, 18.780445741712622 ], [ 82.140573099223474, 18.778455302140458 ], [ 82.160180290246061, 18.788450759140048 ], [ 82.160174624872894, 18.795228192271967 ], [ 82.165525748515748, 18.800029331445256 ], [ 82.156542558753614, 18.804531031803272 ], [ 82.161374883690527, 18.812516300381098 ], [ 82.166148992539775, 18.814067974515751 ], [ 82.160291382696755, 18.819869625511885 ], [ 82.168962585327492, 18.836022174514518 ], [ 82.165742555007469, 18.843867916260251 ], [ 82.16747159844914, 18.852351246618564 ], [ 82.163027862657088, 18.854154604553958 ], [ 82.160197015129057, 18.861396825593516 ], [ 82.1650856668968, 18.864872387120485 ], [ 82.167367246617601, 18.873618892927315 ], [ 82.160412561272722, 18.87891242056978 ], [ 82.176659521673713, 18.887092190074199 ], [ 82.176146423191284, 18.902669453371523 ], [ 82.181089804994372, 18.906943868055983 ], [ 82.192510615556216, 18.907507863736672 ], [ 82.218301389347602, 18.922516793373557 ], [ 82.230908999939786, 18.919668481158951 ], [ 82.236960001903753, 18.914233716300913 ], [ 82.246053959355677, 18.919111036381793 ], [ 82.232761172876266, 19.017936937066199 ], [ 82.229876236636926, 19.027412252749695 ], [ 82.202254017307027, 19.066638980750284 ], [ 82.204718492395671, 19.07560462799713 ], [ 82.213705942714256, 19.08365097539545 ], [ 82.219071554808224, 19.09539847823935 ], [ 82.214137728822209, 19.099854269835198 ], [ 82.204912293700545, 19.097140804872243 ], [ 82.207349600003752, 19.102279792209615 ], [ 82.202976417294451, 19.108109620110813 ], [ 82.205811455529002, 19.116941828222291 ], [ 82.208998294484928, 19.120521666356861 ], [ 82.220009482831657, 19.114426524365964 ], [ 82.226973468566825, 19.120981067723577 ], [ 82.235465162476871, 19.121972409019389 ], [ 82.225680018364528, 19.135736229039498 ], [ 82.229814844350358, 19.143958399819855 ], [ 82.245184910879246, 19.14534583096605 ], [ 82.258489561916321, 19.142043071938808 ], [ 82.264523168187722, 19.151543472846853 ], [ 82.275385745623311, 19.156451620067944 ], [ 82.282882543517402, 19.147783741092454 ], [ 82.28583684717357, 19.148061367254925 ], [ 82.29191564631121, 19.152767005889999 ], [ 82.295637041762987, 19.163597111089633 ], [ 82.311327781083477, 19.177030270121083 ], [ 82.323593562658232, 19.1768517765993 ], [ 82.330966759728526, 19.169023328463165 ], [ 82.340232722586592, 19.167799464312534 ], [ 82.3489449324221, 19.172727705454854 ], [ 82.352748117925884, 19.184337470911789 ], [ 82.360082422976944, 19.178825804898171 ], [ 82.366765286002263, 19.177999197347344 ], [ 82.371996591316474, 19.170108340477743 ], [ 82.383152528070994, 19.177776944082741 ], [ 82.39318497489468, 19.167066384882322 ], [ 82.402035949314396, 19.165210096335642 ], [ 82.410447804911144, 19.168764247732341 ], [ 82.411698449585472, 19.185537882204731 ], [ 82.433491481280129, 19.170939548477584 ], [ 82.44034356440244, 19.171071053560016 ], [ 82.44601816471409, 19.17737821867771 ], [ 82.453383697122689, 19.175851904022501 ], [ 82.460259180945044, 19.184552431361524 ], [ 82.472805830952368, 19.176979985184154 ], [ 82.477895258297693, 19.180417593404904 ], [ 82.488912016928211, 19.180482201565255 ], [ 82.518088751823328, 19.202622840741171 ], [ 82.525467439520952, 19.197348323301096 ], [ 82.530570534939173, 19.203634866698479 ], [ 82.539127644447561, 19.197283859282496 ], [ 82.54968283695041, 19.194678829455032 ], [ 82.551138976790511, 19.196843923822893 ], [ 82.546118774026453, 19.203038995753605 ], [ 82.548819436523246, 19.206061039730013 ], [ 82.568835828811274, 19.198283492514221 ], [ 82.572739735997558, 19.211296296819071 ], [ 82.575956341836715, 19.210017343567522 ], [ 82.579716140576096, 19.194914962384885 ], [ 82.583194285729462, 19.195169471306901 ], [ 82.588057618675592, 19.202522453532222 ], [ 82.590458467194509, 19.192586006572206 ], [ 82.597956176548053, 19.191563059260531 ], [ 82.605303044766899, 19.181357535031108 ], [ 82.615856180435983, 19.181712027328281 ], [ 82.615209458840411, 19.159266577138329 ], [ 82.625336045970172, 19.151145381944648 ], [ 82.629962932932187, 19.153751543688781 ], [ 82.623748564145387, 19.159417103993512 ], [ 82.626215227124902, 19.162277424326032 ], [ 82.634142550037168, 19.161606159133829 ], [ 82.638456607133165, 19.154638262600717 ], [ 82.637381347469471, 19.149423850694411 ], [ 82.641993543959657, 19.15323333083165 ], [ 82.640456782343705, 19.17038118270267 ], [ 82.636932639802694, 19.175544387860452 ], [ 82.643038650392853, 19.177143148151089 ], [ 82.653793125043634, 19.188660445834262 ], [ 82.668561861838199, 19.184086244439765 ], [ 82.679516517683638, 19.197293916243797 ], [ 82.685691841687259, 19.185998444046966 ], [ 82.693298661726956, 19.190644328299637 ], [ 82.701645589904416, 19.190937570764593 ], [ 82.707324889428847, 19.187031556363518 ], [ 82.708259795947598, 19.179032071941457 ], [ 82.725061270462206, 19.174082203286247 ], [ 82.721237576072141, 19.172107971673654 ], [ 82.726119253468227, 19.165661250057063 ], [ 82.722983656537565, 19.161259378622205 ], [ 82.731697119765727, 19.160843240242293 ], [ 82.73632070424641, 19.157054884999138 ], [ 82.741164986586142, 19.159832201106283 ], [ 82.739747031856567, 19.168310650723168 ], [ 82.74968533674803, 19.173103696458661 ], [ 82.761188972658346, 19.164564901017901 ], [ 82.761425788407763, 19.170737423729165 ], [ 82.779260097964396, 19.165285046497264 ], [ 82.788267277647378, 19.173151924559686 ], [ 82.789491886461448, 19.169458708244328 ], [ 82.793500383603316, 19.170449470176891 ], [ 82.795393192469277, 19.163068147420908 ], [ 82.792014460736695, 19.155237112681061 ], [ 82.803209225694332, 19.151396512612173 ], [ 82.809590384882597, 19.164265897475953 ], [ 82.817456821168719, 19.170295047554628 ], [ 82.815420077401868, 19.155766036038667 ], [ 82.8227892468758, 19.147711689501094 ], [ 82.827203576222672, 19.156679147981805 ], [ 82.823111292602178, 19.172258142769799 ], [ 82.835700997472387, 19.182304773944249 ], [ 82.83302930466327, 19.189621761966716 ], [ 82.841361190744678, 19.199687742085576 ], [ 82.854041092549807, 19.193326735750599 ], [ 82.855922748765252, 19.205891183065997 ], [ 82.863038363564542, 19.207467899025701 ], [ 82.871906156872242, 19.199125172857318 ] ] ] } },
{ "type": "Feature", "properties": { "District": "MALKANGIRI", "STATE": "ODISHA", "REMARKS": null, "State_LGD": 21, "DISTRICT_L": "364", "Shape_Leng": 502153.52785499999, "Shape_Area": 5614453548.2600002 }, "geometry": { "type": "Polygon", "coordinates": [ [ [ 82.091342566491008, 18.738477510535319 ], [ 82.110355757156299, 18.726175239151662 ], [ 82.114758783324035, 18.727969864642127 ], [ 82.130053148666192, 18.721670089614129 ], [ 82.132506524027335, 18.707671209978887 ], [ 82.140554589252218, 18.705774439461042 ], [ 82.1435474676491, 18.693927612860161 ], [ 82.14002065821488, 18.684108310713608 ], [ 82.130940346012551, 18.678890138932854 ], [ 82.141940137820455, 18.672692228505262 ], [ 82.14592789215618, 18.665059237591421 ], [ 82.154180203879207, 18.667719575833942 ], [ 82.156898287369089, 18.672189487173132 ], [ 82.160377840047474, 18.669402979053007 ], [ 82.16435525662601, 18.645797318162032 ], [ 82.171116916266783, 18.638557815139659 ], [ 82.181980707788071, 18.638643459029709 ], [ 82.187808633185611, 18.65064783683993 ], [ 82.195865966915278, 18.655959867153395 ], [ 82.198199833614908, 18.653505249969168 ], [ 82.208413795820135, 18.660099583984664 ], [ 82.212259842530017, 18.66766989088773 ], [ 82.215557190922141, 18.666726773925234 ], [ 82.222395262540218, 18.671711301453499 ], [ 82.223527843691897, 18.665039755874695 ], [ 82.230000701991273, 18.658120578328404 ], [ 82.229444774076143, 18.645428136421874 ], [ 82.234992474643434, 18.643105572611084 ], [ 82.229112801036862, 18.632223788630593 ], [ 82.23369514576288, 18.623586649516454 ], [ 82.240727484264326, 18.621667210730312 ], [ 82.238697146603144, 18.618674015633157 ], [ 82.243819634858028, 18.612088876123813 ], [ 82.252275793980189, 18.613695560412445 ], [ 82.253833879475835, 18.603831012358256 ], [ 82.256804134105522, 18.604362520496078 ], [ 82.257095595539937, 18.599539604558856 ], [ 82.263979718465606, 18.596213445462215 ], [ 82.262320515718272, 18.593518232023087 ], [ 82.265609242143981, 18.590351404082206 ], [ 82.27382318238179, 18.588809590588859 ], [ 82.280556092145275, 18.591348334129737 ], [ 82.289032791112461, 18.584441061753903 ], [ 82.288364652857368, 18.579999957599352 ], [ 82.291334273824845, 18.578610482510037 ], [ 82.312664520310321, 18.575594195783474 ], [ 82.328110876532634, 18.591678802845571 ], [ 82.329315213480072, 18.598492585795615 ], [ 82.363801519376338, 18.62360137816739 ], [ 82.371219494839835, 18.623800560789043 ], [ 82.37492804355081, 18.616458609586772 ], [ 82.383798505948747, 18.617572701128083 ], [ 82.386100827285091, 18.6233297761773 ], [ 82.391684410298424, 18.625800488006234 ], [ 82.396995030194446, 18.621541536247239 ], [ 82.40187233700253, 18.607775307077507 ], [ 82.4085642529393, 18.60215485621206 ], [ 82.385088618679063, 18.591372778728218 ], [ 82.386219005164349, 18.583498750244733 ], [ 82.414684703684927, 18.562956155587631 ], [ 82.40177583084521, 18.540910187403377 ], [ 82.40300479083831, 18.526086668581041 ], [ 82.397844550321707, 18.524602370570975 ], [ 82.388694623268222, 18.529341435074411 ], [ 82.3831068497594, 18.52241999610262 ], [ 82.384877519241996, 18.512914572597943 ], [ 82.389367477761468, 18.51061821994611 ], [ 82.384940987464248, 18.502554198558375 ], [ 82.412575592221316, 18.487851694518795 ], [ 82.430439954933178, 18.485501944470951 ], [ 82.403519070430093, 18.464217685559234 ], [ 82.396025805933917, 18.449173694123957 ], [ 82.387682192648356, 18.445963950146247 ], [ 82.379991363000585, 18.437370201520512 ], [ 82.385547280340617, 18.440833318504836 ], [ 82.381998782178471, 18.432582300375032 ], [ 82.364212420854912, 18.421537643763674 ], [ 82.379424051832288, 18.404173255757897 ], [ 82.381480688183785, 18.38964174629449 ], [ 82.386072677999437, 18.386274000992628 ], [ 82.38441835402142, 18.365783004861537 ], [ 82.369876994881935, 18.358514715762666 ], [ 82.364485044200208, 18.352765617066623 ], [ 82.363107303508471, 18.344222670947563 ], [ 82.346944238745067, 18.328831183385105 ], [ 82.344092482056723, 18.330794199300961 ], [ 82.337481840909206, 18.328102660961147 ], [ 82.335358488186969, 18.335604150197472 ], [ 82.334656510018846, 18.337222142532099 ], [ 82.334062342229359, 18.338093699755696 ], [ 82.333699993255365, 18.338335697381748 ], [ 82.333494787189522, 18.33873473252795 ], [ 82.333184217880742, 18.338958113008527 ], [ 82.335353481517302, 18.335604185433979 ], [ 82.336599389580115, 18.329672134078326 ], [ 82.339930329676861, 18.322961873172744 ], [ 82.349477954293334, 18.316365845000036 ], [ 82.363998315840803, 18.318462954788536 ], [ 82.375091842087741, 18.328693682155826 ], [ 82.384660335520238, 18.32963208734984 ], [ 82.392374751411495, 18.326476518785473 ], [ 82.395060117811312, 18.315640508023883 ], [ 82.391574408931646, 18.309801466783288 ], [ 82.392335875480185, 18.29794954963015 ], [ 82.376495948042404, 18.280678499369408 ], [ 82.36589669208746, 18.277614409159078 ], [ 82.358936409338682, 18.281463779146744 ], [ 82.344664974504838, 18.280548197714154 ], [ 82.340439026002116, 18.272228168833227 ], [ 82.340046236680166, 18.26233616557721 ], [ 82.336121529623156, 18.261170716204663 ], [ 82.333362989839614, 18.252908171734305 ], [ 82.336528253751979, 18.240768170386136 ], [ 82.326735352556156, 18.236376764853013 ], [ 82.324412414025559, 18.231210425932151 ], [ 82.33705506115075, 18.224304637021469 ], [ 82.324888622754401, 18.210414202189313 ], [ 82.310842539456345, 18.204094774310377 ], [ 82.315452570766951, 18.184029241010069 ], [ 82.337371273387546, 18.172175618318782 ], [ 82.353367282906049, 18.171693218292344 ], [ 82.372316830804081, 18.14816352554093 ], [ 82.36752889759849, 18.137155210259358 ], [ 82.363248060972253, 18.134808905311452 ], [ 82.341367009211368, 18.150112309983129 ], [ 82.338795367815763, 18.146922269446701 ], [ 82.342133638071857, 18.137238996571103 ], [ 82.334200715803249, 18.126861479451623 ], [ 82.335789957601691, 18.105858678191879 ], [ 82.338502794439137, 18.099112065221092 ], [ 82.347000651348154, 18.0982487290884 ], [ 82.349582992375602, 18.085629250397915 ], [ 82.347324189001228, 18.079983559621294 ], [ 82.351781418275422, 18.076586377902984 ], [ 82.343883044917604, 18.057994506829271 ], [ 82.334144649874105, 18.051329827037907 ], [ 82.330015234103882, 18.058085953722902 ], [ 82.322253859481677, 18.059905888966057 ], [ 82.318973285805981, 18.057072737770802 ], [ 82.322230766549964, 18.048619294172017 ], [ 82.320356676550588, 18.044981391406616 ], [ 82.316582256931312, 18.047437902944594 ], [ 82.308179570593182, 18.044906034141 ], [ 82.307263510158279, 18.050054012282832 ], [ 82.310334108878948, 18.053928112989354 ], [ 82.298650674083305, 18.055570333561093 ], [ 82.304402029977823, 18.068115075944803 ], [ 82.290393801349794, 18.067060081582866 ], [ 82.28771273267833, 18.069100395321687 ], [ 82.287232556068858, 18.069329514523599 ], [ 82.286813359510532, 18.06949939782977 ], [ 82.286157974210241, 18.069671033759231 ], [ 82.286157833070803, 18.070936176313612 ], [ 82.285910698200041, 18.071394086033337 ], [ 82.285487199777876, 18.071622914675476 ], [ 82.284954719224785, 18.071793638747664 ], [ 82.284535847207266, 18.07202234440669 ], [ 82.283749731530307, 18.073057759244254 ], [ 82.283090150658722, 18.073342282960432 ], [ 82.286152975489301, 18.069671067341478 ], [ 82.290388802726838, 18.067060115308614 ], [ 82.28786802277321, 18.062898903376883 ], [ 82.283491294568435, 18.06449590970875 ], [ 82.272611713744581, 18.057221006928124 ], [ 82.268944831372622, 18.045190047825596 ], [ 82.261609358221023, 18.041853770734466 ], [ 82.269011216669938, 18.034015610502799 ], [ 82.273377151400368, 18.022446837585392 ], [ 82.268778980541853, 18.000937856499426 ], [ 82.247955596280249, 17.997783682905379 ], [ 82.237236542320929, 18.002551714442561 ], [ 82.222246600488006, 18.001675308345323 ], [ 82.208201224876035, 18.010438929739998 ], [ 82.205312922765657, 18.01836882063413 ], [ 82.187805004115546, 18.014731190447922 ], [ 82.178623952309749, 18.020385761442771 ], [ 82.184319085742231, 18.028787079802019 ], [ 82.168838855388401, 18.051952952730172 ], [ 82.153209742281774, 18.047867092819796 ], [ 82.150844220017603, 18.049937766061952 ], [ 82.155358735418147, 18.053741638695424 ], [ 82.150839221053744, 18.049937795981901 ], [ 82.146776484034717, 18.052310961586556 ], [ 82.137175974048134, 18.043936032085799 ], [ 82.133489870885199, 18.059890177775781 ], [ 82.124980744902828, 18.059673318892948 ], [ 82.120625716226343, 18.064230863384392 ], [ 82.102030511228477, 18.060239381358887 ], [ 82.096400228640832, 18.063402818946724 ], [ 82.096089774486643, 18.067426150187842 ], [ 82.076635718322038, 18.075217357665984 ], [ 82.070815840380391, 18.069086294862252 ], [ 82.066946883770825, 18.057386233127009 ], [ 82.061564105953465, 18.055450353830871 ], [ 82.040444911967001, 18.057313861537029 ], [ 82.037577507725075, 18.066981198355329 ], [ 82.032323886758249, 18.06931840249516 ], [ 82.027082290244039, 18.064027934138725 ], [ 82.00620487581304, 18.057715789762749 ], [ 82.006730915913622, 18.045097679293125 ], [ 82.011658070298381, 18.035239117308311 ], [ 82.009347193333525, 18.030072721092051 ], [ 81.994273766856722, 18.027312994890234 ], [ 81.991273257409631, 18.019510937132175 ], [ 81.982513867345475, 18.018127664227013 ], [ 81.962966528770224, 17.999251462024851 ], [ 81.946017506408054, 17.995747012215194 ], [ 81.936572073109119, 17.99028443473712 ], [ 81.919907104129138, 17.991209260642695 ], [ 81.90902871232764, 17.984215675243867 ], [ 81.905178004318401, 17.977315299864625 ], [ 81.893372236042225, 17.97623588490346 ], [ 81.866488173410929, 17.963293569645451 ], [ 81.843227297056799, 17.956961136458062 ], [ 81.830988835603236, 17.957926639627559 ], [ 81.819113571899052, 17.95169122445396 ], [ 81.809894123562188, 17.950984258895474 ], [ 81.797070737939904, 17.937276987789197 ], [ 81.790128628731381, 17.920806549070068 ], [ 81.778414972142556, 17.912837042295063 ], [ 81.771375068492134, 17.912458276383134 ], [ 81.764670816829394, 17.903338304096355 ], [ 81.725620167094576, 17.878863256106225 ], [ 81.709173565733664, 17.871996021265485 ], [ 81.704358472234603, 17.877680517286095 ], [ 81.70113281684722, 17.887945889863559 ], [ 81.702222784668251, 17.896266223673418 ], [ 81.698532634929563, 17.901354346181577 ], [ 81.686104009076786, 17.885301491737557 ], [ 81.669731118311219, 17.886551508085859 ], [ 81.662189244753435, 17.881597209449275 ], [ 81.654308810057572, 17.86908331332867 ], [ 81.652015143330232, 17.856098456171775 ], [ 81.641707601854336, 17.841323255899038 ], [ 81.630147105449353, 17.832024298416147 ], [ 81.622347862240915, 17.833445818217886 ], [ 81.61723240776729, 17.822299571937531 ], [ 81.59418527018002, 17.834044096709317 ], [ 81.574316116639579, 17.837167554102788 ], [ 81.563686901186259, 17.825706238269156 ], [ 81.530178604275093, 17.82290771133756 ], [ 81.518406204260828, 17.816255319872138 ], [ 81.490045472366631, 17.812694884755267 ], [ 81.486266079290516, 17.814335868018475 ], [ 81.485353542626356, 17.820588197776498 ], [ 81.474259844101923, 17.837978476256168 ], [ 81.460110513593563, 17.829570313872463 ], [ 81.444193140262655, 17.824965842260365 ], [ 81.434122069312792, 17.831930109749479 ], [ 81.415596717549164, 17.813423172829641 ], [ 81.401652717307044, 17.820949855728582 ], [ 81.39181257254107, 17.815420107520872 ], [ 81.389069774225064, 17.829919124683929 ], [ 81.40381525468041, 17.853005340248977 ], [ 81.39427121927362, 17.869276248313067 ], [ 81.395477313753986, 17.883211384630666 ], [ 81.400196835522507, 17.893568981088755 ], [ 81.405187400455432, 17.896193310919145 ], [ 81.412603899523802, 17.894618589727123 ], [ 81.435340506214416, 17.880817058796552 ], [ 81.444631974839893, 17.885753622752855 ], [ 81.452824484918267, 17.907558226042767 ], [ 81.449114192453663, 17.931934675678168 ], [ 81.459838316022868, 17.952946521042609 ], [ 81.472111146684881, 17.960500407373392 ], [ 81.482949968357488, 17.976815095744882 ], [ 81.477616362488774, 17.988406491980033 ], [ 81.483120755372752, 18.027045317106246 ], [ 81.480154586043398, 18.03368779309594 ], [ 81.480405602461857, 18.050741363255256 ], [ 81.496599275160804, 18.070952207144828 ], [ 81.512855166554075, 18.098687734272517 ], [ 81.513823100431352, 18.140536695672058 ], [ 81.52581548938241, 18.153401809325473 ], [ 81.523725531746933, 18.165889242999818 ], [ 81.517764147962026, 18.175458838804385 ], [ 81.509923244463522, 18.179492759645537 ], [ 81.507001854524901, 18.186197694514036 ], [ 81.51551598847692, 18.213235269760482 ], [ 81.53044602627439, 18.240281879142479 ], [ 81.525239302720024, 18.257708123550373 ], [ 81.535270912247384, 18.268376713681484 ], [ 81.550835896966873, 18.269304212191223 ], [ 81.564326522201071, 18.275198358697342 ], [ 81.592903839354278, 18.300712064005836 ], [ 81.59759669607358, 18.308908424120695 ], [ 81.61653487529999, 18.307347828560818 ], [ 81.651319161573937, 18.321530270259085 ], [ 81.662228940755384, 18.321226107111748 ], [ 81.662167428722455, 18.324981546124516 ], [ 81.649663666256416, 18.336904797137208 ], [ 81.659140454360411, 18.346560835722467 ], [ 81.750057544631105, 18.352749966278679 ], [ 81.768874298457789, 18.41709070808713 ], [ 81.856205137421838, 18.491401020257346 ], [ 81.856989422786853, 18.507426424257101 ], [ 81.868247753024022, 18.524921001322269 ], [ 81.879679454969661, 18.525238766248254 ], [ 81.889267307727877, 18.538162287349369 ], [ 81.897896776349199, 18.535089473821216 ], [ 81.909009373960629, 18.53806798989449 ], [ 81.901406852787929, 18.548610531848759 ], [ 81.90861685145488, 18.55299968745372 ], [ 81.905915763451446, 18.564548751654353 ], [ 81.910356969837409, 18.565774507961308 ], [ 81.911669902758078, 18.571222019308678 ], [ 81.920836550078675, 18.572691216471021 ], [ 81.929713419757604, 18.566127457870291 ], [ 81.950572461333309, 18.570022346000943 ], [ 81.952912995373538, 18.58282061495089 ], [ 81.963420691532306, 18.590028488945677 ], [ 81.96303035590509, 18.59478858422948 ], [ 81.950976194388602, 18.600949744251206 ], [ 81.942213405597229, 18.601707709583582 ], [ 81.935210225534107, 18.60708805785244 ], [ 81.935145739861369, 18.612650802163788 ], [ 81.930744411611059, 18.6181399687976 ], [ 81.920644940467881, 18.623422130595408 ], [ 81.908481983590093, 18.628555598311589 ], [ 81.894590302087721, 18.629539440193852 ], [ 81.898867035905553, 18.63523062373012 ], [ 81.894050234192974, 18.642275361198287 ], [ 81.898204660488815, 18.654410509255221 ], [ 81.893769449515773, 18.657459098513652 ], [ 81.900891384123256, 18.661369878086994 ], [ 81.921726266791467, 18.642909870632934 ], [ 81.948943465476688, 18.643709888487152 ], [ 81.955078087460365, 18.66421986836118 ], [ 81.969148230821332, 18.673388097692541 ], [ 81.960752692218549, 18.688631446601761 ], [ 81.970104506465447, 18.698148931319647 ], [ 81.988898791967927, 18.705280283892996 ], [ 81.994727725881887, 18.704680212944211 ], [ 82.005834833172472, 18.714647249232225 ], [ 82.008790899671439, 18.712552884061584 ], [ 82.016741917746771, 18.719495381001799 ], [ 82.030923111908095, 18.723787167853661 ], [ 82.048117834277264, 18.721396407474597 ], [ 82.053651387358457, 18.723610993185922 ], [ 82.062770375090452, 18.719023045253223 ], [ 82.067421837488553, 18.726501581743879 ], [ 82.084974555232989, 18.718593134409691 ], [ 82.091342566491008, 18.738477510535319 ] ] ] } },
{ "type": "Feature", "properties": { "District": "MAY@RBHANJ", "STATE": "ODISHA", "REMARKS": null, "State_LGD": 21, "DISTRICT_L": "365", "Shape_Leng": 778904.11272800004, "Shape_Area": 10022504333.200001 }, "geometry": { "type": "Polygon", "coordinates": [ [ [ 87.097849519743178, 21.866937426991793 ], [ 87.105692531192446, 21.857534946294731 ], [ 87.118317938079059, 21.855002793194437 ], [ 87.122013991279559, 21.842201245110363 ], [ 87.176427101201796, 21.813506249100431 ], [ 87.183638834010353, 21.793039196246536 ], [ 87.180099494901924, 21.792864202581825 ], [ 87.172833787038741, 21.812545499830456 ], [ 87.168553192505939, 21.809187011763818 ], [ 87.171066307599474, 21.788997072528971 ], [ 87.166322417430735, 21.786054049165728 ], [ 87.161812269917036, 21.78900377177354 ], [ 87.164422081917749, 21.784970783616195 ], [ 87.158704201321939, 21.771239973557918 ], [ 87.129949612252716, 21.778901459983764 ], [ 87.12537610483308, 21.777004973179462 ], [ 87.126439725145318, 21.772024272988698 ], [ 87.121934116113124, 21.771988083963855 ], [ 87.121653275994234, 21.783173278427633 ], [ 87.1124089659193, 21.785647225067258 ], [ 87.114115454029033, 21.787832926019455 ], [ 87.118322044618225, 21.785019968496282 ], [ 87.116987361394521, 21.789264648337927 ], [ 87.111214436054425, 21.78897066660203 ], [ 87.108628464604209, 21.782811111022575 ], [ 87.103837092098956, 21.784025214144108 ], [ 87.105708459508662, 21.781722504428078 ], [ 87.101575460932963, 21.777987489831695 ], [ 87.102204964408728, 21.771688307304775 ], [ 87.112594683023019, 21.765552707080158 ], [ 87.12207003371806, 21.753708749740632 ], [ 87.107181782550782, 21.755279105569517 ], [ 87.09496857870505, 21.747480200211193 ], [ 87.095998602963462, 21.733028375169031 ], [ 87.083421087940494, 21.738410924278583 ], [ 87.086304167064725, 21.732527758502027 ], [ 87.093662687926368, 21.732072018033609 ], [ 87.092803802269145, 21.72721168261036 ], [ 87.087888420546591, 21.729870678566996 ], [ 87.086469354617975, 21.725778634121479 ], [ 87.089933900672477, 21.722623623120075 ], [ 87.087584923335029, 21.715681506950663 ], [ 87.08130319172551, 21.721042464251983 ], [ 87.076194778984089, 21.715167708458523 ], [ 87.078547312476772, 21.71182822355005 ], [ 87.071465524681159, 21.712685224935157 ], [ 87.068977998281696, 21.707030443011529 ], [ 87.059657949370788, 21.707332211078526 ], [ 87.044742559605851, 21.716132364506187 ], [ 87.042374919387797, 21.736813794841716 ], [ 87.046104037711316, 21.740724889370657 ], [ 87.025810936422204, 21.74302414811147 ], [ 87.023547286903366, 21.738601926344025 ], [ 87.030668299296863, 21.732972044401784 ], [ 87.028259412137515, 21.727519933855465 ], [ 87.031086489056307, 21.721556414310882 ], [ 87.037419957371327, 21.722101714346987 ], [ 87.036136975128358, 21.714860546953581 ], [ 87.039316923253793, 21.710916097839679 ], [ 87.035153965695358, 21.708147840501805 ], [ 87.036499971504227, 21.697346336357558 ], [ 87.042831376495798, 21.694426549288821 ], [ 87.042815852615192, 21.690966185858993 ], [ 87.046567119148591, 21.692239096199323 ], [ 87.046541597478225, 21.688024320206811 ], [ 87.050843387316505, 21.688000470533822 ], [ 87.052606391992768, 21.684652487397063 ], [ 87.048858020625289, 21.677204346199975 ], [ 87.04096107823608, 21.678534616449522 ], [ 87.038339903653068, 21.672486362509364 ], [ 87.031854204841522, 21.67312017875965 ], [ 87.030546722732524, 21.661018145783064 ], [ 87.023660638846621, 21.662961769484898 ], [ 87.025247445839497, 21.672723778869997 ], [ 87.021840382290151, 21.673925907358125 ], [ 87.017876839033434, 21.670086537681058 ], [ 87.018379980648149, 21.674201891741447 ], [ 87.011058204175811, 21.677500287607643 ], [ 87.007375149476402, 21.673394119535875 ], [ 87.002271558650548, 21.676664910144119 ], [ 86.988884245524005, 21.671663722407807 ], [ 86.991291714106822, 21.660573486465132 ], [ 86.988779331001282, 21.65343573059544 ], [ 87.004523027259893, 21.652360888922697 ], [ 87.007852260246452, 21.648340212209902 ], [ 87.011833998171284, 21.648805276791173 ], [ 87.012509564466981, 21.637913585186844 ], [ 87.005464564707623, 21.632181279392114 ], [ 87.005015056762034, 21.627334030955268 ], [ 86.999135168447481, 21.627252789522203 ], [ 86.997642321717805, 21.622690111358615 ], [ 86.995120261061345, 21.626227250440966 ], [ 86.997584149062007, 21.634548513900342 ], [ 86.992820015919449, 21.636088838543465 ], [ 86.98693559597811, 21.628806294540279 ], [ 86.993197323758366, 21.626882219165321 ], [ 86.993443928900476, 21.622405396691089 ], [ 86.987960693072964, 21.618940174421166 ], [ 86.995342702647093, 21.620119610582755 ], [ 87.001120805668293, 21.615168500221028 ], [ 86.996801939235311, 21.610669047492305 ], [ 87.007028526201864, 21.601457748333893 ], [ 87.006361784504378, 21.598742756852342 ], [ 86.989682414480868, 21.593271860344842 ], [ 86.991841339614851, 21.597423567290235 ], [ 86.974439360272427, 21.584908310551747 ], [ 86.970000404113406, 21.58557616079176 ], [ 86.969357327258663, 21.588797028208148 ], [ 86.963285935373548, 21.58821755894099 ], [ 86.960317427910439, 21.580722328854488 ], [ 86.958254009784554, 21.584367455679544 ], [ 86.962743607388461, 21.593493885880918 ], [ 86.958385541300856, 21.597350802720218 ], [ 86.958043254800572, 21.595001614495096 ], [ 86.955366851516473, 21.596207092373259 ], [ 86.952992070858912, 21.59066345993844 ], [ 86.956249263959151, 21.585306582798335 ], [ 86.952291112120776, 21.583861700046171 ], [ 86.956223947182195, 21.573113809209914 ], [ 86.9289167811543, 21.583562434915219 ], [ 86.924372931654915, 21.59058063899732 ], [ 86.920315058026873, 21.591446106778111 ], [ 86.917045325808104, 21.5823372171334 ], [ 86.910134508926987, 21.580942239263678 ], [ 86.908976350626446, 21.587035727434273 ], [ 86.912088621252479, 21.592264151798695 ], [ 86.90433236354913, 21.597508036775377 ], [ 86.902158100775637, 21.593012401643943 ], [ 86.901967163524404, 21.598671451615022 ], [ 86.906736787077136, 21.59960217781817 ], [ 86.899427014247635, 21.608289582060095 ], [ 86.899709142399729, 21.612481984416473 ], [ 86.888804620144711, 21.613843852210064 ], [ 86.88859885304241, 21.623890603188958 ], [ 86.88335683364258, 21.623909595712629 ], [ 86.876847714508912, 21.631507585361586 ], [ 86.878877735035772, 21.63604034197764 ], [ 86.874942645482719, 21.638422654239143 ], [ 86.873318599820252, 21.622429552253717 ], [ 86.885979535258443, 21.61250024494279 ], [ 86.879085284037558, 21.613064580185306 ], [ 86.875571863598054, 21.603286140469585 ], [ 86.871618725369714, 21.605171449522011 ], [ 86.864038795262658, 21.590230591825357 ], [ 86.862858738596998, 21.59693358858522 ], [ 86.85453404409698, 21.603612409767255 ], [ 86.850700889300668, 21.601282507270099 ], [ 86.847180537075957, 21.604793918164688 ], [ 86.844558568651138, 21.599239494998457 ], [ 86.836376397164273, 21.602895335055177 ], [ 86.83589917036673, 21.606287497451628 ], [ 86.832874129887685, 21.607151843559731 ], [ 86.831486493305832, 21.604019826747656 ], [ 86.8301088610786, 21.60891989686132 ], [ 86.829663232999494, 21.605811412241209 ], [ 86.820597022189773, 21.604943562347767 ], [ 86.80735535845659, 21.609134532778569 ], [ 86.799091950947002, 21.607575264153272 ], [ 86.792591415253213, 21.602995599900154 ], [ 86.79598527960178, 21.601025656568076 ], [ 86.79477334174004, 21.597220446820142 ], [ 86.776329118643957, 21.601416007090393 ], [ 86.77415071026833, 21.604412668291108 ], [ 86.765407423406586, 21.601274480123497 ], [ 86.753422425508049, 21.607193108996395 ], [ 86.740121354563854, 21.605605304770393 ], [ 86.735249498851459, 21.604328216856175 ], [ 86.734582814519726, 21.599059789426949 ], [ 86.7223711939845, 21.599143769471354 ], [ 86.713113651825239, 21.595428267540303 ], [ 86.707300620854966, 21.586866587675956 ], [ 86.69541652248617, 21.587884289420156 ], [ 86.69353492740936, 21.584569536525485 ], [ 86.682945307484303, 21.596710704357264 ], [ 86.675886803626923, 21.586447005740666 ], [ 86.664107231946559, 21.577673349505741 ], [ 86.64933810852007, 21.579576380787731 ], [ 86.650021908303756, 21.57036673009474 ], [ 86.646234419712556, 21.562882339255783 ], [ 86.648615106573601, 21.558930079926338 ], [ 86.642961494852429, 21.556428944025782 ], [ 86.63995010213965, 21.549777279715915 ], [ 86.637826690361791, 21.533695013516496 ], [ 86.625910078245411, 21.533853935472138 ], [ 86.626986288990921, 21.5283766548797 ], [ 86.623301813930112, 21.528621356532334 ], [ 86.623703837884676, 21.524371322813344 ], [ 86.620131184001878, 21.526210875285809 ], [ 86.611364875227039, 21.518425162722107 ], [ 86.582472957222961, 21.522705710385996 ], [ 86.567561865401387, 21.495815978515491 ], [ 86.559708933901135, 21.473144889570364 ], [ 86.531949231555387, 21.425992907337132 ], [ 86.48065688788526, 21.377170483251707 ], [ 86.435653980552942, 21.353005803480062 ], [ 86.434122447741373, 21.341191969014293 ], [ 86.404610652402752, 21.320201228777446 ], [ 86.393629151080006, 21.319940636630253 ], [ 86.382688434633195, 21.309935311715964 ], [ 86.3703349738676, 21.307147434164413 ], [ 86.357961994179888, 21.299339360005561 ], [ 86.359872976294497, 21.311846651416637 ], [ 86.354306497050743, 21.321406623704551 ], [ 86.327572573133025, 21.341657423020987 ], [ 86.295286378092982, 21.356708144741198 ], [ 86.282620984800474, 21.376950958878197 ], [ 86.265787195075916, 21.380198402333171 ], [ 86.267739234106656, 21.368818960724511 ], [ 86.265089004612477, 21.362573430095427 ], [ 86.250450837324266, 21.350659716614256 ], [ 86.236936026096302, 21.330848760751415 ], [ 86.224306061310912, 21.324023975881001 ], [ 86.216357139490512, 21.297474816984806 ], [ 86.205788997590034, 21.286186393914939 ], [ 86.206383830881819, 21.281324010443047 ], [ 86.18484975509601, 21.272493664935268 ], [ 86.158596606364569, 21.284687729986633 ], [ 86.159243826557017, 21.292076504303751 ], [ 86.154853221801417, 21.29200482796147 ], [ 86.142883449221017, 21.278979668950065 ], [ 86.135218293383957, 21.281795507304626 ], [ 86.135176815231674, 21.265799546635769 ], [ 86.131081762541115, 21.26478458566919 ], [ 86.113745551443529, 21.273932143191871 ], [ 86.114030921945314, 21.283402179728988 ], [ 86.105137187524093, 21.298772469473857 ], [ 86.10571293811806, 21.304796891694583 ], [ 86.096470640115925, 21.305845207855725 ], [ 86.09249445929423, 21.308082600175418 ], [ 86.091724631396275, 21.313327429732151 ], [ 86.089014982489573, 21.312626198592696 ], [ 86.096332754425077, 21.318913117772556 ], [ 86.096122494386364, 21.323334362198633 ], [ 86.101240932478774, 21.322783591532438 ], [ 86.1046317808852, 21.326478716713908 ], [ 86.108560028357743, 21.341799487059468 ], [ 86.104425436009478, 21.350938446096304 ], [ 86.124731213228387, 21.360558794804959 ], [ 86.119777262468801, 21.371328913117015 ], [ 86.135043675214433, 21.39954181872351 ], [ 86.153464306130786, 21.412189254153823 ], [ 86.16126325764715, 21.423417574109905 ], [ 86.150961483536662, 21.440418316470591 ], [ 86.134874128065491, 21.455355524476904 ], [ 86.134830778322296, 21.462691246095094 ], [ 86.126369264460308, 21.473588014360626 ], [ 86.091117114304907, 21.496690509514419 ], [ 86.067573310649607, 21.504149511787652 ], [ 86.00628707240071, 21.533888482970632 ], [ 86.018710372081642, 21.551637403487565 ], [ 86.01574781221376, 21.561345117812621 ], [ 86.027041790839235, 21.57227040733493 ], [ 86.045953616642464, 21.577289831574539 ], [ 86.047770367702256, 21.586013625794717 ], [ 86.051172615200215, 21.587898593170618 ], [ 86.050297164636476, 21.594759520039087 ], [ 86.068378900984527, 21.608561961423511 ], [ 86.065674585142659, 21.613718823904332 ], [ 86.079132591116377, 21.630479906855374 ], [ 86.081043169465843, 21.636985929518666 ], [ 86.072628120654855, 21.645151089622534 ], [ 86.072148982403931, 21.664178593644333 ], [ 86.082082186515166, 21.691932544804931 ], [ 86.072968654402814, 21.695427714610354 ], [ 86.07088364562081, 21.689706263970603 ], [ 86.064982364075888, 21.688209588564124 ], [ 86.056770161666691, 21.694288061701418 ], [ 86.05609103534475, 21.705793766065913 ], [ 86.051084977526443, 21.710720373570126 ], [ 86.049949943117454, 21.717941106271308 ], [ 86.038997159284932, 21.704697130947345 ], [ 86.033722900598221, 21.691788563544296 ], [ 86.024120491570429, 21.695951296683965 ], [ 86.023476815767722, 21.707529177003142 ], [ 86.027570848648864, 21.724789774293278 ], [ 86.018736151297631, 21.731603475994369 ], [ 86.019091011104948, 21.73985811597062 ], [ 86.012865926003059, 21.75159205947541 ], [ 86.009829191119394, 21.751650614166195 ], [ 86.009288596436988, 21.747270836995671 ], [ 86.005376576030415, 21.745259656176749 ], [ 86.001947414274056, 21.749638496568746 ], [ 85.995608317253399, 21.742743466518306 ], [ 85.992890374631912, 21.748400257836025 ], [ 85.983789259938945, 21.745905346331831 ], [ 85.976771967332752, 21.739348837007228 ], [ 85.975271424744889, 21.743680293922509 ], [ 85.97047110565633, 21.738858084952703 ], [ 85.968472879515247, 21.742459069018345 ], [ 85.965882058046162, 21.739674141810703 ], [ 85.956763712345236, 21.748398014394208 ], [ 85.951614916623939, 21.747678914714147 ], [ 85.952057154821205, 21.75203146026816 ], [ 85.948182997869026, 21.750882181009842 ], [ 85.936253349478093, 21.763588608515299 ], [ 85.920102745694891, 21.763642043426024 ], [ 85.917473148476333, 21.760304987446357 ], [ 85.909450707988171, 21.770640970254608 ], [ 85.900249702909335, 21.767318903640216 ], [ 85.901757588249978, 21.771240340737634 ], [ 85.893234453292166, 21.781680673809973 ], [ 85.885119622584824, 21.782945039783748 ], [ 85.882700732646626, 21.790548504801482 ], [ 85.873233416671681, 21.795867836578001 ], [ 85.863747044991754, 21.796132678360753 ], [ 85.855394087499008, 21.802294474012193 ], [ 85.845792659624365, 21.803587282497354 ], [ 85.838353653246529, 21.810816069389389 ], [ 85.830975523611414, 21.809264453108433 ], [ 85.825345616262368, 21.803330208454245 ], [ 85.823877032076979, 21.807262833742833 ], [ 85.809428135404005, 21.811540744477103 ], [ 85.805527728045917, 21.831001856620539 ], [ 85.80935910187165, 21.83917322926046 ], [ 85.809126088708155, 21.852116289760968 ], [ 85.800212288344483, 21.876653787969641 ], [ 85.804852837139649, 21.888286094593187 ], [ 85.787827640757442, 21.903748586953427 ], [ 85.794380454422907, 21.932549336216237 ], [ 85.793767302642564, 21.951302174628953 ], [ 85.784687498087564, 21.961203465643276 ], [ 85.77561087004932, 21.9592887690638 ], [ 85.764826951335564, 21.974003934436901 ], [ 85.746736926763077, 21.977222576423284 ], [ 85.746185610108981, 21.9870646279022 ], [ 85.737188317608997, 21.99303390281796 ], [ 85.705433006161257, 21.985103858812067 ], [ 85.697073780007287, 21.992621069088162 ], [ 85.702112256096072, 22.005180600590592 ], [ 85.694265172579748, 22.010050235218326 ], [ 85.685057076092662, 22.008034569048007 ], [ 85.674935895503381, 22.014659932187055 ], [ 85.669116082737389, 22.014951505518074 ], [ 85.662151764515144, 22.033958441043058 ], [ 85.67368013571641, 22.04236235847786 ], [ 85.673195107997358, 22.051775085706506 ], [ 85.677324157161877, 22.056957899316359 ], [ 85.686288268955423, 22.054129864364874 ], [ 85.693076334676519, 22.062526006170771 ], [ 85.709167541077889, 22.058227656079662 ], [ 85.713368470589728, 22.062483599571728 ], [ 85.730204918426821, 22.065279835669465 ], [ 85.749392292307121, 22.073566311464937 ], [ 85.757050555293489, 22.078308275987439 ], [ 85.757397851616204, 22.084584294781148 ], [ 85.76729497347003, 22.092784366518938 ], [ 85.780992744109625, 22.096500300489421 ], [ 85.790168705642785, 22.104842721083735 ], [ 85.797318482485636, 22.104750984265152 ], [ 85.797549259146336, 22.108402020443989 ], [ 85.807425440507927, 22.11611185181598 ], [ 85.821043586615048, 22.106495672343168 ], [ 85.813317940785055, 22.094294787352048 ], [ 85.819755631398934, 22.096432562551371 ], [ 85.832684976936591, 22.093043165261765 ], [ 85.835863258990997, 22.08015749773822 ], [ 85.816112647343289, 22.073570582210557 ], [ 85.793437359804045, 22.081810114365815 ], [ 85.77494223132183, 22.056285340299379 ], [ 85.783757486638137, 22.040181944701768 ], [ 85.779589217495001, 22.029672597455654 ], [ 85.767159292485388, 22.023486745348404 ], [ 85.760799509721565, 22.014536730029135 ], [ 85.758566925465189, 22.009492959579845 ], [ 85.762993437337471, 21.996143972852941 ], [ 85.782751743827262, 21.984946232536778 ], [ 85.80536840680179, 21.989421280421926 ], [ 85.816992463558293, 21.985774811278784 ], [ 85.824370697514127, 21.975448685251084 ], [ 85.853208355153001, 21.983764591297387 ], [ 85.882075310244019, 21.980138183907986 ], [ 85.895766305525356, 21.984413328421642 ], [ 85.905869336607907, 21.970388906750518 ], [ 85.911078207568565, 21.973124531408118 ], [ 85.9065599997774, 21.976947242735044 ], [ 85.911891337173046, 21.980166951691732 ], [ 85.909518066090527, 21.987820555236247 ], [ 85.916153469835322, 22.008776843357609 ], [ 85.922954742828878, 22.011238101394017 ], [ 85.930880347723516, 22.023340553401937 ], [ 85.943594212244975, 22.020356166320983 ], [ 85.980437788021376, 22.075210478878699 ], [ 85.986416477816746, 22.088969460508157 ], [ 86.007384304606461, 22.11709286606785 ], [ 85.997166119309554, 22.128024127789221 ], [ 85.996761515320031, 22.132448019730074 ], [ 86.003513130223695, 22.13956707449368 ], [ 86.005513681035424, 22.150862029552012 ], [ 86.015261837147804, 22.161657409519222 ], [ 86.017229187894102, 22.171619599715097 ], [ 86.031432029005117, 22.190850991620458 ], [ 86.018367345948121, 22.205330093841596 ], [ 86.002863365521975, 22.213831102606708 ], [ 85.985674435132722, 22.237139193710878 ], [ 85.973875883031027, 22.247078536080565 ], [ 85.98970351469238, 22.254408821789596 ], [ 85.988322541076514, 22.266974539789469 ], [ 86.004097016383213, 22.280179317200972 ], [ 86.014250972355384, 22.297287099909589 ], [ 86.047205886588813, 22.308956291867936 ], [ 86.047164700097824, 22.311449248645104 ], [ 86.040672631180612, 22.312458841965821 ], [ 86.028914788531154, 22.307687034914455 ], [ 86.016048490326753, 22.314370898457266 ], [ 86.013703326661343, 22.313069412464497 ], [ 86.013057813738371, 22.317889245191154 ], [ 86.010489967800211, 22.317873595030331 ], [ 86.011934407098977, 22.322317729951958 ], [ 86.02671191518094, 22.334863999262147 ], [ 86.010752492391077, 22.341226118407967 ], [ 86.00338290224478, 22.335684241040767 ], [ 85.998024448262939, 22.341599560651456 ], [ 85.998212731711618, 22.345146255345533 ], [ 86.010800633766138, 22.352292106423572 ], [ 86.02175954279474, 22.364820011969176 ], [ 86.021063373783917, 22.376184103574822 ], [ 86.024750028292928, 22.375393375923757 ], [ 86.027195275527589, 22.386211819676763 ], [ 86.02339021239618, 22.39000993473535 ], [ 86.024371677449963, 22.396221663833739 ], [ 86.018329318614576, 22.40246766828179 ], [ 86.015001482368859, 22.42872938740631 ], [ 86.010686765422562, 22.430188966336203 ], [ 86.002746522061571, 22.426368807428283 ], [ 85.98461318992878, 22.435446992959388 ], [ 85.965636424011421, 22.451152409213591 ], [ 85.967884660104289, 22.461193450949946 ], [ 85.960346446972167, 22.461388939757057 ], [ 85.957123369167974, 22.464818738429383 ], [ 85.962598851473672, 22.472794044520807 ], [ 85.962740302204963, 22.485120456994032 ], [ 85.968388784106921, 22.486294861399848 ], [ 85.972329393281598, 22.491694661877574 ], [ 85.973403410236727, 22.505854958987289 ], [ 85.985137141756653, 22.515478346214049 ], [ 86.001025983918581, 22.514575105086156 ], [ 86.020910895529369, 22.527316406849664 ], [ 86.026529752827187, 22.524021805191126 ], [ 86.033836780670356, 22.534489984603599 ], [ 86.024027118661607, 22.544624570494381 ], [ 86.045443604786698, 22.567507353938513 ], [ 86.064865225338522, 22.55548556386541 ], [ 86.075463819399999, 22.544106964587822 ], [ 86.094874812741708, 22.519499141859278 ], [ 86.102749759160488, 22.50024303750925 ], [ 86.116631474856433, 22.487003814653757 ], [ 86.133729413870029, 22.487128226171947 ], [ 86.150331195429175, 22.483350331120338 ], [ 86.150277665918679, 22.48020756170542 ], [ 86.170556718246957, 22.481382505817315 ], [ 86.200288151080073, 22.471803739453915 ], [ 86.207932914632607, 22.473485549595406 ], [ 86.213876102771266, 22.466442963979055 ], [ 86.222577818510089, 22.467253141915389 ], [ 86.217398665831311, 22.462612597498641 ], [ 86.224666478841513, 22.452516995996163 ], [ 86.237245956555157, 22.452587873499731 ], [ 86.268463015184579, 22.44217217912394 ], [ 86.281300840496868, 22.448661737130681 ], [ 86.2930270450574, 22.42668361606971 ], [ 86.302643271953841, 22.422201068948468 ], [ 86.307453109126357, 22.415306513475677 ], [ 86.306436934424241, 22.409606446723526 ], [ 86.320817024149676, 22.397408826335532 ], [ 86.321156954005701, 22.385418042451231 ], [ 86.350163793047074, 22.364294333527504 ], [ 86.357606040646289, 22.354228805544178 ], [ 86.357548806296961, 22.349765894643841 ], [ 86.377076015220524, 22.341630444112013 ], [ 86.408282111107781, 22.32096503361667 ], [ 86.426807299717296, 22.317580635661304 ], [ 86.430343732502209, 22.307461576608599 ], [ 86.439388324243581, 22.303576882774827 ], [ 86.442292863349834, 22.306812003939896 ], [ 86.445268574648225, 22.328923673755696 ], [ 86.452919684867794, 22.32532256282639 ], [ 86.461946937547339, 22.326107107208919 ], [ 86.462282281871964, 22.329816643886748 ], [ 86.468188788515462, 22.330396234518755 ], [ 86.471470004358324, 22.335782151613724 ], [ 86.483463774178617, 22.338133511382331 ], [ 86.487259799868582, 22.347680878969104 ], [ 86.496778725234776, 22.347231931533781 ], [ 86.507481306154276, 22.33465342976476 ], [ 86.508184862785953, 22.327862025860739 ], [ 86.527090751778132, 22.323500664548892 ], [ 86.527826523670086, 22.315489656650499 ], [ 86.523188031648885, 22.31473078051334 ], [ 86.525450104670668, 22.307605071240939 ], [ 86.532763526152777, 22.300959197575416 ], [ 86.540739405811536, 22.30824080651303 ], [ 86.554071570123867, 22.298471558942019 ], [ 86.568867484052603, 22.30143857745799 ], [ 86.571980503086678, 22.296175447327258 ], [ 86.576855789109771, 22.29556488247249 ], [ 86.576809933025416, 22.30112070990246 ], [ 86.58225478984518, 22.301645244244206 ], [ 86.592723767211012, 22.285442137887372 ], [ 86.593083441104326, 22.278559061272652 ], [ 86.610479444010537, 22.283349145135912 ], [ 86.621771342825227, 22.277038410265959 ], [ 86.627309585416654, 22.269512234856265 ], [ 86.63218211558781, 22.273231853849747 ], [ 86.638001801310864, 22.271103838792154 ], [ 86.639709895671757, 22.265506467568144 ], [ 86.644132676485697, 22.268673650866344 ], [ 86.643507083417717, 22.264661117623369 ], [ 86.649513024396384, 22.263531364132795 ], [ 86.654659412338901, 22.250731938154281 ], [ 86.651296336717948, 22.244382587140482 ], [ 86.654253523214123, 22.236267985010176 ], [ 86.660820676101025, 22.236722862972542 ], [ 86.669586674719, 22.242536526250355 ], [ 86.675305537675101, 22.229250694317127 ], [ 86.68433814353881, 22.222411500212971 ], [ 86.707937170106504, 22.223304519158383 ], [ 86.724961979317854, 22.218020086382904 ], [ 86.718886479986111, 22.199051018058654 ], [ 86.721222074216612, 22.189386730952677 ], [ 86.716366669072102, 22.18631907068518 ], [ 86.719710716103677, 22.147281480360817 ], [ 86.764985058629875, 22.149506498927924 ], [ 86.793845300856248, 22.157484373212966 ], [ 86.802007192065744, 22.150706159818807 ], [ 86.803743796681289, 22.138709530405094 ], [ 86.799410495097987, 22.130372034915105 ], [ 86.809967606094006, 22.127410092912612 ], [ 86.806414139216713, 22.119705271219104 ], [ 86.818918437235652, 22.116644123444974 ], [ 86.824621354834704, 22.118921867410496 ], [ 86.834647473522367, 22.104263142549261 ], [ 86.833738197724827, 22.098699813082789 ], [ 86.843633166607646, 22.096308949784085 ], [ 86.85015365383687, 22.103778675299296 ], [ 86.905851447039197, 22.091934265411165 ], [ 86.934292150372087, 22.090477180964808 ], [ 86.947318521278305, 22.085803127212678 ], [ 86.957959663922821, 22.088552598239591 ], [ 86.964707092116754, 22.085740498027675 ], [ 86.971029737318105, 22.078336180042257 ], [ 86.971747642234888, 22.072388905364388 ], [ 86.99314165158502, 22.055247880570878 ], [ 87.014399681967717, 22.047679994626311 ], [ 87.026695644221746, 22.03708565732672 ], [ 87.022339820708112, 22.019486129269147 ], [ 87.030999201315964, 21.997052184232022 ], [ 87.030353443053002, 21.985343132390909 ], [ 87.021226724604205, 21.972671475679572 ], [ 87.012840838491684, 21.949600660899044 ], [ 87.009429827387194, 21.947886843200227 ], [ 86.9997218338209, 21.913245487498479 ], [ 87.004684576747067, 21.910133521011847 ], [ 87.009382126647168, 21.899782747813838 ], [ 87.022926158919816, 21.892314074170358 ], [ 87.027478120283149, 21.879741060662646 ], [ 87.026082809401714, 21.875676214349376 ], [ 87.033459271336653, 21.870135431168993 ], [ 87.061311793836452, 21.865872616061807 ], [ 87.097849519743178, 21.866937426991793 ] ] ] } },
{ "type": "Feature", "properties": { "District": "NABARANGAPUR", "STATE": "ODISHA", "REMARKS": null, "State_LGD": 21, "DISTRICT_L": "366", "Shape_Leng": 557230.08014500001, "Shape_Area": 5275175542.9899998 }, "geometry": { "type": "Polygon", "coordinates": [ [ [ 81.946381492031662, 20.105133218622466 ], [ 81.983861005734994, 20.07324324637106 ], [ 81.987058076200796, 20.061861805915349 ], [ 81.995344839262188, 20.053566301113726 ], [ 82.005748842223298, 20.055610993906047 ], [ 82.017676390952332, 20.049001911659037 ], [ 82.022720078597089, 20.032145342904293 ], [ 82.02154657141682, 20.0237091519333 ], [ 82.032561377361418, 20.01572088221285 ], [ 82.04000025958058, 20.022596587421326 ], [ 82.038044031615641, 20.03011569002523 ], [ 82.042973374536501, 20.034905670496695 ], [ 82.048153941296306, 20.034817647627715 ], [ 82.059089063063865, 20.044982048166148 ], [ 82.063539755735889, 20.054531592331134 ], [ 82.070469354055803, 20.056947942344106 ], [ 82.085433676800321, 20.050715346398885 ], [ 82.084593868850845, 20.046046443441053 ], [ 82.08945845043381, 20.03906260952931 ], [ 82.102278556074708, 20.040040306878286 ], [ 82.103197317447083, 20.031066027219993 ], [ 82.126785995179191, 20.014796341091493 ], [ 82.139807740972003, 20.018727331719507 ], [ 82.153467619393297, 20.007560649885043 ], [ 82.160582786204486, 20.009119860405551 ], [ 82.171234896844354, 20.00551089421322 ], [ 82.171251950023176, 20.000775455552528 ], [ 82.18347258951674, 19.989593220244192 ], [ 82.184253714389058, 19.984189722972449 ], [ 82.193103632210637, 19.987097972957809 ], [ 82.210104523846425, 19.986250312179987 ], [ 82.216712974180609, 19.99705904257754 ], [ 82.237123512750287, 20.003327552565381 ], [ 82.256246424611945, 19.983447157468763 ], [ 82.269169457734733, 19.975261214469402 ], [ 82.274874656547667, 19.963040948309192 ], [ 82.27581380504526, 19.948588673513687 ], [ 82.301588523015539, 19.902711539681512 ], [ 82.303119820726977, 19.889385562085756 ], [ 82.326341371249455, 19.861612487054384 ], [ 82.330702188100588, 19.844853394729562 ], [ 82.343952758201311, 19.835089010064902 ], [ 82.364456146372845, 19.851014081357615 ], [ 82.364628271210947, 19.854695008376869 ], [ 82.36040843194256, 19.857307438340666 ], [ 82.360847627705823, 19.862796826546692 ], [ 82.375199988569847, 19.859640016505889 ], [ 82.394870553789403, 19.888015077000343 ], [ 82.418575003217484, 19.899848271051859 ], [ 82.418021401365621, 19.904072677922926 ], [ 82.43710959886532, 19.904941940510358 ], [ 82.445990996101543, 19.91019177180674 ], [ 82.464215840870352, 19.900847341015538 ], [ 82.472278704144657, 19.901579269292455 ], [ 82.472898355189074, 19.907034216051816 ], [ 82.484174928872548, 19.90790824683647 ], [ 82.49161277032097, 19.903446535599624 ], [ 82.497338598740924, 19.904130399718266 ], [ 82.504901403372955, 19.899722851492442 ], [ 82.502874657483986, 19.894472933917061 ], [ 82.505471927690166, 19.889856996567239 ], [ 82.511801903180441, 19.888131986426057 ], [ 82.51912076963761, 19.89097421812307 ], [ 82.523300093716742, 19.883083146126548 ], [ 82.531418866612057, 19.878238864165613 ], [ 82.534911482675426, 19.886890845255618 ], [ 82.548388020946902, 19.875702653785726 ], [ 82.555956645358449, 19.880664150280069 ], [ 82.56103726259748, 19.874327439101922 ], [ 82.573020185037876, 19.877551013933896 ], [ 82.582894775743114, 19.869418607111051 ], [ 82.596160853413608, 19.872981633069912 ], [ 82.603429631025023, 19.866989987828759 ], [ 82.595888102389964, 19.858141032665412 ], [ 82.596870704784365, 19.855200661184732 ], [ 82.587716036734548, 19.848678566105939 ], [ 82.588632423813976, 19.843380906403493 ], [ 82.583903575183541, 19.843576550125992 ], [ 82.575787953664275, 19.833394533901117 ], [ 82.576039776922698, 19.828920375595544 ], [ 82.579399604133144, 19.830318073334688 ], [ 82.576195900491157, 19.814739790832078 ], [ 82.578584397836025, 19.811077899244577 ], [ 82.57599313994217, 19.808218867421687 ], [ 82.584688274103954, 19.802351002732383 ], [ 82.581769247200299, 19.783206333664669 ], [ 82.583476968375749, 19.778795972944156 ], [ 82.594889683597941, 19.775292814411184 ], [ 82.595548530227504, 19.759983264940882 ], [ 82.599659262810221, 19.757389804693258 ], [ 82.602189601932537, 19.747041243318819 ], [ 82.592979413786125, 19.747267984186973 ], [ 82.572679633121538, 19.733665595044847 ], [ 82.567542911385345, 19.735246538089232 ], [ 82.562411480276168, 19.726591285790622 ], [ 82.563976950123362, 19.72078173353556 ], [ 82.567971088149761, 19.719974419222272 ], [ 82.567939355978467, 19.715249721448401 ], [ 82.573068517302175, 19.71393547201189 ], [ 82.56822385503483, 19.708715608795195 ], [ 82.5675749688248, 19.683718468536632 ], [ 82.576936111553877, 19.680759324796782 ], [ 82.568062543183629, 19.671093452396704 ], [ 82.555719930497119, 19.645249068100419 ], [ 82.53646173128287, 19.639682323447065 ], [ 82.524514724929617, 19.632217453643701 ], [ 82.539696309295707, 19.618382798480962 ], [ 82.53808747920975, 19.615645533122755 ], [ 82.547397268345591, 19.612119105513557 ], [ 82.540454625512581, 19.594891300668632 ], [ 82.536728779218294, 19.597059872521307 ], [ 82.536583558892602, 19.592313301838857 ], [ 82.529279376425421, 19.585021266946836 ], [ 82.535662565737127, 19.578127621138027 ], [ 82.558172350929269, 19.582103975438216 ], [ 82.558794380945869, 19.574432823378753 ], [ 82.567869634937594, 19.56618265799305 ], [ 82.564596872173411, 19.559385453731661 ], [ 82.567002686379539, 19.556848610021753 ], [ 82.566165476168024, 19.544645482307242 ], [ 82.571915762628379, 19.542576318188178 ], [ 82.580178366364692, 19.546538111576002 ], [ 82.58799534532119, 19.540457127037122 ], [ 82.604451792527129, 19.541811419340839 ], [ 82.616086047330285, 19.538798645245318 ], [ 82.613812936838897, 19.525344489977286 ], [ 82.606969080785504, 19.520770550332792 ], [ 82.623584927711747, 19.519659852076998 ], [ 82.627950287482449, 19.514096290136912 ], [ 82.64107780145109, 19.51250035560987 ], [ 82.646546313171569, 19.507757533956671 ], [ 82.642991849732368, 19.505807099432388 ], [ 82.638652741481408, 19.494029498370704 ], [ 82.633751518475677, 19.492154010313712 ], [ 82.633180565333845, 19.481769500038045 ], [ 82.642878003310585, 19.482729675185631 ], [ 82.649021385213061, 19.477461055588449 ], [ 82.649640168240992, 19.45954055859908 ], [ 82.65415135391676, 19.456382483546214 ], [ 82.660183036763698, 19.457122364591747 ], [ 82.663611661869439, 19.444497179068687 ], [ 82.674062279197102, 19.442034155230704 ], [ 82.673919446216075, 19.434130563179199 ], [ 82.682509033741383, 19.437362025183933 ], [ 82.689635331133388, 19.420148923031512 ], [ 82.696676705368063, 19.415999820544378 ], [ 82.708279391871727, 19.41922914895018 ], [ 82.706993146905504, 19.414597712968177 ], [ 82.71155074712857, 19.413818539542543 ], [ 82.715512211340538, 19.404340524625823 ], [ 82.706128778275996, 19.400178406914868 ], [ 82.711518685134038, 19.391202154371236 ], [ 82.706808644305497, 19.389602094915212 ], [ 82.708498137987249, 19.378618638696583 ], [ 82.713413504822469, 19.377108873917908 ], [ 82.716963673149053, 19.369785083959361 ], [ 82.711677959317797, 19.368172506383928 ], [ 82.711862143471336, 19.363468487007751 ], [ 82.71695428217707, 19.352976920719058 ], [ 82.724981813847165, 19.354242623237326 ], [ 82.725651148030309, 19.345035163853581 ], [ 82.732262006463841, 19.344665125027422 ], [ 82.741392623948812, 19.349461074436668 ], [ 82.7481879027372, 19.33735802381636 ], [ 82.756363417837576, 19.33295247433086 ], [ 82.756778701212838, 19.32683659467439 ], [ 82.772957960085222, 19.331815775261187 ], [ 82.76896429373744, 19.334596607511937 ], [ 82.771988883159963, 19.340344221447815 ], [ 82.777763707211705, 19.34016149163244 ], [ 82.779713023007872, 19.343060419284257 ], [ 82.786021443319015, 19.342054640253689 ], [ 82.789975767800925, 19.332882570670577 ], [ 82.798749828395898, 19.32895679841398 ], [ 82.813100129104185, 19.329356658751145 ], [ 82.822523411994652, 19.322247962936899 ], [ 82.848115547636866, 19.323878405956428 ], [ 82.848707888523592, 19.32028151697877 ], [ 82.843801818381195, 19.317246544072702 ], [ 82.852991925221488, 19.307803200942331 ], [ 82.841314557477446, 19.307993692709609 ], [ 82.843741082647838, 19.301221009312744 ], [ 82.839106991791979, 19.301177428931677 ], [ 82.836081153706147, 19.293050424899835 ], [ 82.831406097397448, 19.29102422190936 ], [ 82.830735130944774, 19.284872944088619 ], [ 82.825996676976473, 19.282383556074233 ], [ 82.830001179081123, 19.275897604223157 ], [ 82.824574428032591, 19.256176763794301 ], [ 82.816812413848737, 19.256602209989207 ], [ 82.803905413705792, 19.23710353965701 ], [ 82.798669177149492, 19.236193320910452 ], [ 82.813760684765782, 19.230777634527534 ], [ 82.821501992475532, 19.234196787309624 ], [ 82.823902414526827, 19.239267702015201 ], [ 82.83330757165082, 19.237019431521752 ], [ 82.833135036824359, 19.23432005085979 ], [ 82.836163746620926, 19.236408119293799 ], [ 82.846621812805438, 19.224161528076877 ], [ 82.845783301271524, 19.211676271668207 ], [ 82.850302672747944, 19.20678380340502 ], [ 82.856423078903703, 19.205638218038811 ], [ 82.854041092549807, 19.193326735750599 ], [ 82.842615596658604, 19.200474629243846 ], [ 82.83302930466327, 19.189621761966716 ], [ 82.835700997472387, 19.182304773944249 ], [ 82.823111292602178, 19.172258142769799 ], [ 82.827203576222672, 19.156679147981805 ], [ 82.8227892468758, 19.147711689501094 ], [ 82.815420077401868, 19.155766036038667 ], [ 82.817456821168719, 19.170295047554628 ], [ 82.809590384882597, 19.164265897475953 ], [ 82.803209225694332, 19.151396512612173 ], [ 82.792014460736695, 19.155237112681061 ], [ 82.795393192469277, 19.163068147420908 ], [ 82.793500383603316, 19.170449470176891 ], [ 82.789491886461448, 19.169458708244328 ], [ 82.788267277647378, 19.173151924559686 ], [ 82.779260097964396, 19.165285046497264 ], [ 82.761425788407763, 19.170737423729165 ], [ 82.761188972658346, 19.164564901017901 ], [ 82.74968533674803, 19.173103696458661 ], [ 82.739747031856567, 19.168310650723168 ], [ 82.741164986586142, 19.159832201106283 ], [ 82.73632070424641, 19.157054884999138 ], [ 82.731697119765727, 19.160843240242293 ], [ 82.722983656537565, 19.161259378622205 ], [ 82.726119253468227, 19.165661250057063 ], [ 82.721237576072141, 19.172107971673654 ], [ 82.725061270462206, 19.174082203286247 ], [ 82.708259795947598, 19.179032071941457 ], [ 82.707324889428847, 19.187031556363518 ], [ 82.701645589904416, 19.190937570764593 ], [ 82.693298661726956, 19.190644328299637 ], [ 82.685691841687259, 19.185998444046966 ], [ 82.679516517683638, 19.197293916243797 ], [ 82.668561861838199, 19.184086244439765 ], [ 82.653793125043634, 19.188660445834262 ], [ 82.643038650392853, 19.177143148151089 ], [ 82.636932639802694, 19.175544387860452 ], [ 82.640456782343705, 19.17038118270267 ], [ 82.641993543959657, 19.15323333083165 ], [ 82.637381347469471, 19.149423850694411 ], [ 82.638456607133165, 19.154638262600717 ], [ 82.634142550037168, 19.161606159133829 ], [ 82.626215227124902, 19.162277424326032 ], [ 82.623748564145387, 19.159417103993512 ], [ 82.629962932932187, 19.153751543688781 ], [ 82.625336045970172, 19.151145381944648 ], [ 82.615209458840411, 19.159266577138329 ], [ 82.615856180435983, 19.181712027328281 ], [ 82.605303044766899, 19.181357535031108 ], [ 82.597956176548053, 19.191563059260531 ], [ 82.590458467194509, 19.192586006572206 ], [ 82.588057618675592, 19.202522453532222 ], [ 82.583194285729462, 19.195169471306901 ], [ 82.579716140576096, 19.194914962384885 ], [ 82.575956341836715, 19.210017343567522 ], [ 82.572739735997558, 19.211296296819071 ], [ 82.568835828811274, 19.198283492514221 ], [ 82.548819436523246, 19.206061039730013 ], [ 82.546118774026453, 19.203038995753605 ], [ 82.551138976790511, 19.196843923822893 ], [ 82.54968283695041, 19.194678829455032 ], [ 82.539127644447561, 19.197283859282496 ], [ 82.530570534939173, 19.203634866698479 ], [ 82.525467439520952, 19.197348323301096 ], [ 82.518088751823328, 19.202622840741171 ], [ 82.488912016928211, 19.180482201565255 ], [ 82.477895258297693, 19.180417593404904 ], [ 82.472805830952368, 19.176979985184154 ], [ 82.460259180945044, 19.184552431361524 ], [ 82.453383697122689, 19.175851904022501 ], [ 82.44601816471409, 19.17737821867771 ], [ 82.44034356440244, 19.171071053560016 ], [ 82.433491481280129, 19.170939548477584 ], [ 82.411698449585472, 19.185537882204731 ], [ 82.410447804911144, 19.168764247732341 ], [ 82.402035949314396, 19.165210096335642 ], [ 82.39318497489468, 19.167066384882322 ], [ 82.383152528070994, 19.177776944082741 ], [ 82.371996591316474, 19.170108340477743 ], [ 82.366765286002263, 19.177999197347344 ], [ 82.360082422976944, 19.178825804898171 ], [ 82.352748117925884, 19.184337470911789 ], [ 82.3489449324221, 19.172727705454854 ], [ 82.340232722586592, 19.167799464312534 ], [ 82.330966759728526, 19.169023328463165 ], [ 82.323593562658232, 19.1768517765993 ], [ 82.311327781083477, 19.177030270121083 ], [ 82.295637041762987, 19.163597111089633 ], [ 82.29191564631121, 19.152767005889999 ], [ 82.28583684717357, 19.148061367254925 ], [ 82.282882543517402, 19.147783741092454 ], [ 82.275385745623311, 19.156451620067944 ], [ 82.264523168187722, 19.151543472846853 ], [ 82.258489561916321, 19.142043071938808 ], [ 82.245184910879246, 19.14534583096605 ], [ 82.229814844350358, 19.143958399819855 ], [ 82.225680018364528, 19.135736229039498 ], [ 82.235465162476871, 19.121972409019389 ], [ 82.226973468566825, 19.120981067723577 ], [ 82.220009482831657, 19.114426524365964 ], [ 82.205204942847587, 19.124400490605005 ], [ 82.196309288843054, 19.122127172639246 ], [ 82.190577813564857, 19.128896185536227 ], [ 82.182469278008014, 19.131690930463385 ], [ 82.176857362336762, 19.118566002591766 ], [ 82.170886585072523, 19.119792335617475 ], [ 82.166212497106329, 19.135147212508343 ], [ 82.175735284560432, 19.13866023667989 ], [ 82.169830025193519, 19.145253656600708 ], [ 82.171543044658605, 19.150207963732495 ], [ 82.180931948241209, 19.15081653124091 ], [ 82.177210318975952, 19.155611524703527 ], [ 82.171297734958628, 19.156525722889086 ], [ 82.169933088115968, 19.16055997493207 ], [ 82.17492263281224, 19.162882100946433 ], [ 82.178741289506377, 19.159640809483186 ], [ 82.177533914258134, 19.155668094716095 ], [ 82.186139484599664, 19.166347501240367 ], [ 82.176043475010204, 19.172082629955369 ], [ 82.18204915557908, 19.17416300052988 ], [ 82.181063234514582, 19.178583430423775 ], [ 82.1751425325632, 19.181815665804255 ], [ 82.180462483421806, 19.191684963743107 ], [ 82.167581855671486, 19.195259738100788 ], [ 82.161705568574277, 19.202245849276515 ], [ 82.168771757938842, 19.21294013348076 ], [ 82.157844867113582, 19.227498749109358 ], [ 82.158425583249567, 19.265167288054801 ], [ 82.165936055604462, 19.287685455107443 ], [ 82.17667868141352, 19.299480156541431 ], [ 82.181224474407799, 19.323387359564741 ], [ 82.194121969615637, 19.325935318875601 ], [ 82.188005886853659, 19.328920409102636 ], [ 82.186038698745676, 19.337409192656658 ], [ 82.177893893574577, 19.34004961007188 ], [ 82.178655651636689, 19.343369876243894 ], [ 82.14877795242478, 19.352976212484748 ], [ 82.147246062642338, 19.365494005891755 ], [ 82.147735526089747, 19.371818399734732 ], [ 82.153265647973257, 19.377016387730325 ], [ 82.171924316442315, 19.372615170134203 ], [ 82.173527439484843, 19.377171908734187 ], [ 82.178834790004188, 19.379050751441245 ], [ 82.184314504368118, 19.400492956202843 ], [ 82.182438307173669, 19.409432610217156 ], [ 82.189272189706628, 19.415362897193596 ], [ 82.189443097355564, 19.427529400665257 ], [ 82.186191665528824, 19.426654419274197 ], [ 82.178185358041006, 19.436608844975122 ], [ 82.171491707668238, 19.437187819614682 ], [ 82.126141563239699, 19.429085723840377 ], [ 82.11353460727841, 19.448263521363039 ], [ 82.113422173336062, 19.460361476427988 ], [ 82.102820991639376, 19.46610643384135 ], [ 82.107342450469886, 19.475042207505815 ], [ 82.107962519629879, 19.494279791884683 ], [ 82.0979727596294, 19.498927732376242 ], [ 82.100254909377711, 19.516589230631158 ], [ 82.076027271875247, 19.523625890081071 ], [ 82.065415436622288, 19.510574966887141 ], [ 82.029031719785792, 19.507994517896208 ], [ 82.036434562177035, 19.519780503581423 ], [ 82.037289906720005, 19.528252190622325 ], [ 82.047606306003701, 19.533229985500068 ], [ 82.050710112352689, 19.54881879308963 ], [ 82.045506082496701, 19.560528608076442 ], [ 82.049845482049918, 19.574029051113204 ], [ 82.039882949196155, 19.597636139983162 ], [ 82.046269386950442, 19.607284594898221 ], [ 82.050661242097149, 19.608076964009438 ], [ 82.050614358868415, 19.616771757095076 ], [ 82.059017861810744, 19.628175403574385 ], [ 82.057006160547672, 19.639511690889218 ], [ 82.051923459140767, 19.646571654551689 ], [ 82.055509913179819, 19.654463875475443 ], [ 82.051940715459565, 19.660953015684068 ], [ 82.05532389404911, 19.665656395565009 ], [ 82.044587722183465, 19.700527799484259 ], [ 82.044750595674685, 19.708877122904308 ], [ 82.051022189327171, 19.719089878702899 ], [ 82.050400692021725, 19.745805416610587 ], [ 82.063612870100485, 19.759015509479376 ], [ 82.060465890665398, 19.766634131994 ], [ 82.066230206211117, 19.783153643931314 ], [ 82.065547507121408, 19.790657880051775 ], [ 82.060222264453643, 19.796374172703246 ], [ 82.052980416903381, 19.792288300132032 ], [ 82.048683577390776, 19.796956747364099 ], [ 82.031050736078399, 19.797806425485835 ], [ 82.009887890199849, 19.804217135570216 ], [ 81.995368644940683, 19.79682166289831 ], [ 81.985949450589473, 19.801089309291012 ], [ 81.986557962926028, 19.804279680153694 ], [ 81.965373602668535, 19.83690431896532 ], [ 81.968131408499872, 19.859894903134901 ], [ 81.941062120506288, 19.872876339222124 ], [ 81.901715352651365, 19.886224164846233 ], [ 81.869651065886941, 19.902535590290359 ], [ 81.852235802526749, 19.921610108154354 ], [ 81.856801961837746, 19.947538664958483 ], [ 81.845016391834676, 19.951838701562835 ], [ 81.845275243316323, 19.959532866722437 ], [ 81.85535746238439, 19.972280099979361 ], [ 81.860573487931319, 20.003510554572596 ], [ 81.866536087975462, 20.011053745184803 ], [ 81.865027511075667, 20.026703574873729 ], [ 81.875975867579598, 20.052062113845658 ], [ 81.881914170724301, 20.044338690069544 ], [ 81.895280174045865, 20.048237802830936 ], [ 81.916062657999731, 20.071982287331497 ], [ 81.925880228830067, 20.091577065178747 ], [ 81.933870634454593, 20.096043685124666 ], [ 81.937126449488176, 20.102349942483698 ], [ 81.946381492031662, 20.105133218622466 ] ] ] } },
{ "type": "Feature", "properties": { "District": "NAY>GARH", "STATE": "ODISHA", "REMARKS": null, "State_LGD": 21, "DISTRICT_L": "367", "Shape_Leng": 434221.30567899998, "Shape_Area": 3763289195.27 }, "geometry": { "type": "Polygon", "coordinates": [ [ [ 84.820963214726532, 20.56085852265343 ], [ 84.85951477033413, 20.515487279326365 ], [ 84.881805976665234, 20.498890138308084 ], [ 84.892999642623479, 20.494826719857972 ], [ 84.92619564238241, 20.495014122741321 ], [ 84.949165391359742, 20.48864864017985 ], [ 84.990670182302068, 20.467213371539181 ], [ 85.008982851967048, 20.452146298086731 ], [ 85.032620979898113, 20.442245187017289 ], [ 85.04959190915487, 20.429312318749385 ], [ 85.069232982109511, 20.42215195497689 ], [ 85.073932212187202, 20.417177487479226 ], [ 85.113481818308259, 20.407877848439036 ], [ 85.137175570482626, 20.387118364942605 ], [ 85.14593265626084, 20.386611025807703 ], [ 85.158433973665041, 20.378546293455411 ], [ 85.1852651227086, 20.376912540286579 ], [ 85.196656544467629, 20.380865134223548 ], [ 85.210744050112183, 20.374547197309575 ], [ 85.263466777309517, 20.364371104823022 ], [ 85.271608918170088, 20.359619181546798 ], [ 85.336636129572625, 20.358390009651878 ], [ 85.351400815005306, 20.365219337744293 ], [ 85.366658919122372, 20.367156034747278 ], [ 85.367890029957394, 20.355753853645123 ], [ 85.373167335000247, 20.356715247683411 ], [ 85.372667080681353, 20.351882288479135 ], [ 85.357908680633443, 20.345836367096332 ], [ 85.356426022901474, 20.336608253163856 ], [ 85.350363039868483, 20.334857431662591 ], [ 85.353963944859316, 20.32943045499454 ], [ 85.350059803710053, 20.330482361476278 ], [ 85.350163515197551, 20.320713527697844 ], [ 85.347487072389015, 20.318899460611497 ], [ 85.353149764617953, 20.314978028356752 ], [ 85.351798831609869, 20.306455937566902 ], [ 85.354443163656953, 20.301774385385499 ], [ 85.349487290425813, 20.297784623467589 ], [ 85.346068659871335, 20.287449451632572 ], [ 85.333581516339322, 20.28409245781668 ], [ 85.328494991957399, 20.27674973078808 ], [ 85.329796383531004, 20.263848792949666 ], [ 85.324424219290265, 20.258228383193767 ], [ 85.327293585654573, 20.254425682214375 ], [ 85.32920980346141, 20.258274151122649 ], [ 85.330041516980259, 20.254799614838259 ], [ 85.340743669116947, 20.254761132809602 ], [ 85.33832943825449, 20.246395847444042 ], [ 85.325999937564447, 20.244729445552462 ], [ 85.322586593642143, 20.229674077095925 ], [ 85.316788425149696, 20.232631300852066 ], [ 85.314008346166432, 20.229957719369239 ], [ 85.313312730242174, 20.233663763315448 ], [ 85.297527086094235, 20.227395725756637 ], [ 85.254573039045624, 20.226364079584197 ], [ 85.254559329808899, 20.213428320320844 ], [ 85.245177942035141, 20.209902203027745 ], [ 85.239298658533627, 20.208971659055937 ], [ 85.23213389210612, 20.21298720322428 ], [ 85.229586864672868, 20.223286445735621 ], [ 85.225214486756798, 20.224457239805798 ], [ 85.21333853182287, 20.21229117486444 ], [ 85.211223989650094, 20.198868997249463 ], [ 85.199829477163476, 20.190013139242872 ], [ 85.200371900905935, 20.181112076855843 ], [ 85.204493320998822, 20.177102862319224 ], [ 85.202681417855544, 20.173683393188142 ], [ 85.206479442421681, 20.17618829152261 ], [ 85.213340488515527, 20.17058079575996 ], [ 85.211171750048806, 20.160269920190757 ], [ 85.203700948393816, 20.158576898006711 ], [ 85.203163173878366, 20.155843407685744 ], [ 85.209303471667468, 20.150883641396344 ], [ 85.212004254799837, 20.131259440916324 ], [ 85.224820465804086, 20.128697126971449 ], [ 85.231440625252361, 20.119179408607295 ], [ 85.240959743158925, 20.115878039083412 ], [ 85.246564023060074, 20.118436181340844 ], [ 85.248475768360819, 20.130112590038337 ], [ 85.255744628049385, 20.132262360012021 ], [ 85.271145777179655, 20.148543259905747 ], [ 85.288193804896849, 20.150525543380176 ], [ 85.2903755877593, 20.154842147413895 ], [ 85.312084938486322, 20.154884527306994 ], [ 85.31354672127874, 20.159062987672701 ], [ 85.310481308710663, 20.164345379112959 ], [ 85.312859176877936, 20.169625609720832 ], [ 85.319267856959172, 20.171516241147724 ], [ 85.327525938150075, 20.179874198726907 ], [ 85.330941780040092, 20.181641186635765 ], [ 85.331737365724365, 20.17341915543626 ], [ 85.339966595123897, 20.171021801740245 ], [ 85.3468344885992, 20.187468854872808 ], [ 85.352179216426151, 20.186466653583206 ], [ 85.355937530169243, 20.189848762499619 ], [ 85.361568589172521, 20.187548159118524 ], [ 85.370166984519813, 20.178210453602087 ], [ 85.369688652528509, 20.17084346178008 ], [ 85.361522549592266, 20.164484761122917 ], [ 85.362693935671729, 20.159034797950355 ], [ 85.357012634999762, 20.154356524325319 ], [ 85.355264985456159, 20.143572061531081 ], [ 85.376353302026715, 20.146690244812003 ], [ 85.385256347196247, 20.156239506273611 ], [ 85.391174722006909, 20.145814495474774 ], [ 85.387094786334728, 20.143509598286439 ], [ 85.387750722605958, 20.13690738127729 ], [ 85.394383858996576, 20.133200854731168 ], [ 85.398098424390696, 20.138031632403148 ], [ 85.406967452926622, 20.13593489585385 ], [ 85.415764923242662, 20.126700273181978 ], [ 85.415751783465836, 20.123267270439136 ], [ 85.408031111509985, 20.116851497584356 ], [ 85.408794506018054, 20.111347616059767 ], [ 85.40085185761275, 20.090637884574896 ], [ 85.38437398164838, 20.091766104152828 ], [ 85.380187512264953, 20.080896157567416 ], [ 85.384203185468465, 20.079975483772003 ], [ 85.384225663635362, 20.076859014263825 ], [ 85.380215541211172, 20.070710800616247 ], [ 85.386394349654807, 20.063472505130672 ], [ 85.387639681633956, 20.053885382279628 ], [ 85.395862619151345, 20.046697021203229 ], [ 85.394094349933638, 20.041978819287557 ], [ 85.400371718199096, 20.03521047688497 ], [ 85.406409762365982, 20.031741724743544 ], [ 85.414850014030932, 20.033181671990899 ], [ 85.415083899474098, 20.024642215748397 ], [ 85.435679642943128, 20.02878236890227 ], [ 85.431290647492247, 20.014966581188855 ], [ 85.42587029547461, 20.011227977307772 ], [ 85.42338674979726, 20.003888399723401 ], [ 85.415677035376888, 20.004063443201662 ], [ 85.414706998839975, 19.994049585463468 ], [ 85.430169443185818, 19.993098714938824 ], [ 85.437074639556144, 19.996421017491315 ], [ 85.438607250354352, 19.991226314458082 ], [ 85.450343430321993, 19.983808385662208 ], [ 85.451611806738185, 19.973312734923748 ], [ 85.455036039870848, 19.970523929517711 ], [ 85.439596311856619, 19.950933855454434 ], [ 85.435340376265245, 19.939734631228259 ], [ 85.424841892249233, 19.93727046965202 ], [ 85.422381191890082, 19.939746449389617 ], [ 85.418032165928167, 19.924146650730325 ], [ 85.415478833889821, 19.928744753248839 ], [ 85.407671240332917, 19.928110338104091 ], [ 85.399728454216458, 19.9323528021804 ], [ 85.393568059563989, 19.940269745842404 ], [ 85.383858053333526, 19.940195117204635 ], [ 85.382791752253638, 19.952019902825146 ], [ 85.372777443713204, 19.950333905161347 ], [ 85.369127424691456, 19.954559855535351 ], [ 85.360274306775779, 19.956542671143353 ], [ 85.353748710472331, 19.951491060105575 ], [ 85.350913109765187, 19.94395300462222 ], [ 85.329630302946654, 19.931508794667646 ], [ 85.327808622908435, 19.925782305824789 ], [ 85.309244529582585, 19.924405175223129 ], [ 85.304604610538462, 19.926872343337322 ], [ 85.301107142255262, 19.922534386474791 ], [ 85.288273406540526, 19.922171860774029 ], [ 85.278587243780322, 19.914286919471262 ], [ 85.27417445760787, 19.913860198823013 ], [ 85.270152538659673, 19.917895175482105 ], [ 85.266282412266122, 19.912356025906945 ], [ 85.243219202653322, 19.906086247728624 ], [ 85.221794544260291, 19.912300609406582 ], [ 85.219092614931483, 19.909653970988575 ], [ 85.2106728782408, 19.91226130484139 ], [ 85.191840174022815, 19.907513579541639 ], [ 85.182645178543297, 19.90690948551223 ], [ 85.18095499972766, 19.910220861284881 ], [ 85.16712053843095, 19.903633699102286 ], [ 85.161954390078179, 19.904411438438714 ], [ 85.122984204847768, 19.93361917374996 ], [ 85.102332039619029, 19.932523519989992 ], [ 85.079240911773937, 19.921481207544392 ], [ 85.055001808305676, 19.913593870472965 ], [ 85.050788265650667, 19.915702031125566 ], [ 85.026066756246479, 19.90110802331284 ], [ 85.019034676129564, 19.905631946479399 ], [ 85.005072400741327, 19.899595775473944 ], [ 84.975930400258918, 19.904311092327049 ], [ 84.939918586930773, 19.897412475706684 ], [ 84.927810543816094, 19.908056011782417 ], [ 84.915636454900792, 19.906138816996403 ], [ 84.906028430382506, 19.909521615052725 ], [ 84.906221446652168, 19.915539121430012 ], [ 84.913406122299165, 19.926557042670318 ], [ 84.915491809810888, 19.925186166646593 ], [ 84.920687104233238, 19.943071851803413 ], [ 84.900795922224574, 19.992879916736833 ], [ 84.883378437387861, 20.000743010027861 ], [ 84.873484018553242, 19.998289756499105 ], [ 84.862434135654766, 20.000062395255593 ], [ 84.859838748121192, 20.005811423814567 ], [ 84.861187180374429, 20.018797276842065 ], [ 84.856706551746939, 20.030710425813293 ], [ 84.834740442912434, 20.054105926861961 ], [ 84.810684381501659, 20.067830687363696 ], [ 84.804619147466298, 20.083294113959038 ], [ 84.798212694432095, 20.090602061094543 ], [ 84.806610721247779, 20.104001150872204 ], [ 84.804108485187911, 20.111009988266972 ], [ 84.807345691212518, 20.115403372738591 ], [ 84.819938007998175, 20.116792352029957 ], [ 84.82186618797985, 20.120478480239459 ], [ 84.825938103765822, 20.158926543754944 ], [ 84.82364467775848, 20.179815024416531 ], [ 84.831617855151691, 20.216387445195348 ], [ 84.822661999240893, 20.223298378618544 ], [ 84.803049647680197, 20.224864765042415 ], [ 84.782154408366139, 20.232197332955177 ], [ 84.773746204660569, 20.243443193685899 ], [ 84.765177516156157, 20.246097633968031 ], [ 84.7580580764768, 20.242091657511782 ], [ 84.735603978933653, 20.244146809901931 ], [ 84.728138339737825, 20.25873464002775 ], [ 84.7060638683772, 20.277750575234492 ], [ 84.696213801369893, 20.28110715789434 ], [ 84.672367143191224, 20.274108950165278 ], [ 84.665038525799659, 20.243889763664654 ], [ 84.650990339583402, 20.225866519199414 ], [ 84.647369596412915, 20.20133596812105 ], [ 84.637468688544985, 20.196927182827224 ], [ 84.63363128367952, 20.190066659329741 ], [ 84.620404354175136, 20.188402531124936 ], [ 84.611867223762331, 20.181527053958298 ], [ 84.597181029060124, 20.175926744470225 ], [ 84.585067711856496, 20.186516026237751 ], [ 84.573757438810048, 20.206895193131285 ], [ 84.557716699505107, 20.227058640512656 ], [ 84.554867363277566, 20.226039184976742 ], [ 84.548934721418377, 20.231907263235108 ], [ 84.542166210294539, 20.250748721245735 ], [ 84.547302735914826, 20.25907372067061 ], [ 84.543866443417912, 20.275550676674261 ], [ 84.552050145017063, 20.283986743415866 ], [ 84.542830716723387, 20.323305297125824 ], [ 84.528836645263183, 20.32202430782759 ], [ 84.521098046996585, 20.32557643743813 ], [ 84.514573017116248, 20.319063253242007 ], [ 84.509344235918533, 20.326379927824838 ], [ 84.511545150432951, 20.337788698832028 ], [ 84.504966929464317, 20.331604168532973 ], [ 84.493294868873818, 20.333550140655198 ], [ 84.486624626075098, 20.338149899646801 ], [ 84.485966892619416, 20.346849427107774 ], [ 84.483217623479021, 20.347843727454123 ], [ 84.493739144364369, 20.35022089900713 ], [ 84.49529743953498, 20.358374540737461 ], [ 84.518338411976401, 20.369485252141029 ], [ 84.520575745887058, 20.381355064121376 ], [ 84.513013308114665, 20.382687752971865 ], [ 84.509733085962438, 20.395228633026701 ], [ 84.513669015166442, 20.402702718597965 ], [ 84.518351748706607, 20.405433283878562 ], [ 84.522469410088362, 20.403378916672494 ], [ 84.530450450887201, 20.410404707366972 ], [ 84.53962709301004, 20.410056076646381 ], [ 84.542306172953374, 20.418667653767411 ], [ 84.563557009387239, 20.411340477480998 ], [ 84.589819774378171, 20.423711440901265 ], [ 84.595968886724819, 20.419746520620247 ], [ 84.604000981104406, 20.420055912673618 ], [ 84.618146845394165, 20.434210782136546 ], [ 84.623610660855533, 20.430574115646284 ], [ 84.62910792737182, 20.431606315102236 ], [ 84.634859225786613, 20.425756130488622 ], [ 84.646651545094102, 20.423563445350343 ], [ 84.663195428211367, 20.424513276861717 ], [ 84.673763565370351, 20.43394277743095 ], [ 84.680706707085562, 20.432843646171747 ], [ 84.681456462440565, 20.437468144245756 ], [ 84.689611264674923, 20.441193590996981 ], [ 84.685837065622849, 20.448191634212506 ], [ 84.691162197372776, 20.450244773012901 ], [ 84.688298089023107, 20.45884474383357 ], [ 84.680527207569668, 20.460131819163266 ], [ 84.692508598145679, 20.470111862078827 ], [ 84.696691003310562, 20.497746998087802 ], [ 84.711174746626156, 20.506644130111546 ], [ 84.712472445023295, 20.523810523484354 ], [ 84.724649647239758, 20.527831398454115 ], [ 84.740451633283826, 20.540965684282163 ], [ 84.766029799145628, 20.531787891494556 ], [ 84.777905920416856, 20.549167045383069 ], [ 84.786574353140381, 20.550777181533189 ], [ 84.787316023836283, 20.558530746151426 ], [ 84.791298894461875, 20.560943384882751 ], [ 84.790095379663086, 20.581270223687998 ], [ 84.800533493809539, 20.577298609913839 ], [ 84.820963214726532, 20.56085852265343 ] ] ] } },
{ "type": "Feature", "properties": { "District": "N@>PARHA", "STATE": "ODISHA", "REMARKS": null, "State_LGD": 21, "DISTRICT_L": "368", "Shape_Leng": 419771.81935800001, "Shape_Area": 3711854913.3699999 }, "geometry": { "type": "Polygon", "coordinates": [ [ [ 82.637229192377291, 21.090313460467879 ], [ 82.641530326870409, 21.083628181465347 ], [ 82.655757478195397, 21.078634919837388 ], [ 82.669242959349916, 21.065044060994055 ], [ 82.679697723500965, 21.03453689626717 ], [ 82.692372604782022, 21.021670587712578 ], [ 82.689510464949521, 21.017399485703972 ], [ 82.687172703088578, 20.973311391236589 ], [ 82.697152147429662, 20.948747153975003 ], [ 82.698550586604384, 20.937613937567413 ], [ 82.693727190860926, 20.924221139033094 ], [ 82.692464796442707, 20.899976207935101 ], [ 82.680887505713329, 20.885375899003943 ], [ 82.681763526374169, 20.869528172213933 ], [ 82.686613438432857, 20.855018827971627 ], [ 82.687226678827997, 20.830727914583878 ], [ 82.683118369587646, 20.813786555719574 ], [ 82.687819587999002, 20.801148472969683 ], [ 82.689707388036055, 20.774419561298927 ], [ 82.694725091613449, 20.770481442868018 ], [ 82.697653264083712, 20.761365417687017 ], [ 82.696767912701844, 20.754319455769711 ], [ 82.686157815973914, 20.743611438644244 ], [ 82.685354006703818, 20.733028061960596 ], [ 82.699867961517199, 20.729655916105759 ], [ 82.693361745354068, 20.705814376151107 ], [ 82.693710481355154, 20.683612376050441 ], [ 82.718908168106864, 20.678178073144295 ], [ 82.725313451055541, 20.670828955178237 ], [ 82.72393170902879, 20.657668367359086 ], [ 82.73106105994151, 20.654168872779312 ], [ 82.727132236030272, 20.639398808936363 ], [ 82.741975984930164, 20.630898765442172 ], [ 82.730051373717998, 20.606038074327589 ], [ 82.726455741350449, 20.591309645599829 ], [ 82.72851175798526, 20.585214440044847 ], [ 82.71019404550097, 20.570487458908936 ], [ 82.709619834792264, 20.544324437624422 ], [ 82.704425629010785, 20.539452570428889 ], [ 82.703791557382416, 20.532855605380526 ], [ 82.708690218827996, 20.526682954971903 ], [ 82.705153335951579, 20.504297502339238 ], [ 82.700536298051659, 20.500752194107026 ], [ 82.695467392859086, 20.481832018880858 ], [ 82.687179636989512, 20.476068264951632 ], [ 82.689469892791152, 20.468571069536512 ], [ 82.683304998288193, 20.461395166427899 ], [ 82.684453494918216, 20.453330902278235 ], [ 82.690802575677537, 20.454140948005264 ], [ 82.696277445250615, 20.450429324426128 ], [ 82.699660344885174, 20.442559905949775 ], [ 82.694307485798632, 20.43115354995216 ], [ 82.696337169110237, 20.426165504583402 ], [ 82.708713080973922, 20.416193693117613 ], [ 82.715050641900731, 20.398376767857272 ], [ 82.723111398399212, 20.393496009918302 ], [ 82.729908660554827, 20.3831940810466 ], [ 82.723346493811874, 20.370689652789878 ], [ 82.714784062707082, 20.367774877980143 ], [ 82.712617994707472, 20.361152113360468 ], [ 82.714950010124497, 20.356775291289132 ], [ 82.726422472724209, 20.355275541909254 ], [ 82.748171023493796, 20.362231427056734 ], [ 82.763755156716371, 20.353380340178095 ], [ 82.771585066487447, 20.354213563446912 ], [ 82.77659559533187, 20.356831845612717 ], [ 82.781079066886491, 20.370276927583838 ], [ 82.796527208059075, 20.372137327320814 ], [ 82.79787923123574, 20.379688462708657 ], [ 82.803520214124234, 20.385356999615567 ], [ 82.814998311092324, 20.38100610304398 ], [ 82.812745223260876, 20.363623220303118 ], [ 82.790184595068325, 20.347104457229204 ], [ 82.794014026510567, 20.338678065551331 ], [ 82.788398821391539, 20.324246722179076 ], [ 82.80314341773142, 20.32114600773205 ], [ 82.811463129426571, 20.327170948030208 ], [ 82.806574635341761, 20.340364344163966 ], [ 82.812296373359146, 20.34691254707479 ], [ 82.814073947873922, 20.358474236694523 ], [ 82.820984821329034, 20.350742432279155 ], [ 82.822133922724291, 20.344601660866324 ], [ 82.832860444645405, 20.340966639584533 ], [ 82.834512886580356, 20.336143933057546 ], [ 82.846741800593975, 20.340951421135657 ], [ 82.851326238384019, 20.339114417891821 ], [ 82.853591415829229, 20.325473627799219 ], [ 82.848937235924183, 20.3117479603413 ], [ 82.851601345301702, 20.301481043387675 ], [ 82.845877405474738, 20.291095178990609 ], [ 82.835897777925325, 20.295653229181749 ], [ 82.841479996457352, 20.302586071908902 ], [ 82.83984076056872, 20.305665351018451 ], [ 82.833390202430664, 20.306686125104335 ], [ 82.83674965930625, 20.316325037232268 ], [ 82.833897173420624, 20.321679754307812 ], [ 82.819112229618383, 20.320854159407151 ], [ 82.815889769413374, 20.317550062220878 ], [ 82.819076603026602, 20.307156129293237 ], [ 82.816799065640723, 20.300296720159647 ], [ 82.810484347141909, 20.294906367294754 ], [ 82.82124207745558, 20.281082825235764 ], [ 82.824610101957646, 20.283793657335881 ], [ 82.828604643163189, 20.279926566770943 ], [ 82.840199351030762, 20.282094941825008 ], [ 82.845204011932395, 20.290433759854281 ], [ 82.855871928814395, 20.280208799787257 ], [ 82.859898340929931, 20.269462348020255 ], [ 82.856830540990501, 20.26142851967678 ], [ 82.858364438762948, 20.255590611363221 ], [ 82.851526289323942, 20.252831291270741 ], [ 82.850926815065037, 20.243032489697853 ], [ 82.852184540616179, 20.236899474850134 ], [ 82.859405612615802, 20.236520396780818 ], [ 82.860870535003997, 20.231351652600708 ], [ 82.856498215279203, 20.228218435128063 ], [ 82.845374555609197, 20.193843738768436 ], [ 82.82739038535334, 20.186719501386602 ], [ 82.816573351233103, 20.189107880277177 ], [ 82.81191944149333, 20.184630410600022 ], [ 82.810682469286519, 20.171540632234883 ], [ 82.822920914917347, 20.165208600104432 ], [ 82.816091692049852, 20.128474184306842 ], [ 82.820457912606727, 20.112806361066415 ], [ 82.81657550227709, 20.110330690529743 ], [ 82.813576861860739, 20.101554282023077 ], [ 82.80692457139655, 20.099734617222602 ], [ 82.788295989898927, 20.103393172152163 ], [ 82.779409243516525, 20.086604338536382 ], [ 82.767853049517427, 20.07670712999828 ], [ 82.754941831471072, 20.054857744781454 ], [ 82.739707615944511, 20.052614482129389 ], [ 82.748098667560896, 20.041623833118809 ], [ 82.744880787603321, 20.024614184777271 ], [ 82.739281729784139, 20.021304241799655 ], [ 82.727580189950757, 20.022791927494545 ], [ 82.720467772668584, 20.008154615290316 ], [ 82.716616692255059, 20.006425924415172 ], [ 82.715446879834559, 19.995926707551405 ], [ 82.651982228691111, 20.005893278334934 ], [ 82.642707838900037, 20.003662359122551 ], [ 82.641506635584875, 20.006713285792102 ], [ 82.633297179615283, 20.004874093261346 ], [ 82.621135952256267, 19.992297788044802 ], [ 82.605021225653047, 19.990136193393258 ], [ 82.590335877941669, 19.993733111086001 ], [ 82.583282029332253, 20.003178200442328 ], [ 82.550108643938202, 20.017772518423406 ], [ 82.534452999045286, 20.017845569406017 ], [ 82.533181031414358, 20.015295399888668 ], [ 82.509112474616117, 20.018162852223004 ], [ 82.493734504856192, 20.024368831875591 ], [ 82.478569560274224, 20.038174151483105 ], [ 82.470011797407324, 20.03591460803958 ], [ 82.460674916155313, 20.041900341707052 ], [ 82.448006251958162, 20.040663080011221 ], [ 82.430028623800865, 20.049608824659053 ], [ 82.409540826838423, 20.051788035543819 ], [ 82.398291943016417, 20.05817887383084 ], [ 82.395834616346463, 20.068972099322529 ], [ 82.401492282317278, 20.081020120930745 ], [ 82.401434903256529, 20.096071903561377 ], [ 82.398175802682871, 20.101694728781652 ], [ 82.397669064505976, 20.123774469064319 ], [ 82.393152669113363, 20.137605996621406 ], [ 82.385797732343107, 20.146436516043348 ], [ 82.394146814776462, 20.152626999605559 ], [ 82.390006712376007, 20.163695357204748 ], [ 82.407543425935046, 20.181231817201343 ], [ 82.411583658202829, 20.181488625312934 ], [ 82.413466986744268, 20.199347938063635 ], [ 82.42061827104277, 20.204918673319465 ], [ 82.422471001026025, 20.220817666220693 ], [ 82.415074274582793, 20.226813003372065 ], [ 82.410627594935761, 20.242645265714334 ], [ 82.411226750582799, 20.245382459122748 ], [ 82.422325628233054, 20.247971480391453 ], [ 82.411388574054925, 20.260111632981797 ], [ 82.412341512054255, 20.267042313778106 ], [ 82.432874110339142, 20.281809243601163 ], [ 82.437811131520789, 20.29440765255988 ], [ 82.429981382963092, 20.300985469762939 ], [ 82.430766705202018, 20.314024465256537 ], [ 82.421037910257766, 20.32411371161955 ], [ 82.408869720486919, 20.327776115185827 ], [ 82.409157022897446, 20.332530339227418 ], [ 82.400379051796136, 20.34158105634781 ], [ 82.421173695022873, 20.392849313143547 ], [ 82.41660920735049, 20.407652814284678 ], [ 82.432005087421274, 20.416637783727875 ], [ 82.429660389430282, 20.427868467119055 ], [ 82.437862219840426, 20.434391195957122 ], [ 82.433979832046361, 20.445666229096389 ], [ 82.425733918075849, 20.445327462705524 ], [ 82.427055422204646, 20.469062723302343 ], [ 82.41763350414351, 20.481742386208683 ], [ 82.407982129508738, 20.467325527258737 ], [ 82.4085488057069, 20.463242025441254 ], [ 82.396058708886642, 20.459571090321354 ], [ 82.397842910134088, 20.472945385903685 ], [ 82.396083265274484, 20.477657293114042 ], [ 82.392032533983709, 20.478688067490772 ], [ 82.393161807243473, 20.486430326954086 ], [ 82.390604587645171, 20.48618882729355 ], [ 82.388343028835095, 20.495358530034707 ], [ 82.389699013460955, 20.517603215066249 ], [ 82.357649149627505, 20.529325938860843 ], [ 82.348613771558036, 20.546665566132283 ], [ 82.335700432848171, 20.555099598242453 ], [ 82.332234445984852, 20.561906500767435 ], [ 82.334876554473738, 20.56460094716963 ], [ 82.333371169461245, 20.568551478165716 ], [ 82.343349772673776, 20.571523479953807 ], [ 82.350639650452564, 20.581268673020642 ], [ 82.344083592445088, 20.592888102266986 ], [ 82.347132996350965, 20.602539895367201 ], [ 82.352562734136683, 20.602980922244694 ], [ 82.355899591339053, 20.609247068075064 ], [ 82.362262292375007, 20.609910736323371 ], [ 82.365444131543498, 20.615947519326841 ], [ 82.364516148019362, 20.622183868656712 ], [ 82.376497478269101, 20.632410243254636 ], [ 82.368476426833013, 20.649227597684714 ], [ 82.368751639636486, 20.659587484438195 ], [ 82.37381772129774, 20.667402310817607 ], [ 82.36704976529596, 20.680189675786508 ], [ 82.361449930016448, 20.681954985619083 ], [ 82.354997770965866, 20.693189918698703 ], [ 82.350414778176528, 20.706338856289953 ], [ 82.350756589691372, 20.717280934367487 ], [ 82.354013629254496, 20.719663004628352 ], [ 82.345558708160269, 20.731591035744369 ], [ 82.35355313193358, 20.735923369442556 ], [ 82.34171494447709, 20.767757147999248 ], [ 82.346109849615374, 20.797634516322141 ], [ 82.342017545438424, 20.804717516646615 ], [ 82.339526872104386, 20.846835309486693 ], [ 82.344459943330534, 20.856368014004456 ], [ 82.35119265678189, 20.889740414930355 ], [ 82.363755123905477, 20.888488936299275 ], [ 82.359474949446167, 20.873806861058835 ], [ 82.364608311128322, 20.870671890486395 ], [ 82.375915839239397, 20.867979579552724 ], [ 82.389674804052945, 20.875316738459844 ], [ 82.395566206691996, 20.870029185906926 ], [ 82.405448222307811, 20.870187684477077 ], [ 82.406850882050051, 20.859276941717376 ], [ 82.412870329111513, 20.85086211669406 ], [ 82.410099662140993, 20.842289342281589 ], [ 82.41673000151664, 20.838657262903851 ], [ 82.419954697414852, 20.8315616622417 ], [ 82.439341110683642, 20.835636608499957 ], [ 82.44352823943089, 20.834368281528466 ], [ 82.443673872039213, 20.830997586386008 ], [ 82.454370099738838, 20.827645985064027 ], [ 82.464485441681973, 20.828995984946488 ], [ 82.468784039980093, 20.835179107780075 ], [ 82.465385525462224, 20.842954431418363 ], [ 82.470437005131359, 20.848078338579352 ], [ 82.481078011633343, 20.851306450515438 ], [ 82.486681411081662, 20.861646426135856 ], [ 82.485978241735538, 20.870283958343542 ], [ 82.491068567329876, 20.880628353844347 ], [ 82.487700242690039, 20.908001835354035 ], [ 82.504433019145679, 20.919589772057911 ], [ 82.51594400679474, 20.921764278607249 ], [ 82.527105422398492, 20.934004412917048 ], [ 82.543025951479549, 20.936607312316305 ], [ 82.559147907188574, 20.9479375335358 ], [ 82.571383411426396, 20.972255294296875 ], [ 82.580512121872445, 20.979727052890695 ], [ 82.588780633609147, 20.993547500578483 ], [ 82.611362314186962, 21.012973045288305 ], [ 82.613325271477834, 21.022854465098128 ], [ 82.628791764529808, 21.038035843084966 ], [ 82.626101191753847, 21.048544178389722 ], [ 82.617877873504312, 21.054679341175458 ], [ 82.611983259233696, 21.074693601819781 ], [ 82.616506897607167, 21.07918056718211 ], [ 82.629635153827309, 21.078820051972478 ], [ 82.637229192377291, 21.090313460467879 ] ] ] } },
{ "type": "Feature", "properties": { "District": "PURI", "STATE": "ODISHA", "REMARKS": null, "State_LGD": 21, "DISTRICT_L": "369", "Shape_Leng": 488488.40506800002, "Shape_Area": 3354937698.23 }, "geometry": { "type": "Polygon", "coordinates": [ [ [ 86.069280989016747, 20.108488982506202 ], [ 86.085462832733882, 20.100730629368925 ], [ 86.089782664601145, 20.090578706604543 ], [ 86.087690526865003, 20.085200644623974 ], [ 86.075889790267198, 20.083381906054679 ], [ 86.076203491908188, 20.07306479474817 ], [ 86.08462735599872, 20.06507136042211 ], [ 86.086937816713828, 20.058261236569834 ], [ 86.09648884278252, 20.065249865387393 ], [ 86.109265976738627, 20.066724308765231 ], [ 86.123963058035812, 20.060052545639145 ], [ 86.127151086680712, 20.056788313228445 ], [ 86.116623075771912, 20.047352333800045 ], [ 86.123137055217782, 20.039180217923647 ], [ 86.13724684181696, 20.039665238134635 ], [ 86.147373539654154, 20.043861798906306 ], [ 86.151389475937819, 20.041161312193836 ], [ 86.159911413315584, 20.045155185105312 ], [ 86.168467516445062, 20.040917127847134 ], [ 86.168011675234368, 20.045789847904427 ], [ 86.172410083481736, 20.049438403094719 ], [ 86.191566046214618, 20.051596242810106 ], [ 86.194382813961198, 20.049562456079471 ], [ 86.200449757046357, 20.052427280807255 ], [ 86.201196898656519, 20.047465396996753 ], [ 86.206892051398455, 20.045335948650163 ], [ 86.202688882406747, 20.04266499432487 ], [ 86.20536369060855, 20.038398405326348 ], [ 86.207203357458852, 20.042369026291162 ], [ 86.211398240294358, 20.042902827653776 ], [ 86.211365683776194, 20.039866592148826 ], [ 86.221121022598069, 20.035432462407115 ], [ 86.230215242447059, 20.042994750950498 ], [ 86.242781644112952, 20.03651594435847 ], [ 86.253716889070816, 20.053319753369397 ], [ 86.26502565219154, 20.050995167665047 ], [ 86.278128087497109, 20.054690758062087 ], [ 86.269774392979755, 20.041454684513585 ], [ 86.27907312641409, 20.040408556872499 ], [ 86.294898645105008, 20.029443653709112 ], [ 86.313536653853575, 20.02531963002123 ], [ 86.322787317606938, 20.018474210110263 ], [ 86.337989184607935, 19.984841879129057 ], [ 86.347811528225151, 19.975272736626447 ], [ 86.357898768621155, 19.972831458044862 ], [ 86.373550903768617, 19.976427265597902 ], [ 86.382155506700514, 19.959425906494417 ], [ 86.3980548956294, 19.969796382830008 ], [ 86.411423698811987, 19.97427356206645 ], [ 86.387319864656874, 19.954235227868377 ], [ 86.309619544347953, 19.941272262110896 ], [ 86.232886492753536, 19.902974057925896 ], [ 86.193842428178726, 19.888836142352392 ], [ 86.058030296419432, 19.849848201939139 ], [ 85.948103680985682, 19.828248274831701 ], [ 85.86190142614771, 19.805071844501668 ], [ 85.7810308078585, 19.780938190743488 ], [ 85.677994941752473, 19.743853579983721 ], [ 85.499473495510998, 19.657106209563167 ], [ 85.381005778166326, 19.603399503489413 ], [ 85.294778473037454, 19.552379500047358 ], [ 85.173094530372637, 19.466829012325032 ], [ 85.148716696703829, 19.49495135589634 ], [ 85.135437638391437, 19.521540471024071 ], [ 85.172999121081546, 19.559259706159533 ], [ 85.182447300344066, 19.672089008766438 ], [ 85.206403723993645, 19.678441084753967 ], [ 85.212151925949016, 19.685115510373393 ], [ 85.211183533634014, 19.696307404958223 ], [ 85.200550913805586, 19.700794729170386 ], [ 85.198286747235414, 19.706228245502988 ], [ 85.203064161277936, 19.719591947994669 ], [ 85.217295081102876, 19.738668297386038 ], [ 85.225637872702507, 19.74344408642504 ], [ 85.249833492249877, 19.743894484326631 ], [ 85.252486167595478, 19.767525229337632 ], [ 85.285810607569374, 19.781583744739958 ], [ 85.303138946394384, 19.783614530125682 ], [ 85.316079980289913, 19.781476790122273 ], [ 85.329323937771591, 19.785234303966536 ], [ 85.343383783772879, 19.797958338739669 ], [ 85.343481004979225, 19.801473162340169 ], [ 85.348057091933441, 19.800344214538487 ], [ 85.359341771655977, 19.822203875500648 ], [ 85.38662584212598, 19.831527321903227 ], [ 85.438428190437136, 19.883085851084324 ], [ 85.502814465671861, 19.884659690419358 ], [ 85.50001725605793, 19.869842272777291 ], [ 85.561878732355979, 19.854501235315329 ], [ 85.564317110248126, 19.875860497107592 ], [ 85.567790593585428, 19.882537948565513 ], [ 85.564814200532112, 19.892239738654101 ], [ 85.568407942404903, 19.898326389362882 ], [ 85.566326674901575, 19.900875458997941 ], [ 85.569919070364321, 19.903949034656048 ], [ 85.560886200262729, 19.908899416394728 ], [ 85.568126367582948, 19.916881192356755 ], [ 85.530782135355494, 19.927643826093075 ], [ 85.533917777959601, 19.938782048263068 ], [ 85.526684826591094, 19.944034446595612 ], [ 85.520446719639494, 19.930634222751493 ], [ 85.507283324758703, 19.927502305003966 ], [ 85.505690485332934, 19.930790979094446 ], [ 85.508706280232701, 19.935717607104628 ], [ 85.518671743000823, 19.941171666957192 ], [ 85.505552697881143, 19.947977547523678 ], [ 85.505722081232037, 19.94469949744628 ], [ 85.498952246650347, 19.946300478075234 ], [ 85.503333392154218, 19.94624259717094 ], [ 85.501699048927989, 19.947827731813369 ], [ 85.505780230990055, 19.952722505423662 ], [ 85.51073558907656, 19.952583456275697 ], [ 85.514640402713965, 19.970247040518078 ], [ 85.518003531501236, 19.970279776161266 ], [ 85.516992897137428, 19.974133320241521 ], [ 85.521814148115197, 19.974607424415424 ], [ 85.52108895886974, 19.976543682384914 ], [ 85.527006190621208, 19.976294804814849 ], [ 85.526336038882533, 19.978511577323918 ], [ 85.530746251485894, 19.976944582410841 ], [ 85.528106658474599, 19.971538168282386 ], [ 85.534767455861157, 19.965246590107338 ], [ 85.531790123608033, 19.958635738031322 ], [ 85.547451472354737, 19.956957705113044 ], [ 85.552328350291162, 19.962820555957336 ], [ 85.550443831397956, 19.952609811660132 ], [ 85.558669270211723, 19.951646504405204 ], [ 85.563972794192381, 19.954729606013728 ], [ 85.566354332423842, 19.972438525851462 ], [ 85.55497401498414, 19.974478423128879 ], [ 85.559945190280487, 19.981082559185872 ], [ 85.566302519386994, 19.978165961403754 ], [ 85.568615176872385, 19.981870851892232 ], [ 85.563995115977036, 19.986043688913639 ], [ 85.567022951840528, 19.990422661241375 ], [ 85.56227997586177, 19.991807357995679 ], [ 85.561905813651222, 19.995648462677071 ], [ 85.566020023730147, 20.003577947555574 ], [ 85.567218164663572, 19.997918306794105 ], [ 85.57038032057855, 19.999122851887893 ], [ 85.571915515861775, 20.006932023875105 ], [ 85.566246409765583, 20.010766453328554 ], [ 85.571736547108827, 20.02569552357502 ], [ 85.578845591799123, 20.021750184320648 ], [ 85.58060092512207, 20.008831456924611 ], [ 85.587129351986576, 20.006652008952088 ], [ 85.586164047227257, 20.001828867137458 ], [ 85.589258969483268, 19.998817921022617 ], [ 85.606733133489143, 20.019081069709408 ], [ 85.614547673022869, 20.019612060213813 ], [ 85.60641556846268, 19.995985810965443 ], [ 85.613583593293882, 19.992721895103628 ], [ 85.62245216068527, 20.018033817249158 ], [ 85.628430004472307, 20.02366370774666 ], [ 85.619082495373746, 20.032286814846202 ], [ 85.620398847392025, 20.03642595198038 ], [ 85.612290494416158, 20.037717919415623 ], [ 85.61896953589131, 20.068700052318363 ], [ 85.622496759498063, 20.066636245162371 ], [ 85.637687433090818, 20.075255623149232 ], [ 85.637170948721149, 20.082465642339976 ], [ 85.643807451468561, 20.081907061484415 ], [ 85.643709113791175, 20.088885298937875 ], [ 85.636844819537103, 20.091971961352773 ], [ 85.631827794362522, 20.102571482836137 ], [ 85.649305904585802, 20.096982882104307 ], [ 85.646853267251871, 20.090255880061321 ], [ 85.650068480123778, 20.067128755132821 ], [ 85.662857246351194, 20.066015525949219 ], [ 85.66976840938004, 20.07021915397123 ], [ 85.677124358598476, 20.069321128825223 ], [ 85.681252166050626, 20.075974643865965 ], [ 85.675242127877652, 20.077113054363242 ], [ 85.671171120436242, 20.087581104395923 ], [ 85.679953395205899, 20.092887145546214 ], [ 85.692829314616347, 20.095309480064994 ], [ 85.692552403126456, 20.098735714509683 ], [ 85.68560763049588, 20.09663345475365 ], [ 85.686382812471777, 20.099426330715179 ], [ 85.683426910624803, 20.100082008832871 ], [ 85.685902525069693, 20.104825585296151 ], [ 85.674621286361827, 20.112827381175986 ], [ 85.674971539797468, 20.125184807026415 ], [ 85.683626798310229, 20.131050004321569 ], [ 85.680563789141772, 20.143834102309199 ], [ 85.683617864157355, 20.144683629288338 ], [ 85.684815212104851, 20.153081210792802 ], [ 85.690753946413224, 20.153947630839109 ], [ 85.690550061744503, 20.158318917073505 ], [ 85.692853134213976, 20.15404454035686 ], [ 85.701365257393732, 20.152042983516456 ], [ 85.701388006528049, 20.14409692078674 ], [ 85.71477762101263, 20.145712976338423 ], [ 85.719492917212392, 20.14291481907388 ], [ 85.714476516075479, 20.136901761016556 ], [ 85.722766445144089, 20.129738798327899 ], [ 85.726203077479695, 20.135338219812372 ], [ 85.720539215148904, 20.141888115682711 ], [ 85.728392529016418, 20.149674461297586 ], [ 85.744936534755183, 20.148153320474787 ], [ 85.749154761599613, 20.145852422523976 ], [ 85.748712982655405, 20.14004852520884 ], [ 85.756842456812592, 20.14152907858977 ], [ 85.758094392760668, 20.14592436023586 ], [ 85.752702442069577, 20.146667919615876 ], [ 85.754842394244804, 20.153075105622669 ], [ 85.764486870206198, 20.153603827096607 ], [ 85.761342328134873, 20.15986587244608 ], [ 85.763547334714445, 20.168423787669987 ], [ 85.780170442627764, 20.167410441065226 ], [ 85.783472449561714, 20.163584047428163 ], [ 85.779262788416958, 20.158030246411322 ], [ 85.787989763354759, 20.157864544214032 ], [ 85.797698395873269, 20.151954374369097 ], [ 85.805730741579197, 20.161315469868388 ], [ 85.825438140639918, 20.159107727811381 ], [ 85.827466570928124, 20.171259983593171 ], [ 85.837324616593563, 20.191595470609236 ], [ 85.842976123925936, 20.188285277444681 ], [ 85.844332117811831, 20.175685801569447 ], [ 85.854125448850567, 20.17641837538962 ], [ 85.854320693463364, 20.192868125343811 ], [ 85.847083325414701, 20.193231851022173 ], [ 85.842369140719597, 20.197908143481055 ], [ 85.844577948166275, 20.192329872672353 ], [ 85.837419804183568, 20.194884997116979 ], [ 85.840434429859258, 20.200059423018399 ], [ 85.844808107949788, 20.198105253770937 ], [ 85.851993377775926, 20.203591369396811 ], [ 85.858025257814731, 20.197378231134827 ], [ 85.861572763190409, 20.198453714703465 ], [ 85.866248088694277, 20.191151927431857 ], [ 85.870409646310947, 20.189349098057225 ], [ 85.87371210840854, 20.191877540577369 ], [ 85.887154970299378, 20.183537837267213 ], [ 85.892981304562241, 20.176979134521712 ], [ 85.888659155573862, 20.170473564977257 ], [ 85.892626704248116, 20.167571080582746 ], [ 85.893685115107303, 20.159942812501093 ], [ 85.89821492966415, 20.157324084789543 ], [ 85.898341514335129, 20.152943017075707 ], [ 85.903659128037887, 20.15182852193367 ], [ 85.894539155393687, 20.139880991916257 ], [ 85.891612120486087, 20.141177229697163 ], [ 85.884209620707807, 20.129411801512269 ], [ 85.873620820273757, 20.125924528855002 ], [ 85.871637159735826, 20.121746698356219 ], [ 85.875418364676605, 20.12070470406622 ], [ 85.87991718961355, 20.112886230735771 ], [ 85.897055821055631, 20.111851548740763 ], [ 85.902268349007144, 20.120833526653662 ], [ 85.902366460059881, 20.127335117457761 ], [ 85.910264173076826, 20.121009404927477 ], [ 85.920650487745448, 20.119198408027334 ], [ 85.924768175212961, 20.112948517625572 ], [ 85.929865697650271, 20.112360598449587 ], [ 85.929720893235768, 20.115382409010888 ], [ 85.934303602069591, 20.117384191098047 ], [ 85.943730278055966, 20.114558727158339 ], [ 85.945752709874469, 20.12108091896939 ], [ 85.948353233673942, 20.118390458308866 ], [ 85.950072308633509, 20.120257367044555 ], [ 85.948606823686333, 20.117696044451503 ], [ 85.952734128650604, 20.112692399308191 ], [ 85.959848410278383, 20.121742906677937 ], [ 85.999000293382522, 20.106956947566228 ], [ 86.003958298582702, 20.113996578241682 ], [ 86.01011657588478, 20.112784075061509 ], [ 86.015055944466539, 20.103789728994713 ], [ 86.021413972758879, 20.101224252858888 ], [ 86.028968132964479, 20.107675340753797 ], [ 86.046392814661615, 20.105041634009936 ], [ 86.051580194009432, 20.107703390173068 ], [ 86.056306934390705, 20.102682424625549 ], [ 86.069280989016747, 20.108488982506202 ] ] ] } },
{ "type": "Feature", "properties": { "District": "R>YAGARHA", "STATE": "ODISHA", "REMARKS": null, "State_LGD": 21, "DISTRICT_L": "370", "Shape_Leng": 790225.66347100004, "Shape_Area": 7104622187.6300001 }, "geometry": { "type": "Polygon", "coordinates": [ [ [ 83.479458171297239, 19.965662363935198 ], [ 83.533727105992142, 19.947571503947501 ], [ 83.549914956750186, 19.936093015493253 ], [ 83.551883193030946, 19.930822996041883 ], [ 83.559855694836259, 19.92990906012173 ], [ 83.553558933971033, 19.910314662173697 ], [ 83.538070107735351, 19.896937409736662 ], [ 83.526719894170839, 19.877711593096553 ], [ 83.527981423636746, 19.854933527492509 ], [ 83.533306325422188, 19.854298037970491 ], [ 83.534659042910931, 19.858039698641036 ], [ 83.543740188068966, 19.842785202484826 ], [ 83.585283617940718, 19.823243191766903 ], [ 83.597508189411229, 19.828343470193929 ], [ 83.599807303433494, 19.834463682700221 ], [ 83.606888545332552, 19.816102417469757 ], [ 83.619018082931262, 19.814538783940261 ], [ 83.619838539158053, 19.804630347771951 ], [ 83.615373488482305, 19.799950760376113 ], [ 83.621048598817467, 19.775406456534242 ], [ 83.618692742526065, 19.768704906048491 ], [ 83.607997896304397, 19.759754796147867 ], [ 83.607781564106716, 19.750556718825187 ], [ 83.625508003199798, 19.744843662213064 ], [ 83.632102424525073, 19.730868402203193 ], [ 83.63161045737786, 19.717141671820816 ], [ 83.641470632013821, 19.705592238328375 ], [ 83.643632754225607, 19.696765810169122 ], [ 83.634911832991023, 19.678564112548219 ], [ 83.63452782263883, 19.67140468559688 ], [ 83.645787094233285, 19.659315639792588 ], [ 83.648931529640791, 19.657517486179501 ], [ 83.65432186901019, 19.663907641775889 ], [ 83.662593368246817, 19.664940978797702 ], [ 83.669232281000973, 19.677316531796244 ], [ 83.69500932554196, 19.691075664852992 ], [ 83.713556988320747, 19.674466903269931 ], [ 83.722454012033026, 19.671867261553565 ], [ 83.728785922492335, 19.654864241536227 ], [ 83.742208760558526, 19.655359623704943 ], [ 83.741838547599201, 19.65908972657429 ], [ 83.7494451291698, 19.668923342564351 ], [ 83.762962505724133, 19.676819239856194 ], [ 83.763176057600916, 19.691483275445727 ], [ 83.767166858833093, 19.699046592934774 ], [ 83.764487788392444, 19.705403564462024 ], [ 83.766384755102578, 19.716195310052814 ], [ 83.77982904905538, 19.711030498085023 ], [ 83.791425535867802, 19.71095861438797 ], [ 83.803257530693315, 19.719202120973215 ], [ 83.814029527734178, 19.721024047102365 ], [ 83.821812886355943, 19.711187005635161 ], [ 83.828877944281146, 19.710949236470661 ], [ 83.832414870018155, 19.706898311175436 ], [ 83.836619280053043, 19.711513041834863 ], [ 83.845018657259686, 19.709380135119801 ], [ 83.842589395859619, 19.702466857380525 ], [ 83.849875354892902, 19.700753187237069 ], [ 83.853835917147123, 19.685685195452926 ], [ 83.872863983587749, 19.671685792755753 ], [ 83.905506233370261, 19.671666036813996 ], [ 83.916586875318814, 19.68095211655649 ], [ 83.921590077295932, 19.675666253854008 ], [ 83.93032323084023, 19.678719737828985 ], [ 83.932125800259413, 19.673029771903312 ], [ 83.935978101539234, 19.671549088425802 ], [ 83.923810541405572, 19.663577808989711 ], [ 83.934001172349298, 19.658252213784802 ], [ 83.940069020366238, 19.635253730754236 ], [ 83.926330988100503, 19.63100493588238 ], [ 83.92492821261088, 19.626409902757242 ], [ 83.931364314337372, 19.595687229379408 ], [ 83.934455005585306, 19.594354854765541 ], [ 83.932004702098681, 19.571879231006942 ], [ 83.93955796790209, 19.562981105777148 ], [ 83.93837863269124, 19.555710402909884 ], [ 83.942500588232093, 19.549323737349219 ], [ 83.946025265804607, 19.546761030791842 ], [ 83.955003575645748, 19.548230201782093 ], [ 83.970444254256222, 19.542217063810458 ], [ 83.975488620551531, 19.532203572690467 ], [ 83.979065141817728, 19.531485520744461 ], [ 83.971241095175799, 19.525665270308611 ], [ 83.965754799526962, 19.512001707507633 ], [ 83.959110045847922, 19.507854015388034 ], [ 83.958476774856621, 19.502357459055236 ], [ 83.976696600569781, 19.486129128240904 ], [ 83.968102428311965, 19.469248543430062 ], [ 83.96921092956444, 19.461132498988331 ], [ 83.965074600906547, 19.458997390039517 ], [ 83.961690362855506, 19.45161846050425 ], [ 83.96336457985457, 19.448431369489036 ], [ 83.954702878453546, 19.441278293654705 ], [ 83.941666653094686, 19.419976707628738 ], [ 83.947239068383936, 19.396820009831714 ], [ 83.962621845895555, 19.395951369272876 ], [ 83.968654193512251, 19.385759830525799 ], [ 83.97752121300914, 19.38355671161645 ], [ 83.980153345215172, 19.399952496461051 ], [ 83.987001328713859, 19.402439960046841 ], [ 83.989766920496876, 19.38900193913339 ], [ 83.997160251213216, 19.38883051478745 ], [ 84.015435460015041, 19.377248554121966 ], [ 84.02881566836453, 19.347452313110111 ], [ 84.023990456599662, 19.337728723997905 ], [ 84.026825216949987, 19.328487163302764 ], [ 84.016175013358264, 19.317645705773455 ], [ 84.014321405349364, 19.30653637707205 ], [ 84.020123085075028, 19.290836320876569 ], [ 84.012668626682469, 19.285344352808536 ], [ 84.011249856237725, 19.271451773912204 ], [ 84.003128699613768, 19.269739369542304 ], [ 84.002774056433111, 19.258627699761419 ], [ 83.998614308897089, 19.257526835276842 ], [ 83.995395040787031, 19.244096740082554 ], [ 83.992391404804593, 19.242787226789996 ], [ 83.994511983042273, 19.236031386503182 ], [ 83.988205834991021, 19.228682097286956 ], [ 83.988539073567949, 19.221097875985055 ], [ 83.984520223304642, 19.214591155296119 ], [ 83.979749524775542, 19.213007824400954 ], [ 83.984635625306495, 19.203620482507148 ], [ 83.997460174825363, 19.193435429114057 ], [ 83.987987113533009, 19.186620641094404 ], [ 83.991988275681834, 19.168793202229271 ], [ 83.983971664462956, 19.164680643914249 ], [ 83.98849576627812, 19.161627995243911 ], [ 83.988801911632194, 19.157005276832503 ], [ 83.994233550609394, 19.149775675380784 ], [ 84.006574043382869, 19.147723315225306 ], [ 84.010170544957276, 19.143064835690698 ], [ 84.026527023781981, 19.142507202102532 ], [ 84.033686445466643, 19.13222853718575 ], [ 84.015602365880952, 19.118140680224542 ], [ 84.016015087353466, 19.102416746451574 ], [ 84.013518581298825, 19.09985758266825 ], [ 84.019517355594985, 19.089228526609432 ], [ 84.018096349909342, 19.079727571875154 ], [ 84.021767731074235, 19.075103891386512 ], [ 84.028927745688051, 19.075667940409097 ], [ 84.031797491576214, 19.058572054704992 ], [ 84.009060175497964, 19.057310550377743 ], [ 84.003433494866641, 19.069874196703235 ], [ 83.997588340469022, 19.068235961064577 ], [ 83.977635394119545, 19.072242983428399 ], [ 83.964662307076168, 19.062982024525358 ], [ 83.961271797919593, 19.056558653052853 ], [ 83.961123457129176, 19.053017450758599 ], [ 83.964688185557407, 19.051398305928871 ], [ 83.963158826170172, 19.043067401695485 ], [ 83.985556721165096, 19.022253613124324 ], [ 83.975569501085005, 19.007518509828149 ], [ 83.968173484580944, 19.006328392046957 ], [ 83.96018326599075, 18.99918442131866 ], [ 83.950279317492061, 18.997568706730089 ], [ 83.937804748431205, 19.009269376801697 ], [ 83.930186267890974, 19.010550487937973 ], [ 83.928419351851744, 19.015074597779044 ], [ 83.917142922496922, 19.013194571067043 ], [ 83.907853340395761, 19.019927246012202 ], [ 83.89599717038088, 19.007058398669194 ], [ 83.894830695953544, 18.996982700654723 ], [ 83.89102646131397, 18.994613517065869 ], [ 83.875585743872662, 18.995265105097452 ], [ 83.867674619012533, 18.993324863717675 ], [ 83.86515748654503, 18.98933713818397 ], [ 83.857435619478153, 18.991061376431411 ], [ 83.855748621878774, 19.000001189175304 ], [ 83.844446107144307, 19.010734719431948 ], [ 83.832197245275452, 19.00465237409955 ], [ 83.819092206544411, 19.020355369482093 ], [ 83.816923039372284, 19.031616055759788 ], [ 83.810911060456903, 19.033165895246253 ], [ 83.799495123099845, 19.028675853256253 ], [ 83.7946880289022, 19.017976999886724 ], [ 83.777905845051137, 19.017534805999219 ], [ 83.781982985368941, 19.008394559356017 ], [ 83.764860599784996, 19.005401062615579 ], [ 83.762805118476905, 18.998492653651255 ], [ 83.760651742789236, 19.002597064376886 ], [ 83.751550206212443, 18.998678561654287 ], [ 83.744853466919452, 18.98797877651678 ], [ 83.748070217335481, 18.974043801600157 ], [ 83.755305096868781, 18.97131770679329 ], [ 83.758955228129437, 18.950613089297875 ], [ 83.769647271416204, 18.954756048952472 ], [ 83.772582850102893, 18.944323888246451 ], [ 83.776218193047654, 18.945249146846617 ], [ 83.778846888102848, 18.936663515516916 ], [ 83.784456019041471, 18.933595271269372 ], [ 83.78789079889718, 18.915868798137225 ], [ 83.779170138556495, 18.911466895421544 ], [ 83.769387997796457, 18.914303961044109 ], [ 83.763168847589029, 18.927281542613365 ], [ 83.753858746224765, 18.925131045009639 ], [ 83.746811879764209, 18.943578957275232 ], [ 83.74054104726757, 18.950069209138544 ], [ 83.734399619797799, 18.969176185739514 ], [ 83.733012703936637, 18.987711752596979 ], [ 83.714199611801959, 18.992986677319948 ], [ 83.709635156756633, 19.002155612711455 ], [ 83.710305067783992, 19.007175223229488 ], [ 83.723892443955819, 19.010248776252503 ], [ 83.730016857305188, 19.021955396104698 ], [ 83.724468367630919, 19.020542935952808 ], [ 83.700138912904492, 19.025451182077386 ], [ 83.685252473152147, 19.058532139519738 ], [ 83.676589697419871, 19.065204706145334 ], [ 83.674629714386953, 19.072082275519751 ], [ 83.664354986570629, 19.07571213052163 ], [ 83.661017870108068, 19.08113756796272 ], [ 83.662822484223881, 19.098950100365908 ], [ 83.657584328096505, 19.102547464360558 ], [ 83.65557080081976, 19.108802649500504 ], [ 83.65105294413577, 19.109346389247335 ], [ 83.650454459948151, 19.117387133684598 ], [ 83.647036366996232, 19.118398049393925 ], [ 83.649636121708525, 19.123259348841493 ], [ 83.654363415235494, 19.122130242680484 ], [ 83.654962902754392, 19.129620824663228 ], [ 83.637007809593086, 19.131477590115217 ], [ 83.631702916764297, 19.140840997183922 ], [ 83.634409540867523, 19.151832348187337 ], [ 83.637680277359692, 19.153158044894102 ], [ 83.633922517923139, 19.159456222062943 ], [ 83.62603413423102, 19.162666444374565 ], [ 83.627473391201789, 19.15064945569965 ], [ 83.622292886520839, 19.14782033481292 ], [ 83.620803767604656, 19.141678562732874 ], [ 83.615961125521054, 19.137051924189709 ], [ 83.607969396142465, 19.139689445366308 ], [ 83.59912643507208, 19.130161458130253 ], [ 83.597808647234473, 19.118806522619096 ], [ 83.610614151091781, 19.096063334751307 ], [ 83.59295034697081, 19.092673775080694 ], [ 83.585588626928271, 19.086555411832403 ], [ 83.587021828125202, 19.069359620531053 ], [ 83.584455091806248, 19.05756587788462 ], [ 83.574965085759573, 19.0613965809411 ], [ 83.563419234101019, 19.057850455992298 ], [ 83.560349260986641, 19.06449899250007 ], [ 83.566999700117151, 19.071739137169615 ], [ 83.560173771959896, 19.087068484600305 ], [ 83.554442627044168, 19.086533989757154 ], [ 83.549045515569105, 19.080517676075878 ], [ 83.557567373874406, 19.056202366911055 ], [ 83.551677845887326, 19.054550174642369 ], [ 83.546882730976449, 19.043716468983085 ], [ 83.541734908440759, 19.041484644944806 ], [ 83.536705174654756, 19.009495076897739 ], [ 83.534566596252475, 19.013091530211135 ], [ 83.524737487953104, 19.01451748194728 ], [ 83.522492995250673, 19.012073717657909 ], [ 83.500935822056277, 19.020661556145033 ], [ 83.495458095554952, 19.031852633477602 ], [ 83.496466408850765, 19.035469405941505 ], [ 83.508470502693925, 19.035537053853524 ], [ 83.514821037692926, 19.028456328272949 ], [ 83.519301667103278, 19.039064970476439 ], [ 83.513131726079351, 19.048378516865281 ], [ 83.51679569201923, 19.057079617341611 ], [ 83.513041738440975, 19.060684045877128 ], [ 83.511714778555273, 19.070315445228225 ], [ 83.501784645123124, 19.065894461145479 ], [ 83.500604054273325, 19.060631971658395 ], [ 83.480839919264156, 19.078504787058893 ], [ 83.481831488701232, 19.085133657312493 ], [ 83.486331958462173, 19.087547331695756 ], [ 83.483395838522839, 19.092255910808792 ], [ 83.473656283607966, 19.095272388953223 ], [ 83.46797670740925, 19.09311796083707 ], [ 83.467259885954945, 19.087690925292847 ], [ 83.476458201903171, 19.085670979802241 ], [ 83.478372035054861, 19.079273929265543 ], [ 83.472986570098797, 19.077047916974429 ], [ 83.466270481093588, 19.079901411406297 ], [ 83.463096773204967, 19.075965712346413 ], [ 83.465203283707012, 19.071011137094743 ], [ 83.462294348392788, 19.063766509737217 ], [ 83.469197721423626, 19.06109584132432 ], [ 83.470723389875332, 19.042909590104248 ], [ 83.483347529836664, 19.03354666327099 ], [ 83.479398437768452, 19.022116885629366 ], [ 83.482508209462907, 19.015094198215586 ], [ 83.479680201051053, 19.008467231353691 ], [ 83.47159140045548, 19.0072255306026 ], [ 83.461521693869116, 19.012340537694605 ], [ 83.452248770154014, 19.012590258152692 ], [ 83.449941250166262, 19.009658656395196 ], [ 83.455273314684774, 18.991263788651533 ], [ 83.465996779834214, 18.993550488476497 ], [ 83.467835432004037, 18.991083067418696 ], [ 83.464184918592679, 18.980104892066585 ], [ 83.468555601800233, 18.980367155267217 ], [ 83.469812100925068, 18.969323482463853 ], [ 83.461829066596792, 18.954781358288646 ], [ 83.445859897839085, 18.957760923307948 ], [ 83.443538072640294, 18.960952484551292 ], [ 83.44588855381177, 18.965906673744254 ], [ 83.438883772918871, 18.976384957939295 ], [ 83.435097866284622, 18.97585680513625 ], [ 83.426359177418533, 18.985007351419462 ], [ 83.415321330154811, 18.989179741955869 ], [ 83.420002624767477, 18.998100095406933 ], [ 83.414389680277552, 19.003569771139691 ], [ 83.411275014039191, 19.00025528023064 ], [ 83.409553550583496, 19.004328280263913 ], [ 83.396722291872649, 19.00969716940936 ], [ 83.384585780434023, 19.001256190506002 ], [ 83.372612852163712, 19.002259182992905 ], [ 83.366618922749353, 19.006097653161103 ], [ 83.367478091069103, 19.016481973800566 ], [ 83.358051733669186, 19.019379730898539 ], [ 83.348017947106044, 19.016919958154741 ], [ 83.347041160466887, 19.02546276633193 ], [ 83.362469077100101, 19.047696048137784 ], [ 83.358798993479155, 19.052448270164785 ], [ 83.345377466482006, 19.052371116396106 ], [ 83.340348887650762, 19.060870640191919 ], [ 83.344779017118043, 19.073300499119014 ], [ 83.342418709875602, 19.081084169248797 ], [ 83.338318023943316, 19.083335465373075 ], [ 83.340758416516337, 19.10217605987199 ], [ 83.326879278765361, 19.100252165280725 ], [ 83.319904662589721, 19.114136147970306 ], [ 83.308948684157869, 19.11818473126932 ], [ 83.301896229566239, 19.114267516916467 ], [ 83.298396336823032, 19.122954726427 ], [ 83.291446001903196, 19.11506633100403 ], [ 83.285298388215082, 19.115766000282612 ], [ 83.283209592722415, 19.126323099735757 ], [ 83.279459407383342, 19.123371330169284 ], [ 83.268578955363367, 19.084686144904612 ], [ 83.259406779361782, 19.067548015441126 ], [ 83.26226816594864, 19.069454724851091 ], [ 83.262214038050359, 19.065034651638936 ], [ 83.266930965870287, 19.063761553885463 ], [ 83.26853959041523, 19.055626141028625 ], [ 83.260699515031163, 19.038868558565017 ], [ 83.243271944344642, 19.027240271954035 ], [ 83.234393690895942, 19.026470512074162 ], [ 83.236842006123922, 18.989576963679205 ], [ 83.232241174169999, 18.985617606226356 ], [ 83.219852649639748, 18.983630501834742 ], [ 83.200861325568837, 18.960336918900392 ], [ 83.185004614315346, 18.960858831074557 ], [ 83.185828395490489, 18.968707518344988 ], [ 83.196525857247636, 18.991347163703274 ], [ 83.194462963238479, 19.000218805997164 ], [ 83.188036880523683, 19.003677608936595 ], [ 83.184489427085779, 19.013799790819665 ], [ 83.186081622098669, 19.030969714449952 ], [ 83.193096906382792, 19.052410742428311 ], [ 83.186608812036752, 19.059248881532106 ], [ 83.195312963439193, 19.075345033263126 ], [ 83.185185725073367, 19.081119401196325 ], [ 83.189520009892348, 19.096459028573811 ], [ 83.181533487715669, 19.095307442169464 ], [ 83.179069950776181, 19.098001085117644 ], [ 83.187983314352039, 19.106033547074016 ], [ 83.190270300162339, 19.11302448654342 ], [ 83.19519506634748, 19.115025167404067 ], [ 83.195374816390782, 19.119281763943338 ], [ 83.204874713149309, 19.123386300785867 ], [ 83.205371006242373, 19.132502850821432 ], [ 83.220796109850511, 19.138292221250115 ], [ 83.225094255161437, 19.122881116480556 ], [ 83.244713591256982, 19.12791255957584 ], [ 83.240118154525206, 19.133139481238199 ], [ 83.241083815442536, 19.145181030175415 ], [ 83.248318670933429, 19.14843290772253 ], [ 83.25010357418941, 19.152951238486356 ], [ 83.25556710846422, 19.153195827361216 ], [ 83.257129503437881, 19.163942767459133 ], [ 83.248131931583657, 19.162449989237771 ], [ 83.226659263493943, 19.173292820413629 ], [ 83.219809857275479, 19.161186895501231 ], [ 83.198251763890582, 19.168974674136606 ], [ 83.19745178150518, 19.16036037854143 ], [ 83.204828190255768, 19.154236730827272 ], [ 83.201256566392615, 19.148295514464142 ], [ 83.196539829941457, 19.147015192149915 ], [ 83.18915007712053, 19.150598816320223 ], [ 83.177509636919368, 19.143529330495184 ], [ 83.175279269086104, 19.145213193356092 ], [ 83.16618927485284, 19.138338508224287 ], [ 83.161612423660287, 19.121854024176297 ], [ 83.150063884736028, 19.124956755360316 ], [ 83.147759457165535, 19.1356411984309 ], [ 83.135714467454804, 19.136427982768698 ], [ 83.130881391428744, 19.122320929432405 ], [ 83.129517378574718, 19.093346548534136 ], [ 83.120368713176617, 19.08971275348404 ], [ 83.106828707293531, 19.113808231027846 ], [ 83.100756051808943, 19.11136297437033 ], [ 83.087344917589505, 19.088016646704396 ], [ 83.080092783088219, 19.086914856195996 ], [ 83.073820268499375, 19.081561915302078 ], [ 83.07310629264903, 19.071141343251202 ], [ 83.066088299697242, 19.062932384422933 ], [ 83.071622599919309, 19.061461158027132 ], [ 83.072007405210371, 19.057635898121557 ], [ 83.065091193050876, 19.044154946130657 ], [ 83.048141240811489, 19.055773339553415 ], [ 83.03169108354453, 19.055311195110857 ], [ 83.021840389937864, 19.061223503466511 ], [ 83.019338011968472, 19.073843166270553 ], [ 83.029149094460195, 19.078981844963828 ], [ 83.02861170917808, 19.086798448087745 ], [ 83.018906079141487, 19.095372892228525 ], [ 83.009311805640976, 19.0956504898001 ], [ 83.006570135959379, 19.100752528599575 ], [ 83.008903947467076, 19.112234997950502 ], [ 83.005113656807438, 19.120623372002413 ], [ 82.980549699797947, 19.138382187719504 ], [ 82.983020980306989, 19.147944357140659 ], [ 82.979388324867728, 19.162929080365867 ], [ 82.980739651942955, 19.171803233245559 ], [ 82.976693075415227, 19.172470155413915 ], [ 82.972963451811736, 19.165825653567055 ], [ 82.955046681090849, 19.155967701767509 ], [ 82.948597611885958, 19.154794504960009 ], [ 82.938622658621796, 19.16154594862919 ], [ 82.930374325071867, 19.158808002981356 ], [ 82.919968639553176, 19.162385960355792 ], [ 82.914463650362322, 19.157362071111269 ], [ 82.901341449551055, 19.155370796703515 ], [ 82.903935152301855, 19.160112281474373 ], [ 82.897063026145929, 19.167768685662992 ], [ 82.897989801115685, 19.174398804567193 ], [ 82.894899757913294, 19.173960716848285 ], [ 82.892968189419477, 19.178809481532163 ], [ 82.884007621684361, 19.181742699845785 ], [ 82.88345983889964, 19.184416279494325 ], [ 82.877637540845399, 19.183425033489126 ], [ 82.869917704632215, 19.194394013494133 ], [ 82.871906156872242, 19.199125172857318 ], [ 82.88702310898698, 19.200659478063791 ], [ 82.892035267850702, 19.205323352154672 ], [ 82.894099751968994, 19.211643604632695 ], [ 82.884245526748344, 19.218091330783484 ], [ 82.894815134667837, 19.217227993030495 ], [ 82.907765765992011, 19.225354813597381 ], [ 82.908204593695871, 19.230413433729421 ], [ 82.918289627234856, 19.238555586617444 ], [ 82.913101999838517, 19.250899914075152 ], [ 82.902553000538589, 19.26401822352285 ], [ 82.906145297505006, 19.270313273333628 ], [ 82.901630907805796, 19.276435422132796 ], [ 82.901743774048271, 19.283335745145248 ], [ 82.911564993532807, 19.295920690902388 ], [ 82.919827142942452, 19.299524123268387 ], [ 82.926138373637002, 19.296977972336361 ], [ 82.937899564959054, 19.306835308492676 ], [ 82.938407903236012, 19.323311180734965 ], [ 82.953646878643156, 19.346517486782044 ], [ 82.952177222298985, 19.35537234048164 ], [ 82.945176955912274, 19.363762273377439 ], [ 82.948460693363657, 19.375380001214904 ], [ 82.954851906022753, 19.38252442906817 ], [ 82.95570359541847, 19.392465311243349 ], [ 82.949899997357704, 19.399528381395175 ], [ 82.938173801167679, 19.403343904576843 ], [ 82.936057175409857, 19.425177299904377 ], [ 82.93277520101762, 19.431458665043174 ], [ 82.928602428908491, 19.429664793973838 ], [ 82.922429496419099, 19.433465546373284 ], [ 82.921398657821143, 19.439316476177005 ], [ 82.929208025716392, 19.445864080067906 ], [ 82.930339762144456, 19.443720194909869 ], [ 82.934938704983708, 19.451719686447511 ], [ 82.938402445400996, 19.446687339217917 ], [ 82.971907546721866, 19.447866249125102 ], [ 82.97551639156849, 19.4513904829148 ], [ 82.97830618850864, 19.449395400898538 ], [ 82.993858030770397, 19.463926185532319 ], [ 82.997030964263175, 19.467558615300796 ], [ 82.994010171347639, 19.484537665883543 ], [ 82.999178309111471, 19.497799678422655 ], [ 83.025131270641666, 19.507858118873173 ], [ 83.028344965793977, 19.51500314518864 ], [ 83.02492885583797, 19.525248454190336 ], [ 83.028315659796675, 19.53403094335162 ], [ 83.034844127099177, 19.538383643988567 ], [ 83.036052376202235, 19.550008559621933 ], [ 83.043484109850283, 19.556044214098176 ], [ 83.070398525200332, 19.561730568599135 ], [ 83.078156664927832, 19.559270357773979 ], [ 83.077262673602007, 19.554195354402498 ], [ 83.086352880950486, 19.545306444351027 ], [ 83.088039815016344, 19.537207407822148 ], [ 83.093662486681097, 19.53992431550698 ], [ 83.100728557774957, 19.537457802345958 ], [ 83.101885965905694, 19.542597217441052 ], [ 83.107961214244639, 19.538308302070064 ], [ 83.102598122605713, 19.52438413343878 ], [ 83.108852847316214, 19.525173843115851 ], [ 83.109074570337498, 19.520230550675457 ], [ 83.114216413607053, 19.514570418468395 ], [ 83.107186358647112, 19.508686542551111 ], [ 83.122376116327857, 19.497841773759443 ], [ 83.128588110166135, 19.506354012774999 ], [ 83.135395087917402, 19.507899676121582 ], [ 83.15328564702854, 19.490783793074456 ], [ 83.159385538248017, 19.481421426726246 ], [ 83.149756545657809, 19.473447642374506 ], [ 83.148446597995701, 19.466901256427008 ], [ 83.153324665271583, 19.463844644814092 ], [ 83.152675646277316, 19.457602049593984 ], [ 83.163081118492343, 19.444851064718478 ], [ 83.169301296899533, 19.427137007472567 ], [ 83.182372501691503, 19.421777798471165 ], [ 83.18518742011635, 19.423681316397907 ], [ 83.183086447524971, 19.437087683229791 ], [ 83.185340997044591, 19.447248745124174 ], [ 83.182407979462482, 19.452202052209614 ], [ 83.184704144776461, 19.451596341677273 ], [ 83.186466263221277, 19.464075498071708 ], [ 83.192079661717145, 19.465123132965633 ], [ 83.194993239814792, 19.457677073274958 ], [ 83.198242400215776, 19.45854541204741 ], [ 83.204274748751274, 19.445863472412661 ], [ 83.201555617663885, 19.439452155947617 ], [ 83.213102633163246, 19.438259323034281 ], [ 83.211473577828016, 19.435023342682509 ], [ 83.2161342196313, 19.430491064750534 ], [ 83.219185891333467, 19.443121049124557 ], [ 83.211503518418155, 19.443558197138721 ], [ 83.209287581752108, 19.44972686281028 ], [ 83.207456217176173, 19.44807373622842 ], [ 83.204287363197139, 19.451025108008853 ], [ 83.201062988388969, 19.460100813075186 ], [ 83.204184921070137, 19.459656435974217 ], [ 83.205739827689825, 19.469708127720676 ], [ 83.20829434617805, 19.469184807406965 ], [ 83.204924442520209, 19.474197992409838 ], [ 83.211897177340958, 19.478199985285922 ], [ 83.213867055542465, 19.485794255580348 ], [ 83.220220410296932, 19.490065301523686 ], [ 83.219384593699971, 19.495819837992098 ], [ 83.224597777016854, 19.498162903258731 ], [ 83.228318821436091, 19.505943114189336 ], [ 83.245540355610743, 19.50462819937999 ], [ 83.24536000638939, 19.513639704856558 ], [ 83.257353844197496, 19.528166852083331 ], [ 83.248312946047193, 19.539460798515574 ], [ 83.255985825629367, 19.547285896996311 ], [ 83.263777255078068, 19.54785671058038 ], [ 83.262501013367512, 19.554366456791588 ], [ 83.265889270490334, 19.558889433134219 ], [ 83.255518443201865, 19.565057026190594 ], [ 83.252990464820869, 19.569979263707637 ], [ 83.258314692899347, 19.577011547410393 ], [ 83.266484720115457, 19.574899506433869 ], [ 83.269349948429038, 19.577414893959109 ], [ 83.266337279562066, 19.601124575284821 ], [ 83.278054094567835, 19.598384726396137 ], [ 83.287796738717901, 19.588827963904205 ], [ 83.28775151681171, 19.5970967751629 ], [ 83.300204839784115, 19.590909821272589 ], [ 83.31930335077999, 19.592362822107383 ], [ 83.357963865289079, 19.607101074524298 ], [ 83.36392821361828, 19.604724463603912 ], [ 83.366196476120038, 19.597569152791998 ], [ 83.372936426381443, 19.597426310396834 ], [ 83.375062542708093, 19.606903455716587 ], [ 83.36933391273881, 19.619830113020797 ], [ 83.373297835185738, 19.633726299451453 ], [ 83.378269813477587, 19.639955180256809 ], [ 83.378013511720923, 19.653292860659903 ], [ 83.383811122219115, 19.667913909292022 ], [ 83.402432545650527, 19.682801465521127 ], [ 83.415734388560864, 19.684808371286053 ], [ 83.422005682760783, 19.694486057292288 ], [ 83.42795948278561, 19.696329113089305 ], [ 83.432256797644911, 19.712214519138978 ], [ 83.44638539687692, 19.719618237702321 ], [ 83.442924615668701, 19.726148143989906 ], [ 83.444652534904677, 19.732531763459093 ], [ 83.452147727108255, 19.734036737914067 ], [ 83.454440151650985, 19.739577160837978 ], [ 83.454253403529478, 19.775670099324465 ], [ 83.450437931177888, 19.779745524913135 ], [ 83.454398320991913, 19.78077026658724 ], [ 83.450564203455954, 19.784575109178153 ], [ 83.459492949476399, 19.796630092646598 ], [ 83.446997386576243, 19.796503524396854 ], [ 83.44650753248736, 19.799097564516188 ], [ 83.436782607318932, 19.801741005186454 ], [ 83.437612836274837, 19.813338437132703 ], [ 83.433466063004118, 19.81610418547773 ], [ 83.431455512669132, 19.826011022958216 ], [ 83.438999834898439, 19.83324985236839 ], [ 83.434485951612956, 19.839826964868731 ], [ 83.423637926598374, 19.845041002316105 ], [ 83.42194548623884, 19.849547693067798 ], [ 83.430489471604488, 19.870973725876468 ], [ 83.424429457253865, 19.875770288497275 ], [ 83.425362312445912, 19.882169269676147 ], [ 83.420170979869653, 19.892024555326099 ], [ 83.409489602772283, 19.90062219079898 ], [ 83.413171651825053, 19.90671306824688 ], [ 83.41055000592705, 19.911074196704433 ], [ 83.408538723407418, 19.909710835261833 ], [ 83.404040593974656, 19.920694260749464 ], [ 83.418504852921515, 19.934382445380479 ], [ 83.423146342838152, 19.928467420441759 ], [ 83.44206940043459, 19.933581320429496 ], [ 83.441428328359549, 19.946855857106751 ], [ 83.445797014453532, 19.951473452650081 ], [ 83.443714427316962, 19.957010679633665 ], [ 83.446233733474543, 19.973284837196978 ], [ 83.472987643882306, 19.966592516512193 ], [ 83.473624214950419, 19.963314605328073 ], [ 83.479458171297239, 19.965662363935198 ] ] ] } },
{ "type": "Feature", "properties": { "District": "SAMBALPUR", "STATE": "ODISHA", "REMARKS": null, "State_LGD": 21, "DISTRICT_L": "371", "Shape_Leng": 647721.28919499996, "Shape_Area": 6406160531.7700005 }, "geometry": { "type": "Polygon", "coordinates": [ [ [ 84.656731903458166, 21.764049743635002 ], [ 84.6538958937345, 21.764284928444145 ], [ 84.649171359935025, 21.757030419974225 ], [ 84.649510913985765, 21.749243061596605 ], [ 84.646104126465488, 21.743298500515913 ], [ 84.630860585910412, 21.73961362473333 ], [ 84.630263315299075, 21.73714018918956 ], [ 84.637470246272173, 21.733757941103359 ], [ 84.638078579336678, 21.723139099312288 ], [ 84.629159221608433, 21.698393522657383 ], [ 84.591155074023888, 21.697850002186534 ], [ 84.580726246722364, 21.702438323566188 ], [ 84.566679398489114, 21.703234759846485 ], [ 84.559582523639818, 21.700963539308926 ], [ 84.55894265962182, 21.689063048925611 ], [ 84.555775798999491, 21.684948880654563 ], [ 84.544291273481576, 21.684571507924989 ], [ 84.541683243332614, 21.679440509584754 ], [ 84.531475725381256, 21.679261885650444 ], [ 84.508792854146108, 21.687233580199042 ], [ 84.501955225056633, 21.685167015459378 ], [ 84.490818295870071, 21.664183355803392 ], [ 84.494283479287347, 21.658723704759836 ], [ 84.485095018417482, 21.64834631928673 ], [ 84.4847386534218, 21.64020620598043 ], [ 84.500603921054804, 21.624288990853508 ], [ 84.508004479312959, 21.62432799879948 ], [ 84.510651616714284, 21.621437765329855 ], [ 84.52088386005822, 21.626985411509825 ], [ 84.524448173114109, 21.62493484518054 ], [ 84.534050639112635, 21.611597461262399 ], [ 84.531288753410749, 21.606504900842431 ], [ 84.542344744046403, 21.601590032571181 ], [ 84.544655771561779, 21.595087139115229 ], [ 84.556572973066281, 21.591411654516833 ], [ 84.569490858050074, 21.581542501054727 ], [ 84.56669491143758, 21.577285174848949 ], [ 84.54245914232105, 21.583669239611101 ], [ 84.532361773954221, 21.577393739833028 ], [ 84.537684529275367, 21.571445672929709 ], [ 84.533987381124462, 21.568325737666644 ], [ 84.510029961319617, 21.581602573055889 ], [ 84.509490361924506, 21.572231763313898 ], [ 84.493162213489541, 21.579019967806566 ], [ 84.488323082523905, 21.578075842821058 ], [ 84.494113958592933, 21.573630721532727 ], [ 84.503496340496966, 21.551940175963196 ], [ 84.500299062958391, 21.54365342226372 ], [ 84.494202712403208, 21.543769628402554 ], [ 84.49170314192132, 21.531416783469115 ], [ 84.471071422747556, 21.538978092163344 ], [ 84.472505101335344, 21.536155914626729 ], [ 84.46718976252825, 21.527430328073784 ], [ 84.459300678641952, 21.528307934301605 ], [ 84.458122189553777, 21.515907410737658 ], [ 84.442017711000545, 21.518175701356981 ], [ 84.440388002073661, 21.512336374006381 ], [ 84.446428204576065, 21.501274209098607 ], [ 84.444883888017756, 21.491924043102184 ], [ 84.427468021980616, 21.488821816457182 ], [ 84.407924325027977, 21.476836884295025 ], [ 84.408772790733309, 21.467320671173031 ], [ 84.41466296671571, 21.455191944884454 ], [ 84.408400396688634, 21.451023305078312 ], [ 84.409035749298809, 21.442352383205701 ], [ 84.393175431894761, 21.436485888810616 ], [ 84.392109718615103, 21.427007643493518 ], [ 84.397021076947041, 21.421378194378093 ], [ 84.394908865516811, 21.412718792701998 ], [ 84.398496033618173, 21.407515457060203 ], [ 84.39377436761356, 21.394603885044592 ], [ 84.398982068481345, 21.385227497676663 ], [ 84.402942469014619, 21.384765338583765 ], [ 84.401575259596356, 21.380306710005758 ], [ 84.424234011984737, 21.383798211877959 ], [ 84.448901190267463, 21.393854030916089 ], [ 84.470444910054383, 21.39541741103335 ], [ 84.483146605009338, 21.390344946853535 ], [ 84.489053748548045, 21.391616311630283 ], [ 84.492442401809882, 21.38172176951911 ], [ 84.485780740777372, 21.370187019812793 ], [ 84.498663659307738, 21.364781693741218 ], [ 84.502521506066728, 21.369755403577358 ], [ 84.49859168867151, 21.375258647055322 ], [ 84.512405470206872, 21.373242972562412 ], [ 84.517654137292922, 21.381816995707734 ], [ 84.533111594914658, 21.383561902902954 ], [ 84.545496452741062, 21.374199970639808 ], [ 84.542274091534466, 21.367435129767031 ], [ 84.543994103905348, 21.361975125869183 ], [ 84.549684548947269, 21.356550527029526 ], [ 84.556071285529526, 21.340788374689986 ], [ 84.555377746201756, 21.33554125387025 ], [ 84.565681677300702, 21.323167397419031 ], [ 84.561903812385907, 21.317649937612249 ], [ 84.562847949582164, 21.309198787558991 ], [ 84.565591766258976, 21.308759801846271 ], [ 84.564101396905428, 21.301560035862956 ], [ 84.568907130528899, 21.294956909877484 ], [ 84.564466640910311, 21.287578962184529 ], [ 84.565339814885974, 21.280778901723345 ], [ 84.567883662611521, 21.280739016333104 ], [ 84.565817363668415, 21.275756574349092 ], [ 84.568482570734773, 21.275953010021343 ], [ 84.565584608900991, 21.27262600960638 ], [ 84.569162072390043, 21.268017104505141 ], [ 84.563802218674113, 21.258896802244607 ], [ 84.560082104817027, 21.258152134566462 ], [ 84.564091410366075, 21.250106428569634 ], [ 84.57651365578343, 21.253504408681756 ], [ 84.579977411815022, 21.258448122580944 ], [ 84.591675761056976, 21.2578617961037 ], [ 84.603086665787814, 21.262236878762117 ], [ 84.606103921089513, 21.27251934372271 ], [ 84.612535738806329, 21.276899599478689 ], [ 84.628561048527473, 21.276019871380278 ], [ 84.626727645991352, 21.280409604236119 ], [ 84.632911348904798, 21.290113134583805 ], [ 84.64275648614769, 21.291416217039039 ], [ 84.645990518801952, 21.300387368049684 ], [ 84.666411414010327, 21.30382778851353 ], [ 84.658223106094724, 21.313732494760011 ], [ 84.685506078797161, 21.322182975076995 ], [ 84.695617264643488, 21.323288080564538 ], [ 84.709361223982214, 21.319471195969502 ], [ 84.717933818314236, 21.310092746525747 ], [ 84.732438702971876, 21.301168588289986 ], [ 84.739952263961399, 21.288410807530632 ], [ 84.759095729140498, 21.278336221616488 ], [ 84.762018394526194, 21.274288932288059 ], [ 84.751584164207159, 21.258780527811695 ], [ 84.768372820394617, 21.253793196558675 ], [ 84.765525835000759, 21.245849495414845 ], [ 84.758089287766452, 21.24205286640904 ], [ 84.757052300262501, 21.231333705117923 ], [ 84.753096902127837, 21.227632749187595 ], [ 84.743762256364647, 21.234411829192695 ], [ 84.733611774951797, 21.22772434676045 ], [ 84.72152205904689, 21.228211646638243 ], [ 84.71756558317648, 21.219647301288276 ], [ 84.720153236073216, 21.215758795619045 ], [ 84.71583146398396, 21.20936110639018 ], [ 84.72394568348362, 21.204896987454447 ], [ 84.721603992966664, 21.199361508007303 ], [ 84.730808350982215, 21.194708520186051 ], [ 84.739091013691976, 21.195216872764941 ], [ 84.741021837010436, 21.184126556807779 ], [ 84.746007129475942, 21.178865193507502 ], [ 84.738564858727003, 21.176332172140715 ], [ 84.743324195437069, 21.170720316156288 ], [ 84.731771479089957, 21.169454988869418 ], [ 84.725684067036354, 21.160519118156532 ], [ 84.722747124917873, 21.148302320204106 ], [ 84.6907679383242, 21.152799362311821 ], [ 84.680000337312691, 21.146060150413557 ], [ 84.677163129848935, 21.124927116001178 ], [ 84.669334509551035, 21.114114634973813 ], [ 84.667024705988965, 21.09288954090087 ], [ 84.668893718227807, 21.079483155886532 ], [ 84.680469225057266, 21.072273312584315 ], [ 84.679822752436166, 21.060304086138398 ], [ 84.668455215273184, 21.063800977837197 ], [ 84.664148674180851, 21.070058235332962 ], [ 84.64427043601215, 21.083332860705962 ], [ 84.636798148271382, 21.08067798738956 ], [ 84.63471084772317, 21.083696460003029 ], [ 84.629044818280391, 21.080605919920085 ], [ 84.624277060096034, 21.082457939083422 ], [ 84.611859266170541, 21.069921880285328 ], [ 84.608791656009942, 21.071955603299291 ], [ 84.604343891096391, 21.067951320009758 ], [ 84.602734270365673, 21.070542771196507 ], [ 84.598644874040488, 21.069694855153553 ], [ 84.591998688076771, 21.062444700071104 ], [ 84.584867776477225, 21.064695597751708 ], [ 84.583466033961429, 21.060959973277956 ], [ 84.568457049824701, 21.062009777419544 ], [ 84.55898132241461, 21.069404433154293 ], [ 84.550820704867377, 21.06929118228496 ], [ 84.532266829206094, 21.087184934530551 ], [ 84.504419349592268, 21.088628380150215 ], [ 84.496228772780242, 21.079925454854187 ], [ 84.487903686277576, 21.078136407678844 ], [ 84.481806005233707, 21.080899177860573 ], [ 84.47324603498798, 21.077372452229319 ], [ 84.454257529561332, 21.057807382969358 ], [ 84.449694726923894, 21.041369482317915 ], [ 84.441200481797836, 21.039241846944407 ], [ 84.438702161895037, 21.032929136966068 ], [ 84.429797692117319, 21.040166710493228 ], [ 84.408727715755006, 21.030361901933119 ], [ 84.418720219131202, 21.023606940432387 ], [ 84.433007656604531, 21.019534691187381 ], [ 84.43381010758111, 21.01478859905054 ], [ 84.426856015422587, 21.007898348647959 ], [ 84.414006617940487, 21.003640619465237 ], [ 84.408231979917119, 20.991720488623791 ], [ 84.405996794109981, 20.976974111474306 ], [ 84.39933698213656, 20.971857085520472 ], [ 84.379528452845449, 20.965608135893977 ], [ 84.373149149147025, 20.953596680672621 ], [ 84.365869110933957, 20.951367129397106 ], [ 84.359815412001225, 20.958947794537941 ], [ 84.355012845444037, 20.958494030015899 ], [ 84.352039847300873, 20.951839021420064 ], [ 84.342139253279569, 20.95543613716864 ], [ 84.333371696326239, 20.949047125316522 ], [ 84.328211953962708, 20.95140849888093 ], [ 84.321962869731806, 20.944498481085887 ], [ 84.316932239058957, 20.944735469080836 ], [ 84.310533379051606, 20.931466940497014 ], [ 84.30209731317882, 20.936227104822358 ], [ 84.291508325040951, 20.925482695635178 ], [ 84.278931202577581, 20.922350588950881 ], [ 84.238618056822048, 20.922730008806422 ], [ 84.224692692771285, 20.932249568771354 ], [ 84.213671090659659, 20.947955704053662 ], [ 84.209176656719748, 20.96154192225228 ], [ 84.199588154596086, 20.966094537356454 ], [ 84.192066473514842, 20.976427703818604 ], [ 84.169722042968147, 20.971432415538931 ], [ 84.163178769690603, 20.975164095024024 ], [ 84.155821092084949, 20.97464037366084 ], [ 84.152559041190941, 20.98649749395485 ], [ 84.156284817829402, 20.995320810272766 ], [ 84.148060725369973, 20.999385354963461 ], [ 84.149415176534774, 21.002215488655821 ], [ 84.145072228639876, 21.003113135323428 ], [ 84.139606147270484, 21.012739103966315 ], [ 84.142423161934005, 21.033147287254636 ], [ 84.111715479757294, 21.037741919117924 ], [ 84.073563345661285, 21.048940880689873 ], [ 84.052241477737226, 21.048170100867196 ], [ 84.043090595205413, 21.043586784706655 ], [ 84.029344480037935, 21.052961640570889 ], [ 84.017432556911672, 21.051656140712005 ], [ 84.016199419518841, 21.055393983885452 ], [ 83.999415296135609, 21.065869145624603 ], [ 83.995355252352837, 21.075831915924343 ], [ 83.987302670834396, 21.078819107514349 ], [ 83.992145964086646, 21.100276746262971 ], [ 83.991429303721361, 21.110301213798838 ], [ 83.982306285263149, 21.117156869078066 ], [ 83.98420719484055, 21.131361856896273 ], [ 83.961111684939553, 21.143237671157689 ], [ 83.948110195837032, 21.145047889548827 ], [ 83.949361148553308, 21.151140411821942 ], [ 83.922482697355647, 21.162116133128123 ], [ 83.918224158912423, 21.168189683246482 ], [ 83.906685168587742, 21.1749736654481 ], [ 83.897410383517254, 21.177894864930046 ], [ 83.890625996080459, 21.176484271699668 ], [ 83.912407606429326, 21.231794539083143 ], [ 83.912149914818585, 21.244400307724725 ], [ 83.906200115893398, 21.259148932796037 ], [ 83.897478382959179, 21.265184675474522 ], [ 83.889231322668252, 21.280261413614792 ], [ 83.890229220161643, 21.294845086124905 ], [ 83.886148113462809, 21.296968802453353 ], [ 83.883734306159255, 21.293715347827995 ], [ 83.875815503065098, 21.293647885021873 ], [ 83.873000977109299, 21.309384664838319 ], [ 83.869698690558664, 21.310465669425767 ], [ 83.876259979661029, 21.324855224512113 ], [ 83.874928327066897, 21.338332559048059 ], [ 83.880319877528578, 21.349961476899075 ], [ 83.879090204327483, 21.388089301772006 ], [ 83.868328046860682, 21.397661854583419 ], [ 83.851166393807731, 21.403145184579515 ], [ 83.84576920358279, 21.414132620192508 ], [ 83.848164280840635, 21.420559628322192 ], [ 83.8788002106443, 21.425663835226281 ], [ 83.881109053419152, 21.42983058497553 ], [ 83.878910496607645, 21.431276687633648 ], [ 83.885066046572106, 21.438631136143375 ], [ 83.872359396285162, 21.45736826814057 ], [ 83.869186759613768, 21.47827465986423 ], [ 83.86189654058208, 21.488667739444963 ], [ 83.862667446279261, 21.492328440558758 ], [ 83.845891827700484, 21.526610549603266 ], [ 83.815135227682532, 21.536358306059821 ], [ 83.798279957725299, 21.564344436915803 ], [ 83.80739690611496, 21.591697927183478 ], [ 83.810724470251458, 21.594783004585029 ], [ 83.827083162424231, 21.593613701764209 ], [ 83.841124758379451, 21.586558362549251 ], [ 83.852295311461845, 21.586046951464155 ], [ 83.870835551639857, 21.578134620852321 ], [ 83.885239345834364, 21.576077240445034 ], [ 83.940738542619656, 21.581838359500775 ], [ 83.959038510155139, 21.575625975390778 ], [ 83.969844909858523, 21.582117278078005 ], [ 83.97451264238083, 21.598220086187158 ], [ 83.970240074840063, 21.638639624128182 ], [ 83.972279646191012, 21.657852706270759 ], [ 83.966485190362675, 21.689081608255822 ], [ 83.972717111401437, 21.704045872641597 ], [ 83.947537107243036, 21.717385514108539 ], [ 83.941824332712699, 21.729670723080812 ], [ 83.953963471021851, 21.733696703907892 ], [ 83.954617414505037, 21.743063254397484 ], [ 83.965551427988814, 21.749347169993705 ], [ 83.968939157312732, 21.761413510868 ], [ 83.973227009244226, 21.76224670417292 ], [ 83.978211137704349, 21.75683999262257 ], [ 83.982978953835214, 21.757120353040722 ], [ 83.97958149063551, 21.781391601125176 ], [ 84.000098369916543, 21.773657128426471 ], [ 84.005250718848288, 21.787789602207621 ], [ 84.019705021172257, 21.785749018232949 ], [ 84.024196961689299, 21.782640163581121 ], [ 84.025105922225293, 21.771146433452206 ], [ 84.032672096096178, 21.765910264087452 ], [ 84.032708105808766, 21.757453061867878 ], [ 84.036153852493101, 21.756054736899344 ], [ 84.055695910922196, 21.774089814342723 ], [ 84.087715077285878, 21.771482937138416 ], [ 84.098096471054134, 21.780721272142937 ], [ 84.114901358227527, 21.788207349643624 ], [ 84.14540845690928, 21.775704919512958 ], [ 84.156353749871897, 21.774506728317146 ], [ 84.162985742071982, 21.787754746997386 ], [ 84.189403524692111, 21.790951780782127 ], [ 84.193716035431279, 21.795484567656185 ], [ 84.212591193148967, 21.794075673137929 ], [ 84.214417927477484, 21.799510623608413 ], [ 84.227093558340442, 21.799832064369266 ], [ 84.236488211405216, 21.806477302451601 ], [ 84.251860275239991, 21.796918939445089 ], [ 84.256161558858423, 21.784122963569406 ], [ 84.260241157478319, 21.781520226080911 ], [ 84.263854058158685, 21.765969688631664 ], [ 84.273872432594544, 21.763174984256981 ], [ 84.286599111077152, 21.771479908274753 ], [ 84.289314384520239, 21.784355910752669 ], [ 84.29635438466687, 21.7915847621334 ], [ 84.298251893588343, 21.798570443608106 ], [ 84.310949878007293, 21.808182931314942 ], [ 84.314325420724785, 21.823373401630587 ], [ 84.327842338984709, 21.833081554945601 ], [ 84.327456025957829, 21.86350139950051 ], [ 84.347674976144589, 21.89942756774574 ], [ 84.35206028447908, 21.917494305308342 ], [ 84.3628401595452, 21.925699198850953 ], [ 84.366153932559158, 21.951373985380446 ], [ 84.372065754986082, 21.956259279856322 ], [ 84.367965473368713, 21.972149872384669 ], [ 84.364748848716332, 21.974629482039237 ], [ 84.367757568145038, 21.977787741732737 ], [ 84.362324707184442, 21.983547307987173 ], [ 84.371226405729246, 21.977804607774207 ], [ 84.37873105674899, 21.978769100500521 ], [ 84.374184006573671, 21.98888277468048 ], [ 84.379536543052396, 22.000984724067894 ], [ 84.381364079008236, 22.015967098573864 ], [ 84.390871045495061, 22.0236785336579 ], [ 84.3713212041513, 22.028588816734285 ], [ 84.356598198846768, 22.038571483125388 ], [ 84.343256845286817, 22.037360341075054 ], [ 84.336880587611645, 22.033524712521636 ], [ 84.326095723047729, 22.038982417059955 ], [ 84.317570964664398, 22.039489455945688 ], [ 84.296618101677794, 22.035617645567964 ], [ 84.285038563408435, 22.014707828506488 ], [ 84.267832062029186, 22.015724382760144 ], [ 84.266289191997302, 22.044375248339819 ], [ 84.270249654307946, 22.061511656148255 ], [ 84.266866912519134, 22.064935044590307 ], [ 84.265758558959959, 22.076231932420086 ], [ 84.27125693414655, 22.090735632035024 ], [ 84.266715035991879, 22.104258861749823 ], [ 84.269916518929918, 22.110049206669864 ], [ 84.277875918352706, 22.110245229116156 ], [ 84.277625906472437, 22.123258205691116 ], [ 84.298100205577015, 22.118051237919296 ], [ 84.315561509631962, 22.127605995484476 ], [ 84.340216272160418, 22.130393059131578 ], [ 84.363733185689469, 22.150120698204127 ], [ 84.382799590441849, 22.146735723699603 ], [ 84.417950960511092, 22.172583047136118 ], [ 84.455859577625318, 22.186563504022224 ], [ 84.476363677875042, 22.189997295059818 ], [ 84.481234687600605, 22.166364979041276 ], [ 84.48989246176464, 22.143851472856539 ], [ 84.495919318106701, 22.137877190552896 ], [ 84.500584447346881, 22.108823578318596 ], [ 84.499206004030228, 22.102112632175796 ], [ 84.493760795718359, 22.098846707524679 ], [ 84.494923394230938, 22.092535664772939 ], [ 84.514075931091924, 22.085059361215272 ], [ 84.508409474506223, 22.070130510731754 ], [ 84.510188363499893, 22.057332861931624 ], [ 84.527667983075347, 22.045766331986744 ], [ 84.524160499331558, 22.033064477343142 ], [ 84.514626721799559, 22.028369712199929 ], [ 84.508282115799858, 22.020188389095324 ], [ 84.508947296472741, 22.00069270095063 ], [ 84.500000142865815, 21.972338358392438 ], [ 84.500045904180837, 21.961161887958145 ], [ 84.505216418701465, 21.959096267452466 ], [ 84.514115758998997, 21.966341181720292 ], [ 84.514845078461192, 21.973647298417749 ], [ 84.526558872010398, 21.972998209385644 ], [ 84.527193905558335, 21.958413201658086 ], [ 84.518092089532047, 21.957526477682148 ], [ 84.516653775152577, 21.94839951832633 ], [ 84.525108516175592, 21.925964885496761 ], [ 84.508764810320784, 21.919321293394724 ], [ 84.494623897789737, 21.920686349529966 ], [ 84.490859604510121, 21.911600471876611 ], [ 84.493128811715764, 21.905500384104499 ], [ 84.507057715396215, 21.905111713022787 ], [ 84.526585836418079, 21.890297250255752 ], [ 84.52990100371818, 21.877837930278815 ], [ 84.524999795185551, 21.872333634502336 ], [ 84.539336312951306, 21.862102340771031 ], [ 84.527764560007185, 21.85249409724161 ], [ 84.526326688647814, 21.836302278343695 ], [ 84.522689494241959, 21.830758321262646 ], [ 84.522836898988743, 21.824733952310655 ], [ 84.526706590259749, 21.820688454601559 ], [ 84.52587231600593, 21.813818741415812 ], [ 84.567267055140803, 21.786507905810545 ], [ 84.564697860432389, 21.776366850783806 ], [ 84.553665565014242, 21.76941419354041 ], [ 84.569963670995023, 21.767907645733569 ], [ 84.588120277537016, 21.757848829754362 ], [ 84.596524182499678, 21.762210319725718 ], [ 84.605541604528156, 21.762544312713466 ], [ 84.609805710608768, 21.766542689612134 ], [ 84.627380368583971, 21.761441568342992 ], [ 84.638896537185843, 21.767389639111094 ], [ 84.656731903458166, 21.764049743635002 ] ] ] } },
{ "type": "Feature", "properties": { "District": "SUBARNAPUR", "STATE": "ODISHA", "REMARKS": null, "State_LGD": 21, "DISTRICT_L": "372", "Shape_Leng": 339504.546783, "Shape_Area": 2277766431.0500002 }, "geometry": { "type": "Polygon", "coordinates": [ [ [ 84.278931202577581, 20.922350588950881 ], [ 84.268268520138093, 20.913308037232916 ], [ 84.270710932950877, 20.908155975346112 ], [ 84.261782276634619, 20.899783523829445 ], [ 84.268062462500126, 20.888887896890367 ], [ 84.266314547222677, 20.881178636040747 ], [ 84.234969225874863, 20.895140392595803 ], [ 84.203395578344569, 20.893520038207249 ], [ 84.14791761417402, 20.864740238001353 ], [ 84.107405702750654, 20.838182726927904 ], [ 84.064398737487878, 20.83019369350724 ], [ 84.040952874138398, 20.820858862026807 ], [ 84.033294000474527, 20.821689807295719 ], [ 84.012523944102881, 20.840528911799677 ], [ 83.936620389308871, 20.842299434442836 ], [ 83.896082979721584, 20.817452426896008 ], [ 83.864657197520174, 20.816121143154291 ], [ 83.847018123227116, 20.82472492285946 ], [ 83.836764414040815, 20.825554076779181 ], [ 83.814596879532189, 20.811019665683315 ], [ 83.786117516456116, 20.802565527485985 ], [ 83.762215587777391, 20.780395880541707 ], [ 83.760659941513737, 20.772977373596273 ], [ 83.764037721258731, 20.757358839820977 ], [ 83.757747996771869, 20.717231011206042 ], [ 83.754048751538278, 20.710857705217055 ], [ 83.743118105299132, 20.703841491503301 ], [ 83.735715014089465, 20.673055780036833 ], [ 83.71563735354367, 20.640437986719487 ], [ 83.716901695863797, 20.634680604253134 ], [ 83.73209637082519, 20.622771681550631 ], [ 83.730716688675784, 20.609675393916007 ], [ 83.715910389032615, 20.596646162524721 ], [ 83.707215814004982, 20.582097801606416 ], [ 83.683990795493003, 20.558841051845135 ], [ 83.67273992886706, 20.555448792166423 ], [ 83.645251749041321, 20.537045870906717 ], [ 83.601280536613231, 20.527720956254669 ], [ 83.602586979060348, 20.530437161452294 ], [ 83.597882475529232, 20.530539347702401 ], [ 83.594455873253281, 20.539637845179083 ], [ 83.595430203068801, 20.553058451147461 ], [ 83.597131147737429, 20.563786619300579 ], [ 83.605032725927842, 20.570394536950836 ], [ 83.595994164448257, 20.579311147562905 ], [ 83.59998832432683, 20.582470007241955 ], [ 83.599901380201047, 20.590060219265851 ], [ 83.594055049437003, 20.600982905167253 ], [ 83.594864993160286, 20.606352059248259 ], [ 83.60083277563794, 20.607381877445096 ], [ 83.600742145107986, 20.610796260368584 ], [ 83.604148858238389, 20.610934568968105 ], [ 83.606633843938283, 20.617759092706574 ], [ 83.621445805981764, 20.633154873046077 ], [ 83.622430239217366, 20.640778343515716 ], [ 83.626799382529228, 20.644138329841425 ], [ 83.628146516445327, 20.661123608120498 ], [ 83.641510284968035, 20.671437767422969 ], [ 83.636662597929245, 20.679872683775979 ], [ 83.650397377143818, 20.686555370015522 ], [ 83.655915955377068, 20.699886827174744 ], [ 83.664589858553384, 20.704551544677418 ], [ 83.667002764504005, 20.725072134553912 ], [ 83.6772409039623, 20.744622329782192 ], [ 83.65341089749694, 20.745822501820999 ], [ 83.649753355645828, 20.755964011325876 ], [ 83.655062617265457, 20.757127929679829 ], [ 83.655942528810769, 20.770399833405047 ], [ 83.64957242340877, 20.774750839441865 ], [ 83.635281794668359, 20.771101972720349 ], [ 83.634544844740432, 20.796655520785094 ], [ 83.624924587144193, 20.79944846358859 ], [ 83.618295813769521, 20.797012730916151 ], [ 83.613296795629608, 20.803057012375806 ], [ 83.607410293019413, 20.79940861706606 ], [ 83.593182423773285, 20.799520456820467 ], [ 83.592819872954777, 20.804708705644881 ], [ 83.597095649210104, 20.805709300715201 ], [ 83.593676671589847, 20.820816717917097 ], [ 83.620906675510426, 20.815856386813763 ], [ 83.625341778302186, 20.827128523115235 ], [ 83.614226807336323, 20.833022759439402 ], [ 83.604340718403023, 20.833087649852825 ], [ 83.582572597655016, 20.843164105087745 ], [ 83.569711832345845, 20.845429713516214 ], [ 83.576512342852254, 20.873055376961752 ], [ 83.589371336053105, 20.880928447592918 ], [ 83.593542962761518, 20.888056656107299 ], [ 83.619617194847748, 20.902971545921496 ], [ 83.619983071107058, 20.909656081382543 ], [ 83.61504167475799, 20.914223684008785 ], [ 83.612129392370093, 20.913347270843257 ], [ 83.615173536588841, 20.927078420774908 ], [ 83.609082094559326, 20.930471807130292 ], [ 83.615130785714442, 20.935954344989565 ], [ 83.616966368779629, 20.950047035536535 ], [ 83.623941557152961, 20.952381960751236 ], [ 83.625669377595045, 20.960508212188728 ], [ 83.631452587365587, 20.963904019442882 ], [ 83.639125162010245, 20.981260005887677 ], [ 83.615022152124766, 20.983875442570685 ], [ 83.572874210655755, 20.974206704212879 ], [ 83.529555315643478, 20.984656680927852 ], [ 83.509823951611509, 20.979860776360049 ], [ 83.501648608456151, 20.983100769209322 ], [ 83.490343624374518, 20.99532961301572 ], [ 83.466715628352958, 20.996256138138641 ], [ 83.455754024463729, 21.010035584690151 ], [ 83.446319592874502, 21.016162510527483 ], [ 83.445478487497667, 21.022666802100876 ], [ 83.451588976319798, 21.0422719859599 ], [ 83.456341166179769, 21.04818540208986 ], [ 83.457554037742256, 21.059969220272485 ], [ 83.462490448050374, 21.061820976544208 ], [ 83.472870352338433, 21.056627210121128 ], [ 83.474146928208071, 21.052680776240798 ], [ 83.48112494179361, 21.050922176657132 ], [ 83.4878991988558, 21.041545521632013 ], [ 83.496163186482732, 21.041681530988555 ], [ 83.491867143186141, 21.062096448178028 ], [ 83.501883702808001, 21.064865606408244 ], [ 83.512548892760108, 21.061845829172881 ], [ 83.5295487615588, 21.071692082216529 ], [ 83.539159744615986, 21.072040768595826 ], [ 83.548217134053203, 21.07686639320071 ], [ 83.594839447138014, 21.10789982774925 ], [ 83.604337369029807, 21.128375263063546 ], [ 83.60743416503891, 21.129645719258978 ], [ 83.637168736847201, 21.127754262000646 ], [ 83.648258428243651, 21.13071847959403 ], [ 83.675850525119898, 21.126113466624922 ], [ 83.685280083861613, 21.116218308472419 ], [ 83.70381589694918, 21.121782693440956 ], [ 83.712665842061725, 21.119298297481482 ], [ 83.722614978181426, 21.124063364062579 ], [ 83.722499658853664, 21.127753121566858 ], [ 83.727479265657763, 21.131442113388019 ], [ 83.73725282822565, 21.131297968678204 ], [ 83.746444208126675, 21.139508713406926 ], [ 83.761902673844546, 21.142854630717025 ], [ 83.767301815077019, 21.154804817108875 ], [ 83.778983496219084, 21.153963316711646 ], [ 83.78624398426237, 21.148025602617576 ], [ 83.785320664050332, 21.134160952744853 ], [ 83.797343957798375, 21.115988822083963 ], [ 83.812480244798891, 21.109766499975084 ], [ 83.821090777092721, 21.102401424258609 ], [ 83.834203259600955, 21.098896759795959 ], [ 83.839760023086171, 21.093662652412714 ], [ 83.856481348194109, 21.115940532959847 ], [ 83.861116889959447, 21.133907500694207 ], [ 83.872817992411555, 21.159151980341321 ], [ 83.88443666061832, 21.175450920113651 ], [ 83.899488979127426, 21.17766686349918 ], [ 83.91346036122772, 21.171699489753166 ], [ 83.922482697355647, 21.162116133128123 ], [ 83.949361148553308, 21.151140411821942 ], [ 83.948110195837032, 21.145047889548827 ], [ 83.961111684939553, 21.143237671157689 ], [ 83.98420719484055, 21.131361856896273 ], [ 83.982306285263149, 21.117156869078066 ], [ 83.991429303721361, 21.110301213798838 ], [ 83.992145964086646, 21.100276746262971 ], [ 83.987302670834396, 21.078819107514349 ], [ 83.995355252352837, 21.075831915924343 ], [ 83.999415296135609, 21.065869145624603 ], [ 84.016199419518841, 21.055393983885452 ], [ 84.017432556911672, 21.051656140712005 ], [ 84.029344480037935, 21.052961640570889 ], [ 84.043090595205413, 21.043586784706655 ], [ 84.052241477737226, 21.048170100867196 ], [ 84.073563345661285, 21.048940880689873 ], [ 84.111715479757294, 21.037741919117924 ], [ 84.142423161934005, 21.033147287254636 ], [ 84.139606147270484, 21.012739103966315 ], [ 84.145072228639876, 21.003113135323428 ], [ 84.149415176534774, 21.002215488655821 ], [ 84.148060725369973, 20.999385354963461 ], [ 84.156284817829402, 20.995320810272766 ], [ 84.152559041190941, 20.98649749395485 ], [ 84.155821092084949, 20.97464037366084 ], [ 84.163178769690603, 20.975164095024024 ], [ 84.169722042968147, 20.971432415538931 ], [ 84.192066473514842, 20.976427703818604 ], [ 84.199588154596086, 20.966094537356454 ], [ 84.209176656719748, 20.96154192225228 ], [ 84.213671090659659, 20.947955704053662 ], [ 84.224692692771285, 20.932249568771354 ], [ 84.238101995304518, 20.922839018704835 ], [ 84.278931202577581, 20.922350588950881 ] ] ] } },
{ "type": "Feature", "properties": { "District": "SUNDARGARH", "STATE": "ODISHA", "REMARKS": null, "State_LGD": 21, "DISTRICT_L": "373", "Shape_Leng": 809479.772383, "Shape_Area": 9359929189.0900002 }, "geometry": { "type": "Polygon", "coordinates": [ [ [ 85.239233480875711, 22.010229651033114 ], [ 85.231429603970213, 21.996493506919236 ], [ 85.264917396992374, 21.974940289941035 ], [ 85.272205300262044, 21.960417649751104 ], [ 85.283849827400473, 21.954222112723222 ], [ 85.298634523128015, 21.952537983053755 ], [ 85.309015675743964, 21.958872592342253 ], [ 85.313903338630098, 21.958615772033614 ], [ 85.322885812512183, 21.953478340973909 ], [ 85.347424104851541, 21.949739497656903 ], [ 85.352964745880598, 21.941937376274701 ], [ 85.368328019541181, 21.942415811138442 ], [ 85.375908145777146, 21.936480069435138 ], [ 85.376572018950085, 21.924469582666237 ], [ 85.372783172645924, 21.918439300101802 ], [ 85.37558269648197, 21.910564045878452 ], [ 85.374070619657701, 21.902650598727728 ], [ 85.367542193298959, 21.89969119950479 ], [ 85.368852243211194, 21.890888891762856 ], [ 85.362820560196695, 21.869906390463743 ], [ 85.364039358877477, 21.859752850579056 ], [ 85.359737926286655, 21.857257989065339 ], [ 85.345888513685438, 21.829454565675263 ], [ 85.340582551519134, 21.824835571603206 ], [ 85.309394090597564, 21.819686858452879 ], [ 85.305096046287858, 21.824488470577975 ], [ 85.297317623161348, 21.825826392033825 ], [ 85.296357200633693, 21.832594878538355 ], [ 85.290732856274985, 21.837409274606475 ], [ 85.282817172409253, 21.833163392854257 ], [ 85.280798784372394, 21.834903568447494 ], [ 85.27126918468943, 21.818099812943334 ], [ 85.255399830220455, 21.81623929358225 ], [ 85.242853734529987, 21.804441794191671 ], [ 85.23150912707375, 21.812318202941466 ], [ 85.231013858715585, 21.817989367836301 ], [ 85.226280869742112, 21.820223516365949 ], [ 85.225169326425757, 21.813099134316719 ], [ 85.215240119178546, 21.799124170730472 ], [ 85.209596673754618, 21.774641685467895 ], [ 85.202340882767345, 21.768737483596933 ], [ 85.200000945585103, 21.762155106608891 ], [ 85.206818618399026, 21.746871013210743 ], [ 85.214325611146435, 21.747236690232167 ], [ 85.212799385505321, 21.739330986854863 ], [ 85.191265332964846, 21.722022882926574 ], [ 85.184217573960069, 21.709057726211938 ], [ 85.19282870404588, 21.69668382184485 ], [ 85.192076558162299, 21.686108631602092 ], [ 85.186307111549269, 21.678811232813604 ], [ 85.191197933021272, 21.661266490817628 ], [ 85.188093918045197, 21.656838846680984 ], [ 85.180210518087662, 21.654124413433891 ], [ 85.184230854055045, 21.649386146129984 ], [ 85.180741709802163, 21.644502544964279 ], [ 85.191650188623555, 21.645524833402987 ], [ 85.194277969049764, 21.640856863841645 ], [ 85.189223397445389, 21.635613157457968 ], [ 85.188528184107085, 21.629391888338766 ], [ 85.176947524713796, 21.620066455765532 ], [ 85.16596435204869, 21.622831335200733 ], [ 85.15959472764861, 21.612875885997305 ], [ 85.14939421843772, 21.605772179613357 ], [ 85.148211003905502, 21.598195186178632 ], [ 85.143940060161384, 21.595352344888447 ], [ 85.13089193723016, 21.599604614245681 ], [ 85.105783821186662, 21.594353378071634 ], [ 85.09200988436028, 21.602699010510221 ], [ 85.077330938769776, 21.603780829226793 ], [ 85.066197815376583, 21.598567191814997 ], [ 85.065070908566511, 21.591807672238787 ], [ 85.051123259281454, 21.589554287741517 ], [ 85.038200137999382, 21.600519768218138 ], [ 85.035164163354295, 21.608656995669904 ], [ 85.039394718093661, 21.618284505739581 ], [ 85.036964693003966, 21.623728672978583 ], [ 85.029380642216438, 21.627802159306338 ], [ 85.029573863463483, 21.64239411206745 ], [ 85.026151252973605, 21.653267468781745 ], [ 85.030840009702189, 21.659071487772703 ], [ 85.0229189842279, 21.675305370887479 ], [ 85.008520161463224, 21.676903211436407 ], [ 84.997888827354927, 21.682031123492408 ], [ 84.988208808983472, 21.678789318208647 ], [ 84.984068406884731, 21.682279223805033 ], [ 84.981211195940446, 21.680691170877481 ], [ 84.981118835928569, 21.674490391257201 ], [ 84.975389190431997, 21.672781387015679 ], [ 84.965333795147842, 21.682944491538354 ], [ 84.956429608826042, 21.684352117271278 ], [ 84.953609525593748, 21.665100056589601 ], [ 84.941328731152936, 21.659434856001404 ], [ 84.927003945199573, 21.667772527866166 ], [ 84.91437140211319, 21.670517554220009 ], [ 84.903384453985623, 21.668338190317339 ], [ 84.900942754685801, 21.658820784266972 ], [ 84.877659217200161, 21.658325957554535 ], [ 84.861060190515218, 21.65197687446539 ], [ 84.856541711169669, 21.652153389838155 ], [ 84.855272970149457, 21.66053961626886 ], [ 84.828270644110887, 21.660378224331197 ], [ 84.789911688184475, 21.668572297124925 ], [ 84.781762553090218, 21.649347078638446 ], [ 84.782912188301211, 21.641429578962015 ], [ 84.793410406739724, 21.636706613343371 ], [ 84.778922517636317, 21.625686661306293 ], [ 84.757424320818657, 21.624476896154409 ], [ 84.752458189623866, 21.628057880478455 ], [ 84.75328844769129, 21.642128624937182 ], [ 84.749246103504106, 21.66362812203684 ], [ 84.745874369484838, 21.669248474924061 ], [ 84.741086535658951, 21.669318804895063 ], [ 84.74675987774603, 21.682498202678502 ], [ 84.729759382115162, 21.69340007592492 ], [ 84.718028848319008, 21.717063648577078 ], [ 84.712565929971888, 21.711159760911386 ], [ 84.703054095586694, 21.707429949112505 ], [ 84.691301668354583, 21.709722538762648 ], [ 84.675000515028842, 21.736478938743083 ], [ 84.678602504065537, 21.748981181241746 ], [ 84.663722739853824, 21.763322504553635 ], [ 84.638896537185843, 21.767389639111094 ], [ 84.627380368583971, 21.761441568342992 ], [ 84.609805710608768, 21.766542689612134 ], [ 84.605541604528156, 21.762544312713466 ], [ 84.596524182499678, 21.762210319725718 ], [ 84.588120277537016, 21.757848829754362 ], [ 84.569963670995023, 21.767907645733569 ], [ 84.553665565014242, 21.76941419354041 ], [ 84.564697860432389, 21.776366850783806 ], [ 84.567267055140803, 21.786507905810545 ], [ 84.526044266148105, 21.813658762163367 ], [ 84.526613223750644, 21.821057319260976 ], [ 84.522836898988743, 21.824733952310655 ], [ 84.528159486363634, 21.853430058683823 ], [ 84.539336312951306, 21.862102340771031 ], [ 84.524999795185551, 21.872333634502336 ], [ 84.529826483889011, 21.877109920218118 ], [ 84.52737254664703, 21.88927530113504 ], [ 84.507520981251744, 21.904893023230692 ], [ 84.493538110708201, 21.905325964506382 ], [ 84.491037030982923, 21.910027818213859 ], [ 84.494623897789737, 21.920686349529966 ], [ 84.508764810320784, 21.919321293394724 ], [ 84.525108516175592, 21.925964885496761 ], [ 84.516653775152577, 21.94839951832633 ], [ 84.518092089532047, 21.957526477682148 ], [ 84.527193905558335, 21.958413201658086 ], [ 84.526558872010398, 21.972998209385644 ], [ 84.514845078461192, 21.973647298417749 ], [ 84.514115758998997, 21.966341181720292 ], [ 84.505216418701465, 21.959096267452466 ], [ 84.500045904180837, 21.961161887958145 ], [ 84.500000142865815, 21.972338358392438 ], [ 84.508947296472741, 22.00069270095063 ], [ 84.508282115799858, 22.020188389095324 ], [ 84.514626721799559, 22.028369712199929 ], [ 84.524160499331558, 22.033064477343142 ], [ 84.527667983075347, 22.045766331986744 ], [ 84.510188363499893, 22.057332861931624 ], [ 84.508409474506223, 22.070130510731754 ], [ 84.514075931091924, 22.085059361215272 ], [ 84.494923394230938, 22.092535664772939 ], [ 84.493760795718359, 22.098846707524679 ], [ 84.499206004030228, 22.102112632175796 ], [ 84.500584447346881, 22.108823578318596 ], [ 84.495919318106701, 22.137877190552896 ], [ 84.48989246176464, 22.143851472856539 ], [ 84.481234687600605, 22.166364979041276 ], [ 84.476363677875042, 22.189997295059818 ], [ 84.455859577625318, 22.186563504022224 ], [ 84.417950960511092, 22.172583047136118 ], [ 84.382799590441849, 22.146735723699603 ], [ 84.363733185689469, 22.150120698204127 ], [ 84.340216272160418, 22.130393059131578 ], [ 84.315561509631962, 22.127605995484476 ], [ 84.298100205577015, 22.118051237919296 ], [ 84.277625906472437, 22.123258205691116 ], [ 84.277875918352706, 22.110245229116156 ], [ 84.269916518929918, 22.110049206669864 ], [ 84.266715035991879, 22.104258861749823 ], [ 84.27125693414655, 22.090735632035024 ], [ 84.265758558959959, 22.076231932420086 ], [ 84.266866912519134, 22.064935044590307 ], [ 84.270249654307946, 22.061511656148255 ], [ 84.266289191997302, 22.044375248339819 ], [ 84.26802384193536, 22.008943569115726 ], [ 84.257732324309274, 22.003874082658353 ], [ 84.24770489269018, 21.987432779261614 ], [ 84.237785014473118, 21.977964280628719 ], [ 84.229546583816187, 21.974548627567181 ], [ 84.203726566642388, 21.97769928116114 ], [ 84.199376720633097, 21.986727299061204 ], [ 84.177348109490495, 21.993639902472427 ], [ 84.166993401757807, 22.001885765495256 ], [ 84.136256277941413, 21.998740857470541 ], [ 84.120979985155813, 22.007335409876614 ], [ 84.117397901708813, 22.013035157968268 ], [ 84.106010697673582, 21.992146711258627 ], [ 84.102870601089776, 21.997485755577554 ], [ 84.094537460444684, 21.996339223780446 ], [ 84.08879728550329, 21.999394150350593 ], [ 84.086361866620891, 21.990171308044538 ], [ 84.070181442446284, 21.989707991049514 ], [ 84.068810754196917, 21.984702208283245 ], [ 84.084088056062399, 21.979889354382642 ], [ 84.087586706778751, 21.963600992487748 ], [ 84.086784501908454, 21.959608917136837 ], [ 84.078519619529231, 21.95388420290406 ], [ 84.078606922446454, 21.937506487131813 ], [ 84.061315976205321, 21.934381965710365 ], [ 84.060622320719503, 21.936773079592513 ], [ 84.053586829322469, 21.937098078192072 ], [ 84.046147720212858, 21.948441339725573 ], [ 84.03530571890208, 21.94882256528297 ], [ 84.027074726799952, 21.953947580219403 ], [ 84.004984646457856, 21.923260309740844 ], [ 83.976149871621573, 21.905399572427307 ], [ 83.965150983127913, 21.920725593170189 ], [ 83.958884771810901, 21.942563860422311 ], [ 83.896304297669815, 21.945985882357437 ], [ 83.876952770861095, 21.923105730663732 ], [ 83.85174295067462, 21.923621844164995 ], [ 83.864395435123839, 21.911243200609757 ], [ 83.854369114808065, 21.906868192536958 ], [ 83.851936064068141, 21.902726555056649 ], [ 83.846031021582149, 21.904191972871569 ], [ 83.837627076946632, 21.893541431585543 ], [ 83.83089666469678, 21.896053846353603 ], [ 83.829062143598563, 21.877355083298109 ], [ 83.816341685982664, 21.884835246453346 ], [ 83.809403792765266, 21.860721333606318 ], [ 83.812794188987326, 21.854606423454193 ], [ 83.807230774782582, 21.856660234065167 ], [ 83.798998988109048, 21.870155531793795 ], [ 83.793751817051032, 21.866638399166504 ], [ 83.766899098013809, 21.838927375508948 ], [ 83.75834278960096, 21.836191079828271 ], [ 83.73825850917062, 21.81678784140362 ], [ 83.727936877996157, 21.802686593554029 ], [ 83.729035481213401, 21.794087964491535 ], [ 83.721167024818797, 21.790494059074568 ], [ 83.719211389081465, 21.785976503797851 ], [ 83.701521245034201, 21.791276997118491 ], [ 83.68879861534316, 21.790387790768516 ], [ 83.686824727860525, 21.801681875110987 ], [ 83.672820953100683, 21.808896527815111 ], [ 83.667063691401125, 21.808357723694193 ], [ 83.636376964869669, 21.819056774415618 ], [ 83.62661385087803, 21.839272396777179 ], [ 83.62802793543635, 21.845736353435914 ], [ 83.623256535805837, 21.84869220407462 ], [ 83.609013067964611, 21.845821694782011 ], [ 83.61019605617966, 21.837750120551263 ], [ 83.607501190485564, 21.832850078353925 ], [ 83.596589115023846, 21.832308919701635 ], [ 83.589965297737209, 21.825849780514066 ], [ 83.579212436921466, 21.830387920872749 ], [ 83.577911608049803, 21.837518789790863 ], [ 83.587080702489914, 21.843519726510269 ], [ 83.590887543198392, 21.851101343224823 ], [ 83.574211751386812, 21.875108339127497 ], [ 83.57643554482695, 21.882373003607128 ], [ 83.580808173644328, 21.883266989162955 ], [ 83.577742512631445, 21.8889778610538 ], [ 83.587084668646781, 21.894531758888718 ], [ 83.585965712074511, 21.902132991959611 ], [ 83.598477581052649, 21.90496845085568 ], [ 83.605923308046229, 21.914118446362078 ], [ 83.590355754026106, 21.929703793398673 ], [ 83.55672077959477, 21.935345077929089 ], [ 83.561691526783648, 21.948009027415793 ], [ 83.539010757452203, 21.965988162198474 ], [ 83.537158050663095, 21.977958103387664 ], [ 83.543545652280372, 21.987616432432866 ], [ 83.543307389852799, 21.993850495264379 ], [ 83.556151708789798, 22.007817512350528 ], [ 83.53978698426279, 22.021674269700821 ], [ 83.536559545562909, 22.039570003131168 ], [ 83.538988055328517, 22.048932734434157 ], [ 83.547808636895269, 22.059152387194935 ], [ 83.550349998470395, 22.053350323620158 ], [ 83.581777144845603, 22.054583259855097 ], [ 83.586708848848616, 22.048731164523254 ], [ 83.589877027641279, 22.054450230693941 ], [ 83.601519506946133, 22.058770969383236 ], [ 83.606424230993753, 22.066587663006779 ], [ 83.593579642655399, 22.07421101328649 ], [ 83.576937265330699, 22.090320830949988 ], [ 83.562642249423689, 22.096318300647638 ], [ 83.562581374445685, 22.103020906173956 ], [ 83.607738745357977, 22.153745815020461 ], [ 83.613331733984893, 22.177701008455337 ], [ 83.627254870029404, 22.203782532596886 ], [ 83.649512783729435, 22.223340377742627 ], [ 83.655309022841251, 22.220039863930168 ], [ 83.665765865289899, 22.23272946164143 ], [ 83.703945599922562, 22.246714615797131 ], [ 83.713063375071357, 22.242716976019029 ], [ 83.757750833645616, 22.240339452732311 ], [ 83.759710585110199, 22.251207359453879 ], [ 83.775579691424511, 22.257343676070178 ], [ 83.776645306553078, 22.269854171178736 ], [ 83.779753858034283, 22.273827720733319 ], [ 83.792225098808089, 22.276475191189448 ], [ 83.796039603571742, 22.282470490926897 ], [ 83.794845065035545, 22.285948248033002 ], [ 83.802778315236012, 22.290152184322629 ], [ 83.819058422285835, 22.28956543431072 ], [ 83.826359372193863, 22.292821878213857 ], [ 83.822851636932697, 22.301276617938964 ], [ 83.826004854549183, 22.305503019263636 ], [ 83.821984022430769, 22.311533744242471 ], [ 83.830556232549085, 22.32340158853367 ], [ 83.85028771078656, 22.325226000006243 ], [ 83.854305964859591, 22.337645040202894 ], [ 83.864263886801552, 22.343275410938094 ], [ 83.879209607792902, 22.335383568856574 ], [ 83.890334774589959, 22.336545137126901 ], [ 83.901317041502537, 22.339359439853471 ], [ 83.906524940502067, 22.351285999445924 ], [ 83.923283796878323, 22.358410177391072 ], [ 83.932690954384924, 22.353959125927194 ], [ 83.943293755622037, 22.354710305187258 ], [ 83.954989191212533, 22.361663522043294 ], [ 83.970246116373943, 22.358804747839713 ], [ 83.982525721910235, 22.36732833187876 ], [ 83.996670584812264, 22.371986938683765 ], [ 84.010292260289333, 22.371584391509984 ], [ 84.006379135411336, 22.382204945124325 ], [ 84.013385642973475, 22.397420453281725 ], [ 84.030272544071551, 22.420083452884199 ], [ 84.030336481431945, 22.4266391743691 ], [ 84.038793554480364, 22.429696976868676 ], [ 84.047246680127287, 22.438233060304455 ], [ 84.044894152721426, 22.452861939450418 ], [ 84.047247162002705, 22.469220904201585 ], [ 84.026601804371879, 22.475323613455508 ], [ 84.017423194028339, 22.489249794421074 ], [ 83.980072045787054, 22.502391559244511 ], [ 83.98047936049808, 22.507570260427674 ], [ 83.974651084959234, 22.512026011484469 ], [ 83.980988563749847, 22.516152091585116 ], [ 83.980912851384545, 22.521549099759842 ], [ 83.99775166390539, 22.531041656932409 ], [ 84.01292861902904, 22.52337379863204 ], [ 84.025520339119666, 22.525753272505444 ], [ 84.027713344864651, 22.520500360509281 ], [ 84.036557296962087, 22.515970857333592 ], [ 84.04924925659229, 22.517040604680208 ], [ 84.053058454058743, 22.512903185172874 ], [ 84.059714913271179, 22.516431821988519 ], [ 84.064538618575469, 22.512479607803858 ], [ 84.065121714504485, 22.507607680712479 ], [ 84.075489015266001, 22.506198139681381 ], [ 84.075278033955144, 22.502828737911226 ], [ 84.070237017543462, 22.501352179548313 ], [ 84.090306805925067, 22.489290383106514 ], [ 84.107946337755664, 22.483763072006635 ], [ 84.106308597406283, 22.480645112015054 ], [ 84.113489948211409, 22.47568642292957 ], [ 84.124840604594439, 22.474925302565762 ], [ 84.128797640319036, 22.477599306975339 ], [ 84.140684336059465, 22.473915062638859 ], [ 84.142891512812426, 22.464234852084836 ], [ 84.138895433217797, 22.447762612744842 ], [ 84.140925169399509, 22.425618957132723 ], [ 84.156132723125509, 22.407735093035338 ], [ 84.184886912909406, 22.390228659692813 ], [ 84.198955331106305, 22.375814898460817 ], [ 84.25145595029629, 22.37807794540776 ], [ 84.268810845327167, 22.354551953393457 ], [ 84.29003689445382, 22.346885733356448 ], [ 84.291505020423372, 22.342132242983844 ], [ 84.29533489702321, 22.341024836779876 ], [ 84.339510483268143, 22.347550432083729 ], [ 84.365635227912662, 22.348198416942584 ], [ 84.370318803544095, 22.355731769671252 ], [ 84.383018326326805, 22.349112302044702 ], [ 84.392133130796594, 22.349864880360798 ], [ 84.400320163627399, 22.346462299679558 ], [ 84.416181275021998, 22.352808422996006 ], [ 84.428132674384557, 22.353265782072885 ], [ 84.43426890377583, 22.360470709575218 ], [ 84.430525308350795, 22.368940284030987 ], [ 84.434959469019319, 22.374165212423929 ], [ 84.453205167237655, 22.381047641600325 ], [ 84.461181756893808, 22.379050697452605 ], [ 84.484630041857415, 22.388847436353302 ], [ 84.484398529935902, 22.392579132455761 ], [ 84.478836851395755, 22.394076959403947 ], [ 84.480290902890388, 22.397978647831639 ], [ 84.476731076899, 22.405277473044116 ], [ 84.482435193648456, 22.413273041430962 ], [ 84.510644871371724, 22.421026000473134 ], [ 84.524394296990224, 22.419976171270708 ], [ 84.536201516382647, 22.427374491206642 ], [ 84.546941998901644, 22.426065102720905 ], [ 84.549290604458307, 22.421041715066451 ], [ 84.594181348397271, 22.430059487974852 ], [ 84.597854510891594, 22.434796690635881 ], [ 84.602588004184597, 22.428825143106298 ], [ 84.628648140531823, 22.434552975295606 ], [ 84.668057553265143, 22.418064443137283 ], [ 84.674126393750242, 22.421913171003329 ], [ 84.676004894835586, 22.419419376929902 ], [ 84.698631010484505, 22.416402159652161 ], [ 84.71556418589789, 22.417277738558017 ], [ 84.718773464305755, 22.419896361975006 ], [ 84.749742910161899, 22.418989039093347 ], [ 84.759315458828524, 22.447465723979189 ], [ 84.796039875824121, 22.44625876677431 ], [ 84.797296971229841, 22.448639795480027 ], [ 84.805713404767943, 22.447672623211812 ], [ 84.812523971889817, 22.452931297222921 ], [ 84.817783211834467, 22.444620809464411 ], [ 84.817632257612772, 22.437605016941085 ], [ 84.838553173486204, 22.430925671375583 ], [ 84.845625686496632, 22.436258684767907 ], [ 84.8730695126592, 22.439468824166728 ], [ 84.872923208148109, 22.442265457193646 ], [ 84.882394705223192, 22.448466195093467 ], [ 84.888706852591866, 22.429206304969167 ], [ 84.885576378686736, 22.421079394506577 ], [ 84.910226259230328, 22.423283169463712 ], [ 84.926151068955704, 22.434949034839857 ], [ 84.923856737094511, 22.443552274427699 ], [ 84.940205435778523, 22.445203891085946 ], [ 84.944903483895018, 22.452461457779375 ], [ 84.956668373139266, 22.458225406651884 ], [ 84.959351510833002, 22.443053679738959 ], [ 84.964881907561562, 22.449330197070399 ], [ 85.019378789442129, 22.470602386820854 ], [ 85.037181276492674, 22.472819081659701 ], [ 85.035947947184013, 22.482429685067601 ], [ 85.041647759904649, 22.480553351074288 ], [ 85.059676775534399, 22.486445170158213 ], [ 85.067257418270643, 22.484169279148006 ], [ 85.069874570426009, 22.480167122414446 ], [ 85.078003496359429, 22.477549221603411 ], [ 85.074027040977214, 22.465532331606681 ], [ 85.077149583010296, 22.463752205722084 ], [ 85.064221586636961, 22.454235736878864 ], [ 85.06055272037085, 22.447124899904537 ], [ 85.06683129214305, 22.440910862956809 ], [ 85.067797420870789, 22.428425253696666 ], [ 85.082083689418411, 22.416529791176433 ], [ 85.080233266835336, 22.410008157965077 ], [ 85.086525629887561, 22.39942279339715 ], [ 85.087868161424623, 22.388466624637815 ], [ 85.077387755786219, 22.365506234079881 ], [ 85.079159857910653, 22.360514364220013 ], [ 85.076670165807911, 22.356206833264721 ], [ 85.083839009196538, 22.349052948595137 ], [ 85.083332386078979, 22.345336091148489 ], [ 85.095748798465337, 22.344740604359018 ], [ 85.090735873140716, 22.318580377992049 ], [ 85.095489796220278, 22.315706437388847 ], [ 85.106368864055383, 22.321477371778784 ], [ 85.118095830379815, 22.317594607115609 ], [ 85.114164913597833, 22.310445471190757 ], [ 85.1159970279204, 22.294093264516128 ], [ 85.106442739222331, 22.295904701638964 ], [ 85.099628478863337, 22.293573435492672 ], [ 85.070614537907929, 22.273652221945429 ], [ 85.07340860337284, 22.262900949747713 ], [ 85.07820346687889, 22.257390858313332 ], [ 85.07332289243439, 22.248054361599035 ], [ 85.070246944517976, 22.248056765340749 ], [ 85.072249182204828, 22.237721043224383 ], [ 85.059210177806193, 22.205998940871627 ], [ 85.049187442244303, 22.195413316231736 ], [ 85.052658121875353, 22.182456883283272 ], [ 85.042829921437516, 22.177336536643239 ], [ 85.041624112286911, 22.172988568819552 ], [ 85.029098344931654, 22.163494244990684 ], [ 85.02834456116905, 22.157182676199106 ], [ 85.034165483848255, 22.147015767325392 ], [ 85.026845057644479, 22.122516022963442 ], [ 84.983393475648072, 22.095524752533461 ], [ 84.984555353564147, 22.08660679948245 ], [ 84.992465420494497, 22.081232637830031 ], [ 85.008651123542506, 22.088860557263779 ], [ 85.015800873758707, 22.103609676577719 ], [ 85.021342658934188, 22.108430413312103 ], [ 85.040298217516735, 22.115855664734795 ], [ 85.070456511929905, 22.112897963518922 ], [ 85.088974161609286, 22.105728339334966 ], [ 85.094875087681544, 22.108356384345651 ], [ 85.100109520619881, 22.103634803587671 ], [ 85.100569368151412, 22.093723319412881 ], [ 85.103790013303126, 22.089530837320851 ], [ 85.112398923659015, 22.087039184174422 ], [ 85.112505160754125, 22.079842204522013 ], [ 85.120065426518281, 22.070176816139448 ], [ 85.131791789230874, 22.076811687730789 ], [ 85.154798875220251, 22.078830190017129 ], [ 85.160542079799171, 22.074712007064548 ], [ 85.166850747371626, 22.053700678253549 ], [ 85.17386555122151, 22.051378828510945 ], [ 85.167615942129046, 22.069505633764646 ], [ 85.1746034371901, 22.074589945817891 ], [ 85.180570880404375, 22.07323284775984 ], [ 85.185715389081423, 22.059212964953385 ], [ 85.213447298446937, 22.049691793413238 ], [ 85.214847392612597, 22.043328727633039 ], [ 85.218586494360594, 22.040927150709209 ], [ 85.216867329346698, 22.033566491943709 ], [ 85.221433289318227, 22.017985175611738 ], [ 85.229209201661646, 22.012407456937069 ], [ 85.239233480875711, 22.010229651033114 ] ] ] } },
{ "type": "Feature", "properties": { "District": "BAUDH (BAUDA)", "STATE": "ODISHA", "REMARKS": null, "State_LGD": 21, "DISTRICT_L": "349", "Shape_Leng": 404642.33912100003, "Shape_Area": 2992913213.5300002 }, "geometry": { "type": "Polygon", "coordinates": [ [ [ 84.234969225874863, 20.895140392595803 ], [ 84.294006358794832, 20.868468649566971 ], [ 84.346444435873167, 20.83641762518895 ], [ 84.355544153260169, 20.817991063270952 ], [ 84.353135305359572, 20.801138162484754 ], [ 84.355576090203854, 20.793040988265435 ], [ 84.349143640114335, 20.781217971941167 ], [ 84.359959617811484, 20.766248265119447 ], [ 84.377736042140072, 20.753826237326066 ], [ 84.394402729586545, 20.749998898309055 ], [ 84.420038403051464, 20.737695414762136 ], [ 84.450185744748993, 20.73884511788496 ], [ 84.46281068807663, 20.735189904830463 ], [ 84.498502278416808, 20.717617878499681 ], [ 84.515612922559157, 20.702384679739129 ], [ 84.560132453756125, 20.6899689962423 ], [ 84.58178415897882, 20.674602971503393 ], [ 84.61226854141087, 20.639223692581123 ], [ 84.638977905860713, 20.623810931571715 ], [ 84.69790106391234, 20.611769605617233 ], [ 84.712823449670367, 20.611258888049569 ], [ 84.728418574669774, 20.615519404412005 ], [ 84.761791670136631, 20.608125380873219 ], [ 84.778363051426467, 20.597745863585466 ], [ 84.790095379663086, 20.581270223687998 ], [ 84.791298894461875, 20.560943384882751 ], [ 84.787316023836283, 20.558530746151426 ], [ 84.786574353140381, 20.550777181533189 ], [ 84.777905920416856, 20.549167045383069 ], [ 84.766029799145628, 20.531787891494556 ], [ 84.740451633283826, 20.540965684282163 ], [ 84.724649647239758, 20.527831398454115 ], [ 84.712472445023295, 20.523810523484354 ], [ 84.711174746626156, 20.506644130111546 ], [ 84.696691003310562, 20.497746998087802 ], [ 84.692508598145679, 20.470111862078827 ], [ 84.680527207569668, 20.460131819163266 ], [ 84.688298089023107, 20.45884474383357 ], [ 84.691162197372776, 20.450244773012901 ], [ 84.685837065622849, 20.448191634212506 ], [ 84.689611264674923, 20.441193590996981 ], [ 84.681456462440565, 20.437468144245756 ], [ 84.680706707085562, 20.432843646171747 ], [ 84.673763565370351, 20.43394277743095 ], [ 84.663195428211367, 20.424513276861717 ], [ 84.646651545094102, 20.423563445350343 ], [ 84.634859225786613, 20.425756130488622 ], [ 84.62910792737182, 20.431606315102236 ], [ 84.623610660855533, 20.430574115646284 ], [ 84.618146845394165, 20.434210782136546 ], [ 84.604000981104406, 20.420055912673618 ], [ 84.595968886724819, 20.419746520620247 ], [ 84.589819774378171, 20.423711440901265 ], [ 84.563557009387239, 20.411340477480998 ], [ 84.542306172953374, 20.418667653767411 ], [ 84.53962709301004, 20.410056076646381 ], [ 84.530450450887201, 20.410404707366972 ], [ 84.52208408570101, 20.403224444434723 ], [ 84.518351748706607, 20.405433283878562 ], [ 84.509072980101749, 20.394889428592585 ], [ 84.492927577130331, 20.395104868400427 ], [ 84.48163528958051, 20.384269103299772 ], [ 84.467693851649685, 20.389751175647724 ], [ 84.460851146207659, 20.400004062041031 ], [ 84.461460385350449, 20.419209681791113 ], [ 84.458638186972721, 20.427457618844155 ], [ 84.464408506402961, 20.435979817488267 ], [ 84.464945451387038, 20.445292546677788 ], [ 84.455149178949227, 20.466273843278721 ], [ 84.448114882124727, 20.465222501098996 ], [ 84.439054699369933, 20.476560986595182 ], [ 84.430489866120624, 20.479080162293879 ], [ 84.425253833187185, 20.48479488203057 ], [ 84.434520785327777, 20.496245768956026 ], [ 84.433471994878971, 20.508866657331644 ], [ 84.401211753654081, 20.528282039933039 ], [ 84.387956147677158, 20.530543186302555 ], [ 84.389265998866762, 20.542300556316523 ], [ 84.381227409587027, 20.558684249977418 ], [ 84.384274229347056, 20.568910477011308 ], [ 84.3911863103218, 20.56666285887405 ], [ 84.394027174101737, 20.576077688518364 ], [ 84.391727669376223, 20.579659146717606 ], [ 84.385307895184553, 20.578293566095589 ], [ 84.379555066741005, 20.58840480498829 ], [ 84.380935303853349, 20.596574286179397 ], [ 84.384201390115251, 20.598190264849517 ], [ 84.376402491788454, 20.621881232737 ], [ 84.369770510851026, 20.632411523735723 ], [ 84.372556206672215, 20.641455980545771 ], [ 84.368942649280214, 20.650790884380108 ], [ 84.356371617080129, 20.664408067612591 ], [ 84.356714729313566, 20.671180410318399 ], [ 84.345816554937173, 20.669256833243125 ], [ 84.337337422782738, 20.672755550680396 ], [ 84.339035041520319, 20.679661497620756 ], [ 84.326281966368285, 20.687761374762829 ], [ 84.314475773055904, 20.68969926586135 ], [ 84.296076759220028, 20.686301174673698 ], [ 84.276559654649915, 20.672505412583025 ], [ 84.27318580947275, 20.668041765818828 ], [ 84.28042767631014, 20.635469055719373 ], [ 84.271823843007198, 20.63606905829452 ], [ 84.262084769861801, 20.619975558899327 ], [ 84.263645364217908, 20.616366424816672 ], [ 84.25661833480514, 20.60180524112484 ], [ 84.236598900309218, 20.593239111964277 ], [ 84.231082370319143, 20.584944301570559 ], [ 84.225154533846961, 20.581928700054863 ], [ 84.185587453615426, 20.584394778777742 ], [ 84.175793525031708, 20.59927543519991 ], [ 84.160276035894057, 20.59202009228617 ], [ 84.15233299979144, 20.5850555077274 ], [ 84.151241714868661, 20.580325201535654 ], [ 84.144742252996252, 20.578001742236612 ], [ 84.134555932837927, 20.582672033078033 ], [ 84.11257133327284, 20.582577154036013 ], [ 84.104643361286804, 20.591968436683207 ], [ 84.081662881034973, 20.584468544891482 ], [ 84.069916924638164, 20.590133012178523 ], [ 84.060152296823517, 20.589926583104258 ], [ 84.035223052386556, 20.581746710772997 ], [ 84.033748289677561, 20.576463240348257 ], [ 84.014853317609038, 20.568203586773169 ], [ 84.004866553181174, 20.568671882444026 ], [ 83.984044160151043, 20.580107919438205 ], [ 83.979465442674567, 20.586039698587022 ], [ 83.965480111293488, 20.587008845708358 ], [ 83.945995267067644, 20.58181857161652 ], [ 83.937967946001677, 20.584203962861061 ], [ 83.931492074721064, 20.588809794545348 ], [ 83.929474137550045, 20.596229733597994 ], [ 83.940611573528557, 20.604704401712745 ], [ 83.92133560380266, 20.610540283033533 ], [ 83.912803091914597, 20.602237464385777 ], [ 83.910463212652473, 20.592772362148523 ], [ 83.912374125280351, 20.579515519912313 ], [ 83.896430062370229, 20.583061639516711 ], [ 83.88523317343595, 20.580314962273757 ], [ 83.873596217475225, 20.582496795757887 ], [ 83.856369804253262, 20.57233730652198 ], [ 83.857037335382387, 20.563147639939675 ], [ 83.841224170406704, 20.545245922345156 ], [ 83.832142521849278, 20.545134249549211 ], [ 83.823200688231182, 20.54915829493245 ], [ 83.819617956441576, 20.544480358599642 ], [ 83.824615653151156, 20.535636824263644 ], [ 83.819246965397667, 20.522126309992757 ], [ 83.813399061008496, 20.521612644186845 ], [ 83.805480954792529, 20.508921524463631 ], [ 83.795625266343322, 20.509069097724932 ], [ 83.806315263382757, 20.495019646308176 ], [ 83.811084173063207, 20.462908506197646 ], [ 83.828159691614346, 20.45219182282813 ], [ 83.819735086983073, 20.450909659133231 ], [ 83.813123539185611, 20.455048633028998 ], [ 83.807470150472952, 20.446180955936097 ], [ 83.814544867738888, 20.436287895100772 ], [ 83.806085091396852, 20.431425898669033 ], [ 83.792941917856709, 20.43335919775917 ], [ 83.791409016069863, 20.441011588905269 ], [ 83.785694014891988, 20.44209287046306 ], [ 83.781053369956481, 20.42630283421277 ], [ 83.782981516826382, 20.414158706092039 ], [ 83.780056321177085, 20.407281413856222 ], [ 83.776846035434673, 20.411116373540043 ], [ 83.767821409784645, 20.413264031839756 ], [ 83.754694804705252, 20.426106447894984 ], [ 83.746152523776914, 20.426438752124366 ], [ 83.746444142025709, 20.420771905484006 ], [ 83.738013404818517, 20.422188928390618 ], [ 83.734588846202655, 20.426587503574563 ], [ 83.727726813100148, 20.426693305269428 ], [ 83.728046498381119, 20.432624160170867 ], [ 83.719211489606167, 20.435232989154102 ], [ 83.692020432904854, 20.414204442638994 ], [ 83.685373564391014, 20.415251287866987 ], [ 83.67726257739946, 20.429856584980961 ], [ 83.660719382389246, 20.422753195611811 ], [ 83.656357356802232, 20.432560311706769 ], [ 83.635231187239512, 20.440697448974674 ], [ 83.62705765136387, 20.447579215193915 ], [ 83.618487746015049, 20.446821821195478 ], [ 83.617598026704982, 20.458331008471031 ], [ 83.609714082624166, 20.465731521712602 ], [ 83.596682807198107, 20.469155082791822 ], [ 83.596685348215487, 20.476419611282747 ], [ 83.583390575680824, 20.487736407702581 ], [ 83.579773670951766, 20.487753984962715 ], [ 83.573794041039676, 20.480854181452575 ], [ 83.569538429532088, 20.48433154933053 ], [ 83.579233425281572, 20.502056546728589 ], [ 83.578387973688706, 20.518332393321334 ], [ 83.581682373446682, 20.523532121104086 ], [ 83.615844445595059, 20.528856130246687 ], [ 83.651113264067178, 20.539854523511011 ], [ 83.67273992886706, 20.555448792166423 ], [ 83.685566483848135, 20.5601392039225 ], [ 83.707215814004982, 20.582097801606416 ], [ 83.715910389032615, 20.596646162524721 ], [ 83.730496185289184, 20.609351316460092 ], [ 83.73209637082519, 20.622771681550631 ], [ 83.716901695863797, 20.634680604253134 ], [ 83.71563735354367, 20.640437986719487 ], [ 83.735715014089465, 20.673055780036833 ], [ 83.743118105299132, 20.703841491503301 ], [ 83.754048751538278, 20.710857705217055 ], [ 83.757747996771869, 20.717231011206042 ], [ 83.764037721258731, 20.757358839820977 ], [ 83.760659941513737, 20.772977373596273 ], [ 83.762215587777391, 20.780395880541707 ], [ 83.786117516456116, 20.802565527485985 ], [ 83.814596879532189, 20.811019665683315 ], [ 83.836764414040815, 20.825554076779181 ], [ 83.847018123227116, 20.82472492285946 ], [ 83.864657197520174, 20.816121143154291 ], [ 83.896082979721584, 20.817452426896008 ], [ 83.936620389308871, 20.842299434442836 ], [ 84.012523944102881, 20.840528911799677 ], [ 84.033294000474527, 20.821689807295719 ], [ 84.040952874138398, 20.820858862026807 ], [ 84.064398737487878, 20.83019369350724 ], [ 84.107405702750654, 20.838182726927904 ], [ 84.14791761417402, 20.864740238001353 ], [ 84.203395578344569, 20.893520038207249 ], [ 84.234969225874863, 20.895140392595803 ] ] ] } }
]
}
