{
"type": "FeatureCollection",
"name": "odisha_basins",
"crs": { "type": "name", "properties": { "name": "urn:ogc:def:crs:OGC:1.3:CRS84" } },
"features": [
{ "type": "Feature", "properties": { "BASIN_NAME": "Bahuda", "AREA": 854.29328659199996, "OBJECTID": 1 }, "geometry": { "type": "Polygon", "coordinates": [ [ [ 84.594305559123299, 19.328194446208929 ], [ 84.604637590489531, 19.332080079990714 ], [ 84.640557186506726, 19.322239042980581 ], [ 84.643634986753923, 19.3109120031442 ], [ 84.650257165171851, 19.309781903335644 ], [ 84.65293077629201, 19.304455839517246 ], [ 84.65249729104859, 19.294207358606286 ], [ 84.648161896079884, 19.285672202349442 ], [ 84.637489153015835, 19.277750110329222 ], [ 84.636094296243868, 19.268888890703998 ], [ 84.642502716387909, 19.259441733578409 ], [ 84.639705949892587, 19.255235461873699 ], [ 84.626386179916636, 19.251113825585684 ], [ 84.624104278873148, 19.239053278700979 ], [ 84.628608402140657, 19.229997289110432 ], [ 84.635545793639224, 19.227558595532098 ], [ 84.63677734745967, 19.223732098133191 ], [ 84.632497291032649, 19.218330622434426 ], [ 84.642731666040902, 19.212955730937058 ], [ 84.645322811876269, 19.203685982665817 ], [ 84.640929908226909, 19.197292210959301 ], [ 84.64694716083595, 19.191097006961275 ], [ 84.65804416605306, 19.187375218763876 ], [ 84.653597008931413, 19.170008139756991 ], [ 84.660302195568732, 19.164398330724669 ], [ 84.658336049733848, 19.160852323777419 ], [ 84.662196726820341, 19.154441190959755 ], [ 84.672213002869981, 19.151147462658489 ], [ 84.674079839046371, 19.14292335438348 ], [ 84.670074443577505, 19.128818510661443 ], [ 84.657051225534502, 19.128227235730485 ], [ 84.647399945416907, 19.131710056101944 ], [ 84.646530081051935, 19.128332138783158 ], [ 84.639709569303378, 19.129306784289827 ], [ 84.633369409185278, 19.12557983942904 ], [ 84.607459874386848, 19.129480360129929 ], [ 84.604149012817473, 19.124813076641651 ], [ 84.612434359759945, 19.105346673297035 ], [ 84.611984286313543, 19.099494927629298 ], [ 84.620269720931489, 19.098625185474379 ], [ 84.621841392075908, 19.102699283826208 ], [ 84.627830449087739, 19.097997665075866 ], [ 84.624664411961348, 19.091693874213078 ], [ 84.626678609025902, 19.088594435092315 ], [ 84.63873293967967, 19.085912705396538 ], [ 84.648757855037502, 19.091102604318131 ], [ 84.661056464081739, 19.091903683647939 ], [ 84.667152394653598, 19.085355759532142 ], [ 84.666450443905063, 19.080793383325773 ], [ 84.670318464993514, 19.076509478981432 ], [ 84.663764930296281, 19.072753909801616 ], [ 84.662132149406304, 19.060804366216448 ], [ 84.656036371106865, 19.066236499404649 ], [ 84.644508481906726, 19.06560897269366 ], [ 84.639533884319249, 19.058992387042231 ], [ 84.634239079564324, 19.058504110192143 ], [ 84.631240966517964, 19.063972470049752 ], [ 84.620345923067191, 19.065086372269882 ], [ 84.61940007867824, 19.059375757200705 ], [ 84.62326813876895, 19.05840110375469 ], [ 84.62313087965974, 19.055126189840315 ], [ 84.615608124047469, 19.054986956277396 ], [ 84.603416345137418, 19.024061207475825 ], [ 84.597602922805848, 19.024026870611479 ], [ 84.596900799959585, 19.021240236879038 ], [ 84.585235653644162, 19.029319759975827 ], [ 84.585410976803388, 19.04095268751966 ], [ 84.580116398591315, 19.039384839391417 ], [ 84.585586618978809, 19.048543926382596 ], [ 84.583007680686464, 19.059444426507266 ], [ 84.584892330602699, 19.072853083926073 ], [ 84.578483708514881, 19.0660266813194 ], [ 84.572906425873725, 19.068185808258423 ], [ 84.575767418502693, 19.071983336182107 ], [ 84.567268363472138, 19.066793444431177 ], [ 84.558769109118984, 19.055196768182498 ], [ 84.542892446101703, 19.053421018653768 ], [ 84.529060441543052, 19.044921874928999 ], [ 84.518546990424909, 19.046907430075159 ], [ 84.507469313448084, 19.031375885164962 ], [ 84.498718155153313, 19.030155181769949 ], [ 84.49043287250656, 19.018491741545279 ], [ 84.476163469292956, 19.022327475576311 ], [ 84.47165880349074, 19.044829103198467 ], [ 84.457935930215868, 19.054556750775699 ], [ 84.451395402866865, 19.065564237763656 ], [ 84.436381025684739, 19.061396486024201 ], [ 84.431989749639527, 19.054932727338535 ], [ 84.418194447979275, 19.054839953900931 ], [ 84.405991756997267, 19.062320422656903 ], [ 84.403777130259414, 19.059260526821113 ], [ 84.390415313842411, 19.05860351727193 ], [ 84.383251142829735, 19.054269749907377 ], [ 84.379998918434794, 19.056401368832709 ], [ 84.361483835954701, 19.047731663964676 ], [ 84.359130320327836, 19.03453125162773 ], [ 84.349976131952403, 19.026765409607606 ], [ 84.351095923620022, 19.020716147449999 ], [ 84.341276316407246, 19.003191190838763 ], [ 84.331685987590916, 19.007705858161149 ], [ 84.33499729074957, 19.018212349640038 ], [ 84.332172583761107, 19.020054797623072 ], [ 84.321480309447011, 19.019563261164375 ], [ 84.30893819047462, 19.009952331760125 ], [ 84.299298777311222, 19.018448894844024 ], [ 84.288608401881135, 19.019719511276993 ], [ 84.286960660384892, 19.024754187411002 ], [ 84.289889326348799, 19.027214628358003 ], [ 84.281612644533084, 19.032541491885908 ], [ 84.280014931778112, 19.04149910093161 ], [ 84.29139675907571, 19.047492406151978 ], [ 84.296740725895575, 19.058216689831102 ], [ 84.322017961357204, 19.072785917456891 ], [ 84.318076178531243, 19.078633362958758 ], [ 84.323346086565422, 19.083955622532926 ], [ 84.320976837155996, 19.092435982410532 ], [ 84.328766538177192, 19.103041535294135 ], [ 84.33914551128403, 19.101087783798988 ], [ 84.345582414501038, 19.107483183109739 ], [ 84.340647790117387, 19.115759007994523 ], [ 84.341086429254332, 19.140515952233301 ], [ 84.347584367627576, 19.149555665782195 ], [ 84.344221927352919, 19.177734134049302 ], [ 84.358275681382779, 19.18564493148525 ], [ 84.366983239170892, 19.195762805576098 ], [ 84.384683608996227, 19.195787406876565 ], [ 84.388500980073545, 19.199967992211409 ], [ 84.409450687121549, 19.203863934054759 ], [ 84.411496585572266, 19.21333930332845 ], [ 84.423341203625753, 19.224714628515937 ], [ 84.422803219903685, 19.230019341409108 ], [ 84.435285648079685, 19.23304796185591 ], [ 84.448444285243085, 19.246509875929227 ], [ 84.447979532345272, 19.250027029390939 ], [ 84.459206546536393, 19.253080513955258 ], [ 84.466179186841046, 19.26238206960911 ], [ 84.482478844732043, 19.264959854242576 ], [ 84.496422209770657, 19.283639505946034 ], [ 84.513711212378553, 19.289536134644163 ], [ 84.515565415968055, 19.30264822795715 ], [ 84.52642876881238, 19.308295357749415 ], [ 84.518808054830586, 19.315364042650931 ], [ 84.512497290936608, 19.315552844734405 ], [ 84.510814076959548, 19.319473743175028 ], [ 84.509211471566886, 19.327836874412245 ], [ 84.512213816544033, 19.333333335200013 ], [ 84.517521976270501, 19.335278864715448 ], [ 84.511642673163777, 19.338965515060607 ], [ 84.516180559168774, 19.346818035731587 ], [ 84.516468916373881, 19.355107966293801 ], [ 84.513660214114608, 19.357171225844059 ], [ 84.520073788338465, 19.357777779663984 ], [ 84.527444674718311, 19.36698647555362 ], [ 84.530029300499223, 19.365459528802056 ], [ 84.52889947193934, 19.362183161611977 ], [ 84.535379777934082, 19.360199654665934 ], [ 84.540888404240619, 19.351533747540952 ], [ 84.546071940294297, 19.352954686109943 ], [ 84.548628475861392, 19.348457575663499 ], [ 84.559172095661509, 19.355008139904861 ], [ 84.566683488896587, 19.350842015769608 ], [ 84.577807594434361, 19.357486019953807 ], [ 84.581199547936066, 19.35293240205597 ], [ 84.591953128673794, 19.350020075664741 ], [ 84.591956926416813, 19.346471356043825 ], [ 84.598731885367059, 19.34156893162832 ], [ 84.594305559123299, 19.328194446208929 ] ] ] } },
{ "type": "Feature", "properties": { "BASIN_NAME": "Baitarani", "AREA": 13315.444909, "OBJECTID": 2 }, "geometry": { "type": "Polygon", "coordinates": [ [ [ 85.933036686977786, 22.021729496404006 ], [ 85.946947162082708, 22.021947296974538 ], [ 85.954992409222442, 22.016715905914378 ], [ 85.955517582919285, 22.010571292932454 ], [ 85.962792430922207, 22.003306346147589 ], [ 85.970819232052733, 22.000499407048995 ], [ 85.970261506552234, 21.997783071558732 ], [ 85.976583121098059, 22.001750492331592 ], [ 85.977740889979245, 22.008048642450383 ], [ 85.983607860772963, 22.011058082384928 ], [ 85.988769535836667, 22.011159264981757 ], [ 85.994172096570139, 22.004994714502647 ], [ 85.994983728549812, 22.008331438674201 ], [ 86.003916563038501, 22.010826691376874 ], [ 86.007748485668543, 22.018095300045736 ], [ 86.014622400489898, 22.020049239217862 ], [ 86.017877608786819, 22.027172991158814 ], [ 86.023111441601415, 22.028926463405302 ], [ 86.026224505465208, 22.026157773135917 ], [ 86.043604605549348, 22.029749488449678 ], [ 86.044459640461625, 22.027173262470349 ], [ 86.052503259892674, 22.02609633100381 ], [ 86.056939024166354, 22.028020023489862 ], [ 86.058683273213845, 22.037033559932226 ], [ 86.061863611828272, 22.035793054021813 ], [ 86.062185334573613, 22.029173588219603 ], [ 86.067953021385435, 22.032307268623583 ], [ 86.076661246100812, 22.026328535914555 ], [ 86.078023551019299, 22.030537113610961 ], [ 86.085838221022073, 22.032150476048322 ], [ 86.093881298318905, 22.039664039303979 ], [ 86.09388346842573, 22.043555233905035 ], [ 86.088374028347374, 22.04715413824092 ], [ 86.108128802741717, 22.05216973586294 ], [ 86.122470165611034, 22.063830706037439 ], [ 86.121725265237984, 22.069161380993979 ], [ 86.130656472034104, 22.065757789595011 ], [ 86.141925460865863, 22.07287557393196 ], [ 86.152494579547209, 22.068916155430166 ], [ 86.151083989382514, 22.061681454582473 ], [ 86.157198355842397, 22.059630673498571 ], [ 86.151952044686041, 22.046447079830262 ], [ 86.153902457421395, 22.037577993466037 ], [ 86.147472335809553, 22.033338220268003 ], [ 86.141819666276589, 22.021168623760939 ], [ 86.141859813894797, 22.011332605012171 ], [ 86.146356884452146, 22.005851105465524 ], [ 86.163483620527799, 22.004809845656013 ], [ 86.174365239214509, 21.997671716303451 ], [ 86.191916780254374, 22.001959910631999 ], [ 86.20324327737697, 21.996245799539707 ], [ 86.207367626619614, 21.987032203254639 ], [ 86.216180560322144, 21.986551246615388 ], [ 86.219564892044261, 21.980904409175537 ], [ 86.224686962216339, 21.981105825342507 ], [ 86.227030170034567, 21.977023929666238 ], [ 86.239972878397964, 21.984437802274375 ], [ 86.244007166349704, 21.982316762942368 ], [ 86.266394319185608, 21.985838627002625 ], [ 86.270827913094053, 21.976939158595936 ], [ 86.278310551662997, 21.974750438147446 ], [ 86.282493494527202, 21.963027754837785 ], [ 86.287264544973837, 21.963125139524593 ], [ 86.300015195920977, 21.975016144271923 ], [ 86.317777782799837, 21.968817278186613 ], [ 86.331752392069987, 21.974089359256691 ], [ 86.344479714247043, 21.973507084255363 ], [ 86.346698681182616, 21.961466204247852 ], [ 86.365211051121804, 21.953519291229163 ], [ 86.36245443239919, 21.947151154163954 ], [ 86.36498481429291, 21.934821374291765 ], [ 86.360090065798772, 21.933765872986001 ], [ 86.35605469279902, 21.926489939935891 ], [ 86.359452044815725, 21.923611793114592 ], [ 86.359994579643896, 21.917030982632518 ], [ 86.356394319142026, 21.913433570435327 ], [ 86.356094297453112, 21.904719106597774 ], [ 86.365272357415805, 21.888450524752567 ], [ 86.351692713559572, 21.875236006362815 ], [ 86.349437938994527, 21.86638618004115 ], [ 86.351971033712374, 21.860858836261954 ], [ 86.348081059760318, 21.856613095234955 ], [ 86.35033095143217, 21.845981720231411 ], [ 86.3452598794306, 21.834177521122193 ], [ 86.35944987488368, 21.818283966409162 ], [ 86.368499896780534, 21.813755157826577 ], [ 86.35857476640976, 21.803328861055867 ], [ 86.351672096866082, 21.789808760257792 ], [ 86.359242626689749, 21.783272166184521 ], [ 86.36937120724636, 21.783522410421693 ], [ 86.368049592852032, 21.768328183009626 ], [ 86.38018066897817, 21.764890140685559 ], [ 86.375397683001282, 21.755550405401518 ], [ 86.383050135339758, 21.742813317615372 ], [ 86.378364805321567, 21.740093319695493 ], [ 86.378801003280955, 21.724034020563334 ], [ 86.372475590808889, 21.710331492396246 ], [ 86.365288091041009, 21.710038252568161 ], [ 86.35938585595845, 21.699303660264224 ], [ 86.352912331342125, 21.697244469684886 ], [ 86.357765847299206, 21.694048940390356 ], [ 86.354161246412801, 21.68721842839501 ], [ 86.356492518134303, 21.682180993408057 ], [ 86.354983728894567, 21.674171553369753 ], [ 86.361119254052468, 21.663330624330769 ], [ 86.36115885918521, 21.637541778965204 ], [ 86.335769941660104, 21.622674828648886 ], [ 86.331664334004188, 21.613991185724309 ], [ 86.334762444864694, 21.608354711479862 ], [ 86.344505095641907, 21.606760139832229 ], [ 86.345169346299429, 21.597660099810863 ], [ 86.357589709060093, 21.605503005630528 ], [ 86.363983108986943, 21.595230141963299 ], [ 86.37154028472861, 21.592786228901552 ], [ 86.364883223897593, 21.577335303379776 ], [ 86.367515475170819, 21.567258721399991 ], [ 86.373161378468907, 21.56562809527238 ], [ 86.372710691684034, 21.555483442727571 ], [ 86.359337134373078, 21.534431431422803 ], [ 86.356092878803707, 21.517303308911924 ], [ 86.345481454162012, 21.499354804339479 ], [ 86.337157986265026, 21.48847200041973 ], [ 86.321533257954073, 21.47620574077499 ], [ 86.319015420526028, 21.468767131811585 ], [ 86.332206474346037, 21.401994729941936 ], [ 86.341207569100391, 21.39100769417692 ], [ 86.336544456574401, 21.368539996448661 ], [ 86.347282602907455, 21.358078050677289 ], [ 86.360259908349306, 21.357339899872809 ], [ 86.366699899939036, 21.349680972167295 ], [ 86.363662483616423, 21.325939233085837 ], [ 86.370536681768129, 21.310005225479806 ], [ 86.356687375018836, 21.30388631097367 ], [ 86.380798485511477, 21.272127217505076 ], [ 86.388084259842302, 21.250226906910033 ], [ 86.387252782146945, 21.221997319564192 ], [ 86.428871123215075, 21.193166759682445 ], [ 86.453872930252501, 21.181983920968083 ], [ 86.476493894684083, 21.165767705851337 ], [ 86.505378889704829, 21.136674867032088 ], [ 86.516929337839727, 21.116710686452969 ], [ 86.575927757192616, 21.127542502159962 ], [ 86.629356513355432, 21.129339215509972 ], [ 86.687690795057748, 21.115970555179949 ], [ 86.755988933180518, 21.07885746110361 ], [ 86.794044766898011, 21.077095026733879 ], [ 86.853007353748396, 21.086889299386343 ], [ 86.872276340888817, 21.045585640613535 ], [ 86.896163880643044, 21.012569482894442 ], [ 86.941627305877688, 20.91997908850766 ], [ 86.969115918612488, 20.872207617372418 ], [ 86.983222737312573, 20.856252666934541 ], [ 86.978706245637881, 20.817520191496548 ], [ 86.969757208133743, 20.790590313455962 ], [ 86.953285451066009, 20.773494745684886 ], [ 86.944618168211449, 20.772176745343682 ], [ 86.946632404550869, 20.765974000216765 ], [ 86.979270790762939, 20.770925554662583 ], [ 87.007820400725606, 20.769023832391976 ], [ 87.017509670852775, 20.765451438529173 ], [ 87.024711527153087, 20.769447299872979 ], [ 87.043541173281383, 20.758123416663842 ], [ 87.042724528457398, 20.738815412671858 ], [ 86.972851653824179, 20.732334236793168 ], [ 86.936566533952217, 20.739725642741 ], [ 86.920439812183218, 20.719567238745729 ], [ 86.87642729424644, 20.691849439031785 ], [ 86.868699895762788, 20.677738551233013 ], [ 86.849885381414836, 20.673706869231491 ], [ 86.811268092896569, 20.678209954455049 ], [ 86.785042507772857, 20.683954064292497 ], [ 86.766899951651425, 20.691681436544766 ], [ 86.737334293429953, 20.709488033520671 ], [ 86.731622745895436, 20.73535798196049 ], [ 86.721879516181289, 20.745437193778422 ], [ 86.712472261377229, 20.74913289699478 ], [ 86.691589708556094, 20.750032371236923 ], [ 86.647965362847984, 20.738549742846164 ], [ 86.60294327838929, 20.718849401219956 ], [ 86.579540605013008, 20.711920115949702 ], [ 86.567667714060548, 20.720575149599437 ], [ 86.541053713936108, 20.726579690727313 ], [ 86.522346645433387, 20.743913680169225 ], [ 86.512031380292726, 20.75116347799478 ], [ 86.50521090547096, 20.752090503030313 ], [ 86.498451073452856, 20.760198603982339 ], [ 86.461414043996314, 20.783080892450702 ], [ 86.42183665299072, 20.769676169643557 ], [ 86.396570835228587, 20.766901739145663 ], [ 86.322319933435182, 20.777730817922421 ], [ 86.293215562072092, 20.816995482614121 ], [ 86.267975943617046, 20.833975172098 ], [ 86.245436394216142, 20.843852075288716 ], [ 86.241970349319459, 20.852305312237789 ], [ 86.239976004966564, 20.880929120075368 ], [ 86.241505269545911, 20.900447958439575 ], [ 86.215896447299571, 20.919477438816067 ], [ 86.199463154598078, 20.9372291627453 ], [ 86.192405800175521, 20.96330448723187 ], [ 86.18373082978438, 20.97632980196261 ], [ 86.132049728178004, 21.021421405158335 ], [ 86.100633381392939, 21.034701394416754 ], [ 86.083854732249634, 21.05554118146469 ], [ 86.066108842213197, 21.069450364635649 ], [ 86.058761387775334, 21.080190726006503 ], [ 86.055073814358991, 21.097469527390452 ], [ 86.048966083871633, 21.1058202090748 ], [ 86.040282926917826, 21.108282129971553 ], [ 86.020996026928373, 21.10280032416826 ], [ 85.984604145265081, 21.103410644601276 ], [ 85.975860828973396, 21.09696964369882 ], [ 85.973617329216125, 21.083179446398379 ], [ 85.968330109584045, 21.079896878726633 ], [ 85.964240921391465, 21.069984425353734 ], [ 85.929699419133968, 21.052244081975278 ], [ 85.9282926481971, 21.054719512858323 ], [ 85.923313806886114, 21.052503258904093 ], [ 85.913234054388127, 21.056231557398782 ], [ 85.894288199464981, 21.057037763675424 ], [ 85.893930668954539, 21.068562828648293 ], [ 85.889724939669406, 21.077224938181061 ], [ 85.881108403158663, 21.079441735425977 ], [ 85.879963112447712, 21.084292266823102 ], [ 85.860880538815977, 21.088663740314203 ], [ 85.851370447638345, 21.094747453585402 ], [ 85.835230581884829, 21.096079105260571 ], [ 85.826647140312076, 21.090558814218046 ], [ 85.811941736059666, 21.094441734821544 ], [ 85.807154952408368, 21.106679419924703 ], [ 85.791795794480876, 21.106099450223354 ], [ 85.79004720575378, 21.101924645332176 ], [ 85.783917647734839, 21.101280114064657 ], [ 85.772297096863539, 21.105035267863823 ], [ 85.771657448529638, 21.113913848824399 ], [ 85.764447161743291, 21.117529842635985 ], [ 85.765625004662454, 21.130429148046922 ], [ 85.761113828607108, 21.134323462523497 ], [ 85.763907882251615, 21.138092451333822 ], [ 85.763055017708595, 21.144194610341952 ], [ 85.756387266168744, 21.148059899004465 ], [ 85.752085507896382, 21.144961483684735 ], [ 85.74175998738977, 21.148253041690957 ], [ 85.733058272937427, 21.154196509395177 ], [ 85.73500380226416, 21.171388892206718 ], [ 85.733800460421463, 21.174729007272894 ], [ 85.729844297570807, 21.173906253455499 ], [ 85.726108403109436, 21.180830623882567 ], [ 85.729063589838702, 21.189668514722737 ], [ 85.726277673803963, 21.194584692909597 ], [ 85.71554091150098, 21.194154734308565 ], [ 85.705977652274669, 21.202644317730257 ], [ 85.694719514131947, 21.205275068506872 ], [ 85.685002717260176, 21.212840444456866 ], [ 85.69098850292842, 21.23672363635362 ], [ 85.678804800810425, 21.23657959318658 ], [ 85.672444123619385, 21.230992570964613 ], [ 85.662413741473557, 21.231841637602788 ], [ 85.648781472005098, 21.243397898685068 ], [ 85.640524635581102, 21.24557563318016 ], [ 85.641381840600374, 21.249371748340202 ], [ 85.635537113693587, 21.258952640169877 ], [ 85.634725482569507, 21.270575090393898 ], [ 85.637807621772893, 21.274719513095196 ], [ 85.646974288405573, 21.274169382811433 ], [ 85.65411133276875, 21.277933217472249 ], [ 85.651951501757821, 21.289639760226404 ], [ 85.655097118163326, 21.288337948243793 ], [ 85.657495664401822, 21.29341254664595 ], [ 85.645247942931547, 21.29416938340729 ], [ 85.634724939802254, 21.300585398742015 ], [ 85.631391606373441, 21.30686496692509 ], [ 85.6338476610062, 21.309713003108563 ], [ 85.629806319413461, 21.31244086745356 ], [ 85.636969405472257, 21.317803822918926 ], [ 85.636941736213515, 21.323897301725811 ], [ 85.631661790306509, 21.328054205576809 ], [ 85.64191623746278, 21.338139923181032 ], [ 85.639719513951235, 21.345002716105633 ], [ 85.6436941234101, 21.346991377306779 ], [ 85.64283583361933, 21.355488013733421 ], [ 85.651119796100019, 21.365286190599715 ], [ 85.661958012673878, 21.365025774200461 ], [ 85.661121966620897, 21.369551599230945 ], [ 85.681189240959867, 21.392669545701885 ], [ 85.680847443759163, 21.403888892586181 ], [ 85.671657990626386, 21.410547421078302 ], [ 85.672213546019876, 21.416119524220644 ], [ 85.668064238323666, 21.419730906795422 ], [ 85.663951285196262, 21.417770457016882 ], [ 85.664441736639745, 21.414430342455937 ], [ 85.653597552015768, 21.410280493826605 ], [ 85.651947161890035, 21.413058543223666 ], [ 85.647174483511961, 21.410842831627697 ], [ 85.646958554893402, 21.414175351023999 ], [ 85.629414609386956, 21.424997290640434 ], [ 85.616929258119399, 21.422814944734785 ], [ 85.615112851775038, 21.42000271664276 ], [ 85.611369904740684, 21.421386179953778 ], [ 85.607366541137353, 21.416660973996677 ], [ 85.600306536436378, 21.418679203147963 ], [ 85.589654952505953, 21.412487254282883 ], [ 85.585543081866334, 21.413055830386671 ], [ 85.581762700086529, 21.421494415467439 ], [ 85.559675026324143, 21.423301327626369 ], [ 85.554740130695663, 21.410550133657704 ], [ 85.547213545922489, 21.407785919729054 ], [ 85.54917535176159, 21.397774797141352 ], [ 85.531451284875956, 21.393410648053681 ], [ 85.526265738447691, 21.396178660667282 ], [ 85.522754453004538, 21.413468699386236 ], [ 85.51245388867008, 21.412847497352459 ], [ 85.505547422592358, 21.418347443295751 ], [ 85.501947161648147, 21.425852325389464 ], [ 85.505830624913969, 21.430307620794597 ], [ 85.505338003358673, 21.435473907678507 ], [ 85.500003802433866, 21.447778323897662 ], [ 85.490548506817746, 21.452013350071304 ], [ 85.493388676434122, 21.453633901357414 ], [ 85.49412760861685, 21.460053714635993 ], [ 85.489711918902998, 21.465199927858379 ], [ 85.493330624941066, 21.474752065538318 ], [ 85.484408641935005, 21.480876468237852 ], [ 85.481391606608412, 21.489724938662874 ], [ 85.467170686158923, 21.491090227164179 ], [ 85.455431862636772, 21.484236386439697 ], [ 85.450833880179573, 21.490004615332921 ], [ 85.445814349402397, 21.488613827564421 ], [ 85.437791345838747, 21.493636885166691 ], [ 85.427207035460285, 21.493887536320777 ], [ 85.424169383712595, 21.50341200492764 ], [ 85.434730364774254, 21.506936038930899 ], [ 85.437170143135091, 21.513783641018414 ], [ 85.428882925276866, 21.520980634927522 ], [ 85.415576718630732, 21.526361223116012 ], [ 85.409413524321707, 21.531947974938326 ], [ 85.408607860298176, 21.537242028645544 ], [ 85.392758251365905, 21.544740130146753 ], [ 85.39067166255569, 21.550705570057342 ], [ 85.384163958312541, 21.552219513151528 ], [ 85.38666395835142, 21.563433977024541 ], [ 85.365845273528862, 21.566919220548932 ], [ 85.3510736804283, 21.583085941287862 ], [ 85.345999353268994, 21.583538143996776 ], [ 85.343350698848965, 21.590996911226966 ], [ 85.348528107581501, 21.596018883993143 ], [ 85.347502716921241, 21.600558272164729 ], [ 85.338889435842233, 21.60443468236647 ], [ 85.339435225989945, 21.606969676254742 ], [ 85.331348203069183, 21.607224938580952 ], [ 85.3241368314483, 21.61194173548478 ], [ 85.319913741845824, 21.606784943376333 ], [ 85.308574223298535, 21.606100264483082 ], [ 85.29666667091125, 21.597772084935521 ], [ 85.288892148347884, 21.606397573215023 ], [ 85.277502716964506, 21.60654568489954 ], [ 85.274863828215686, 21.617233618936218 ], [ 85.251750763587495, 21.61558349968259 ], [ 85.230781796894078, 21.630552846623743 ], [ 85.223858511468819, 21.629447974917561 ], [ 85.219708662850408, 21.633907610387119 ], [ 85.219997291679661, 21.642934574034982 ], [ 85.209612634470489, 21.655136722290237 ], [ 85.202638893413152, 21.661539174550597 ], [ 85.196946618582388, 21.659163686457937 ], [ 85.191075307807111, 21.660876468353791 ], [ 85.191660702770008, 21.667366540231765 ], [ 85.187814674036517, 21.66981852606644 ], [ 85.18916395817044, 21.672443309030896 ], [ 85.185462243933031, 21.677646759441419 ], [ 85.18748155830437, 21.683321401509104 ], [ 85.191386722782994, 21.68470350890944 ], [ 85.193770078194959, 21.696967506292182 ], [ 85.184399418582728, 21.709365238562032 ], [ 85.191663415821026, 21.722253421593031 ], [ 85.179144426752188, 21.726547719879051 ], [ 85.171406253916871, 21.736559791213409 ], [ 85.170736223720056, 21.747663849235376 ], [ 85.163052847214587, 21.75110840247098 ], [ 85.162787005324887, 21.769200579158575 ], [ 85.183148875812194, 21.780811907364658 ], [ 85.183956167603611, 21.784489614085171 ], [ 85.194373376641877, 21.78644531647355 ], [ 85.193058272249672, 21.79373657611556 ], [ 85.207318797373006, 21.797328291744112 ], [ 85.213640954908712, 21.793891605437533 ], [ 85.22748969639251, 21.820649011146038 ], [ 85.231963437584355, 21.824163958305764 ], [ 85.239618602259412, 21.821950823399234 ], [ 85.245558272368044, 21.82888617991982 ], [ 85.240828454683268, 21.834618873140069 ], [ 85.244163958017026, 21.838352326269547 ], [ 85.241675351270487, 21.849175351074152 ], [ 85.237488611058382, 21.85235840267347 ], [ 85.2393863973967, 21.855750465143174 ], [ 85.232783750147163, 21.861550568213804 ], [ 85.241403542072334, 21.878083364922677 ], [ 85.255834422463494, 21.881394318418277 ], [ 85.264747182934215, 21.880008955914633 ], [ 85.273639870048768, 21.889561500211119 ], [ 85.275329322609991, 21.901059438596292 ], [ 85.281113828583315, 21.906108403044485 ], [ 85.279441736047659, 21.917268477276419 ], [ 85.27611382840557, 21.920040829689079 ], [ 85.281592886623883, 21.925407040793445 ], [ 85.280832795086894, 21.933626848751629 ], [ 85.287497291516729, 21.934752065356765 ], [ 85.281514761222198, 21.949274364178464 ], [ 85.283312721311262, 21.954261072075582 ], [ 85.293810768630706, 21.958608402993587 ], [ 85.299995664075823, 21.956656362662493 ], [ 85.302807621987014, 21.959441735882539 ], [ 85.315291345458562, 21.960552847452075 ], [ 85.320699874216999, 21.956660838761834 ], [ 85.327789718123711, 21.959447568075639 ], [ 85.33082085938301, 21.969076202970538 ], [ 85.341965607819063, 21.97112196579873 ], [ 85.344997291975091, 21.976696509962387 ], [ 85.340027673437433, 21.981357697546407 ], [ 85.342568363584803, 21.982866079611842 ], [ 85.340772031108145, 21.987724613744156 ], [ 85.353370230234503, 22.017109379176038 ], [ 85.358649635757587, 22.021659482068735 ], [ 85.375544709335202, 22.027006026316297 ], [ 85.377282448132092, 22.030302738302137 ], [ 85.387926436645699, 22.029169383546083 ], [ 85.395734053799245, 22.033953726252346 ], [ 85.402497291824034, 22.041685659630666 ], [ 85.405400937539383, 22.052453617377161 ], [ 85.416386180804579, 22.060596385591452 ], [ 85.413233511628576, 22.064658207243713 ], [ 85.410341258377812, 22.06389160547501 ], [ 85.406924917537353, 22.070577261425061 ], [ 85.408699006018253, 22.079911977945294 ], [ 85.426029192684013, 22.084456926675706 ], [ 85.435285920416575, 22.090572378266856 ], [ 85.459612092219899, 22.115433353816233 ], [ 85.4750591410384, 22.112938779173337 ], [ 85.48943305567667, 22.114717072326815 ], [ 85.501669383741955, 22.122525503229351 ], [ 85.503584531268245, 22.118840200528894 ], [ 85.514714088613516, 22.116680641028523 ], [ 85.53561420741714, 22.101684620281702 ], [ 85.541465803500287, 22.10104763378045 ], [ 85.543548547409088, 22.090688680045719 ], [ 85.561569276387687, 22.095539087024758 ], [ 85.567581385665477, 22.088514356407586 ], [ 85.574379132536549, 22.091405888697974 ], [ 85.600021187408245, 22.077319984033423 ], [ 85.608955214025343, 22.080104816461798 ], [ 85.613762180564549, 22.086070952850722 ], [ 85.61635615662189, 22.080682835954583 ], [ 85.626770209264649, 22.080863899026365 ], [ 85.629806520516468, 22.084482093051481 ], [ 85.634140194147733, 22.082883826867185 ], [ 85.652320777590319, 22.095256769902818 ], [ 85.657112151749672, 22.091506954203599 ], [ 85.659217929812428, 22.082996368529166 ], [ 85.664009224743836, 22.081832984553781 ], [ 85.665008631837395, 22.076912027523772 ], [ 85.680320839325319, 22.062175738946994 ], [ 85.679076859640631, 22.056156267584566 ], [ 85.688125684124572, 22.05436509293277 ], [ 85.694915767327316, 22.062036521332882 ], [ 85.712127867550862, 22.058893281298751 ], [ 85.750221313171579, 22.072486837880643 ], [ 85.758979813852037, 22.077632978274458 ], [ 85.759841732496824, 22.08463869874851 ], [ 85.769149818734817, 22.092695181991111 ], [ 85.78405025468706, 22.096788405074566 ], [ 85.790527375886271, 22.10377108643679 ], [ 85.79898831828136, 22.104318565330558 ], [ 85.809798995099968, 22.115728328713736 ], [ 85.822921711797306, 22.106342411034205 ], [ 85.815292260041218, 22.094963140270991 ], [ 85.82123580191768, 22.096382116058152 ], [ 85.835281349126333, 22.092967997402095 ], [ 85.837562541575579, 22.079946381650235 ], [ 85.818054017672964, 22.073474935204633 ], [ 85.795913715874121, 22.080755318334919 ], [ 85.77716843351547, 22.055679324217174 ], [ 85.785751488590819, 22.039987641980979 ], [ 85.781715545728787, 22.029718405955958 ], [ 85.76856971397838, 22.023355601961608 ], [ 85.761093154430469, 22.010973101294315 ], [ 85.76597596617718, 21.994909246528959 ], [ 85.78399649304275, 21.98434637458957 ], [ 85.80552690632382, 21.988611308191871 ], [ 85.817947368138746, 21.985267636569386 ], [ 85.825744783095374, 21.975032740182758 ], [ 85.85563682913299, 21.982935050972522 ], [ 85.88390329284033, 21.979415935546456 ], [ 85.893791407816792, 21.980550730559148 ], [ 85.896728315783875, 21.98381612128788 ], [ 85.900855884586122, 21.982668014880879 ], [ 85.909157059961828, 21.969291795002842 ], [ 85.913665662104933, 21.972473240207943 ], [ 85.908836126680242, 21.975929402310236 ], [ 85.914191956179749, 21.97933766515726 ], [ 85.912254508793282, 21.989433171821336 ], [ 85.919044600194511, 22.007923136111756 ], [ 85.925727735871348, 22.010553460001116 ], [ 85.933036686977786, 22.021729496404006 ] ] ] } },
{ "type": "Feature", "properties": { "BASIN_NAME": "Brahmani", "AREA": 22405.1444634, "OBJECTID": 3 }, "geometry": { "type": "Polygon", "coordinates": [ [ [ 85.495433515894433, 22.119045221335007 ], [ 85.491130646833483, 22.115006514651583 ], [ 85.479169383642599, 22.113319096046659 ], [ 85.459612092219899, 22.115433353816233 ], [ 85.435285920416575, 22.090572378266856 ], [ 85.426029192684013, 22.084456926675706 ], [ 85.408699006018253, 22.079911977945294 ], [ 85.406924917537353, 22.070577261425061 ], [ 85.410341258377812, 22.06389160547501 ], [ 85.413233511628576, 22.064658207243713 ], [ 85.416386180804579, 22.060596385591452 ], [ 85.405400937539383, 22.052453617377161 ], [ 85.402497291824034, 22.041685659630666 ], [ 85.395734053799245, 22.033953726252346 ], [ 85.387926436645699, 22.029169383546083 ], [ 85.377282448132092, 22.030302738302137 ], [ 85.375544709335202, 22.027006026316297 ], [ 85.358649635757587, 22.021659482068735 ], [ 85.353370230234503, 22.017109379176038 ], [ 85.340772031108145, 21.987724613744156 ], [ 85.342568363584803, 21.982866079611842 ], [ 85.340027673437433, 21.981357697546407 ], [ 85.344169383839997, 21.974719513553119 ], [ 85.341965607819063, 21.97112196579873 ], [ 85.33082085938301, 21.969076202970538 ], [ 85.327789718123711, 21.959447568075639 ], [ 85.320699874216999, 21.956660838761834 ], [ 85.315291345458562, 21.960552847452075 ], [ 85.302807621987014, 21.959441735882539 ], [ 85.299995664075823, 21.956656362662493 ], [ 85.293810768630706, 21.958608402993587 ], [ 85.283312721311262, 21.954261072075582 ], [ 85.281514761222198, 21.949274364178464 ], [ 85.287497291516729, 21.934752065356765 ], [ 85.280832795086894, 21.933626848751629 ], [ 85.281592886623883, 21.925407040793445 ], [ 85.27611382840557, 21.920040829689079 ], [ 85.279441736047659, 21.917268477276419 ], [ 85.281113828583315, 21.906108403044485 ], [ 85.275329322609991, 21.901059438596292 ], [ 85.273639870048768, 21.889561500211119 ], [ 85.264747182934215, 21.880008955914633 ], [ 85.255834422463494, 21.881394318418277 ], [ 85.241403542072334, 21.878083364922677 ], [ 85.232783750147163, 21.861550568213804 ], [ 85.2393863973967, 21.855750465143174 ], [ 85.237488611058382, 21.85235840267347 ], [ 85.241675351270487, 21.849175351074152 ], [ 85.244163958017026, 21.838352326269547 ], [ 85.240828454683268, 21.834618873140069 ], [ 85.245558272368044, 21.82888617991982 ], [ 85.239618602259412, 21.821950823399234 ], [ 85.231963437584355, 21.824163958305764 ], [ 85.22748969639251, 21.820649011146038 ], [ 85.213640954908712, 21.793891605437533 ], [ 85.207318797373006, 21.797328291744112 ], [ 85.193058272249672, 21.79373657611556 ], [ 85.194373376641877, 21.78644531647355 ], [ 85.183956167603611, 21.784489614085171 ], [ 85.180036353973634, 21.778631731212386 ], [ 85.164198680402919, 21.77128337012164 ], [ 85.163052847214587, 21.75110840247098 ], [ 85.170736223720056, 21.747663849235376 ], [ 85.171406253916871, 21.736559791213409 ], [ 85.179144426752188, 21.726547719879051 ], [ 85.191663415821026, 21.722253421593031 ], [ 85.184399418582728, 21.709365238562032 ], [ 85.193770078194959, 21.696967506292182 ], [ 85.191386722782994, 21.68470350890944 ], [ 85.18748155830437, 21.683321401509104 ], [ 85.185462243933031, 21.677646759441419 ], [ 85.18916395817044, 21.672443309030896 ], [ 85.187814674036517, 21.66981852606644 ], [ 85.191660702770008, 21.667366540231765 ], [ 85.191075307807111, 21.660876468353791 ], [ 85.196946618582388, 21.659163686457937 ], [ 85.202638893413152, 21.661539174550597 ], [ 85.209612634470489, 21.655136722290237 ], [ 85.219997291679661, 21.642934574034982 ], [ 85.220438372175863, 21.631549483066554 ], [ 85.230781796894078, 21.630552846623743 ], [ 85.251750763587495, 21.61558349968259 ], [ 85.274863828215686, 21.617233618936218 ], [ 85.277502716964506, 21.60654568489954 ], [ 85.288892148347884, 21.606397573215023 ], [ 85.29666667091125, 21.597772084935521 ], [ 85.308574223298535, 21.606100264483082 ], [ 85.319913741845824, 21.606784943376333 ], [ 85.3241368314483, 21.61194173548478 ], [ 85.331348203069183, 21.607224938580952 ], [ 85.339435225989945, 21.606969676254742 ], [ 85.338889435842233, 21.60443468236647 ], [ 85.347502716921241, 21.600558272164729 ], [ 85.348528107581501, 21.596018883993143 ], [ 85.343350698848965, 21.590996911226966 ], [ 85.345999353268994, 21.583538143996776 ], [ 85.3510736804283, 21.583085941287862 ], [ 85.365845273528862, 21.566919220548932 ], [ 85.38666395835142, 21.563433977024541 ], [ 85.384163958312541, 21.552219513151528 ], [ 85.39067166255569, 21.550705570057342 ], [ 85.392758251365905, 21.544740130146753 ], [ 85.408607860298176, 21.537242028645544 ], [ 85.409413524321707, 21.531947974938326 ], [ 85.415576718630732, 21.526361223116012 ], [ 85.428882925276866, 21.520980634927522 ], [ 85.437170143135091, 21.513783641018414 ], [ 85.434730364774254, 21.506936038930899 ], [ 85.424169383712595, 21.50341200492764 ], [ 85.427207035460285, 21.493887536320777 ], [ 85.437791345838747, 21.493636885166691 ], [ 85.445814349402397, 21.488613827564421 ], [ 85.450833880179573, 21.490004615332921 ], [ 85.455431862636772, 21.484236386439697 ], [ 85.467170686158923, 21.491090227164179 ], [ 85.481391606608412, 21.489724938662874 ], [ 85.484408641935005, 21.480876468237852 ], [ 85.493330624941066, 21.474752065538318 ], [ 85.489711918902998, 21.465199927858379 ], [ 85.49412760861685, 21.460053714635993 ], [ 85.493388676434122, 21.453633901357414 ], [ 85.490548506817746, 21.452013350071304 ], [ 85.500003802433866, 21.447778323897662 ], [ 85.505830624913969, 21.430307620794597 ], [ 85.501947161648147, 21.425852325389464 ], [ 85.51245388867008, 21.412847497352459 ], [ 85.522754453004538, 21.413468699386236 ], [ 85.526265738447691, 21.396178660667282 ], [ 85.533292648301199, 21.392780493918554 ], [ 85.535180668737596, 21.395783152566207 ], [ 85.54917535176159, 21.397774797141352 ], [ 85.547213545922489, 21.407785919729054 ], [ 85.554740130695663, 21.410550133657704 ], [ 85.559675026324143, 21.423301327626369 ], [ 85.581762700086529, 21.421494415467439 ], [ 85.587266714588992, 21.412481014947573 ], [ 85.603281796861893, 21.419441735117097 ], [ 85.607366541137353, 21.416660973996677 ], [ 85.611369904740684, 21.421386179953778 ], [ 85.615112851775038, 21.42000271664276 ], [ 85.624654952800043, 21.425353465089145 ], [ 85.634163958883008, 21.42375759929692 ], [ 85.634893668196213, 21.419460724015433 ], [ 85.644973963086031, 21.415597605659201 ], [ 85.647174483511961, 21.410842831627697 ], [ 85.664441736639745, 21.414430342455937 ], [ 85.663951285196262, 21.417770457016882 ], [ 85.667443581038754, 21.419718157000222 ], [ 85.672213546019876, 21.416119524220644 ], [ 85.671657990626386, 21.410547421078302 ], [ 85.680847443759163, 21.403888892586181 ], [ 85.681189240959867, 21.392669545701885 ], [ 85.661121966620897, 21.369551599230945 ], [ 85.661958012673878, 21.365025774200461 ], [ 85.651119796100019, 21.365286190599715 ], [ 85.64283583361933, 21.355488013733421 ], [ 85.6436941234101, 21.346991377306779 ], [ 85.639719513951235, 21.345002716105633 ], [ 85.64191623746278, 21.338139923181032 ], [ 85.631661790306509, 21.328054205576809 ], [ 85.636941736213515, 21.323897301725811 ], [ 85.636969405472257, 21.317803822918926 ], [ 85.629806319413461, 21.31244086745356 ], [ 85.6338476610062, 21.309713003108563 ], [ 85.631391606373441, 21.30686496692509 ], [ 85.634724939802254, 21.300585398742015 ], [ 85.645247942931547, 21.29416938340729 ], [ 85.657495664401822, 21.29341254664595 ], [ 85.655097118163326, 21.288337948243793 ], [ 85.651951501757821, 21.289639760226404 ], [ 85.65411133276875, 21.277933217472249 ], [ 85.646974288405573, 21.274169382811433 ], [ 85.637807621772893, 21.274719513095196 ], [ 85.634725482569507, 21.270575090393898 ], [ 85.635537113693587, 21.258952640169877 ], [ 85.641381840600374, 21.249371748340202 ], [ 85.640524635581102, 21.24557563318016 ], [ 85.648781472005098, 21.243397898685068 ], [ 85.662413741473557, 21.231841637602788 ], [ 85.672444123619385, 21.230992570964613 ], [ 85.678804800810425, 21.23657959318658 ], [ 85.69098850292842, 21.23672363635362 ], [ 85.685002717260176, 21.212840444456866 ], [ 85.694719514131947, 21.205275068506872 ], [ 85.705977652274669, 21.202644317730257 ], [ 85.71554091150098, 21.194154734308565 ], [ 85.726277673803963, 21.194584692909597 ], [ 85.729063589838702, 21.189668514722737 ], [ 85.726108403109436, 21.180830623882567 ], [ 85.729844297570807, 21.173906253455499 ], [ 85.733800460421463, 21.174729007272894 ], [ 85.73500380226416, 21.171388892206718 ], [ 85.733058272937427, 21.154196509395177 ], [ 85.74175998738977, 21.148253041690957 ], [ 85.752085507896382, 21.144961483684735 ], [ 85.756387266168744, 21.148059899004465 ], [ 85.763055017708595, 21.144194610341952 ], [ 85.763907882251615, 21.138092451333822 ], [ 85.761113828607108, 21.134323462523497 ], [ 85.765625004662454, 21.130429148046922 ], [ 85.764447161743291, 21.117529842635985 ], [ 85.771657448529638, 21.113913848824399 ], [ 85.772297096863539, 21.105035267863823 ], [ 85.783917647734839, 21.101280114064657 ], [ 85.79004720575378, 21.101924645332176 ], [ 85.791795794480876, 21.106099450223354 ], [ 85.807154952408368, 21.106679419924703 ], [ 85.811941736059666, 21.094441734821544 ], [ 85.826647140312076, 21.090558814218046 ], [ 85.835230581884829, 21.096079105260571 ], [ 85.851370447638345, 21.094747453585402 ], [ 85.860880538815977, 21.088663740314203 ], [ 85.879963112447712, 21.084292266823102 ], [ 85.881108403158663, 21.079441735425977 ], [ 85.889724939669406, 21.077224938181061 ], [ 85.893930668954539, 21.068562828648293 ], [ 85.894288199464981, 21.057037763675424 ], [ 85.913234054388127, 21.056231557398782 ], [ 85.923313806886114, 21.052503258904093 ], [ 85.9282926481971, 21.054719512858323 ], [ 85.929699419133968, 21.052244081975278 ], [ 85.964240921391465, 21.069984425353734 ], [ 85.968330109584045, 21.079896878726633 ], [ 85.973617329216125, 21.083179446398379 ], [ 85.975860828973396, 21.09696964369882 ], [ 85.984604145265081, 21.103410644601276 ], [ 86.020996026928373, 21.10280032416826 ], [ 86.040282926917826, 21.108282129971553 ], [ 86.048966083871633, 21.1058202090748 ], [ 86.055073814358991, 21.097469527390452 ], [ 86.058761387775334, 21.080190726006503 ], [ 86.066108842213197, 21.069450364635649 ], [ 86.083854732249634, 21.05554118146469 ], [ 86.100633381392939, 21.034701394416754 ], [ 86.132049728178004, 21.021421405158335 ], [ 86.18373082978438, 20.97632980196261 ], [ 86.192405800175521, 20.96330448723187 ], [ 86.199463154598078, 20.9372291627453 ], [ 86.215896447299571, 20.919477438816067 ], [ 86.241505269545911, 20.900447958439575 ], [ 86.239976004966564, 20.880929120075368 ], [ 86.241970349319459, 20.852305312237789 ], [ 86.245436394216142, 20.843852075288716 ], [ 86.267975943617046, 20.833975172098 ], [ 86.293215562072092, 20.816995482614121 ], [ 86.322319933435182, 20.777730817922421 ], [ 86.396570835228587, 20.766901739145663 ], [ 86.42183665299072, 20.769676169643557 ], [ 86.461414043996314, 20.783080892450702 ], [ 86.498451073452856, 20.760198603982339 ], [ 86.50521090547096, 20.752090503030313 ], [ 86.512031380292726, 20.75116347799478 ], [ 86.522346645433387, 20.743913680169225 ], [ 86.541053713936108, 20.726579690727313 ], [ 86.567667714060548, 20.720575149599437 ], [ 86.579540605013008, 20.711920115949702 ], [ 86.60294327838929, 20.718849401219956 ], [ 86.647965362847984, 20.738549742846164 ], [ 86.691589708556094, 20.750032371236923 ], [ 86.712472261377229, 20.74913289699478 ], [ 86.721879516181289, 20.745437193778422 ], [ 86.731622745895436, 20.73535798196049 ], [ 86.737334293429953, 20.709488033520671 ], [ 86.766899951651425, 20.691681436544766 ], [ 86.785042507772857, 20.683954064292497 ], [ 86.811268092896569, 20.678209954455049 ], [ 86.849885381414836, 20.673706869231491 ], [ 86.868699895762788, 20.677738551233013 ], [ 86.87642729424644, 20.691849439031785 ], [ 86.920439812183218, 20.719567238745729 ], [ 86.936566533952217, 20.739725642741 ], [ 86.972851653824179, 20.732334236793168 ], [ 87.042724528457398, 20.738815412671858 ], [ 87.057922450690455, 20.713438099267218 ], [ 86.878517429501898, 20.595596298704404 ], [ 86.782725222594181, 20.525622517452422 ], [ 86.769929812668281, 20.522216369794499 ], [ 86.759221225395819, 20.526264736807939 ], [ 86.753866929759113, 20.538018065897514 ], [ 86.740285304971948, 20.539846361068037 ], [ 86.722590018708502, 20.534100288732123 ], [ 86.70580887557081, 20.544417099195396 ], [ 86.686611780855074, 20.537756881626855 ], [ 86.674205488572994, 20.524305846726371 ], [ 86.661538011250684, 20.523914070387946 ], [ 86.655791940928353, 20.52848481094146 ], [ 86.656706089191033, 20.549118426633878 ], [ 86.641657962838565, 20.563840423171705 ], [ 86.588722420497945, 20.560153904584851 ], [ 86.565627939454089, 20.578737249059024 ], [ 86.550407491117866, 20.578151721882826 ], [ 86.539665289546278, 20.587537780468175 ], [ 86.509437682430772, 20.586303762074493 ], [ 86.452514882763822, 20.59175297483516 ], [ 86.429321054607996, 20.600919711362458 ], [ 86.388091942777422, 20.589784575495077 ], [ 86.355728342774469, 20.591630985628218 ], [ 86.33120757096458, 20.596574815958419 ], [ 86.324058780068341, 20.604600868235142 ], [ 86.320206233016549, 20.615816940714257 ], [ 86.307983531715408, 20.621112817987072 ], [ 86.274024960614028, 20.608066537309416 ], [ 86.247284204637069, 20.608583390728633 ], [ 86.21053290053608, 20.59701919850329 ], [ 86.181312722616838, 20.593040488927709 ], [ 86.140830783821201, 20.571466389685924 ], [ 86.102592223573026, 20.575801809209956 ], [ 86.06790132940715, 20.535263047547613 ], [ 86.048469382934655, 20.520198841235278 ], [ 86.000106767256241, 20.50579260121415 ], [ 85.935661019358278, 20.503059462742289 ], [ 85.930419645793236, 20.504673029926096 ], [ 85.924880807071418, 20.512004833991085 ], [ 85.926261886677281, 20.533464468943627 ], [ 85.921585042818876, 20.552013428867543 ], [ 85.909805466871049, 20.569015551226695 ], [ 85.896072620583269, 20.580795261688042 ], [ 85.883438199103779, 20.603452718543569 ], [ 85.875908030698113, 20.608764619332337 ], [ 85.875389185286792, 20.624202755435878 ], [ 85.871559082661278, 20.630233832908317 ], [ 85.874671680912144, 20.641298328982259 ], [ 85.882804651870075, 20.650003391531882 ], [ 85.877728838069828, 20.660164412182169 ], [ 85.866241320874622, 20.670423581440964 ], [ 85.862167255560465, 20.671876967536729 ], [ 85.85198998832297, 20.664098695089976 ], [ 85.832775612630513, 20.667504343221349 ], [ 85.823334423374774, 20.661384280745988 ], [ 85.805328237949851, 20.66843126430285 ], [ 85.806765412460578, 20.671805558442372 ], [ 85.800587027028982, 20.67888536525502 ], [ 85.777306320112416, 20.673615725635813 ], [ 85.771214197049844, 20.675333661596799 ], [ 85.768217235250816, 20.680549319378393 ], [ 85.752044275337028, 20.676427683360437 ], [ 85.743585073990189, 20.679745826039586 ], [ 85.729447704670022, 20.675269372051467 ], [ 85.724045686047077, 20.679719512987596 ], [ 85.722143017057334, 20.677671443944842 ], [ 85.716538632838009, 20.681382924315535 ], [ 85.711958554603569, 20.680269643318294 ], [ 85.714730364997607, 20.683880754226621 ], [ 85.711669383753275, 20.689447160608591 ], [ 85.704730365194706, 20.689985897025561 ], [ 85.70224121574752, 20.695830623403438 ], [ 85.698825417429958, 20.692224937902157 ], [ 85.692264001714406, 20.697218427651357 ], [ 85.67779134607639, 20.691391605121549 ], [ 85.674492192260786, 20.695007598270113 ], [ 85.672221141958133, 20.683882381285745 ], [ 85.667452261329913, 20.68776448918846 ], [ 85.658106016281408, 20.687807891253051 ], [ 85.648134770470037, 20.675559899289215 ], [ 85.638617625701727, 20.674340552244669 ], [ 85.637573247061468, 20.667586537435692 ], [ 85.642529301463398, 20.657033152067971 ], [ 85.636844622946967, 20.652789988345127 ], [ 85.628058272947783, 20.651958010512416 ], [ 85.617514110238105, 20.640283477620272 ], [ 85.595720491034498, 20.644163956849944 ], [ 85.592933489496374, 20.642238772858853 ], [ 85.591153975583424, 20.62334283076742 ], [ 85.577183706852935, 20.622943525589985 ], [ 85.568940434166706, 20.627235245852475 ], [ 85.56321723507773, 20.62389513124792 ], [ 85.548231340940745, 20.623521867442495 ], [ 85.538840065521882, 20.616658260259953 ], [ 85.534447161577773, 20.608918731721907 ], [ 85.535285378083913, 20.593647463844992 ], [ 85.526306428430161, 20.58524061737263 ], [ 85.518614912914146, 20.594118384464501 ], [ 85.518330624739363, 20.608036570231356 ], [ 85.511137157564548, 20.610814076751019 ], [ 85.502807622012057, 20.622775339283297 ], [ 85.485275069172033, 20.626947160379675 ], [ 85.479866541036429, 20.610549861926845 ], [ 85.476400829448494, 20.611375057415348 ], [ 85.467775069161931, 20.61805284565899 ], [ 85.465591910187285, 20.62525472351896 ], [ 85.459067930155427, 20.624766170927806 ], [ 85.46057509131748, 20.629982099777269 ], [ 85.455699874605159, 20.633339033381613 ], [ 85.441188155980981, 20.640301109891094 ], [ 85.432549375201759, 20.636423342902901 ], [ 85.417318255583055, 20.64659939521998 ], [ 85.415224070990021, 20.656786298906372 ], [ 85.396387808727553, 20.651385093964755 ], [ 85.389351675225214, 20.653359920298392 ], [ 85.390796445523009, 20.658237036462523 ], [ 85.383486332912327, 20.668021107779825 ], [ 85.371391605603094, 20.66324788718542 ], [ 85.372211918482293, 20.65937473208816 ], [ 85.344460724771182, 20.634180504175003 ], [ 85.342431645306917, 20.622336428761265 ], [ 85.328481992163091, 20.622497290188875 ], [ 85.310813263724157, 20.616110843348835 ], [ 85.308087027329492, 20.611392418147521 ], [ 85.301091584652355, 20.611386178886249 ], [ 85.299447161036412, 20.605275068079376 ], [ 85.283972986193064, 20.599176977622712 ], [ 85.269753693560745, 20.597759063551585 ], [ 85.263677304350466, 20.59140652402013 ], [ 85.254461809550705, 20.588778215089864 ], [ 85.248836809405091, 20.581396215982377 ], [ 85.231696510704509, 20.584163956763966 ], [ 85.226703020528845, 20.581930884062654 ], [ 85.218047421724634, 20.586119795153568 ], [ 85.207231449150939, 20.581142038846103 ], [ 85.205442170477056, 20.57686876405527 ], [ 85.200029843842188, 20.579997290026931 ], [ 85.189302847539437, 20.578622507341759 ], [ 85.187777239442937, 20.573857695857825 ], [ 85.182110464425961, 20.572410213573459 ], [ 85.171001523164335, 20.583789065226743 ], [ 85.172229821875192, 20.586112741489181 ], [ 85.163602434581023, 20.590280493620121 ], [ 85.168330082567437, 20.595847170639583 ], [ 85.156065541947626, 20.599726022694135 ], [ 85.149691843780346, 20.592781307363758 ], [ 85.143847117671825, 20.596425512681961 ], [ 85.142291670252575, 20.601270890138068 ], [ 85.145195316358397, 20.609815812339022 ], [ 85.126682947166699, 20.616116810537665 ], [ 85.118887807692758, 20.609717613507872 ], [ 85.09178548817799, 20.61951009945696 ], [ 85.088307609302333, 20.615622845582426 ], [ 85.082581350945986, 20.617790419157487 ], [ 85.069724935654904, 20.614169461224623 ], [ 85.040779626682607, 20.636413306197813 ], [ 85.029918623989872, 20.639272192608335 ], [ 85.025018670128276, 20.630535442118319 ], [ 85.007107751808178, 20.630214575439325 ], [ 85.007780495169399, 20.621108400465275 ], [ 84.997208120449258, 20.617596031410358 ], [ 84.986386282912846, 20.620275005305231 ], [ 84.984806319191122, 20.627091745459605 ], [ 84.966267364719769, 20.636609161115473 ], [ 84.955705761512746, 20.6334140470879 ], [ 84.952497291573053, 20.636941734939285 ], [ 84.953570967751574, 20.643162166793733 ], [ 84.935151475439412, 20.650717224461236 ], [ 84.930865889339529, 20.65699571693855 ], [ 84.931164283598676, 20.674409725238302 ], [ 84.925443428588153, 20.675301666610128 ], [ 84.916114370533251, 20.693346628630341 ], [ 84.907446835468605, 20.699705135090468 ], [ 84.91910210898719, 20.711538359691342 ], [ 84.917990455372276, 20.713754072094012 ], [ 84.907488610812337, 20.721397301276429 ], [ 84.893045793483367, 20.726382110797918 ], [ 84.897117517367377, 20.734882815199764 ], [ 84.89278049461879, 20.740002715136409 ], [ 84.881663958324182, 20.74305284599312 ], [ 84.874155277183405, 20.75140272603176 ], [ 84.864725178992913, 20.750836013127334 ], [ 84.860699874097264, 20.753767092837833 ], [ 84.858298072886569, 20.751267092691592 ], [ 84.838891816146742, 20.763335962456473 ], [ 84.840305450438422, 20.770775827529064 ], [ 84.847230363657374, 20.773887264095251 ], [ 84.838058145478442, 20.790003251212379 ], [ 84.841663958176056, 20.797796769422163 ], [ 84.835280494397253, 20.80416938225331 ], [ 84.815067277809064, 20.801098364042424 ], [ 84.809831540647011, 20.819070094559827 ], [ 84.805258792675488, 20.821386178997869 ], [ 84.795423181314362, 20.817191843346219 ], [ 84.789654951533763, 20.820710723191315 ], [ 84.790944014672846, 20.836643069202271 ], [ 84.786271705284264, 20.84383084059597 ], [ 84.781656362620282, 20.844991322074439 ], [ 84.77916233019964, 20.853611114046313 ], [ 84.786081818140744, 20.858053117420003 ], [ 84.79108290322533, 20.856194664784173 ], [ 84.788777130223636, 20.863958065259222 ], [ 84.79167155303341, 20.870279407944174 ], [ 84.780278866708883, 20.876084529698876 ], [ 84.780279846360841, 20.881938148317673 ], [ 84.784305559463704, 20.886250002943569 ], [ 84.782068688978327, 20.891666127204665 ], [ 84.772201066904913, 20.895807295033212 ], [ 84.764401045480966, 20.904941951791091 ], [ 84.76554796385058, 20.908979494856311 ], [ 84.751609161954903, 20.909452043126542 ], [ 84.748503150878605, 20.921578508095699 ], [ 84.75390137053347, 20.931226945129421 ], [ 84.767214630194005, 20.933414174175876 ], [ 84.76667155342038, 20.936993003956221 ], [ 84.770294600139053, 20.93856879651856 ], [ 84.768472226214641, 20.944861113937606 ], [ 84.760273983997195, 20.950788034450511 ], [ 84.761941192666285, 20.958081057759578 ], [ 84.752082252378187, 20.965118004645348 ], [ 84.750489912170238, 20.962175296093477 ], [ 84.743108185326548, 20.964248321637225 ], [ 84.742485897545563, 20.968897029817001 ], [ 84.73782498207116, 20.964748538090962 ], [ 84.730616865806482, 20.966744523179788 ], [ 84.729412438417654, 20.971118980708287 ], [ 84.721452912046033, 20.976663414384646 ], [ 84.698927412401218, 20.977203236600428 ], [ 84.688700090087465, 20.986212839857576 ], [ 84.689909943096737, 20.994022626472869 ], [ 84.677002499058858, 20.993228084503777 ], [ 84.673202585803878, 21.002189673137938 ], [ 84.664970164056854, 21.008608401336218 ], [ 84.658058272041359, 21.005535755688207 ], [ 84.646222333954015, 21.009206817119939 ], [ 84.636110572590994, 21.017504614358913 ], [ 84.63256456491105, 21.014967450637119 ], [ 84.616154517788203, 21.016402183751453 ], [ 84.612465824026316, 21.020828182657283 ], [ 84.607048614423022, 21.014798993909224 ], [ 84.594702694958684, 21.025002715486821 ], [ 84.59110785958795, 21.044452856877154 ], [ 84.578060984326655, 21.042210831789252 ], [ 84.57319282091791, 21.048041995218661 ], [ 84.56362684816682, 21.050754126234143 ], [ 84.555483944833711, 21.064878204455368 ], [ 84.545116376848441, 21.058472496742585 ], [ 84.533221575026033, 21.058260365244841 ], [ 84.531113827433018, 21.063058542463036 ], [ 84.515830623889102, 21.071941463589685 ], [ 84.50972493838286, 21.087502986737476 ], [ 84.503157284574471, 21.088315704045314 ], [ 84.499997562392792, 21.083597550967863 ], [ 84.487731665754637, 21.078019751497962 ], [ 84.477775068714095, 21.082497290355583 ], [ 84.475755482903864, 21.08863254448644 ], [ 84.480552846745439, 21.098627661455243 ], [ 84.465927195415318, 21.108720977189925 ], [ 84.452558054923301, 21.111784128822208 ], [ 84.444876848535344, 21.122289771249537 ], [ 84.445365942855418, 21.129051652108039 ], [ 84.434152563885391, 21.132786461136234 ], [ 84.433295902080005, 21.145308434063946 ], [ 84.426327043658077, 21.145241702137231 ], [ 84.419807674642072, 21.138336048991736 ], [ 84.406692983461866, 21.147642147667256 ], [ 84.416397301525208, 21.153339846577353 ], [ 84.417495120459179, 21.160659182568853 ], [ 84.410230580917769, 21.165472279597598 ], [ 84.409716257953292, 21.176536190361638 ], [ 84.406375871759593, 21.18112494933667 ], [ 84.394736603321576, 21.181593698557911 ], [ 84.397677412146393, 21.197932132287654 ], [ 84.392218699668476, 21.209475643058472 ], [ 84.377778594626534, 21.218059356210336 ], [ 84.374152835670273, 21.217224937794512 ], [ 84.366961809361939, 21.225800513286401 ], [ 84.341865237439364, 21.231948788381203 ], [ 84.343211809263579, 21.238283423506239 ], [ 84.333798560724503, 21.237827694431065 ], [ 84.326093210881368, 21.250925567597161 ], [ 84.327503529930596, 21.259475643510424 ], [ 84.331386180060221, 21.26265679567415 ], [ 84.327764489339685, 21.265297311886673 ], [ 84.312994523363784, 21.265268015082349 ], [ 84.304324819262149, 21.261960995311096 ], [ 84.300558271398671, 21.25124050897659 ], [ 84.303063968608612, 21.249443633865649 ], [ 84.297098528080994, 21.244201121350148 ], [ 84.282481015136028, 21.243052846062017 ], [ 84.272497290823864, 21.237758250064449 ], [ 84.267817386650052, 21.237780493370487 ], [ 84.258907066759093, 21.249164500094256 ], [ 84.252581654890861, 21.246595869466404 ], [ 84.250878366754534, 21.25021810253369 ], [ 84.243075903847298, 21.253176273240051 ], [ 84.241945261962812, 21.258068579796138 ], [ 84.233380265698486, 21.258682457473775 ], [ 84.230558271989196, 21.263107370772161 ], [ 84.233422854831034, 21.268714738364132 ], [ 84.231354712888063, 21.275708282190752 ], [ 84.227224938043108, 21.27918565872654 ], [ 84.2410487226242, 21.284451771802757 ], [ 84.25779704091012, 21.296125219998288 ], [ 84.260281579044914, 21.301425784452455 ], [ 84.291658532072873, 21.298880483162471 ], [ 84.297518178313268, 21.310110137918713 ], [ 84.315531416410991, 21.31090196702544 ], [ 84.320010311129224, 21.320084367236706 ], [ 84.330489641251205, 21.324437394550632 ], [ 84.334741214311265, 21.331663957512436 ], [ 84.348295087790703, 21.328356122986456 ], [ 84.351386179942693, 21.331963436781308 ], [ 84.344447160108075, 21.341974287260708 ], [ 84.346386179805307, 21.344741214054128 ], [ 84.343330624371447, 21.356490888685261 ], [ 84.335172529939896, 21.364947648421722 ], [ 84.315300838853034, 21.377770728122812 ], [ 84.307781850108725, 21.37915256416553 ], [ 84.294891767663188, 21.392655168757294 ], [ 84.28223416107312, 21.398315161925709 ], [ 84.266383196096967, 21.419022356036866 ], [ 84.267818471504157, 21.425275068555798 ], [ 84.273417158628689, 21.421840281647054 ], [ 84.280779354345029, 21.426931427404416 ], [ 84.28948920675505, 21.415002716148596 ], [ 84.291108401818917, 21.416696509101207 ], [ 84.287766387693921, 21.433474938457984 ], [ 84.293025991264528, 21.445914988073358 ], [ 84.291199005250334, 21.452745771432316 ], [ 84.300566138572336, 21.444183759644925 ], [ 84.304915910423944, 21.443856340453323 ], [ 84.312234161370398, 21.451962622686146 ], [ 84.326397301596387, 21.45583035270036 ], [ 84.327002769930118, 21.45045057828812 ], [ 84.333096248798597, 21.44416938312931 ], [ 84.340428876752185, 21.446773820669964 ], [ 84.35086317617872, 21.441669382976936 ], [ 84.354172909533219, 21.44682753135417 ], [ 84.362887915965914, 21.444472117368946 ], [ 84.369642201693196, 21.466108402109828 ], [ 84.377252065213526, 21.459447160962416 ], [ 84.380874026593588, 21.463330624167021 ], [ 84.387299808353703, 21.457445207351014 ], [ 84.397105581046375, 21.459929744840867 ], [ 84.403276642334689, 21.457381731307134 ], [ 84.403613555881194, 21.44748643991835 ], [ 84.418402781638719, 21.43901530266702 ], [ 84.413266876509013, 21.42996989293507 ], [ 84.425162764096399, 21.435397952745554 ], [ 84.43216119014285, 21.43492323477232 ], [ 84.435008954928804, 21.443613013029093 ], [ 84.426383467302983, 21.446661244883966 ], [ 84.423882653494005, 21.456960723546469 ], [ 84.418366702638025, 21.461089955415243 ], [ 84.418827856932921, 21.466047637880131 ], [ 84.412127282040629, 21.470946997874925 ], [ 84.410838762232203, 21.488389218005416 ], [ 84.413190649942777, 21.495364857934867 ], [ 84.427871639655052, 21.500268558343958 ], [ 84.43472765133491, 21.498060983982946 ], [ 84.439439022234737, 21.491939022179785 ], [ 84.446661245091832, 21.493228085515316 ], [ 84.447938371440657, 21.497895782119379 ], [ 84.442211104223162, 21.509722225617942 ], [ 84.448234595985994, 21.510052087023407 ], [ 84.449994577969235, 21.51778320670341 ], [ 84.456128204308669, 21.522763132888684 ], [ 84.455924754261289, 21.529128963672022 ], [ 84.469439022627157, 21.538389218006678 ], [ 84.466949873779029, 21.540035539362488 ], [ 84.4758279114006, 21.550307349359986 ], [ 84.469173451908333, 21.554481340131623 ], [ 84.47197781432304, 21.558658857554665 ], [ 84.478739695820153, 21.565566952476981 ], [ 84.487582197620227, 21.561953128579358 ], [ 84.487472605244847, 21.567494849727762 ], [ 84.496674808272061, 21.568051489971108 ], [ 84.488529463541212, 21.576710615864346 ], [ 84.490775828199205, 21.580152998727652 ], [ 84.50699381903101, 21.573616540132907 ], [ 84.509757761728522, 21.582772355567677 ], [ 84.533965118793887, 21.568616540236103 ], [ 84.537924808631487, 21.571581492457934 ], [ 84.535283206672332, 21.579291182084713 ], [ 84.544551327368424, 21.58429308094405 ], [ 84.567776153809959, 21.576931698368757 ], [ 84.572345923689952, 21.584233402381958 ], [ 84.585034183406862, 21.578585072648195 ], [ 84.643648006690455, 21.580284834023391 ], [ 84.652859703801909, 21.58367621925165 ], [ 84.653586157863501, 21.590053986172627 ], [ 84.646939022536813, 21.598327911194211 ], [ 84.64783637508387, 21.602168785957709 ], [ 84.678615997485693, 21.608605418024595 ], [ 84.67500542921141, 21.614832631998802 ], [ 84.693938263060247, 21.619725480886615 ], [ 84.693902455736321, 21.622431915708205 ], [ 84.715189348585, 21.618964847231762 ], [ 84.717286787443811, 21.623439673887376 ], [ 84.727268883583619, 21.624161244545348 ], [ 84.761204430456559, 21.619175892966958 ], [ 84.762462025950597, 21.629434139607696 ], [ 84.774150394209485, 21.64000054601048 ], [ 84.781224504723582, 21.641676164910777 ], [ 84.781424700411407, 21.651869035670007 ], [ 84.786146380030544, 21.654716800727392 ], [ 84.788542212729666, 21.65278320633697 ], [ 84.791229930112408, 21.658543026512099 ], [ 84.789496531654066, 21.661174591275003 ], [ 84.794160159925369, 21.667441952482125 ], [ 84.783050676206415, 21.669438751645867 ], [ 84.784472660334387, 21.674726565912742 ], [ 84.781924917401923, 21.678354767313863 ], [ 84.772757707357485, 21.680737579889691 ], [ 84.766361765924515, 21.687513838510984 ], [ 84.768302412557205, 21.692309302605835 ], [ 84.773584530455238, 21.694625654756123 ], [ 84.769727651373415, 21.703234595409434 ], [ 84.772494578502318, 21.704832632039675 ], [ 84.769463979299232, 21.709375275009304 ], [ 84.752662763930772, 21.7156244608944 ], [ 84.748923072492659, 21.721662872169663 ], [ 84.738670250885633, 21.722211917603826 ], [ 84.737580841494093, 21.718337948735993 ], [ 84.728755971542768, 21.717736277910006 ], [ 84.728777673029498, 21.714192169416204 ], [ 84.722465823815469, 21.710104713148151 ], [ 84.725550134411179, 21.706888566806533 ], [ 84.724482425746984, 21.703065866990169 ], [ 84.721232099658309, 21.700283206874616 ], [ 84.709995663706181, 21.700565867530401 ], [ 84.710843102770227, 21.692776696387799 ], [ 84.702794599984017, 21.691012644745197 ], [ 84.693327911818031, 21.705828725169802 ], [ 84.695322269105631, 21.711635745740626 ], [ 84.6848155420072, 21.718191463848051 ], [ 84.679863827799664, 21.731328264500107 ], [ 84.672745771715071, 21.736249460917865 ], [ 84.656578779349616, 21.739831003953327 ], [ 84.651432295041758, 21.738103437779355 ], [ 84.645827911225595, 21.741383602593299 ], [ 84.648706058283793, 21.751548126403883 ], [ 84.652772356204721, 21.754601376744642 ], [ 84.649945207695964, 21.756157773087654 ], [ 84.652223310498741, 21.760885420369497 ], [ 84.662826067520754, 21.765590010377217 ], [ 84.66332302880511, 21.778614912725722 ], [ 84.679973962091879, 21.787980282542421 ], [ 84.680190975522962, 21.7955166325352 ], [ 84.676394317876785, 21.797257761887735 ], [ 84.683883467261452, 21.806777212299661 ], [ 84.681394860263183, 21.811405168940787 ], [ 84.695339087783154, 21.814090715555597 ], [ 84.688851999990803, 21.835509715240711 ], [ 84.685838762666634, 21.837278107332981 ], [ 84.690772573227761, 21.842135420837483 ], [ 84.693018124084219, 21.851643477500566 ], [ 84.686930884392112, 21.8620224372841 ], [ 84.691105689178798, 21.8685527926561 ], [ 84.679444991146397, 21.867211917561455 ], [ 84.668858510639097, 21.873347985573741 ], [ 84.665234378874757, 21.881321753937375 ], [ 84.650085724164725, 21.881190324687214 ], [ 84.643616539787871, 21.889449737817813 ], [ 84.633963762722431, 21.885581601323526 ], [ 84.618508033611121, 21.889487715433635 ], [ 84.625362959225271, 21.90084649324352 ], [ 84.629966366842822, 21.901416291029417 ], [ 84.6319574687776, 21.907563073288504 ], [ 84.636971574599869, 21.909418270828425 ], [ 84.626095924237049, 21.919472117724801 ], [ 84.627772356469805, 21.924778106805213 ], [ 84.624505754847078, 21.935580651448578 ], [ 84.640838762765142, 21.941661381205726 ], [ 84.648605689245286, 21.951823599133434 ], [ 84.642771813820133, 21.960633141517757 ], [ 84.635993927494937, 21.959727515994512 ], [ 84.630051001668321, 21.964729685925555 ], [ 84.622944339889145, 21.963120527963753 ], [ 84.618894317519377, 21.965476214112947 ], [ 84.621888566788982, 21.970272492173201 ], [ 84.614352760183451, 21.977379968110696 ], [ 84.620314673865991, 21.989115943751681 ], [ 84.629727650936118, 21.995283071548588 ], [ 84.61944987328063, 22.004568959767422 ], [ 84.622240129541723, 22.008298886485544 ], [ 84.620128041795354, 22.012322730453285 ], [ 84.607750654921745, 22.011671960437397 ], [ 84.607194013613267, 22.015650231313945 ], [ 84.600971683258507, 22.020081248589772 ], [ 84.591661787444735, 22.018339033551527 ], [ 84.588378367261811, 22.014557702082861 ], [ 84.57856988164653, 22.019093428677046 ], [ 84.572895511224971, 22.027610410084524 ], [ 84.567025828065752, 22.025838626730135 ], [ 84.565498592765351, 22.031803931431305 ], [ 84.552202151716514, 22.034116350602687 ], [ 84.547696400984719, 22.04280206055072 ], [ 84.521097009142949, 22.049705136676675 ], [ 84.504372020009569, 22.058880483633001 ], [ 84.5063964883023, 22.064445533661736 ], [ 84.503060984046201, 22.068843591525468 ], [ 84.51528347769603, 22.073884009928516 ], [ 84.514110789603038, 22.07943915834468 ], [ 84.510541995431694, 22.078315026334334 ], [ 84.506640628126789, 22.083089738932035 ], [ 84.512772356059244, 22.087719459474968 ], [ 84.509956601037601, 22.091492652680969 ], [ 84.504669057383708, 22.089816762800126 ], [ 84.488319502638603, 22.09423258897495 ], [ 84.488624406541334, 22.100195859157857 ], [ 84.491264380911744, 22.10000529383122 ], [ 84.4927720850893, 22.105005158390565 ], [ 84.499566246709975, 22.108674184543688 ], [ 84.501957740438044, 22.115197215260871 ], [ 84.506911081993124, 22.116181508677485 ], [ 84.512022301631063, 22.124344350423122 ], [ 84.5127688292785, 22.12925659609045 ], [ 84.506270077053543, 22.139523929609066 ], [ 84.498283965975119, 22.13917413090612 ], [ 84.493078345655576, 22.144279247077797 ], [ 84.489984812419792, 22.142483863758809 ], [ 84.476168894824156, 22.148961863543356 ], [ 84.475558271665705, 22.157527673667946 ], [ 84.469839141979321, 22.160694448905858 ], [ 84.471936581502774, 22.162558191171289 ], [ 84.464611820213094, 22.161177575974705 ], [ 84.462278920718347, 22.164319665534688 ], [ 84.464125708399408, 22.168392337900364 ], [ 84.461897789749955, 22.170550269472592 ], [ 84.456618655864872, 22.168063019628413 ], [ 84.455838761900225, 22.173071836037519 ], [ 84.458592668932226, 22.173725725323912 ], [ 84.454846466601154, 22.176054149329506 ], [ 84.451468102186254, 22.174171960298562 ], [ 84.442547746590904, 22.177141117323757 ], [ 84.438047149585614, 22.167984351838587 ], [ 84.432703453587393, 22.169504533778056 ], [ 84.424287383843321, 22.165560849092479 ], [ 84.417396650603678, 22.168857290421887 ], [ 84.415005428820706, 22.17361640475433 ], [ 84.407647301524605, 22.174521624400924 ], [ 84.406943091341233, 22.180329865166925 ], [ 84.400432674833212, 22.184165721018125 ], [ 84.402486439702983, 22.189923235822086 ], [ 84.399320207597199, 22.196247427369457 ], [ 84.410689836707277, 22.208810903570924 ], [ 84.410023874688605, 22.213332659394723 ], [ 84.406672095384593, 22.213809547524455 ], [ 84.414716799944813, 22.218355988481736 ], [ 84.398039011555966, 22.233887129360507 ], [ 84.400255537337841, 22.244313019589139 ], [ 84.396762427441899, 22.240119361483938 ], [ 84.385371639307664, 22.255301381810437 ], [ 84.39157796556043, 22.262286245196435 ], [ 84.396972659382385, 22.263037926988677 ], [ 84.397769914437461, 22.269227570040446 ], [ 84.390272355675947, 22.276939158749332 ], [ 84.391774363331706, 22.284354930191363 ], [ 84.384748267823625, 22.290928687959131 ], [ 84.38570936787049, 22.299941410205147 ], [ 84.367310116555359, 22.294391415975905 ], [ 84.362439782245673, 22.298080652239378 ], [ 84.348873429663598, 22.299749895376419 ], [ 84.350823300243533, 22.306499977337499 ], [ 84.346478139252028, 22.315153948506101 ], [ 84.351924645732595, 22.330361196954122 ], [ 84.347143829522423, 22.337715390761975 ], [ 84.35360568915786, 22.346137021014215 ], [ 84.349203652522121, 22.347197021494143 ], [ 84.368011580696916, 22.347684857305058 ], [ 84.371887139473344, 22.353450870683954 ], [ 84.402702274025685, 22.345943462476583 ], [ 84.418571498048209, 22.352289250050212 ], [ 84.432556026829772, 22.35235800339883 ], [ 84.43238077458048, 22.3574104664381 ], [ 84.43666847975517, 22.359950905718833 ], [ 84.433067390935889, 22.363519662622164 ], [ 84.433204768289784, 22.369018670602671 ], [ 84.449905411079811, 22.377124658755676 ], [ 84.452606092964402, 22.382024892217565 ], [ 84.463600183039219, 22.378532320976468 ], [ 84.487518281726295, 22.388835827330968 ], [ 84.486831694131993, 22.392061129893936 ], [ 84.481269926848753, 22.393560468303939 ], [ 84.482727170219107, 22.397462875316897 ], [ 84.47917189107082, 22.4047642713243 ], [ 84.483833337173024, 22.410833379931542 ], [ 84.490859899191463, 22.410060907275607 ], [ 84.51220705012976, 22.420328236742435 ], [ 84.526855494669888, 22.419460179364794 ], [ 84.537559623073861, 22.426568881016664 ], [ 84.547195375627481, 22.425323446759382 ], [ 84.551757697849112, 22.420522696827579 ], [ 84.596664520200349, 22.429534805648313 ], [ 84.600341708957259, 22.434274750258904 ], [ 84.605056629736936, 22.428275942245165 ], [ 84.631141633263837, 22.434026734612697 ], [ 84.670600877824853, 22.417511081732847 ], [ 84.676620507885204, 22.421377045909075 ], [ 84.678497289705149, 22.418882405080979 ], [ 84.701126024766893, 22.415861220843549 ], [ 84.718063346504834, 22.41673458665851 ], [ 84.721275282383473, 22.419353594440409 ], [ 84.752205025052504, 22.418344495737962 ], [ 84.761398319622089, 22.446155551631257 ], [ 84.805542030267716, 22.446109835690311 ], [ 84.814430240296872, 22.451436981956036 ], [ 84.819236790336177, 22.444280496608126 ], [ 84.819931079994348, 22.436603452732321 ], [ 84.840744067216264, 22.429092302643244 ], [ 84.848541109079761, 22.434991757527783 ], [ 84.875297462942072, 22.438369640264415 ], [ 84.884521463976725, 22.44676984616666 ], [ 84.891670095066814, 22.427692308588824 ], [ 84.888122666221335, 22.419879824244791 ], [ 84.911796523511114, 22.42216302084115 ], [ 84.928344623815221, 22.434476787329537 ], [ 84.92546070276866, 22.442405818013537 ], [ 84.942771898233204, 22.444637194668442 ], [ 84.948783920543704, 22.452733988587614 ], [ 84.958084059908714, 22.456846374234068 ], [ 84.961517400519867, 22.452949561637773 ], [ 84.961532600253236, 22.442455323757674 ], [ 84.969459569014916, 22.449445740955131 ], [ 84.997024581971118, 22.460843960555099 ], [ 85.02267454065273, 22.470992914735241 ], [ 85.035583618521443, 22.47225965723511 ], [ 85.039161738733398, 22.475505789072688 ], [ 85.03765869626217, 22.481946911535427 ], [ 85.040710377673037, 22.483453753567336 ], [ 85.044723517822732, 22.479072701756525 ], [ 85.063041831944389, 22.485441168158925 ], [ 85.073547244501583, 22.478490693360161 ], [ 85.078193729782129, 22.479448331671215 ], [ 85.079811193303058, 22.475797528295789 ], [ 85.075546372679653, 22.465438955914319 ], [ 85.078628673042729, 22.462602545877349 ], [ 85.062088113282059, 22.448104771262113 ], [ 85.06938157665671, 22.440206468902222 ], [ 85.07018288444651, 22.427480748490265 ], [ 85.084083622774301, 22.416505750793203 ], [ 85.082725600168772, 22.409055663443766 ], [ 85.088706984772045, 22.399410208072414 ], [ 85.089469926994525, 22.383026250831691 ], [ 85.079994184499213, 22.365156226297291 ], [ 85.078727862336038, 22.354404504209679 ], [ 85.086074897750819, 22.348491796574528 ], [ 85.084907674465569, 22.34439081319276 ], [ 85.097587474179505, 22.343557317057311 ], [ 85.091613490631786, 22.319055597541979 ], [ 85.094299458679714, 22.31547367986559 ], [ 85.098472717042725, 22.314504566949555 ], [ 85.105880913050044, 22.320377308804396 ], [ 85.12026985553716, 22.316366154675432 ], [ 85.115783897733124, 22.310384815918191 ], [ 85.119270480055434, 22.293867225140957 ], [ 85.101852648996783, 22.292900018923188 ], [ 85.072471478754281, 22.272808066519076 ], [ 85.07562256649264, 22.26828387819479 ], [ 85.075058025581882, 22.261705322807646 ], [ 85.079940721396682, 22.257392841733743 ], [ 85.079109063635329, 22.252052206785081 ], [ 85.072830093752259, 22.247650275523263 ], [ 85.074623234589438, 22.236751551984607 ], [ 85.061523358243278, 22.20516012627353 ], [ 85.051963901090531, 22.194013502159979 ], [ 85.056495713821406, 22.183090072677068 ], [ 85.032020475942971, 22.161785208194196 ], [ 85.036735642666031, 22.143812097932052 ], [ 85.030586397287792, 22.121587877338705 ], [ 84.986793441087428, 22.094921103740614 ], [ 84.989013768692004, 22.082027523494915 ], [ 84.997810239429896, 22.080894492827777 ], [ 85.011978117318193, 22.088226227703995 ], [ 85.023536552994173, 22.106601661763474 ], [ 85.044555562906524, 22.114999719764494 ], [ 85.072792175700954, 22.112577362941906 ], [ 85.086875791717361, 22.105976028237684 ], [ 85.100662129930654, 22.10527621126818 ], [ 85.103034715727972, 22.093238822481265 ], [ 85.114166049624714, 22.086376299326268 ], [ 85.114829787275212, 22.078359660723521 ], [ 85.124031360626176, 22.070182734051432 ], [ 85.146583468807862, 22.078868971422757 ], [ 85.15694450602696, 22.077844578373917 ], [ 85.162887842859618, 22.074014598807171 ], [ 85.169914300672147, 22.052803092121334 ], [ 85.176200934274462, 22.050928180725265 ], [ 85.169769399193271, 22.068506172717896 ], [ 85.176902862778391, 22.073360546922757 ], [ 85.183182045350904, 22.072172080262455 ], [ 85.189399619110588, 22.057516100045895 ], [ 85.216415650803668, 22.048742328410821 ], [ 85.221702676025672, 22.038833632648462 ], [ 85.219444560961847, 22.032873049491929 ], [ 85.223289214812837, 22.017255914519044 ], [ 85.231712210115788, 22.011049289154226 ], [ 85.242065194940182, 22.008783464770129 ], [ 85.25437176550416, 22.027048136881145 ], [ 85.277145674978399, 22.08049765296213 ], [ 85.311088795236287, 22.11602777274728 ], [ 85.320327742997435, 22.119201626521956 ], [ 85.324806445864596, 22.12570388005582 ], [ 85.329627792744418, 22.127166806840947 ], [ 85.33743295620495, 22.125648567978871 ], [ 85.35038003887702, 22.128776453210897 ], [ 85.366889953431638, 22.122877138308457 ], [ 85.367088255013584, 22.127588375044329 ], [ 85.362792720210763, 22.130281364035021 ], [ 85.362060840692621, 22.141805585858446 ], [ 85.368766681995325, 22.151826728196369 ], [ 85.368499829715887, 22.157705275000502 ], [ 85.373436064726477, 22.15959360869461 ], [ 85.377807721046537, 22.155733007457748 ], [ 85.386153969029294, 22.154972086569877 ], [ 85.399513226940158, 22.161950965517725 ], [ 85.414985534863334, 22.160440359610913 ], [ 85.463470197449539, 22.139337648256973 ], [ 85.477218550570541, 22.127883774046818 ], [ 85.486640934554515, 22.125850601267683 ], [ 85.495433515894433, 22.119045221335007 ] ] ] } },
{ "type": "Feature", "properties": { "BASIN_NAME": "Budhabalanga", "AREA": 4740.8460992099999, "OBJECTID": 4 }, "geometry": { "type": "Polygon", "coordinates": [ [ [ 86.408730659987611, 22.321258258255433 ], [ 86.410538335503588, 22.31719989675662 ], [ 86.421592300499555, 22.315857801965596 ], [ 86.434641922081539, 22.298076633345847 ], [ 86.445232640668806, 22.303061883183027 ], [ 86.467780248090648, 22.299398654830167 ], [ 86.474201960330262, 22.291526340377029 ], [ 86.476718643272918, 22.280276035201286 ], [ 86.488101598188337, 22.277822625370533 ], [ 86.496920059288584, 22.260854139856225 ], [ 86.506904800499527, 22.26516067875599 ], [ 86.512508946821129, 22.263342136275526 ], [ 86.518782241905754, 22.257295383345792 ], [ 86.522475987836756, 22.24004308435493 ], [ 86.540008946821146, 22.229175469608855 ], [ 86.54249358630679, 22.223322808476045 ], [ 86.548756912315937, 22.224391127160917 ], [ 86.569175308312026, 22.214941053918778 ], [ 86.575275873904474, 22.215065565637509 ], [ 86.580767715538556, 22.211465000045081 ], [ 86.57940286771958, 22.200135756067198 ], [ 86.594769689008629, 22.196234083703921 ], [ 86.596088658735226, 22.189477797082823 ], [ 86.608293045128406, 22.188375502160927 ], [ 86.619216303591969, 22.182462619673963 ], [ 86.624213760460464, 22.18503708256457 ], [ 86.63834228015449, 22.176675469608856 ], [ 86.640095108116697, 22.171273858280745 ], [ 86.644925633832869, 22.1725244686323 ], [ 86.650077789097224, 22.169074957351697 ], [ 86.660751462135892, 22.15430441730296 ], [ 86.688903721715107, 22.147729759093721 ], [ 86.703147724701424, 22.136671089542741 ], [ 86.713920506937924, 22.13438604283029 ], [ 86.724724012580182, 22.124063371609115 ], [ 86.749374689758724, 22.081798627691402 ], [ 86.751701218687117, 22.058109416923848 ], [ 86.762992871812159, 22.041273021373947 ], [ 86.764221328565185, 22.032501293805105 ], [ 86.774650755149835, 22.023698843359298 ], [ 86.780945015677901, 22.010498038184878 ], [ 86.791191164540422, 22.001697593314208 ], [ 86.796394135968526, 21.992240933919838 ], [ 86.798209905080824, 21.975582070783368 ], [ 86.788871578076325, 21.955566392066288 ], [ 86.787811399603868, 21.924942013507913 ], [ 86.797836441713827, 21.896375561563588 ], [ 86.820381335562928, 21.876517568463374 ], [ 86.826820291307811, 21.861639096572663 ], [ 86.82584397552283, 21.845787084151087 ], [ 86.818496887669994, 21.819291956616375 ], [ 86.822829964144034, 21.787597535382083 ], [ 86.83214593394068, 21.770664341104805 ], [ 86.837454929206871, 21.749902979044055 ], [ 86.860748532135489, 21.72483251081961 ], [ 86.887847930271334, 21.684520683840244 ], [ 86.947607738784498, 21.668358439084152 ], [ 86.951927447906897, 21.661676297266641 ], [ 86.955505591166556, 21.643384972619835 ], [ 86.986171645273984, 21.593150775008077 ], [ 87.024956033490596, 21.565443026403514 ], [ 87.075683380530506, 21.514825837663 ], [ 87.108979233376445, 21.499926013518706 ], [ 87.107047930219125, 21.491172844996818 ], [ 87.099289158560339, 21.488136408265234 ], [ 87.091415621789523, 21.477115515590338 ], [ 87.073311113099919, 21.467780998135357 ], [ 87.06229404367015, 21.472053495106579 ], [ 87.057342535096709, 21.461145532458531 ], [ 87.032936125090643, 21.44180299660173 ], [ 87.03069279224097, 21.433929524319126 ], [ 87.022369431013374, 21.4263953844291 ], [ 87.018843903270238, 21.425184334453039 ], [ 87.00540058907373, 21.431233778528309 ], [ 87.000851638878444, 21.436284844609041 ], [ 86.99335143542794, 21.4337754858851 ], [ 86.99499226387843, 21.430890760950188 ], [ 86.98724934395652, 21.425521294804348 ], [ 86.979176630740412, 21.427542779179372 ], [ 86.979225255414903, 21.423411512903343 ], [ 86.971650995974798, 21.424201104374692 ], [ 86.968577672407079, 21.42100245528616 ], [ 86.961946202680537, 21.425350192916316 ], [ 86.964990839724791, 21.428275404504866 ], [ 86.963704422081562, 21.435544284713185 ], [ 86.967358393435717, 21.437939914596029 ], [ 86.959175613487815, 21.442508802942363 ], [ 86.953342280154487, 21.450363620650684 ], [ 86.954617304568544, 21.460816094609033 ], [ 86.921658930545121, 21.464158786666314 ], [ 86.920838007693575, 21.467526096236615 ], [ 86.915606481000836, 21.469153903853829 ], [ 86.914992263878446, 21.480008802942361 ], [ 86.918325597211762, 21.484401706588194 ], [ 86.913299148644043, 21.486584730676718 ], [ 86.90509032702947, 21.480008802942383 ], [ 86.901266881391479, 21.487483168176723 ], [ 86.883324579959194, 21.489209852747042 ], [ 86.877590327029438, 21.485842136275672 ], [ 86.870000605349802, 21.496658583215783 ], [ 86.86722370919091, 21.494404351444967 ], [ 86.848288365766479, 21.505818739465823 ], [ 86.850825597211738, 21.51074407312468 ], [ 86.843336786990392, 21.518376315963216 ], [ 86.831051427289893, 21.51699712488243 ], [ 86.823894241417534, 21.512199151249646 ], [ 86.821166580284711, 21.513604383997009 ], [ 86.820425003136265, 21.509201307825187 ], [ 86.813804112836777, 21.511658786666306 ], [ 86.800825597211741, 21.506675469608993 ], [ 86.781882726118027, 21.488370822799126 ], [ 86.769518020714372, 21.485656792851202 ], [ 86.76582600411281, 21.477475030155912 ], [ 86.74661539213362, 21.477867079309547 ], [ 86.731997879112797, 21.457612766158487 ], [ 86.735842280154444, 21.456675469609046 ], [ 86.740078526899282, 21.446540175012686 ], [ 86.727556757693549, 21.432439833215849 ], [ 86.72014586902165, 21.432590996952797 ], [ 86.717123204633651, 21.425909885299138 ], [ 86.705455927615404, 21.425941216679345 ], [ 86.699928482140123, 21.42157496505174 ], [ 86.690056452517737, 21.421625827681947 ], [ 86.678015945519022, 21.428749851119466 ], [ 86.65915893054509, 21.425842136275673 ], [ 86.653820284306306, 21.411759696985868 ], [ 86.639401647016442, 21.40545720789029 ], [ 86.634626154666165, 21.407091729374677 ], [ 86.631561579470869, 21.398342136275698 ], [ 86.621432693565936, 21.40249211999965 ], [ 86.612747899457872, 21.389085544478863 ], [ 86.606692805056824, 21.389209038945005 ], [ 86.605063471560698, 21.379835463098619 ], [ 86.584944554731265, 21.387527113489252 ], [ 86.570923660362794, 21.37667546960903 ], [ 86.571369217003422, 21.384231418502303 ], [ 86.561668289269051, 21.399179335168938 ], [ 86.545825597211746, 21.395842136275721 ], [ 86.538890477582839, 21.390020399622053 ], [ 86.533077285851064, 21.395825453333039 ], [ 86.528828832075021, 21.393132989140323 ], [ 86.529533279503426, 21.386464287968433 ], [ 86.518055211469601, 21.381204278202837 ], [ 86.5082438101024, 21.389124403528339 ], [ 86.505891006554208, 21.386675469609045 ], [ 86.502471410200059, 21.390892795455436 ], [ 86.484778030480001, 21.393380791874673 ], [ 86.478342076703953, 21.376658379765345 ], [ 86.470841262901843, 21.37504115157515 ], [ 86.464225560590648, 21.367510227096023 ], [ 86.454461970095849, 21.36567001713507 ], [ 86.446293635134921, 21.359471897017901 ], [ 86.427509964073707, 21.355042168827794 ], [ 86.427521459028156, 21.347729750208053 ], [ 86.412900589073743, 21.343767144413746 ], [ 86.405825597211759, 21.33834213627572 ], [ 86.404076329633625, 21.332139947148129 ], [ 86.392492263878381, 21.321675469609062 ], [ 86.391337682172704, 21.316939344934596 ], [ 86.373488967980023, 21.31000880294242 ], [ 86.366394228858923, 21.315671944021599 ], [ 86.363630619757572, 21.334923200246081 ], [ 86.367120348051273, 21.341145850231584 ], [ 86.36627945019741, 21.350479826024738 ], [ 86.360259908349306, 21.357339899872809 ], [ 86.347282602907455, 21.358078050677289 ], [ 86.336544456574401, 21.368539996448661 ], [ 86.341207569100391, 21.39100769417692 ], [ 86.332206474346037, 21.401994729941936 ], [ 86.318962390739401, 21.473117727747123 ], [ 86.345481454162012, 21.499354804339479 ], [ 86.356092878803707, 21.517303308911924 ], [ 86.359337134373078, 21.534431431422803 ], [ 86.372710691684034, 21.555483442727571 ], [ 86.373161378468907, 21.56562809527238 ], [ 86.367515475170819, 21.567258721399991 ], [ 86.364883223897593, 21.577335303379776 ], [ 86.37154028472861, 21.592786228901552 ], [ 86.363983108986943, 21.595230141963299 ], [ 86.357589709060093, 21.605503005630528 ], [ 86.345169346299429, 21.597660099810863 ], [ 86.344505095641907, 21.606760139832229 ], [ 86.334762444864694, 21.608354711479862 ], [ 86.331664334004188, 21.613991185724309 ], [ 86.335769941660104, 21.622674828648886 ], [ 86.36115885918521, 21.637541778965204 ], [ 86.361119254052468, 21.663330624330769 ], [ 86.354983728894567, 21.674171553369753 ], [ 86.356492518134303, 21.682180993408057 ], [ 86.354161246412801, 21.68721842839501 ], [ 86.357765847299206, 21.694048940390356 ], [ 86.352912331342125, 21.697244469684886 ], [ 86.35938585595845, 21.699303660264224 ], [ 86.365288091041009, 21.710038252568161 ], [ 86.372475590808889, 21.710331492396246 ], [ 86.378801003280955, 21.724034020563334 ], [ 86.378364805321567, 21.740093319695493 ], [ 86.383050135339758, 21.742813317615372 ], [ 86.375397683001282, 21.755550405401518 ], [ 86.38018066897817, 21.764890140685559 ], [ 86.368049592852032, 21.768328183009626 ], [ 86.36937120724636, 21.783522410421693 ], [ 86.359242626689749, 21.783272166184521 ], [ 86.351672096866082, 21.789808760257792 ], [ 86.35857476640976, 21.803328861055867 ], [ 86.368499896780534, 21.813755157826577 ], [ 86.35944987488368, 21.818283966409162 ], [ 86.3452598794306, 21.834177521122193 ], [ 86.35033095143217, 21.845981720231411 ], [ 86.348081059760318, 21.856613095234955 ], [ 86.351971033712374, 21.860858836261954 ], [ 86.349437938994527, 21.86638618004115 ], [ 86.351692713559572, 21.875236006362815 ], [ 86.365272357415805, 21.888450524752567 ], [ 86.356094297453112, 21.904719106597774 ], [ 86.356394319142026, 21.913433570435327 ], [ 86.359994579643896, 21.917030982632518 ], [ 86.359452044815725, 21.923611793114592 ], [ 86.35605469279902, 21.926489939935891 ], [ 86.360090065798772, 21.933765872986001 ], [ 86.36498481429291, 21.934821374291765 ], [ 86.36245443239919, 21.947151154163954 ], [ 86.365211051121804, 21.953519291229163 ], [ 86.346698681182616, 21.961466204247852 ], [ 86.344479714247043, 21.973507084255363 ], [ 86.331752392069987, 21.974089359256691 ], [ 86.317777782799837, 21.968817278186613 ], [ 86.299148822395566, 21.974621649049457 ], [ 86.295022119470929, 21.997016235989165 ], [ 86.30268124003689, 22.00126081398518 ], [ 86.304824831911787, 22.007288002059425 ], [ 86.300071573086583, 22.012758308015233 ], [ 86.296328713042229, 22.03248812130607 ], [ 86.298980827990903, 22.04282758139594 ], [ 86.30620461744752, 22.050197617373019 ], [ 86.314796576133844, 22.050035465051174 ], [ 86.31635279323109, 22.0584507988033 ], [ 86.321883859718582, 22.064926140671986 ], [ 86.328857324063847, 22.066940293850159 ], [ 86.341270930054961, 22.059749133524171 ], [ 86.3517086556582, 22.061103740440988 ], [ 86.353584095025781, 22.071148031825079 ], [ 86.35964187461353, 22.0740089993167 ], [ 86.364488701857482, 22.081887967067875 ], [ 86.349212775990154, 22.105449587725996 ], [ 86.351623725878639, 22.113378625509945 ], [ 86.387039368729432, 22.13535115752968 ], [ 86.396278607523485, 22.135434966210205 ], [ 86.396659913524459, 22.143228652703051 ], [ 86.409996274274434, 22.166763204068143 ], [ 86.424377685306382, 22.18309018917779 ], [ 86.418891608186712, 22.189773549006794 ], [ 86.424232257886686, 22.200296454889877 ], [ 86.411392385089982, 22.210800291012909 ], [ 86.409816243875326, 22.217597310203299 ], [ 86.399294608827304, 22.226743618214901 ], [ 86.383216939416073, 22.228874160024617 ], [ 86.379012861664123, 22.234100292859768 ], [ 86.378707741506076, 22.247720807669918 ], [ 86.384742439902922, 22.255685679317594 ], [ 86.395355022810094, 22.262300403337555 ], [ 86.386993148020451, 22.271213634781816 ], [ 86.387474219170102, 22.280048419246281 ], [ 86.38045333376364, 22.284487860869657 ], [ 86.377388025639704, 22.292205673632868 ], [ 86.36614233951515, 22.297950795883565 ], [ 86.343078525130466, 22.302333752224598 ], [ 86.3390581586509, 22.2975692113551 ], [ 86.332145481940046, 22.305494289273817 ], [ 86.325706329370703, 22.305174674723443 ], [ 86.325927566806754, 22.3244420294224 ], [ 86.322280957573625, 22.333408262936477 ], [ 86.332298038137552, 22.347269161439804 ], [ 86.336662452477384, 22.340818329633709 ], [ 86.347778285896609, 22.334089207492699 ], [ 86.353530776899149, 22.342786878813577 ], [ 86.351539829891976, 22.354711407324668 ], [ 86.355257861274708, 22.358005943835835 ], [ 86.361282154139332, 22.347646853132154 ], [ 86.378868200077477, 22.341051068626175 ], [ 86.408730659987611, 22.321258258255433 ] ] ] } },
{ "type": "Feature", "properties": { "BASIN_NAME": "Chilika", "AREA": 1040.79615496, "OBJECTID": 5 }, "geometry": { "type": "Polygon", "coordinates": [ [ [ 85.504310468457774, 19.931126280845032 ], [ 85.51271062218602, 19.925976900972202 ], [ 85.513854897444091, 19.919648507300533 ], [ 85.51891313772137, 19.919455816980435 ], [ 85.51086424383999, 19.917086938689113 ], [ 85.51068121182648, 19.910460582618665 ], [ 85.52008830576851, 19.914778748759637 ], [ 85.515686012171344, 19.907805511132295 ], [ 85.509582429695854, 19.905843589127191 ], [ 85.508491414510544, 19.900849448972963 ], [ 85.525238081592136, 19.895866255859186 ], [ 85.531150888536985, 19.898076776908887 ], [ 85.528388984353754, 19.896479614621551 ], [ 85.524276788098305, 19.882780206919989 ], [ 85.528068500730484, 19.888334213890655 ], [ 85.528579842783074, 19.882571878803763 ], [ 85.527999966301763, 19.892552970157784 ], [ 85.530853259854965, 19.896400594066794 ], [ 85.54404445228495, 19.89694270086871 ], [ 85.550094603007551, 19.892269049269146 ], [ 85.551017870624548, 19.887104016872989 ], [ 85.561752342547152, 19.896386502159405 ], [ 85.561355669861953, 19.884326012612931 ], [ 85.556533713926271, 19.877664288348406 ], [ 85.560379127202708, 19.880859948808201 ], [ 85.560012751978974, 19.874769611509333 ], [ 85.562286343232728, 19.884412587890328 ], [ 85.566589433601123, 19.88739046357075 ], [ 85.564613485754805, 19.875416619008067 ], [ 85.567253080223821, 19.873759606189832 ], [ 85.564132726008381, 19.867263098470946 ], [ 85.570777765309259, 19.868405262340129 ], [ 85.566558709797604, 19.863858333351878 ], [ 85.557830690853919, 19.865524895055156 ], [ 85.555984432346051, 19.865028823681797 ], [ 85.562263414430276, 19.863360677881772 ], [ 85.568000883493838, 19.863962539582431 ], [ 85.565429812702234, 19.860176481234177 ], [ 85.573684581614117, 19.864543459200988 ], [ 85.571029602002966, 19.861246957517377 ], [ 85.574432278548002, 19.859681770327658 ], [ 85.572174087097949, 19.859268405429741 ], [ 85.569770845518121, 19.855996493757313 ], [ 85.578552382477184, 19.86135004086233 ], [ 85.581542874631779, 19.858545869307399 ], [ 85.580482503741251, 19.851148933628014 ], [ 85.57364642177248, 19.84240256913888 ], [ 85.572952205848736, 19.833341544117417 ], [ 85.575729494250695, 19.832848733728724 ], [ 85.570732102482339, 19.826542897144751 ], [ 85.570869502917617, 19.820517552691797 ], [ 85.561645574318902, 19.811485135658906 ], [ 85.557937711002495, 19.801737952621522 ], [ 85.563949687881419, 19.776501482522452 ], [ 85.539329392239011, 19.751240949920248 ], [ 85.505539084699677, 19.740323326542747 ], [ 85.496368463446572, 19.730515875951184 ], [ 85.487983665276431, 19.727709976021462 ], [ 85.476005524646425, 19.730800101107725 ], [ 85.474365193989883, 19.724728216772963 ], [ 85.466468942349579, 19.725729203648232 ], [ 85.45424659231044, 19.720124219690263 ], [ 85.449058564154768, 19.722624978594062 ], [ 85.447189360139646, 19.718448244349187 ], [ 85.450759918945181, 19.71638530624109 ], [ 85.445518502466996, 19.708872628776099 ], [ 85.439285338941687, 19.70641748399883 ], [ 85.437553543324256, 19.698815400588362 ], [ 85.450073167418196, 19.691675753260313 ], [ 85.471138031946538, 19.704385657537834 ], [ 85.501029851645399, 19.715355758483085 ], [ 85.522659195533564, 19.731843631596249 ], [ 85.533996516711696, 19.734870910533861 ], [ 85.538421490707606, 19.738618247149137 ], [ 85.527831986872741, 19.735875206660921 ], [ 85.547653095587265, 19.74255812613265 ], [ 85.550125024574427, 19.747312579859241 ], [ 85.553756737196338, 19.741017329420419 ], [ 85.562271243720915, 19.751340830595403 ], [ 85.571876640177592, 19.753308333182712 ], [ 85.58780660803879, 19.763317031902687 ], [ 85.589241012327406, 19.761254753681222 ], [ 85.568641578194843, 19.74402817635174 ], [ 85.548011766702842, 19.737417770051731 ], [ 85.524131825664085, 19.721029462694528 ], [ 85.510269019434531, 19.71571736836615 ], [ 85.505806005108568, 19.707282147559415 ], [ 85.512077332929209, 19.699227557356682 ], [ 85.501495379099538, 19.691233814894762 ], [ 85.506454398262548, 19.686558840567852 ], [ 85.506050095803914, 19.681943068013112 ], [ 85.529914779685797, 19.688993215596518 ], [ 85.527717498215409, 19.690475040050476 ], [ 85.537956234931173, 19.695412881398148 ], [ 85.537498471326856, 19.698616635616808 ], [ 85.547218245057152, 19.699282887423067 ], [ 85.544197220013359, 19.699719194684882 ], [ 85.559204089613843, 19.703870048219621 ], [ 85.566307067715883, 19.70947008244606 ], [ 85.570495601455036, 19.707935900165062 ], [ 85.573036182090505, 19.712841950720804 ], [ 85.598716816980044, 19.720094294449773 ], [ 85.601470972970688, 19.716987314889 ], [ 85.62042996445112, 19.722413133960448 ], [ 85.628562844315894, 19.726094228998889 ], [ 85.627540724633477, 19.727389762721149 ], [ 85.629104544912849, 19.726764735454946 ], [ 85.628486606253801, 19.729332841532351 ], [ 85.629074147103879, 19.7298388029587 ], [ 85.645385701543503, 19.730504982572125 ], [ 85.588722332652253, 19.706072147989754 ], [ 85.575348014119299, 19.696529069569834 ], [ 85.55469517132218, 19.68882853205012 ], [ 85.552848901245525, 19.690514537125157 ], [ 85.54252616857967, 19.68162621418568 ], [ 85.531105012539811, 19.679382773673105 ], [ 85.529838420307769, 19.681683150250173 ], [ 85.524009738752412, 19.672342684988291 ], [ 85.511726338402013, 19.670432049160631 ], [ 85.511230581229043, 19.668087847490899 ], [ 85.515625002211436, 19.667006112849638 ], [ 85.511428706420659, 19.66296206153023 ], [ 85.491912735887738, 19.661383087407767 ], [ 85.492950516620724, 19.659431185419248 ], [ 85.48300946319489, 19.653056907904947 ], [ 85.471611055046893, 19.649836508571692 ], [ 85.469566241368312, 19.651745826511739 ], [ 85.460670561075503, 19.64314764494949 ], [ 85.459213279228109, 19.64565817971318 ], [ 85.45471191657127, 19.644806408594459 ], [ 85.451743965647282, 19.640421520607102 ], [ 85.443916288342606, 19.640514339413642 ], [ 85.427589414985988, 19.629855758418241 ], [ 85.410606261606077, 19.627109041035123 ], [ 85.395805403547129, 19.615349960862655 ], [ 85.387443626327553, 19.615539532687713 ], [ 85.368408317184645, 19.600280109905228 ], [ 85.355384829377982, 19.597699754856315 ], [ 85.348884717913663, 19.590146079297934 ], [ 85.344490167385686, 19.591978194699976 ], [ 85.34857166658044, 19.59408682952245 ], [ 85.343910369250622, 19.593533598201375 ], [ 85.343200795580586, 19.588993957236298 ], [ 85.320892343270074, 19.57650506245993 ], [ 85.313896079075519, 19.568383246990972 ], [ 85.315635578935243, 19.576049488951629 ], [ 85.308044537442427, 19.574747481683687 ], [ 85.313293365098559, 19.579420061708028 ], [ 85.311172568530125, 19.582056358086216 ], [ 85.307296770107143, 19.579811078717082 ], [ 85.304756232324763, 19.571796203441746 ], [ 85.310653650811631, 19.568289672339972 ], [ 85.276473866731365, 19.544083920976853 ], [ 85.263259785626644, 19.55103575244426 ], [ 85.275230288998017, 19.548794786859247 ], [ 85.289886580217441, 19.554607837031373 ], [ 85.302269098657334, 19.564646857493138 ], [ 85.295616105037524, 19.566874374466224 ], [ 85.287048306646355, 19.562409271526011 ], [ 85.284789955505417, 19.564942305226833 ], [ 85.292022574352387, 19.568875401886721 ], [ 85.300178577629538, 19.567439159072443 ], [ 85.298385513870002, 19.570231978364681 ], [ 85.301452777831386, 19.575360851081118 ], [ 85.311141814851382, 19.585091664943739 ], [ 85.311012171401856, 19.596263870304732 ], [ 85.296470776761382, 19.601972267365372 ], [ 85.29859167152371, 19.604928505114717 ], [ 85.29605865561237, 19.606935050093465 ], [ 85.267959571685793, 19.598856845152568 ], [ 85.268135054595831, 19.593731544702074 ], [ 85.254623363306663, 19.598827523200665 ], [ 85.250640945765866, 19.593070204566782 ], [ 85.255287079586239, 19.583787332434227 ], [ 85.251739579668765, 19.579210976711977 ], [ 85.244796627568434, 19.588435268708256 ], [ 85.236869908502783, 19.584443826390352 ], [ 85.233955270866218, 19.578665014105127 ], [ 85.228424135009291, 19.578057413660837 ], [ 85.221809248685446, 19.58640086697093 ], [ 85.224876492587995, 19.59233041848459 ], [ 85.217216499249275, 19.587819036869298 ], [ 85.200874425710012, 19.585450087713852 ], [ 85.183280936265021, 19.586892991508524 ], [ 85.205673227705802, 19.569652071287617 ], [ 85.221702534133726, 19.567656146119404 ], [ 85.216911440462326, 19.5588863595448 ], [ 85.218803536874518, 19.555998293341222 ], [ 85.226898237712902, 19.561263633497205 ], [ 85.249839758250047, 19.546748113528572 ], [ 85.246833811199124, 19.546895122807811 ], [ 85.247329668570003, 19.540878569377455 ], [ 85.242904630578309, 19.536761107491358 ], [ 85.25508867419795, 19.537814260565288 ], [ 85.247909664125629, 19.530562487344774 ], [ 85.247413686610514, 19.533618053519248 ], [ 85.243728683327674, 19.530305075576024 ], [ 85.241935716322885, 19.543881995667469 ], [ 85.228111133800141, 19.556555165536011 ], [ 85.197639423818671, 19.543847360329913 ], [ 85.186287024477053, 19.55294167927233 ], [ 85.188232469180676, 19.547475271876635 ], [ 85.203132676665319, 19.533307307624153 ], [ 85.203727609286886, 19.525119243912645 ], [ 85.207771235738605, 19.523822328774617 ], [ 85.200981224923297, 19.515303422190907 ], [ 85.206825195814716, 19.505801046877028 ], [ 85.200782786953411, 19.50124203029954 ], [ 85.196151732594558, 19.503023073576308 ], [ 85.196487388254639, 19.505587601856917 ], [ 85.193015963873435, 19.499601718287131 ], [ 85.194480789513776, 19.51197730576628 ], [ 85.176673798168096, 19.518068280879319 ], [ 85.159149289850575, 19.498257548158051 ], [ 85.152587921381439, 19.50419149767335 ], [ 85.149307265078136, 19.50089896041716 ], [ 85.148735081183872, 19.494097303306148 ], [ 85.157562325635212, 19.487685157322431 ], [ 85.156623780867037, 19.485581970663368 ], [ 85.148071331572382, 19.491082200017999 ], [ 85.13681027983715, 19.481785896129796 ], [ 85.129447881915752, 19.469572927843942 ], [ 85.12681578641363, 19.470286512097008 ], [ 85.12322231010188, 19.476609177020993 ], [ 85.127319284022732, 19.495975084038786 ], [ 85.132217313208514, 19.503284445467486 ], [ 85.118011358950184, 19.522386049841302 ], [ 85.113853366974652, 19.516226820260428 ], [ 85.113731255984746, 19.503397526166175 ], [ 85.10594930401929, 19.500847731102301 ], [ 85.09732056549656, 19.503912229792284 ], [ 85.097091698409798, 19.508666092962539 ], [ 85.101051482799207, 19.511051975109286 ], [ 85.098106277145405, 19.511183631652258 ], [ 85.094078197047651, 19.520138819463895 ], [ 85.097862286527672, 19.526005439966742 ], [ 85.095870826566156, 19.529101104691303 ], [ 85.104034284754135, 19.532987897725267 ], [ 85.102935898633561, 19.539259340421371 ], [ 85.122627279490942, 19.549429392948721 ], [ 85.121093667009859, 19.556918274916601 ], [ 85.125045732287532, 19.565227574683924 ], [ 85.14628604114904, 19.567497751635461 ], [ 85.15902701212714, 19.55902564046221 ], [ 85.161071850417443, 19.565733876484206 ], [ 85.149681220547606, 19.572103763396875 ], [ 85.140685974539849, 19.573576378872339 ], [ 85.136550881999497, 19.569859182667678 ], [ 85.140243565526504, 19.578752738445122 ], [ 85.124893249734541, 19.59327593746924 ], [ 85.125541706384979, 19.603843178058955 ], [ 85.128669706061444, 19.602940705106324 ], [ 85.144164910274526, 19.619185781286085 ], [ 85.173492422655698, 19.628754589654971 ], [ 85.173828085247962, 19.634456158341127 ], [ 85.180420025111715, 19.635376666157494 ], [ 85.175422654637813, 19.641417185309724 ], [ 85.159843294282595, 19.645508887866185 ], [ 85.16017922533446, 19.649130393839307 ], [ 85.165886029446384, 19.650055960332146 ], [ 85.164665263285855, 19.656683410883495 ], [ 85.169242917790527, 19.656305506929893 ], [ 85.167694244896794, 19.660824741313544 ], [ 85.161300801921072, 19.660499709046864 ], [ 85.184341492341503, 19.678691237396457 ], [ 85.201164254995746, 19.680371500759989 ], [ 85.204498290707036, 19.684140440619387 ], [ 85.206497292293307, 19.691518634354523 ], [ 85.196144163194361, 19.695816670988844 ], [ 85.191787666337873, 19.704795480652116 ], [ 85.194717403202404, 19.708115613292595 ], [ 85.19126898798784, 19.710842993638192 ], [ 85.197929428802468, 19.722297364971393 ], [ 85.204986629399514, 19.725857561633848 ], [ 85.212898096029221, 19.743794602147176 ], [ 85.224731543199567, 19.7517448236913 ], [ 85.24165352383956, 19.746895666982489 ], [ 85.243232862804248, 19.749264555342304 ], [ 85.239265502521874, 19.751335038631758 ], [ 85.23980716078654, 19.754551984134782 ], [ 85.247093157697265, 19.755840837145456 ], [ 85.240860013920127, 19.763115357203667 ], [ 85.244445844344156, 19.770400437642706 ], [ 85.249992232965369, 19.768225623446494 ], [ 85.252433830038285, 19.77197606800852 ], [ 85.254814149751283, 19.770025353651601 ], [ 85.253891096749129, 19.772938884164223 ], [ 85.257797169906425, 19.768394410809041 ], [ 85.261551049041103, 19.782921707471864 ], [ 85.268112274627981, 19.787391806108655 ], [ 85.275916942741461, 19.787374660337129 ], [ 85.280456610953266, 19.790907854510237 ], [ 85.278610182922904, 19.795764026966125 ], [ 85.292777878005282, 19.794881350693139 ], [ 85.295875593729818, 19.799552269890388 ], [ 85.300651585137345, 19.798235848807042 ], [ 85.299804800806839, 19.800260502408719 ], [ 85.323959476241129, 19.798108208294643 ], [ 85.326744210457434, 19.806820849449501 ], [ 85.343177689802687, 19.814782051707311 ], [ 85.338966292801544, 19.825615805674943 ], [ 85.342452901357589, 19.829966665155787 ], [ 85.348335246628409, 19.834581334719278 ], [ 85.353675816500768, 19.833959896898765 ], [ 85.358429060993089, 19.839162366356703 ], [ 85.376144342543853, 19.840860405698105 ], [ 85.386665316633398, 19.857443905978698 ], [ 85.391845848057869, 19.855067213447082 ], [ 85.392448392716545, 19.860326233651193 ], [ 85.395729145130062, 19.860265454668887 ], [ 85.396484319835096, 19.868134566363693 ], [ 85.401458655808227, 19.872538448222684 ], [ 85.406623899305288, 19.872051693165556 ], [ 85.406600941415789, 19.875572712377259 ], [ 85.409049918220362, 19.874417853931217 ], [ 85.409309471531301, 19.88121191629806 ], [ 85.415565466132833, 19.879641472958681 ], [ 85.415908730283917, 19.885607360316762 ], [ 85.422523562607211, 19.886147196124679 ], [ 85.427047828439015, 19.900744268724111 ], [ 85.437774799166235, 19.900059554491556 ], [ 85.440010101171865, 19.895875793218185 ], [ 85.439010682778189, 19.915460927717753 ], [ 85.447166364953873, 19.915649799224386 ], [ 85.450202850372307, 19.901747068884923 ], [ 85.485862800151807, 19.903608156229144 ], [ 85.504196247792692, 19.895114641835207 ], [ 85.508163337918191, 19.917028154998761 ], [ 85.504310468457774, 19.931126280845032 ] ] ] } },
{ "type": "Feature", "properties": { "BASIN_NAME": "Direct Draining to Sea", "AREA": 2795.2948678899998, "OBJECTID": 6 }, "geometry": { "type": "MultiPolygon", "coordinates": [ [ [ [ 84.489105326566445, 19.018468856415325 ], [ 84.485000727983547, 19.016071315062749 ], [ 84.483955432634616, 18.999921795424054 ], [ 84.478179809647003, 18.988664628144722 ], [ 84.476264813605724, 18.991893772642722 ], [ 84.462753316177157, 18.992704389545132 ], [ 84.462905897437125, 18.996517182730191 ], [ 84.457633880621216, 18.996448518599813 ], [ 84.450965987598693, 19.002387999572761 ], [ 84.443458432309541, 19.002550127605936 ], [ 84.433296058050061, 19.012586595591937 ], [ 84.426383858052404, 19.012958528666243 ], [ 84.427452209654689, 19.018491741135392 ], [ 84.423225462875678, 19.020446774786652 ], [ 84.423950325191115, 19.011632918351726 ], [ 84.434432916977158, 19.004983902302641 ], [ 84.434249821304419, 18.993946077094424 ], [ 84.44462586509637, 18.991189956403989 ], [ 84.445671157151736, 18.984369274225521 ], [ 84.45440684727221, 18.976871488442882 ], [ 84.445297185590874, 18.967960358458594 ], [ 84.432762079120522, 18.967653276027811 ], [ 84.43393712635492, 18.957338332293908 ], [ 84.42639932798005, 18.946697232808845 ], [ 84.432914804173237, 18.934926985415647 ], [ 84.429428087246734, 18.931219101439289 ], [ 84.440254086433683, 18.931135180157696 ], [ 84.439971787129011, 18.919065479458411 ], [ 84.4331435706317, 18.91568565383211 ], [ 84.430603023553317, 18.907974243847544 ], [ 84.426574628778582, 18.908712390125753 ], [ 84.420394775914446, 18.916431429884838 ], [ 84.418235821398653, 18.912815091945426 ], [ 84.423881451809436, 18.904392246373551 ], [ 84.41982278916413, 18.895935054556492 ], [ 84.40229025834374, 18.894153596836663 ], [ 84.395378023330849, 18.903392792401998 ], [ 84.387588466557006, 18.899517060696148 ], [ 84.380073663275581, 18.902923582748119 ], [ 84.386856165336269, 18.894809719878381 ], [ 84.397491378959344, 18.892242434333443 ], [ 84.39947513148357, 18.8884925829352 ], [ 84.399940568913507, 18.882230757305219 ], [ 84.393768434411555, 18.875011441358421 ], [ 84.388755817238732, 18.883428575335753 ], [ 84.383041465497854, 18.885189054028487 ], [ 84.383254897602555, 18.880241395853162 ], [ 84.362373327658901, 18.893325806447596 ], [ 84.370788676556472, 18.879936213851821 ], [ 84.386001631088121, 18.872850419582466 ], [ 84.380935788687381, 18.870508188003484 ], [ 84.376266564093498, 18.860250472059413 ], [ 84.368545412290047, 18.862934114230502 ], [ 84.363533156172394, 18.860450739464156 ], [ 84.360000593558411, 18.868047718644501 ], [ 84.338989209527028, 18.888008117049832 ], [ 84.348922830521104, 18.847431179947119 ], [ 84.366790634902841, 18.838397982471886 ], [ 84.361244209627785, 18.830467220138825 ], [ 84.354026816812549, 18.830726621381785 ], [ 84.351501517725495, 18.819480898309038 ], [ 84.336532448794415, 18.819345480333325 ], [ 84.332893307329556, 18.816246034385706 ], [ 84.344108526699003, 18.807224273973901 ], [ 84.346435447672008, 18.800987243265809 ], [ 84.338012825341991, 18.797218321897283 ], [ 84.329528710811744, 18.797990792837112 ], [ 84.323257429060234, 18.785715101259797 ], [ 84.307411222233625, 18.793510431359469 ], [ 84.306968681656016, 18.797147759548455 ], [ 84.292282185906117, 18.802673340537272 ], [ 84.289093017871039, 18.791746136552774 ], [ 84.285203648310869, 18.78973399539769 ], [ 84.274117842163363, 18.800889758249344 ], [ 84.27495768564502, 18.805868599153381 ], [ 84.264831546673548, 18.805599501980723 ], [ 84.26389160470643, 18.823630101071199 ], [ 84.267497290555568, 18.828918730184263 ], [ 84.261661244283985, 18.839724393861719 ], [ 84.268023007319201, 18.841519640848656 ], [ 84.267782663565157, 18.850374893002265 ], [ 84.282263186607992, 18.854372831015539 ], [ 84.290396867783301, 18.843310005534512 ], [ 84.298439673813959, 18.845676542425746 ], [ 84.30310520063577, 18.843623048393923 ], [ 84.306941734830957, 18.848613824817225 ], [ 84.315798885763087, 18.850825739743918 ], [ 84.320339630042525, 18.863441299088525 ], [ 84.316947431755537, 18.870847440640375 ], [ 84.324790314217935, 18.87713270521823 ], [ 84.331124949631004, 18.878075088600429 ], [ 84.330597605269858, 18.884417861720245 ], [ 84.337149254518692, 18.891202258244579 ], [ 84.326804745570143, 18.902796225351757 ], [ 84.330045304960137, 18.912750652290981 ], [ 84.328414987925171, 18.917872723176302 ], [ 84.332500003272386, 18.92529188492021 ], [ 84.338405764912238, 18.922667644722509 ], [ 84.347236060597623, 18.925566950384802 ], [ 84.352641334133679, 18.932623699378908 ], [ 84.354415693875765, 18.942380101612219 ], [ 84.360996097185094, 18.942967666064202 ], [ 84.365853139495272, 18.951952584136322 ], [ 84.364624298079391, 18.968192818793717 ], [ 84.34787136873544, 18.973653430809307 ], [ 84.34066336765288, 19.003666241809771 ], [ 84.351095923620022, 19.020716147449999 ], [ 84.349976131952403, 19.026765409607606 ], [ 84.359130320327836, 19.03453125162773 ], [ 84.361483835954701, 19.047731663964676 ], [ 84.379998918434794, 19.056401368832709 ], [ 84.383251142829735, 19.054269749907377 ], [ 84.390415313842411, 19.05860351727193 ], [ 84.403777130259414, 19.059260526821113 ], [ 84.405991756997267, 19.062320422656903 ], [ 84.418194447979275, 19.054839953900931 ], [ 84.431989749639527, 19.054932727338535 ], [ 84.436381025684739, 19.061396486024201 ], [ 84.451395402866865, 19.065564237763656 ], [ 84.457935930215868, 19.054556750775699 ], [ 84.47165880349074, 19.044829103198467 ], [ 84.476163469292956, 19.022327475576311 ], [ 84.489105326566445, 19.018468856415325 ] ] ], [ [ [ 84.934146968897551, 19.356104249701232 ], [ 84.940645819514501, 19.348564079534569 ], [ 84.942249253497323, 19.33407770324359 ], [ 84.949366246784507, 19.32451876975313 ], [ 84.961012615294337, 19.31984189134565 ], [ 84.973999017480594, 19.308040608338999 ], [ 84.933303912899234, 19.276609418204146 ], [ 84.839935216985751, 19.188707359957473 ], [ 84.810111947314908, 19.153108604773678 ], [ 84.795196583489357, 19.119909285815734 ], [ 84.789779703260862, 19.115312577826138 ], [ 84.767204320563181, 19.076705934621614 ], [ 84.706016566411094, 19.116420744750073 ], [ 84.705665615615274, 19.124326705419712 ], [ 84.700271549846278, 19.126102453997593 ], [ 84.708381652275165, 19.138778684613111 ], [ 84.701240553903048, 19.142471315814319 ], [ 84.703506340435212, 19.14609337355564 ], [ 84.713294961470567, 19.145778650833041 ], [ 84.717369184015297, 19.155008319641791 ], [ 84.705734343053251, 19.159988396119925 ], [ 84.687278739414523, 19.15922165534743 ], [ 84.679023724511509, 19.16524697015905 ], [ 84.672996489082053, 19.164934165887701 ], [ 84.671257096709297, 19.161798475709521 ], [ 84.670593230211679, 19.154247277855305 ], [ 84.672126842388536, 19.15403365307921 ], [ 84.674723588035576, 19.145836021899147 ], [ 84.670280494187836, 19.153058269951742 ], [ 84.662196726820369, 19.154441190959762 ], [ 84.658336049733862, 19.16085232377743 ], [ 84.660302195568732, 19.164398330724683 ], [ 84.653324656500715, 19.171674806424949 ], [ 84.65804416605306, 19.187375218763879 ], [ 84.64694716083595, 19.191097006961275 ], [ 84.640929908226937, 19.197292210959322 ], [ 84.645322811876312, 19.203685982665835 ], [ 84.642731666040916, 19.212955730937068 ], [ 84.632497291032692, 19.218330622434426 ], [ 84.63677734745967, 19.223732098133194 ], [ 84.634146596589531, 19.228902454040146 ], [ 84.626369361340295, 19.233081599008717 ], [ 84.624435225053972, 19.24749349138143 ], [ 84.628330624362661, 19.252502714475657 ], [ 84.639705949892587, 19.255235461873717 ], [ 84.642502716387924, 19.259441733578406 ], [ 84.636094296243883, 19.268888890704019 ], [ 84.637489153015849, 19.277750110329226 ], [ 84.651023224207179, 19.29064344801316 ], [ 84.652639056790917, 19.304977808245308 ], [ 84.664990780427459, 19.304568144369771 ], [ 84.674994578203382, 19.326116538529924 ], [ 84.684682078578732, 19.331239151172994 ], [ 84.695313588976788, 19.3550320113205 ], [ 84.700453562812257, 19.357209745661653 ], [ 84.704868167683927, 19.353253582596317 ], [ 84.718647464772104, 19.360604928287657 ], [ 84.718018666946023, 19.371070423073494 ], [ 84.721330841641389, 19.379371204158414 ], [ 84.740556644381556, 19.385836590588038 ], [ 84.759474287525762, 19.373891603422013 ], [ 84.773947486482626, 19.381687827616616 ], [ 84.773058271861359, 19.387600370851846 ], [ 84.783098962056343, 19.389440648410933 ], [ 84.791092126334647, 19.377774524379276 ], [ 84.803049048923398, 19.377213001071681 ], [ 84.808634986293015, 19.383652888054446 ], [ 84.820277781537683, 19.38667209409158 ], [ 84.840275069069008, 19.385329320561183 ], [ 84.839685333745791, 19.387629125006235 ], [ 84.848591583592608, 19.391469185945422 ], [ 84.847780494342999, 19.395042319424981 ], [ 84.855633684544102, 19.395877823125147 ], [ 84.862141931200853, 19.406840279562445 ], [ 84.870585398903955, 19.408052844831012 ], [ 84.875789391945702, 19.395665149402671 ], [ 84.873425025466332, 19.394223634769858 ], [ 84.880972226215192, 19.382760960948126 ], [ 84.898582360657343, 19.37951009300577 ], [ 84.903495012613561, 19.384629450566941 ], [ 84.908618710321647, 19.384168295954844 ], [ 84.902963328562421, 19.380814346410649 ], [ 84.902854279042501, 19.369159615639251 ], [ 84.906662330406917, 19.370008682277071 ], [ 84.91155545114475, 19.364199220420335 ], [ 84.920032013580538, 19.361085071305812 ], [ 84.921278215868995, 19.356233725838187 ], [ 84.92666395797464, 19.358363174797073 ], [ 84.926251631657848, 19.361653105074151 ], [ 84.935981992002212, 19.361663956072906 ], [ 84.934146968897551, 19.356104249701232 ] ] ], [ [ [ 87.018843903270238, 21.425184334453039 ], [ 87.001449420332762, 21.405590079995875 ], [ 86.963348251444813, 21.367414341840604 ], [ 86.94940919214244, 21.357251996407669 ], [ 86.93595912383374, 21.340799253870177 ], [ 86.892051847347332, 21.261558472853565 ], [ 86.870094029653927, 21.233846729026688 ], [ 86.861442658235902, 21.212171553546167 ], [ 86.857216077947015, 21.209592756810387 ], [ 86.858077914242344, 21.203285275810757 ], [ 86.847099477127315, 21.186868722289095 ], [ 86.843871954544397, 21.174327863123533 ], [ 86.844154431015909, 21.12406546453029 ], [ 86.853007353748396, 21.086889299386343 ], [ 86.838950871481288, 21.084049258067193 ], [ 86.794044766898011, 21.077095026733879 ], [ 86.753517335228494, 21.079338029149596 ], [ 86.689193649560721, 21.11536786801782 ], [ 86.631370583743276, 21.129159968551011 ], [ 86.575927757192616, 21.127542502159962 ], [ 86.516929337839727, 21.116710686452969 ], [ 86.502296425236636, 21.140401824057676 ], [ 86.471923997006741, 21.169443194032926 ], [ 86.388939179413541, 21.21951858297286 ], [ 86.386444179854536, 21.228719749250022 ], [ 86.388084259842302, 21.250226906910033 ], [ 86.380798485511477, 21.272127217505076 ], [ 86.356687375018836, 21.30388631097367 ], [ 86.368850714402811, 21.307615330155393 ], [ 86.370597934856235, 21.311990767794057 ], [ 86.373488967980023, 21.31000880294242 ], [ 86.391337682172704, 21.316939344934596 ], [ 86.392492263878381, 21.321675469609062 ], [ 86.404076329633625, 21.332139947148129 ], [ 86.405825597211759, 21.33834213627572 ], [ 86.412900589073743, 21.343767144413746 ], [ 86.427521459028156, 21.347729750208053 ], [ 86.427509964073707, 21.355042168827794 ], [ 86.446293635134921, 21.359471897017901 ], [ 86.454461970095849, 21.36567001713507 ], [ 86.464225560590648, 21.367510227096023 ], [ 86.470841262901843, 21.37504115157515 ], [ 86.478342076703953, 21.376658379765345 ], [ 86.484778030480001, 21.393380791874673 ], [ 86.502471410200059, 21.390892795455436 ], [ 86.505891006554208, 21.386675469609045 ], [ 86.5082438101024, 21.389124403528339 ], [ 86.518055211469601, 21.381204278202837 ], [ 86.529533279503426, 21.386464287968433 ], [ 86.528828832075021, 21.393132989140323 ], [ 86.533077285851064, 21.395825453333039 ], [ 86.538890477582839, 21.390020399622053 ], [ 86.545825597211746, 21.395842136275721 ], [ 86.561668289269051, 21.399179335168938 ], [ 86.571369217003422, 21.384231418502303 ], [ 86.570923660362794, 21.37667546960903 ], [ 86.584944554731265, 21.387527113489252 ], [ 86.605063471560698, 21.379835463098619 ], [ 86.606692805056824, 21.389209038945005 ], [ 86.612747899457872, 21.389085544478863 ], [ 86.621432693565936, 21.40249211999965 ], [ 86.631561579470869, 21.398342136275698 ], [ 86.634626154666165, 21.407091729374677 ], [ 86.639401647016442, 21.40545720789029 ], [ 86.653820284306306, 21.411759696985868 ], [ 86.65915893054509, 21.425842136275673 ], [ 86.678015945519022, 21.428749851119466 ], [ 86.690056452517737, 21.421625827681947 ], [ 86.699928482140123, 21.42157496505174 ], [ 86.705455927615404, 21.425941216679345 ], [ 86.717123204633651, 21.425909885299138 ], [ 86.72014586902165, 21.432590996952797 ], [ 86.727556757693549, 21.432439833215849 ], [ 86.740078526899282, 21.446540175012686 ], [ 86.735842280154444, 21.456675469609046 ], [ 86.731997879112797, 21.457612766158487 ], [ 86.74661539213362, 21.477867079309547 ], [ 86.76582600411281, 21.477475030155912 ], [ 86.769518020714372, 21.485656792851202 ], [ 86.781882726118027, 21.488370822799126 ], [ 86.800825597211741, 21.506675469608993 ], [ 86.813804112836777, 21.511658786666306 ], [ 86.820425003136265, 21.509201307825187 ], [ 86.821166580284711, 21.513604383997009 ], [ 86.823894241417534, 21.512199151249646 ], [ 86.831051427289893, 21.51699712488243 ], [ 86.843336786990392, 21.518376315963216 ], [ 86.850825597211738, 21.51074407312468 ], [ 86.848288365766479, 21.505818739465823 ], [ 86.86722370919091, 21.494404351444967 ], [ 86.870000605349802, 21.496658583215783 ], [ 86.877590327029438, 21.485842136275672 ], [ 86.883324579959194, 21.489209852747042 ], [ 86.901266881391479, 21.487483168176723 ], [ 86.90509032702947, 21.480008802942383 ], [ 86.913299148644043, 21.486584730676718 ], [ 86.918325597211762, 21.484401706588194 ], [ 86.914992263878446, 21.480008802942361 ], [ 86.915606481000836, 21.469153903853829 ], [ 86.920838007693575, 21.467526096236615 ], [ 86.921658930545121, 21.464158786666314 ], [ 86.954617304568544, 21.460816094609033 ], [ 86.953342280154487, 21.450363620650684 ], [ 86.959175613487815, 21.442508802942363 ], [ 86.967358393435717, 21.437939914596029 ], [ 86.963704422081562, 21.435544284713185 ], [ 86.964990839724791, 21.428275404504866 ], [ 86.961946202680537, 21.425350192916316 ], [ 86.968577672407079, 21.42100245528616 ], [ 86.971650995974798, 21.424201104374692 ], [ 86.979225255414903, 21.423411512903343 ], [ 86.979176630740412, 21.427542779179372 ], [ 86.98724934395652, 21.425521294804348 ], [ 86.99499226387843, 21.430890760950188 ], [ 86.99335143542794, 21.4337754858851 ], [ 87.000851638878444, 21.436284844609041 ], [ 87.018843903270238, 21.425184334453039 ] ] ] ] } },
{ "type": "Feature", "properties": { "BASIN_NAME": "Indravati", "AREA": 7477.3226310659993, "OBJECTID": 7 }, "geometry": { "type": "MultiPolygon", "coordinates": [ [ [ [ 83.075237632690303, 19.590865073660282 ], [ 83.078058270412967, 19.586941733394131 ], [ 83.067763945712741, 19.576646594912212 ], [ 83.070552845436183, 19.571286894106169 ], [ 83.065090605876406, 19.567299535119982 ], [ 83.065211590997961, 19.5596934699721 ], [ 83.077502715309279, 19.559169381356632 ], [ 83.07759060589234, 19.55408935739057 ], [ 83.086352541540919, 19.54532904930398 ], [ 83.088602404169976, 19.536866090608907 ], [ 83.082409941605235, 19.531555720349086 ], [ 83.08324193162322, 19.525149175890114 ], [ 83.079169381948461, 19.523157554419459 ], [ 83.0777837480356, 19.516516657560722 ], [ 83.090906035482703, 19.509640843735951 ], [ 83.098608212821773, 19.510552771019576 ], [ 83.109737823890029, 19.50636863101267 ], [ 83.112907174903157, 19.497502715073445 ], [ 83.117219511987912, 19.49917507811265 ], [ 83.12060357196043, 19.496003691192922 ], [ 83.125558270673409, 19.497775067155981 ], [ 83.126402135195377, 19.504186149111884 ], [ 83.135822525943482, 19.507775256275117 ], [ 83.158886070037255, 19.482497084146249 ], [ 83.148003474846078, 19.471851672969184 ], [ 83.148928767316306, 19.464865724367481 ], [ 83.152225022800337, 19.463058447977595 ], [ 83.151108255082988, 19.459169463751788 ], [ 83.145241701672262, 19.457745770439519 ], [ 83.140274890522434, 19.447225145931093 ], [ 83.130275067830283, 19.44694715919605 ], [ 83.128058270751808, 19.43830349571504 ], [ 83.133902719645135, 19.428592366038025 ], [ 83.129991864626859, 19.423591581812722 ], [ 83.130004614066138, 19.414721681712361 ], [ 83.126584203942386, 19.409804689364087 ], [ 83.110260147697929, 19.403600262681273 ], [ 83.108889433825013, 19.398302410838042 ], [ 83.100773385942631, 19.39452582676153 ], [ 83.108740508580368, 19.378891603232919 ], [ 83.135446508641067, 19.373292102841024 ], [ 83.142786100249651, 19.378636608347225 ], [ 83.145751684756078, 19.37759494592278 ], [ 83.138378095109715, 19.361885309699751 ], [ 83.140977691387903, 19.349169349770825 ], [ 83.136113826411403, 19.334554037977995 ], [ 83.147383900126371, 19.32457248442169 ], [ 83.142780492977465, 19.314398330860779 ], [ 83.14835286719908, 19.302791343085879 ], [ 83.142780764397031, 19.303344185496773 ], [ 83.141113826484585, 19.29970866067076 ], [ 83.14743219041226, 19.288945614053674 ], [ 83.139989965758247, 19.27829101726979 ], [ 83.13279242905827, 19.277520618575739 ], [ 83.137699152182563, 19.267808415797361 ], [ 83.126669382120951, 19.252331816425237 ], [ 83.134993393952101, 19.248527095924352 ], [ 83.134425440038584, 19.241687316082299 ], [ 83.12748616779038, 19.239996746660299 ], [ 83.122769913582587, 19.230530600781822 ], [ 83.136684572655469, 19.219538304709204 ], [ 83.118053045882831, 19.206113898593827 ], [ 83.113905981141016, 19.216934680745052 ], [ 83.10783704573312, 19.214921378361094 ], [ 83.105296769189323, 19.216941733871074 ], [ 83.085836048220884, 19.200297310735085 ], [ 83.097820911734232, 19.188853083284656 ], [ 83.104583335956733, 19.188350153734717 ], [ 83.107788630995472, 19.182665475257743 ], [ 83.104424644387947, 19.179169381082435 ], [ 83.111942228106173, 19.174996546426069 ], [ 83.112493763401972, 19.170545249086214 ], [ 83.122233617862136, 19.15986382547835 ], [ 83.106936037703264, 19.144722223706722 ], [ 83.110002642987126, 19.131663561092488 ], [ 83.102817050275561, 19.128910160975288 ], [ 83.092219512116202, 19.140280491997139 ], [ 83.089761558681019, 19.129316408203003 ], [ 83.080558553130587, 19.120275152108764 ], [ 83.06730468990547, 19.122765300974031 ], [ 83.061113537513108, 19.116663627165028 ], [ 83.050983075373424, 19.115039606468301 ], [ 83.044447159440438, 19.108303495949738 ], [ 83.046391874700873, 19.103330623566752 ], [ 83.038336048858213, 19.098907878967296 ], [ 83.039997289824882, 19.093608400280772 ], [ 83.047394750712186, 19.087530383760321 ], [ 83.042529570931478, 19.085008140059259 ], [ 83.043599720329766, 19.073469511141823 ], [ 83.054401315268137, 19.069964194105172 ], [ 83.05847222442226, 19.075138890847967 ], [ 83.060153811132821, 19.071421442891676 ], [ 83.072504342358059, 19.065834962677894 ], [ 83.069721953340192, 19.045252280267484 ], [ 83.062841256997245, 19.036631403820703 ], [ 83.078044773275678, 19.020037877229445 ], [ 83.072699655463609, 19.003502605702788 ], [ 83.077234431669211, 18.993146160193685 ], [ 83.071660158730992, 18.989746637827476 ], [ 83.069922148461927, 18.978798829951931 ], [ 83.081097119366902, 18.968630414363247 ], [ 83.080008027079884, 18.95418630774714 ], [ 83.07193902147668, 18.950005426838757 ], [ 83.069169381748367, 18.94110840031205 ], [ 83.063327910560488, 18.941394315559567 ], [ 83.056144750421254, 18.924193794731881 ], [ 83.051223417930544, 18.921043296013899 ], [ 83.052761160263401, 18.899209871477261 ], [ 83.04555827084738, 18.88583062197722 ], [ 83.038895401885782, 18.88113389892731 ], [ 83.036925458201111, 18.868263347610611 ], [ 83.021394316467962, 18.858172744463925 ], [ 83.024730633679667, 18.851391603270091 ], [ 83.014837784108394, 18.835162219000516 ], [ 83.002512877236654, 18.826708686372573 ], [ 82.994985896193128, 18.815814345825512 ], [ 82.989712175877273, 18.814184178751834 ], [ 82.991108401077852, 18.812425131432565 ], [ 82.983572322546365, 18.801324328789093 ], [ 82.977199438252697, 18.797216798264593 ], [ 82.978062339456528, 18.792310656755099 ], [ 82.972224666082042, 18.791129558790381 ], [ 82.965452476532846, 18.76583984521017 ], [ 82.949207359134903, 18.761391602975294 ], [ 82.942514108257711, 18.774722223415743 ], [ 82.93678629790675, 18.771858725185755 ], [ 82.929253474591661, 18.772780491802763 ], [ 82.929441425269204, 18.776108303273162 ], [ 82.912759604966368, 18.7850081394533 ], [ 82.896584746602642, 18.77015299647222 ], [ 82.890452205278834, 18.771333009313032 ], [ 82.884565432061535, 18.765558269493656 ], [ 82.866102975178677, 18.775303278519214 ], [ 82.856108400713026, 18.775263673116132 ], [ 82.850441625523601, 18.778575305453014 ], [ 82.838660212382891, 18.771235353175381 ], [ 82.831672094458995, 18.784172093449268 ], [ 82.814478626383234, 18.780529515126659 ], [ 82.804717070079064, 18.788572592705524 ], [ 82.802227649919132, 18.797656793827016 ], [ 82.804157988307153, 18.803412544853639 ], [ 82.80071777565486, 18.807833660161908 ], [ 82.79052002180434, 18.808327909417425 ], [ 82.783205568865952, 18.801493599597325 ], [ 82.778028973734706, 18.803604601981764 ], [ 82.774872506204716, 18.800781251203407 ], [ 82.775272354599664, 18.791787653508461 ], [ 82.768894316650687, 18.785827909522915 ], [ 82.762166343660425, 18.794716798390631 ], [ 82.758578832086812, 18.79244737570038 ], [ 82.757146269683304, 18.78390462361045 ], [ 82.748538142462209, 18.780310331380477 ], [ 82.744910212393663, 18.775204537123287 ], [ 82.739695640550352, 18.775562067545621 ], [ 82.738018393924776, 18.780874024935571 ], [ 82.7244590946366, 18.792239584619704 ], [ 82.721815594451812, 18.790778538626661 ], [ 82.718616538200564, 18.797535266306529 ], [ 82.720796171474802, 18.801893447764694 ], [ 82.715808379023755, 18.805621203931342 ], [ 82.714751792487704, 18.81310764021709 ], [ 82.708712838574286, 18.814676650911007 ], [ 82.705465225384145, 18.810870227322798 ], [ 82.692505156058047, 18.810860461297679 ], [ 82.68133897781577, 18.799913195960723 ], [ 82.663974069074783, 18.807486980491483 ], [ 82.663050132409353, 18.812190756790564 ], [ 82.656886123659362, 18.813407119534052 ], [ 82.652559680934615, 18.823883464882744 ], [ 82.656733672207025, 18.829282228090566 ], [ 82.659905329543662, 18.844497614367398 ], [ 82.657926976939578, 18.849532878826892 ], [ 82.653732640604119, 18.850116646503739 ], [ 82.65527235468663, 18.859319662928826 ], [ 82.652505427140667, 18.861005861064655 ], [ 82.651661243419227, 18.871005860884875 ], [ 82.648327910401264, 18.872494576088222 ], [ 82.650561253958145, 18.888894315733236 ], [ 82.644630535931427, 18.894008790449323 ], [ 82.644161243275448, 18.904832901043712 ], [ 82.633556859324898, 18.908958334939229 ], [ 82.628167591049149, 18.907549914584834 ], [ 82.628616810225509, 18.914449328644096 ], [ 82.623830026321215, 18.913060982612645 ], [ 82.623026531625058, 18.920315214237913 ], [ 82.618903268498542, 18.921155057992941 ], [ 82.620922582484624, 18.925687393109424 ], [ 82.617242297730883, 18.926833226504566 ], [ 82.617612306758843, 18.930932618592792 ], [ 82.626909995494941, 18.931062827182842 ], [ 82.628605687903757, 18.936705188095807 ], [ 82.624469945885153, 18.938444554566523 ], [ 82.624439021120224, 18.944947375867862 ], [ 82.612483726243255, 18.950004884557675 ], [ 82.614727920967283, 18.960838217669121 ], [ 82.603338760621128, 18.971701933051563 ], [ 82.6044265424934, 18.979512262805105 ], [ 82.599172093724306, 18.985590822028286 ], [ 82.605838760498187, 18.992216798681234 ], [ 82.602118328820879, 18.999680991268868 ], [ 82.609727650003109, 19.007772354288885 ], [ 82.610013023327852, 19.014446616456826 ], [ 82.604110787507182, 19.019439020738009 ], [ 82.587716473507811, 19.018063695040919 ], [ 82.584514162104654, 19.022558052675258 ], [ 82.563053658536248, 19.01887966730127 ], [ 82.547218154898488, 19.03033149053627 ], [ 82.542222224006196, 19.025817058731889 ], [ 82.539576553295348, 19.02700249726357 ], [ 82.536593426462986, 19.033113065933694 ], [ 82.533722604150569, 19.033429363861405 ], [ 82.531558704333221, 19.027532553552298 ], [ 82.524642742835809, 19.026521268840323 ], [ 82.520250924612313, 19.029740670190101 ], [ 82.520367840189422, 19.03530870394918 ], [ 82.498327909878455, 19.043327909825472 ], [ 82.499174535233848, 19.046949328994426 ], [ 82.493260635384431, 19.05719563981939 ], [ 82.4806627082815, 19.056978625640184 ], [ 82.475499676800894, 19.063327909458881 ], [ 82.453884821464598, 19.061659615210726 ], [ 82.452783205209727, 19.071672093785349 ], [ 82.439811200164584, 19.087891169053204 ], [ 82.441661243305475, 19.09144477146749 ], [ 82.436532933476244, 19.099499784810995 ], [ 82.42764757137833, 19.092944880399237 ], [ 82.42351047290677, 19.092575413822111 ], [ 82.422464465798683, 19.096105687519525 ], [ 82.40971896912086, 19.090268013712372 ], [ 82.39145779239719, 19.101105687188298 ], [ 82.382861601129846, 19.098280708927103 ], [ 82.379674480724816, 19.102759333103869 ], [ 82.371649850289757, 19.099728191798995 ], [ 82.369437664724558, 19.088735353371305 ], [ 82.365055611561857, 19.087482640480268 ], [ 82.362217070301995, 19.079695097333229 ], [ 82.359167753743449, 19.082509767210347 ], [ 82.354716798976995, 19.081116538232347 ], [ 82.348262263059425, 19.068597549209748 ], [ 82.342616647148589, 19.070237631640733 ], [ 82.340056967801218, 19.049875761075679 ], [ 82.342760689773201, 19.045539823761676 ], [ 82.338131241398614, 19.041767579794172 ], [ 82.332444120999952, 19.043883465259292 ], [ 82.328338217982633, 19.040827367090888 ], [ 82.323716364348556, 19.042772354248434 ], [ 82.311372614411326, 19.040561524930425 ], [ 82.303200685034497, 19.044161243163508 ], [ 82.289837241362179, 19.035764433020443 ], [ 82.278883737039592, 19.043617080856791 ], [ 82.274727513729644, 19.037579211560661 ], [ 82.278349068701758, 19.035260418098328 ], [ 82.277711861385313, 19.0281656916979 ], [ 82.260272489488585, 19.020283204759338 ], [ 82.25778306907219, 19.013605687320499 ], [ 82.234752316584078, 19.009726295275946 ], [ 82.231735180472384, 19.02658844192289 ], [ 82.204277008729719, 19.065851211073728 ], [ 82.206893976083805, 19.075447086083447 ], [ 82.214576651034648, 19.08152771212271 ], [ 82.220886261770247, 19.093828201670796 ], [ 82.216438274117749, 19.098602296816392 ], [ 82.206794672415498, 19.096277239001388 ], [ 82.209251367798458, 19.10191726751756 ], [ 82.205108647009595, 19.108003612318775 ], [ 82.210647607908726, 19.119426724409177 ], [ 82.206970156143143, 19.123252868061016 ], [ 82.198356681969855, 19.121435161435052 ], [ 82.193138056170199, 19.12767028505429 ], [ 82.185005180174215, 19.130758282573051 ], [ 82.176315264817447, 19.117071148921791 ], [ 82.172248795352331, 19.119642258516343 ], [ 82.168106092761064, 19.132108689865561 ], [ 82.177711481836269, 19.137516027824905 ], [ 82.171882657690503, 19.144205096613685 ], [ 82.17334754113547, 19.148744590922629 ], [ 82.182945319273287, 19.149463660083708 ], [ 82.178649909677162, 19.15481758269296 ], [ 82.173423757350776, 19.155412678812752 ], [ 82.171585086036629, 19.159883505439076 ], [ 82.177581722745927, 19.161853799841666 ], [ 82.18056491507194, 19.154815670993287 ], [ 82.187568634350725, 19.164928444358974 ], [ 82.178504921428669, 19.170656208294577 ], [ 82.183883686047153, 19.17372702951376 ], [ 82.177055418873877, 19.181440348552286 ], [ 82.182212849073409, 19.190958022926139 ], [ 82.1689300139723, 19.194862367577265 ], [ 82.163894630427691, 19.200815202772187 ], [ 82.170265214280263, 19.211889270264574 ], [ 82.161544841160477, 19.221429816770616 ], [ 82.15946196844186, 19.22823715820936 ], [ 82.160407961217047, 19.266965863162621 ], [ 82.166954002219512, 19.285682684290677 ], [ 82.177909908415103, 19.296726220546947 ], [ 82.183029174945815, 19.322488781733341 ], [ 82.195579484770917, 19.324924470737482 ], [ 82.189910864835767, 19.328239441252443 ], [ 82.189369130868812, 19.334953312023202 ], [ 82.180213856413275, 19.342634200503309 ], [ 82.150436410779065, 19.351928706481587 ], [ 82.148979117668659, 19.364120495791635 ], [ 82.149726850547736, 19.370838168636336 ], [ 82.155731189139047, 19.375997538980755 ], [ 82.172889688272804, 19.371458068110936 ], [ 82.180061413013888, 19.377401353089965 ], [ 82.180145221633381, 19.38149642614357 ], [ 82.183937049259328, 19.383331299702586 ], [ 82.1826248165397, 19.390911095788159 ], [ 82.186325072007477, 19.399478917591836 ], [ 82.184341398995613, 19.408533081920734 ], [ 82.19129182510359, 19.414407744008688 ], [ 82.192039442685186, 19.425367341162257 ], [ 82.187530582108678, 19.426347717904086 ], [ 82.179809598472559, 19.436069478916441 ], [ 82.174743631292017, 19.436450958894984 ], [ 82.12762449181227, 19.428441993663945 ], [ 82.115783762023042, 19.446231830027397 ], [ 82.115028330677873, 19.458827965982071 ], [ 82.104583772758801, 19.465108869093037 ], [ 82.109519995543081, 19.478355422626766 ], [ 82.109542816903684, 19.49137687667735 ], [ 82.098800622733762, 19.499908460994284 ], [ 82.10121912634024, 19.516088474725887 ], [ 82.07833106776377, 19.522588735307515 ], [ 82.067657537937848, 19.50967981051965 ], [ 82.031173647467995, 19.506633774910867 ], [ 82.033706663078519, 19.513025300260434 ], [ 82.036483799825675, 19.512575149530896 ], [ 82.039138867077696, 19.526674279972493 ], [ 82.049621646101727, 19.531347286522408 ], [ 82.052368201369546, 19.547996504626177 ], [ 82.047180108115199, 19.55930136376324 ], [ 82.052085949236059, 19.5725956005613 ], [ 82.046516362598283, 19.5803966573826 ], [ 82.041839628607846, 19.596229562925966 ], [ 82.048820452741509, 19.606143930193475 ], [ 82.053573587315555, 19.606464353991843 ], [ 82.052650485317628, 19.61589621130549 ], [ 82.061180068765864, 19.628663993409631 ], [ 82.058319112789178, 19.632318479189749 ], [ 82.05971527031393, 19.638177874911854 ], [ 82.054100043533609, 19.645174057220736 ], [ 82.057678197615417, 19.652830141612611 ], [ 82.053634624648325, 19.65813446916632 ], [ 82.056777909367653, 19.667943926628446 ], [ 82.04615026210756, 19.700897194907807 ], [ 82.046356135740211, 19.708259557907635 ], [ 82.052490265971912, 19.718425731460453 ], [ 82.051853544069942, 19.737901406024758 ], [ 82.054660646051374, 19.73636393416426 ], [ 82.055395509030262, 19.742210288838994 ], [ 82.072091472992, 19.746712784114887 ], [ 82.079889459722452, 19.754439021152344 ], [ 82.087992487522953, 19.748176542969151 ], [ 82.093799372398408, 19.753441028569533 ], [ 82.098178576500345, 19.745844999774043 ], [ 82.12243733885191, 19.742743328766895 ], [ 82.13858846213391, 19.734215225747811 ], [ 82.140347359292591, 19.730313587080769 ], [ 82.144737008094125, 19.731150176114209 ], [ 82.15227837645979, 19.726681046183717 ], [ 82.168474529780767, 19.725776640927574 ], [ 82.173220216714981, 19.72907769314325 ], [ 82.178060711087724, 19.725805937422944 ], [ 82.197999675876872, 19.731383465793453 ], [ 82.198306886521721, 19.725582684542562 ], [ 82.207633600607537, 19.722398005866605 ], [ 82.211353354620712, 19.7150054272829 ], [ 82.217271594512155, 19.720496963863408 ], [ 82.233338624957625, 19.71806098322789 ], [ 82.236388890670682, 19.707750381651366 ], [ 82.241116809678147, 19.707505156042842 ], [ 82.245673287300917, 19.700139704538095 ], [ 82.249274361641383, 19.704708389621455 ], [ 82.256765545451316, 19.698771161344499 ], [ 82.260487468789094, 19.699681805808147 ], [ 82.261350506037388, 19.695005427199824 ], [ 82.263644207680784, 19.696673450562741 ], [ 82.265911867039677, 19.693635527582316 ], [ 82.286333009333688, 19.7058279099695 ], [ 82.294810114783971, 19.702914498719242 ], [ 82.315982532330068, 19.709616429878533 ], [ 82.337794326815143, 19.710553929986759 ], [ 82.338272571265108, 19.713207467609823 ], [ 82.346704917357968, 19.7141710088674 ], [ 82.348833009693053, 19.717216799048838 ], [ 82.357361113007201, 19.71763889120081 ], [ 82.362103951076008, 19.725364042827785 ], [ 82.366787708011074, 19.718125247544648 ], [ 82.373860407617997, 19.715858291992731 ], [ 82.374266494720544, 19.710667590666482 ], [ 82.379452583798866, 19.708321670579181 ], [ 82.377780494128061, 19.705836031776727 ], [ 82.381929797719565, 19.705297311070453 ], [ 82.377208294522177, 19.698063462415195 ], [ 82.385283475891043, 19.681388890947773 ], [ 82.382449817495939, 19.67771050579417 ], [ 82.383609485200012, 19.671102703731645 ], [ 82.397866213057029, 19.671096736072975 ], [ 82.398661568641927, 19.666081002911852 ], [ 82.413608399724055, 19.665247940821963 ], [ 82.414412979029592, 19.660257163418354 ], [ 82.42037001029172, 19.656467829583931 ], [ 82.431092124309771, 19.663330622674074 ], [ 82.437667373236337, 19.657368165687991 ], [ 82.444169381121952, 19.661386178050108 ], [ 82.444274361544657, 19.664930286556118 ], [ 82.459425728900257, 19.669106990115527 ], [ 82.465282119490368, 19.652777508552397 ], [ 82.462392037635937, 19.646590171588489 ], [ 82.463608400475067, 19.637497015297185 ], [ 82.47333062263246, 19.626663956384469 ], [ 82.478630101184237, 19.62805284459191 ], [ 82.482493509714871, 19.623704968177538 ], [ 82.492438966642922, 19.624153647771408 ], [ 82.50018337839839, 19.615662708151795 ], [ 82.49083044926499, 19.607224812471141 ], [ 82.494163955923653, 19.604186471144111 ], [ 82.492502735989945, 19.598614007430232 ], [ 82.496109485610802, 19.593324925921895 ], [ 82.503044164448511, 19.591680503278308 ], [ 82.508360733454381, 19.58375325708905 ], [ 82.511924905734077, 19.566957696472628 ], [ 82.516409342732885, 19.564491295694598 ], [ 82.522495932799728, 19.565892742755825 ], [ 82.524179960910359, 19.559424915567835 ], [ 82.52916395573466, 19.560025500985304 ], [ 82.527511811711676, 19.546428125736018 ], [ 82.531377768595817, 19.546119522110224 ], [ 82.533269587489286, 19.541330568690494 ], [ 82.553046605907468, 19.527516549165647 ], [ 82.551900163574487, 19.519522174376636 ], [ 82.559163413503626, 19.515019533068052 ], [ 82.563046889856011, 19.503608941377696 ], [ 82.571203072683417, 19.50576606080536 ], [ 82.57587231865574, 19.501235408790286 ], [ 82.582320965764239, 19.50176649519609 ], [ 82.583047147970277, 19.497780492767681 ], [ 82.591108399963375, 19.492508411166956 ], [ 82.591103517332996, 19.487498102828663 ], [ 82.601067167458666, 19.48602729095596 ], [ 82.600555014954352, 19.476383736923655 ], [ 82.6051798522588, 19.47894368664533 ], [ 82.611386178269143, 19.475811904881468 ], [ 82.609695911136427, 19.474164769893896 ], [ 82.614441733729905, 19.46634277562621 ], [ 82.610827909758996, 19.459998917090651 ], [ 82.618063966806957, 19.454723037761312 ], [ 82.619985896118891, 19.446112197845807 ], [ 82.625275067096467, 19.441119793661663 ], [ 82.621824845191085, 19.435224014881129 ], [ 82.629441733469505, 19.429136828955357 ], [ 82.62635742397363, 19.427514650624843 ], [ 82.629719511336049, 19.421795791712825 ], [ 82.627328913590219, 19.413470173881951 ], [ 82.642092829834837, 19.41333062261733 ], [ 82.642224972055146, 19.410002582297512 ], [ 82.647381729197534, 19.407682835968622 ], [ 82.652361113388977, 19.4107058398383 ], [ 82.662858888678713, 19.403905709420549 ], [ 82.671815322604346, 19.405821941510439 ], [ 82.681386178466738, 19.397875435701689 ], [ 82.681649036354841, 19.394446073972375 ], [ 82.694622940180253, 19.391879342046625 ], [ 82.699997289228094, 19.371081273310466 ], [ 82.69292507769444, 19.361143665089941 ], [ 82.687208118193467, 19.358610027809835 ], [ 82.69055257342626, 19.351941733871019 ], [ 82.699639758827573, 19.347395292486155 ], [ 82.694147951286226, 19.339777019809539 ], [ 82.700286188716419, 19.330288087942584 ], [ 82.693885910876304, 19.326386355619494 ], [ 82.701614314386873, 19.321561416688127 ], [ 82.702940540365461, 19.318905709373404 ], [ 82.699592640161583, 19.317339977503245 ], [ 82.702689074994439, 19.316950956916685 ], [ 82.704986493928089, 19.307219193823162 ], [ 82.713052844744553, 19.306635201303781 ], [ 82.711121963852435, 19.306049264175925 ], [ 82.714465062918208, 19.300155166644988 ], [ 82.718330893709847, 19.298330622321281 ], [ 82.730986058350709, 19.29887749747887 ], [ 82.732775067142867, 19.29416395602545 ], [ 82.738264433567593, 19.292265626711401 ], [ 82.732219247100559, 19.279442046709832 ], [ 82.734513077424282, 19.272481555508236 ], [ 82.741637371521122, 19.26831434612464 ], [ 82.752514107813411, 19.27417480614762 ], [ 82.765025663228741, 19.273609478831315 ], [ 82.779828018752042, 19.277786459840545 ], [ 82.782519533314144, 19.28303765359156 ], [ 82.776947158659809, 19.290574545569971 ], [ 82.778336047624961, 19.294339736782312 ], [ 82.795376792302307, 19.297678495629832 ], [ 82.809499242235049, 19.31448025383003 ], [ 82.831113825895741, 19.31749728951247 ], [ 82.833336860508581, 19.321701326627743 ], [ 82.82237169290697, 19.329626737876278 ], [ 82.828001575574149, 19.328769532904669 ], [ 82.829977215589082, 19.332591690415047 ], [ 82.829136015347771, 19.34524902518816 ], [ 82.843613825867635, 19.350830622575778 ], [ 82.84984266684225, 19.356773547664396 ], [ 82.850397402045857, 19.362275948484577 ], [ 82.845558269905837, 19.371815323078476 ], [ 82.855687122097152, 19.380398765139514 ], [ 82.854165854810702, 19.383636612154628 ], [ 82.846383194409739, 19.385832249998106 ], [ 82.848885907077658, 19.395836048132431 ], [ 82.854447704182732, 19.398331560548588 ], [ 82.854986167718181, 19.405544164390239 ], [ 82.859724937314425, 19.405830622307377 ], [ 82.862252063548894, 19.411941733293741 ], [ 82.86779204291021, 19.407041587552136 ], [ 82.872262914745505, 19.411386178471727 ], [ 82.881635473135091, 19.406494684828861 ], [ 82.890298118849273, 19.406091039056825 ], [ 82.889303116072455, 19.417435440318663 ], [ 82.897219162163708, 19.42083576129334 ], [ 82.901000436355801, 19.435239259908105 ], [ 82.899447701700595, 19.43974175504145 ], [ 82.904373792933342, 19.440785656806685 ], [ 82.896669381757093, 19.450633682633178 ], [ 82.908678658905487, 19.462932944861493 ], [ 82.905896541147087, 19.471062285320144 ], [ 82.911301060948631, 19.473421350105692 ], [ 82.911684572726429, 19.478243274527919 ], [ 82.925008319304354, 19.4802839408914 ], [ 82.921102975022109, 19.486930340777462 ], [ 82.925053984521142, 19.489379613882626 ], [ 82.922780492885423, 19.492351618502074 ], [ 82.925002888507862, 19.498058431507111 ], [ 82.921010472650423, 19.500788576548924 ], [ 82.926663969113221, 19.506391665041356 ], [ 82.928330519202945, 19.514997226204454 ], [ 82.925702856215935, 19.518981122052708 ], [ 82.928744446990919, 19.523194024264161 ], [ 82.922491592763961, 19.528324654585102 ], [ 82.939175077959604, 19.534724936930765 ], [ 82.94083604820554, 19.545156794070341 ], [ 82.947780764038086, 19.548875598325402 ], [ 82.945562339084006, 19.55436008238178 ], [ 82.95389160405503, 19.559997289549361 ], [ 82.949159344716421, 19.566668296479001 ], [ 82.957624477125393, 19.571274662884544 ], [ 82.953336048567678, 19.575018990576712 ], [ 82.957241484537747, 19.590526260562648 ], [ 82.952224937039063, 19.596135798541642 ], [ 82.951947159638834, 19.603345270940309 ], [ 82.958608292245884, 19.622219405206952 ], [ 82.955002715154109, 19.636669381295235 ], [ 82.948058270618375, 19.642855904652833 ], [ 82.947995878845489, 19.656899415937929 ], [ 82.960362957722268, 19.662569717657128 ], [ 82.966081816762113, 19.659702964173313 ], [ 82.972266712580733, 19.667419164332248 ], [ 82.980415030867562, 19.660380531732024 ], [ 82.985047202963329, 19.664457738952215 ], [ 82.99581787329619, 19.663904896116591 ], [ 82.996670195580919, 19.65611029912376 ], [ 82.989725121007311, 19.639169258152858 ], [ 82.99584689926084, 19.635246584034139 ], [ 82.994149579081636, 19.62638889090108 ], [ 83.000251466780071, 19.621430937331226 ], [ 82.998338761106325, 19.616623266173264 ], [ 83.002238772005001, 19.610473363504493 ], [ 83.006092124749017, 19.61027506692735 ], [ 83.008307565344921, 19.603602161417044 ], [ 83.014881682266463, 19.598844628204787 ], [ 83.019015029930785, 19.60249457704294 ], [ 83.022988283789871, 19.595608454639518 ], [ 83.034180232409327, 19.590819501114677 ], [ 83.053025718512927, 19.593330622876827 ], [ 83.059169212692964, 19.590558401683609 ], [ 83.075237632690303, 19.590865073660282 ] ] ], [ [ [ 81.923824871170666, 20.060548233558443 ], [ 81.933064372915382, 20.059736601982124 ], [ 81.936092123910271, 20.054724937321797 ], [ 81.940820042522176, 20.055852867046308 ], [ 81.944441733320005, 20.051823461616099 ], [ 81.942266575637433, 20.048878582933426 ], [ 81.946985950005754, 20.045280492646402 ], [ 81.954180638424745, 20.050825197592573 ], [ 81.957835830460354, 20.04206190564793 ], [ 81.961663955212629, 20.04029351348791 ], [ 81.95111382533436, 20.031308867560792 ], [ 81.962454428599202, 20.028028431310872 ], [ 81.962355687390826, 20.022227921025504 ], [ 81.975002985345412, 20.015010039412473 ], [ 81.971102703293539, 20.008613826019349 ], [ 81.976300457333494, 20.004658476681719 ], [ 81.973047012048752, 19.998056642757405 ], [ 81.978183323928661, 19.991628963036423 ], [ 81.976648086205714, 19.988891332425073 ], [ 81.989010825091668, 19.99001654971978 ], [ 82.002950983631692, 19.977510581911709 ], [ 82.008805204327544, 19.976840280140383 ], [ 82.01200805819505, 19.981941734007922 ], [ 82.016913250081686, 19.975003528710314 ], [ 82.022459175577481, 19.976663956199353 ], [ 82.021113825286378, 19.971418730688772 ], [ 82.027034099858597, 19.967056208884024 ], [ 82.025808242561396, 19.955575360427222 ], [ 82.030405546103523, 19.953900013001906 ], [ 82.026956517315341, 19.95128608095413 ], [ 82.031137154353004, 19.948359377395793 ], [ 82.029408231847285, 19.932503528823247 ], [ 82.051982694784186, 19.940007597837958 ], [ 82.055809658905787, 19.947407958161772 ], [ 82.060562745760578, 19.946045195461842 ], [ 82.068975560395216, 19.93548692714273 ], [ 82.072918024466588, 19.937772354677822 ], [ 82.080529650995345, 19.935838761072901 ], [ 82.094110787109372, 19.942494576947897 ], [ 82.099834664009663, 19.935300837691166 ], [ 82.103356528249748, 19.935028485300915 ], [ 82.102470026454881, 19.921049264513446 ], [ 82.108524442732673, 19.922422419951332 ], [ 82.112706300515001, 19.91815240029208 ], [ 82.10898220657451, 19.91569309035388 ], [ 82.110560846761899, 19.910272354824283 ], [ 82.101083850383276, 19.905005156508551 ], [ 82.110016277572896, 19.894737686857791 ], [ 82.108978001969874, 19.885946454141049 ], [ 82.112216527138585, 19.878884008458666 ], [ 82.118454184483255, 19.873060983166404 ], [ 82.123031685558516, 19.87313205517659 ], [ 82.123063559563548, 19.862713761031831 ], [ 82.116949735768287, 19.856268177115137 ], [ 82.117213407534322, 19.850618220478673 ], [ 82.112785646024818, 19.848113880145551 ], [ 82.10989474987602, 19.840124785365006 ], [ 82.114194202044246, 19.834722224572541 ], [ 82.108534344088142, 19.82584689883738 ], [ 82.090283069057548, 19.820611438767155 ], [ 82.093034669522908, 19.812546660081576 ], [ 82.086409235489739, 19.810652942610989 ], [ 82.082783476073544, 19.798883737036668 ], [ 82.076909452433, 19.792047528237909 ], [ 82.072277833542429, 19.789985624981711 ], [ 82.06447998206248, 19.793327910210305 ], [ 82.063808431619265, 19.790974372946085 ], [ 82.061370915920236, 19.795881298950128 ], [ 82.056198063201691, 19.791595466146447 ], [ 82.050750786031486, 19.795736340704792 ], [ 82.034690813586678, 19.796567936632773 ], [ 82.011978083737432, 19.803300870713212 ], [ 81.997680720543144, 19.795278535050063 ], [ 81.988586419694897, 19.799535738664524 ], [ 81.967025779756653, 19.836223619741769 ], [ 81.970214896442513, 19.858579626697807 ], [ 81.943817202362013, 19.871585869538574 ], [ 81.90643305672738, 19.883560196068629 ], [ 81.871467583363369, 19.900970400522038 ], [ 81.855216953489531, 19.917299271844303 ], [ 81.858848631421964, 19.945144658940702 ], [ 81.846908560864662, 19.950731307420106 ], [ 81.847022947951658, 19.95786667601288 ], [ 81.856849696191034, 19.970979685295649 ], [ 81.862266529393679, 20.004392625715194 ], [ 81.867477423018329, 20.01025008041519 ], [ 81.86631005627018, 20.02597426809568 ], [ 81.870452824801262, 20.031829767962218 ], [ 81.871231124150739, 20.040597930788255 ], [ 81.877899198256074, 20.04992106727434 ], [ 81.889060997188167, 20.043153765101682 ], [ 81.897537284471539, 20.047441484603535 ], [ 81.903625460946643, 20.057905213532401 ], [ 81.919260844210413, 20.07287094763754 ], [ 81.921119386033155, 20.070286189394139 ], [ 81.918777128216689, 20.06457763921301 ], [ 81.923824871170666, 20.060548233558443 ] ] ] ] } },
{ "type": "Feature", "properties": { "BASIN_NAME": "Jambhira", "AREA": 1779.0635978400001, "OBJECTID": 8 }, "geometry": { "type": "Polygon", "coordinates": [ [ [ 86.80300586090506, 22.117434957753815 ], [ 86.820274205405937, 22.115432718901967 ], [ 86.827819811055392, 22.118082040198193 ], [ 86.837852601717344, 22.0976735100238 ], [ 86.845611853242346, 22.096025438284602 ], [ 86.849365481000603, 22.10018152860933 ], [ 86.851600516053423, 22.099062097163454 ], [ 86.851951782784639, 22.102853687201179 ], [ 86.906997943831399, 22.091743317871519 ], [ 86.93759177456063, 22.089965923923611 ], [ 86.946494859770795, 22.085579053179195 ], [ 86.96019747800726, 22.087949802438821 ], [ 86.96815471744975, 22.084571889998873 ], [ 86.973907285167613, 22.077640541988224 ], [ 86.974441241550053, 22.071468307611447 ], [ 86.995452835421091, 22.053016789880541 ], [ 87.016242927467133, 22.047071472387302 ], [ 87.029045289519303, 22.036275928895844 ], [ 87.024391478442524, 22.018802704366045 ], [ 87.034545860800577, 21.993741954657985 ], [ 87.032829501525057, 21.982732812567885 ], [ 87.023742832208654, 21.972154613403216 ], [ 87.018089524732702, 21.954353192331236 ], [ 87.008010936634633, 21.939828982060956 ], [ 87.008026201953726, 21.927402439019897 ], [ 87.004684674042622, 21.925271927937651 ], [ 87.006431649978381, 21.920541791134237 ], [ 87.002807412232627, 21.913059336902013 ], [ 87.011902076818146, 21.899118541969017 ], [ 87.025932148901504, 21.889404301257002 ], [ 87.029525761261098, 21.874807293061977 ], [ 87.03526282249635, 21.869587062702088 ], [ 87.06414026171494, 21.864570696958879 ], [ 87.10018900793655, 21.865882891890916 ], [ 87.097297937571867, 21.874568802115213 ], [ 87.100776954403216, 21.891498450821377 ], [ 87.091811886323498, 21.899723163169835 ], [ 87.092102136221598, 21.904537176906715 ], [ 87.099815365364975, 21.915186058437534 ], [ 87.105140706760906, 21.915920182619971 ], [ 87.107688871985772, 21.922391810249103 ], [ 87.126533429227379, 21.925899632499291 ], [ 87.136283918856833, 21.922659005721574 ], [ 87.140960400525401, 21.911256709136193 ], [ 87.136329679505792, 21.900968420708054 ], [ 87.13876788680308, 21.879513427504087 ], [ 87.157640351818841, 21.855240088121857 ], [ 87.158437796136184, 21.833962797422782 ], [ 87.166847216598683, 21.814207904761012 ], [ 87.168514598638652, 21.799563913775348 ], [ 87.15822030749176, 21.782636325733716 ], [ 87.152638194462583, 21.735913282215684 ], [ 87.137571700675707, 21.726571926605253 ], [ 87.151519849090235, 21.721786457905996 ], [ 87.170265330678461, 21.706725985081096 ], [ 87.189300504232222, 21.670404551006573 ], [ 87.218506024342247, 21.6396771442699 ], [ 87.23246005466018, 21.611789774397412 ], [ 87.247291525146707, 21.567436172607749 ], [ 87.248485868315569, 21.551302857188926 ], [ 87.204887686003516, 21.542621648694571 ], [ 87.201095841139505, 21.545433168091144 ], [ 87.196274000414689, 21.539943747560098 ], [ 87.167228881929063, 21.530036987426371 ], [ 87.127151392833667, 21.510778568786282 ], [ 87.122871219910749, 21.5116120727698 ], [ 87.119728265388787, 21.51673113130504 ], [ 87.116012604514353, 21.50576596997999 ], [ 87.108039897704373, 21.49906343211515 ], [ 87.075683380530506, 21.514825837663015 ], [ 87.024956033490611, 21.565443026403532 ], [ 86.98617164527397, 21.593150775008084 ], [ 86.95550559116657, 21.643384972619835 ], [ 86.951927447906897, 21.661676297266659 ], [ 86.947607738784484, 21.668358439084169 ], [ 86.890380989260208, 21.682701222836268 ], [ 86.883839864568159, 21.688428831190123 ], [ 86.859527750546022, 21.726394735141767 ], [ 86.842002870997248, 21.742662502213904 ], [ 86.821230240961739, 21.794770527066113 ], [ 86.818512007816793, 21.823423426423517 ], [ 86.825843975522815, 21.845787084151087 ], [ 86.82621767472844, 21.863697092421528 ], [ 86.820381335562956, 21.876517568463434 ], [ 86.797836441713827, 21.896375561563605 ], [ 86.787811399603868, 21.924942013507923 ], [ 86.788871578076325, 21.955566392066288 ], [ 86.798209905080839, 21.975582070783378 ], [ 86.796394135968526, 21.992240933919852 ], [ 86.791191164540422, 22.001697593314219 ], [ 86.780945015677915, 22.010498038184899 ], [ 86.774650755149821, 22.023698843359305 ], [ 86.765647918636546, 22.030332657315988 ], [ 86.762992871812187, 22.041273021373947 ], [ 86.753341924427474, 22.052785984987228 ], [ 86.749374689758739, 22.081798627691406 ], [ 86.729756462353436, 22.117360195343348 ], [ 86.757055120404175, 22.12705512004586 ], [ 86.770221598935194, 22.135007241113666 ], [ 86.783672551608305, 22.137283212369557 ], [ 86.797137596031931, 22.131191745942932 ], [ 86.80300586090506, 22.117434957753815 ] ] ] } },
{ "type": "Feature", "properties": { "BASIN_NAME": "Kolab", "AREA": 10246.223265299999, "OBJECTID": 9 }, "geometry": { "type": "Polygon", "coordinates": [ [ [ 83.004124628902716, 18.826316061622173 ], [ 83.002491321847003, 18.822214085746428 ], [ 83.00668131764516, 18.807825522291218 ], [ 82.999880373520355, 18.802831490159502 ], [ 83.008050132591123, 18.80098578693956 ], [ 83.007537437225636, 18.797483725770217 ], [ 83.003338490238463, 18.788049589258808 ], [ 82.998023006132826, 18.785342340783885 ], [ 82.998938804449224, 18.779835070709922 ], [ 82.99618408435613, 18.776394315936056 ], [ 82.990529516376782, 18.77836480176807 ], [ 82.990608183913452, 18.7731027575459 ], [ 82.993784596667652, 18.767231682039636 ], [ 83.00322835488835, 18.763089194502673 ], [ 83.004340940081278, 18.758062922314036 ], [ 83.011853572133091, 18.763606229520338 ], [ 83.019008033246081, 18.759934578140026 ], [ 83.024578181300313, 18.767800023494544 ], [ 83.032141929287889, 18.767838543002398 ], [ 83.047787274375324, 18.753057184925005 ], [ 83.04861382602661, 18.735029840876237 ], [ 83.052775067640184, 18.731685656512663 ], [ 83.051952584763043, 18.727791885160737 ], [ 83.039192711083174, 18.723358291080732 ], [ 83.038259822413167, 18.717895509252987 ], [ 83.027644316239474, 18.708409831940745 ], [ 83.014835072024169, 18.707429471976742 ], [ 83.006428767746087, 18.711440973933911 ], [ 82.997166072296665, 18.693802084567274 ], [ 82.981093481140377, 18.675011394642461 ], [ 82.98299370876272, 18.670591906371826 ], [ 82.994753420416302, 18.667217883615358 ], [ 83.002599286682369, 18.650898438816185 ], [ 83.015275067507915, 18.649037544470268 ], [ 83.013047419946972, 18.645290799992789 ], [ 83.018065051935764, 18.634705404632836 ], [ 83.006669382010486, 18.622219510601127 ], [ 82.998896486728611, 18.619200847584121 ], [ 82.981953126961386, 18.59666178533621 ], [ 82.966941734184999, 18.596113824957044 ], [ 82.959380699144916, 18.591415474198797 ], [ 82.961498211917501, 18.580877279881189 ], [ 82.982699926339308, 18.57651530085726 ], [ 82.986371259265667, 18.573804797020664 ], [ 82.987219512015017, 18.566151802680018 ], [ 82.983058270383196, 18.561386177651759 ], [ 82.978584257750981, 18.561131728560248 ], [ 82.978607044544091, 18.555553386501142 ], [ 82.984713272788213, 18.553352865718246 ], [ 82.987140573355646, 18.546016168782231 ], [ 82.980002715341655, 18.533085395997198 ], [ 82.983172745681088, 18.523194445760048 ], [ 82.975275067288933, 18.52139160262708 ], [ 82.96146701588961, 18.50809950178332 ], [ 82.966119522876468, 18.503327366583171 ], [ 82.96863661264193, 18.493330621768219 ], [ 82.961652563403646, 18.489162870066746 ], [ 82.962133248731519, 18.484641928262707 ], [ 82.956504993520909, 18.479038629658902 ], [ 82.955540909485038, 18.472713217219351 ], [ 82.924818092967826, 18.461640253829753 ], [ 82.915027942869997, 18.448493924350583 ], [ 82.908231610111841, 18.4324300142505 ], [ 82.884452836144618, 18.420244219027719 ], [ 82.878334181434354, 18.421081538968046 ], [ 82.872474793414241, 18.417566282001715 ], [ 82.858116235222781, 18.424629199636687 ], [ 82.853798051398428, 18.418693522937236 ], [ 82.847663918501567, 18.432407374347367 ], [ 82.832237222924277, 18.441938395895988 ], [ 82.825149447833738, 18.442895901361549 ], [ 82.824058643933384, 18.447238906265952 ], [ 82.816101128826887, 18.450231563320909 ], [ 82.804511943275415, 18.448551168197763 ], [ 82.783683915919156, 18.43003655961666 ], [ 82.784561168443872, 18.421281813648449 ], [ 82.788719258343008, 18.41882895660385 ], [ 82.788223335504952, 18.410120017084271 ], [ 82.801262012696455, 18.405746443666537 ], [ 82.793525668350881, 18.395629875010325 ], [ 82.795661927342678, 18.385358794741009 ], [ 82.784248270811361, 18.381040580267186 ], [ 82.789787185981666, 18.372943853630385 ], [ 82.792282152863336, 18.361635178443567 ], [ 82.779464773262703, 18.349597914648371 ], [ 82.776290941520642, 18.339412665848677 ], [ 82.767143213310305, 18.335191760979797 ], [ 82.761192257783364, 18.338279739756249 ], [ 82.761749197019526, 18.333267212675857 ], [ 82.757133517478579, 18.328846011726842 ], [ 82.744438142261743, 18.3286513960173 ], [ 82.740371639144982, 18.325891515959913 ], [ 82.742782668218169, 18.321859352288634 ], [ 82.735923804872257, 18.319253954634252 ], [ 82.726310809748284, 18.323654151766302 ], [ 82.718337875959818, 18.322223686260955 ], [ 82.710884143695665, 18.315683393868216 ], [ 82.711303657615431, 18.312438990206115 ], [ 82.703590258615378, 18.309917445055948 ], [ 82.696457000615126, 18.311512002743871 ], [ 82.69382470953407, 18.306695906406699 ], [ 82.683502243039626, 18.302223194937557 ], [ 82.677620006629354, 18.305519090547815 ], [ 82.668525755043888, 18.297306025030089 ], [ 82.658706773331318, 18.295526530027665 ], [ 82.653007363079411, 18.301002516749517 ], [ 82.644828810948368, 18.301628140794541 ], [ 82.642608523003346, 18.295316700566708 ], [ 82.645629828640864, 18.287216165089905 ], [ 82.654052867552522, 18.280132315412285 ], [ 82.651000999693338, 18.273145705295896 ], [ 82.643737681687711, 18.268840813680931 ], [ 82.644119365250887, 18.26309392702106 ], [ 82.651275707951342, 18.257316596197374 ], [ 82.650543221529915, 18.246984448780456 ], [ 82.640335023908165, 18.236351001716212 ], [ 82.633590787207311, 18.238601681293162 ], [ 82.614341623496557, 18.25837896235749 ], [ 82.606025553721054, 18.263704292038305 ], [ 82.598716868826472, 18.264148705345463 ], [ 82.597793505320098, 18.273355496609657 ], [ 82.589614894288957, 18.275295285271156 ], [ 82.589744560301057, 18.279390311043937 ], [ 82.593681438687767, 18.280097935734673 ], [ 82.595748872663378, 18.284797691550136 ], [ 82.593192934032032, 18.289562261851184 ], [ 82.597068688694165, 18.291130086065628 ], [ 82.596481357223198, 18.297161109172897 ], [ 82.600166461597595, 18.303686166014451 ], [ 82.597274920142283, 18.309600828237741 ], [ 82.587188608892291, 18.307750690549504 ], [ 82.583000040970489, 18.314926117158532 ], [ 82.585388036412937, 18.318819066763577 ], [ 82.589858968805956, 18.317310322618354 ], [ 82.596473767566238, 18.327905671941821 ], [ 82.603866642367137, 18.324632618653158 ], [ 82.610252398490999, 18.326114626690273 ], [ 82.612854055458598, 18.332347875217128 ], [ 82.604416024943163, 18.343957922864156 ], [ 82.604004010438359, 18.351326017109425 ], [ 82.616073706520098, 18.350154909688712 ], [ 82.622741686636061, 18.359228120728798 ], [ 82.607658293979412, 18.365014998256722 ], [ 82.605072046359936, 18.371185269885135 ], [ 82.607101509894875, 18.3806400293774 ], [ 82.601226725662286, 18.378757475742859 ], [ 82.596458356855294, 18.387987163777144 ], [ 82.589866754397761, 18.390235898180112 ], [ 82.58528895590608, 18.385831862647823 ], [ 82.577438235399995, 18.395116814272161 ], [ 82.572677691045612, 18.393671039757724 ], [ 82.56430057218563, 18.398693071604793 ], [ 82.556045542281396, 18.393039717642264 ], [ 82.553939912924633, 18.396724702551825 ], [ 82.542289754601043, 18.398429861761372 ], [ 82.536789003102598, 18.405557619531205 ], [ 82.548683227336426, 18.411775595353554 ], [ 82.545127984065417, 18.412694931579335 ], [ 82.543159344419379, 18.420917510623134 ], [ 82.547202977401824, 18.421794905599558 ], [ 82.547401448151419, 18.427175527053489 ], [ 82.553443791409052, 18.427829752916544 ], [ 82.552726804219276, 18.433765410910368 ], [ 82.563270520318483, 18.446563726438409 ], [ 82.555656459614582, 18.45410347172735 ], [ 82.549911538192774, 18.452236180863746 ], [ 82.544044489415711, 18.456708918462891 ], [ 82.545929075759645, 18.448474888172584 ], [ 82.541137650625913, 18.443044665869134 ], [ 82.53547673553814, 18.456916816151942 ], [ 82.529090958298298, 18.459058745933461 ], [ 82.529998917611934, 18.463291169619652 ], [ 82.521140957104265, 18.465105048355053 ], [ 82.53564461975958, 18.47667311402359 ], [ 82.529487524873019, 18.480129239668877 ], [ 82.534713833448293, 18.487346638554705 ], [ 82.52820573471331, 18.495201114963624 ], [ 82.53244793480124, 18.500106824059142 ], [ 82.529243478005483, 18.505186076725927 ], [ 82.534438957126682, 18.511114111866842 ], [ 82.522407668922128, 18.517612448774706 ], [ 82.513961773854362, 18.517698276913926 ], [ 82.506050114358587, 18.513355261902976 ], [ 82.494949201821967, 18.524044051354743 ], [ 82.488822881675389, 18.526027675186324 ], [ 82.489547830130974, 18.531305318936731 ], [ 82.483543489857198, 18.539619444157513 ], [ 82.495658778991398, 18.542720812257244 ], [ 82.489143403019668, 18.548765188510693 ], [ 82.475082380363261, 18.540521610744772 ], [ 82.463127185814955, 18.524490343872777 ], [ 82.447898915987537, 18.513608935994672 ], [ 82.435867306981294, 18.49789621144847 ], [ 82.439346329106897, 18.49361991583503 ], [ 82.433265680735701, 18.485733044846963 ], [ 82.405822825345709, 18.463891977355662 ], [ 82.397437984705192, 18.448093423105405 ], [ 82.388069093874577, 18.443710313864873 ], [ 82.383506799340793, 18.431362140821872 ], [ 82.366073664240133, 18.420785895803338 ], [ 82.381835998702584, 18.401311860633399 ], [ 82.383033706054789, 18.389215437810204 ], [ 82.387214589426193, 18.385252025243233 ], [ 82.386947594312161, 18.365680662109185 ], [ 82.365951467528674, 18.351427105472872 ], [ 82.364563001411256, 18.343254065230827 ], [ 82.351753213105596, 18.330467230623803 ], [ 82.340019176049509, 18.325199120437972 ], [ 82.350814795526389, 18.31570816581911 ], [ 82.358329845187782, 18.315004379538809 ], [ 82.366134678528397, 18.317539248458598 ], [ 82.376709027102279, 18.327014948210785 ], [ 82.389900161774378, 18.327228574179195 ], [ 82.393791234576597, 18.324998869593802 ], [ 82.396430932590476, 18.314311959413921 ], [ 82.393234294484841, 18.308954265366257 ], [ 82.393997233088214, 18.297584513004924 ], [ 82.377929705720035, 18.279809960992992 ], [ 82.367469861138233, 18.276659033571466 ], [ 82.359725943801706, 18.280530937871998 ], [ 82.345901558422128, 18.279048890317107 ], [ 82.341247587919753, 18.261875167759285 ], [ 82.338264457969302, 18.260540028072704 ], [ 82.338188143148201, 18.239953999061743 ], [ 82.328109752203076, 18.235271483378707 ], [ 82.326103160147483, 18.230733874123715 ], [ 82.338546725107321, 18.223289488083847 ], [ 82.325874266954031, 18.209051162388285 ], [ 82.312843286737646, 18.203126908354339 ], [ 82.31759650536101, 18.183011989617984 ], [ 82.338874791188132, 18.171426789338934 ], [ 82.354896471809511, 18.17078778948575 ], [ 82.37364201076555, 18.147729890744753 ], [ 82.370025564768511, 18.137390127816513 ], [ 82.365432692544957, 18.134010291126945 ], [ 82.343337950458164, 18.149448365691072 ], [ 82.340438872487042, 18.146289815284636 ], [ 82.343895015247412, 18.136003467167978 ], [ 82.335975615906989, 18.125646565059032 ], [ 82.337387028859197, 18.105667095244566 ], [ 82.340774496591308, 18.09812734157217 ], [ 82.34865572105285, 18.097707735843802 ], [ 82.35133357202136, 18.086292290884884 ], [ 82.348968488884353, 18.079999818199092 ], [ 82.353034956982668, 18.074495321037713 ], [ 82.345581088222829, 18.057376834092889 ], [ 82.339263918690932, 18.05202863611845 ], [ 82.33450310600935, 18.051237186062863 ], [ 82.329338129793541, 18.058546030359445 ], [ 82.321525543736456, 18.057117476001274 ], [ 82.324096725469389, 18.047996509964722 ], [ 82.322189331269769, 18.044233334583737 ], [ 82.31853478188745, 18.046783468572777 ], [ 82.309997579841749, 18.044269581618348 ], [ 82.312423693885179, 18.053352330795001 ], [ 82.300567554472678, 18.054603585584861 ], [ 82.302284184461158, 18.063064557661917 ], [ 82.306816059094956, 18.066385303383147 ], [ 82.305328389990748, 18.068252548704109 ], [ 82.293167122380822, 18.067750914758921 ], [ 82.289985719621185, 18.062471414337942 ], [ 82.284957851194093, 18.063791245102351 ], [ 82.273864762333972, 18.056137003917737 ], [ 82.270843471987533, 18.044860848637029 ], [ 82.263305605274425, 18.041204447226914 ], [ 82.270637441378724, 18.033683794598261 ], [ 82.275192294404448, 18.021278410041248 ], [ 82.26835635322081, 17.99728581141245 ], [ 82.227569569241112, 17.999172184948616 ], [ 82.211097657960451, 18.008939750356603 ], [ 82.207031318284976, 18.012809829696316 ], [ 82.207252439157415, 18.017755487969495 ], [ 82.188507062597338, 18.014389066993857 ], [ 82.180931109666489, 18.019708673647504 ], [ 82.185783458508254, 18.029026057044334 ], [ 82.170349068251355, 18.050798438631613 ], [ 82.154670696366708, 18.047206851984047 ], [ 82.148086549417314, 18.050832724895781 ], [ 82.139167805236625, 18.043146154522173 ], [ 82.134796126167259, 18.059022824374846 ], [ 82.126831009014509, 18.058874131655966 ], [ 82.122024470510965, 18.062858494185118 ], [ 82.103332543899512, 18.059610398453028 ], [ 82.097801184387961, 18.062648740123333 ], [ 82.097656248451059, 18.066415758887999 ], [ 82.078086806141243, 18.074371283962364 ], [ 82.065460197103633, 18.054941183676195 ], [ 82.041542105562286, 18.05661585851459 ], [ 82.039657602378981, 18.065677619095428 ], [ 82.03442378633801, 18.068412751612072 ], [ 82.009345968623776, 18.055484779940738 ], [ 82.007797273373626, 18.045591379998015 ], [ 82.013000496135362, 18.034376128992317 ], [ 82.011306788405733, 18.029777512980232 ], [ 81.997627277692843, 18.027437111791766 ], [ 81.994712777208363, 18.019794456809691 ], [ 81.983863795304444, 18.016485226988745 ], [ 81.964843758667755, 17.998315822913725 ], [ 81.948387131115155, 17.994861575447967 ], [ 81.938362155177458, 17.989166282457173 ], [ 81.919998202048163, 17.989561108638135 ], [ 81.905471807814124, 17.975667941029556 ], [ 81.895927446203984, 17.975400930215478 ], [ 81.871475216779544, 17.963495267244273 ], [ 81.813446082473405, 17.951158533275574 ], [ 81.803245507076738, 17.942405730259502 ], [ 81.791870178137046, 17.919925719110431 ], [ 81.780525161728562, 17.911586751307169 ], [ 81.773056042886566, 17.911428417877943 ], [ 81.76737212411436, 17.902690898736815 ], [ 81.726776083202935, 17.877534937976964 ], [ 81.709449805536252, 17.872161867540861 ], [ 81.701454234248871, 17.900068315189273 ], [ 81.68830114407136, 17.885206202943738 ], [ 81.672111478981535, 17.885707843311703 ], [ 81.663497914434586, 17.879564294338845 ], [ 81.655815114433977, 17.867258078881864 ], [ 81.653182951286283, 17.853422193593751 ], [ 81.642997772148505, 17.83992391360346 ], [ 81.632415776914911, 17.831972156794485 ], [ 81.624160800627664, 17.832590104093583 ], [ 81.618919396710567, 17.82161904804493 ], [ 81.595771773945756, 17.833501826743536 ], [ 81.576927216704149, 17.83660878363882 ], [ 81.565895141949568, 17.824945362082055 ], [ 81.532211285670883, 17.822029081029569 ], [ 81.522781369643226, 17.815958020810928 ], [ 81.493026788923316, 17.811519644546042 ], [ 81.488388019603704, 17.813280126308602 ], [ 81.477699303305286, 17.836507797134246 ], [ 81.446128837708528, 17.8240528217746 ], [ 81.435005153745962, 17.830556949109493 ], [ 81.41721342738326, 17.812530488551705 ], [ 81.402839731946202, 17.819845220705826 ], [ 81.392890941776812, 17.815303769967677 ], [ 81.390785290957481, 17.828556073932187 ], [ 81.40493772979714, 17.850204457986081 ], [ 81.396621743930382, 17.866317831479478 ], [ 81.40121453908904, 17.890224424586847 ], [ 81.405303962601423, 17.894205019775981 ], [ 81.413528431301344, 17.893444087949558 ], [ 81.43751527130388, 17.879665346935454 ], [ 81.44711298948836, 17.885244359135907 ], [ 81.454605106820352, 17.905580526883508 ], [ 81.451087888171941, 17.930513400398063 ], [ 81.461517401841775, 17.951116582561301 ], [ 81.474349907668284, 17.960123086177926 ], [ 81.48451237920078, 17.976417525933037 ], [ 81.47940062467751, 17.986793503320413 ], [ 81.484748787503904, 18.025867484555075 ], [ 81.481369011083331, 18.039533587413199 ], [ 81.482444783353387, 18.050870868417086 ], [ 81.496849131574081, 18.067911117174241 ], [ 81.514900280281552, 18.097425435390161 ], [ 81.515281647685896, 18.13742255984543 ], [ 81.520423866813871, 18.147104269871075 ], [ 81.527664124869631, 18.15230562525721 ], [ 81.525283866139461, 18.165082927434359 ], [ 81.520896848246323, 18.173038491928647 ], [ 81.51175690230788, 18.178802517955454 ], [ 81.509376494749361, 18.186382310603157 ], [ 81.517303512477298, 18.211757640781777 ], [ 81.531593304840825, 18.238784766792772 ], [ 81.527244612320317, 18.256971336471519 ], [ 81.537406925944879, 18.267688722597693 ], [ 81.553901730475332, 18.26878738466251 ], [ 81.565803470936515, 18.273847585795234 ], [ 81.594413736246963, 18.299373619786991 ], [ 81.600181574237482, 18.308248541813189 ], [ 81.616638149337888, 18.305799462869274 ], [ 81.653945879449992, 18.320751171686197 ], [ 81.663856573129365, 18.320219018919381 ], [ 81.663902230547137, 18.324005126389604 ], [ 81.651474050816461, 18.334861758790183 ], [ 81.653358505425786, 18.339899064663772 ], [ 81.660934501235616, 18.345218640926767 ], [ 81.751991298034824, 18.351280213562209 ], [ 81.770835852570855, 18.416688908375981 ], [ 81.857200600561427, 18.490186705089279 ], [ 81.858367891131422, 18.506813039054428 ], [ 81.869766229930732, 18.523704531447322 ], [ 81.88211057833864, 18.52465439022685 ], [ 81.890502875954979, 18.536880498944559 ], [ 81.90215299042481, 18.533924109583378 ], [ 81.910507145808211, 18.53678131234382 ], [ 81.90278631108248, 18.547319406715737 ], [ 81.910179123315103, 18.55167007586784 ], [ 81.90737154006122, 18.562356951291292 ], [ 81.911499075270214, 18.564508452935403 ], [ 81.912429824862997, 18.569845192777773 ], [ 81.922645564589985, 18.571598056210483 ], [ 81.930900611261464, 18.565017701165946 ], [ 81.952636681856177, 18.569187158916343 ], [ 81.955368101457751, 18.582586278779488 ], [ 81.965522750845636, 18.589527139025023 ], [ 81.962455692078791, 18.595611587075204 ], [ 81.939941376725997, 18.603557583720615 ], [ 81.930473356625953, 18.6179179974839 ], [ 81.91091154869892, 18.627031318438711 ], [ 81.896469042921964, 18.628122315551671 ], [ 81.900787335735586, 18.633934038035921 ], [ 81.895927374590656, 18.640481953737812 ], [ 81.900238020715676, 18.651857373636314 ], [ 81.895500198162424, 18.656469340875024 ], [ 81.903419537516669, 18.659965514278348 ], [ 81.923980786982426, 18.641672151244236 ], [ 81.949638310712416, 18.642427460811312 ], [ 81.95649722751979, 18.66273880905424 ], [ 81.970405583601305, 18.672418606150764 ], [ 81.962448059798859, 18.687175739993208 ], [ 81.971862819755003, 18.697383883836498 ], [ 81.989723226373542, 18.703948974612292 ], [ 81.996864351701404, 18.703481677246252 ], [ 82.007629450751182, 18.713472366274477 ], [ 82.011085482353565, 18.711399085966118 ], [ 82.019950908528301, 18.718530657294284 ], [ 82.033073425686439, 18.722257616414012 ], [ 82.049942006514442, 18.719991681820794 ], [ 82.056335467408573, 18.721925733636045 ], [ 82.06384279251651, 18.717559815826323 ], [ 82.06999975147302, 18.724985120809805 ], [ 82.087028541470843, 18.717342379193372 ], [ 82.09492493407447, 18.743947973919056 ], [ 82.090454081739011, 18.758159636429895 ], [ 82.092155523712677, 18.763570789865899 ], [ 82.11148827382253, 18.764524461965113 ], [ 82.121147121320973, 18.768888471309435 ], [ 82.134941119947754, 18.764801026435126 ], [ 82.133064277096693, 18.769355770185044 ], [ 82.135848980911021, 18.779575355248536 ], [ 82.14351652475456, 18.777921684665941 ], [ 82.160812322258948, 18.785346988790717 ], [ 82.161849927127506, 18.793748849372783 ], [ 82.167602485913363, 18.798679351013309 ], [ 82.158653233117022, 18.803655616018666 ], [ 82.163353011246855, 18.811172478531589 ], [ 82.168243469625395, 18.812864304984153 ], [ 82.162467930629134, 18.818874360047484 ], [ 82.170768753800417, 18.836053855435388 ], [ 82.167602488938599, 18.842660901361494 ], [ 82.168975835161547, 18.851968762298448 ], [ 82.16444404374802, 18.853767395676616 ], [ 82.161971986698731, 18.860328674975307 ], [ 82.166725184847863, 18.86365318205203 ], [ 82.169410718891399, 18.872867581108284 ], [ 82.162605248706271, 18.878669736357324 ], [ 82.167533804675188, 18.882104877659923 ], [ 82.171547005705349, 18.880517961400876 ], [ 82.178665134222626, 18.88601112141945 ], [ 82.177200292443487, 18.898715972668061 ], [ 82.182945317371633, 18.905540468522101 ], [ 82.194374070466736, 18.90654564072377 ], [ 82.21981806843057, 18.921476364233548 ], [ 82.233497688568974, 18.91831588729374 ], [ 82.238349852497677, 18.913469314398064 ], [ 82.247871356023424, 18.918066024444634 ], [ 82.234752316584078, 19.009726295275946 ], [ 82.25778306907219, 19.013605687320499 ], [ 82.260272489488585, 19.020283204759338 ], [ 82.277711861385313, 19.0281656916979 ], [ 82.278349068701758, 19.035260418098328 ], [ 82.274727513729644, 19.037579211560661 ], [ 82.278883737039592, 19.043617080856791 ], [ 82.289837241362179, 19.035764433020443 ], [ 82.303200685034497, 19.044161243163508 ], [ 82.311372614411326, 19.040561524930425 ], [ 82.323716364348556, 19.042772354248434 ], [ 82.328338217982633, 19.040827367090888 ], [ 82.332444120999952, 19.043883465259292 ], [ 82.338131241398614, 19.041767579794172 ], [ 82.342760689773201, 19.045539823761676 ], [ 82.340056967801218, 19.049875761075679 ], [ 82.342616647148589, 19.070237631640733 ], [ 82.348262263059425, 19.068597549209748 ], [ 82.354716798976995, 19.081116538232347 ], [ 82.359167753743449, 19.082509767210347 ], [ 82.362217070301995, 19.079695097333229 ], [ 82.365055611561857, 19.087482640480268 ], [ 82.369437664724558, 19.088735353371305 ], [ 82.371649850289757, 19.099728191798995 ], [ 82.379674480724816, 19.102759333103869 ], [ 82.382861601129846, 19.098280708927103 ], [ 82.39145779239719, 19.101105687188298 ], [ 82.40971896912086, 19.090268013712372 ], [ 82.422464465798683, 19.096105687519525 ], [ 82.42351047290677, 19.092575413822111 ], [ 82.42764757137833, 19.092944880399237 ], [ 82.436532933476244, 19.099499784810995 ], [ 82.441661243305475, 19.09144477146749 ], [ 82.439811200164584, 19.087891169053204 ], [ 82.452783205209727, 19.071672093785349 ], [ 82.453884821464598, 19.061659615210726 ], [ 82.475499676800894, 19.063327909458881 ], [ 82.4806627082815, 19.056978625640184 ], [ 82.493260635384431, 19.05719563981939 ], [ 82.499174535233848, 19.046949328994426 ], [ 82.498327909878455, 19.043327909825472 ], [ 82.520367840189422, 19.03530870394918 ], [ 82.520250924612313, 19.029740670190101 ], [ 82.524642742835809, 19.026521268840323 ], [ 82.531558704333221, 19.027532553552298 ], [ 82.533722604150569, 19.033429363861405 ], [ 82.539576553295348, 19.02700249726357 ], [ 82.542222224006196, 19.025817058731889 ], [ 82.547218154898488, 19.03033149053627 ], [ 82.565581599382753, 19.018306208032843 ], [ 82.568575577153638, 19.021203343487951 ], [ 82.584514162104654, 19.022558052675258 ], [ 82.587716473507811, 19.018063695040919 ], [ 82.593853354911815, 19.020550131903157 ], [ 82.597568904114809, 19.017227649118603 ], [ 82.606627606332268, 19.018359376380822 ], [ 82.610013023327852, 19.014446616456826 ], [ 82.609727650003109, 19.007772354288885 ], [ 82.602118328820879, 18.999680991268868 ], [ 82.606443144270216, 18.994126520592836 ], [ 82.599172093724306, 18.985590822028286 ], [ 82.6044265424934, 18.979512262805105 ], [ 82.603338760621128, 18.971701933051563 ], [ 82.614727920967283, 18.960838217669121 ], [ 82.612483726243255, 18.950004884557675 ], [ 82.624439021120224, 18.944947375867862 ], [ 82.624469945885153, 18.938444554566523 ], [ 82.628605687903757, 18.936705188095807 ], [ 82.626909995494941, 18.931062827182842 ], [ 82.617612306758843, 18.930932618592792 ], [ 82.617242297730883, 18.926833226504566 ], [ 82.620922582484624, 18.925687393109424 ], [ 82.618903268498542, 18.921155057992941 ], [ 82.623026531625058, 18.920315214237913 ], [ 82.623830026321215, 18.913060982612645 ], [ 82.628616810225509, 18.914449328644096 ], [ 82.628167591049149, 18.907549914584834 ], [ 82.633556859324898, 18.908958334939229 ], [ 82.644161243275448, 18.904832901043712 ], [ 82.644630535931427, 18.894008790449323 ], [ 82.650561253958145, 18.888894315733236 ], [ 82.648327910401264, 18.872494576088222 ], [ 82.651661243419227, 18.871005860884875 ], [ 82.652505427140667, 18.861005861064655 ], [ 82.65527235468663, 18.859319662928826 ], [ 82.653732640604119, 18.850116646503739 ], [ 82.657926976939578, 18.849532878826892 ], [ 82.659905329543662, 18.844497614367398 ], [ 82.656733672207025, 18.829282228090566 ], [ 82.652559680934615, 18.823883464882744 ], [ 82.655706924893551, 18.815448677846501 ], [ 82.663050132409353, 18.812190756790564 ], [ 82.661944446864027, 18.809150392143351 ], [ 82.667775881277649, 18.804990778434458 ], [ 82.675833335639439, 18.804182944184724 ], [ 82.68133897781577, 18.799913195960723 ], [ 82.692505156058047, 18.810860461297679 ], [ 82.705465225384145, 18.810870227322798 ], [ 82.708712838574286, 18.814676650911007 ], [ 82.714751792487704, 18.81310764021709 ], [ 82.715808379023755, 18.805621203931342 ], [ 82.720796171474802, 18.801893447764694 ], [ 82.718616538200564, 18.797535266306529 ], [ 82.721815594451812, 18.790778538626661 ], [ 82.7244590946366, 18.792239584619704 ], [ 82.738018393924776, 18.780874024935571 ], [ 82.739695640550352, 18.775562067545621 ], [ 82.744910212393663, 18.775204537123287 ], [ 82.748538142462209, 18.780310331380477 ], [ 82.757146269683304, 18.78390462361045 ], [ 82.758578832086812, 18.79244737570038 ], [ 82.762166343660425, 18.794716798390631 ], [ 82.767542320325177, 18.785399849711947 ], [ 82.771927899020156, 18.786928712436215 ], [ 82.778028973734706, 18.803604601981764 ], [ 82.783205568865952, 18.801493599597325 ], [ 82.79052002180434, 18.808327909417425 ], [ 82.80071777565486, 18.807833660161908 ], [ 82.804157988307153, 18.803412544853639 ], [ 82.802227649919132, 18.797656793827016 ], [ 82.804717070079064, 18.788572592705524 ], [ 82.814478626383234, 18.780529515126659 ], [ 82.831672094458995, 18.784172093449268 ], [ 82.838660212382891, 18.771235353175381 ], [ 82.850441625523601, 18.778575305453014 ], [ 82.856108400713026, 18.775263673116132 ], [ 82.866102975178677, 18.775303278519214 ], [ 82.884565432061535, 18.765558269493656 ], [ 82.890452205278834, 18.771333009313032 ], [ 82.896584746602642, 18.77015299647222 ], [ 82.912759604966368, 18.7850081394533 ], [ 82.929441425269204, 18.776108303273162 ], [ 82.929253474591661, 18.772780491802763 ], [ 82.93678629790675, 18.771858725185755 ], [ 82.942514108257711, 18.774722223415743 ], [ 82.947952747565552, 18.761671550787199 ], [ 82.955598146847038, 18.762509224526504 ], [ 82.965452476532846, 18.76583984521017 ], [ 82.972224666082042, 18.791129558790381 ], [ 82.978062339456528, 18.792310656755099 ], [ 82.977199438252697, 18.797216798264593 ], [ 82.983572322546365, 18.801324328789093 ], [ 82.991108401077852, 18.812425131432565 ], [ 82.989208034788248, 18.813639324271765 ], [ 82.994985896193128, 18.815814345825512 ], [ 83.004124628902716, 18.826316061622173 ] ] ] } },
{ "type": "Feature", "properties": { "BASIN_NAME": "Mahanadi", "AREA": 67219.8595203, "OBJECTID": 10 }, "geometry": { "type": "Polygon", "coordinates": [ [ [ 84.006126364125379, 22.531427275583425 ], [ 84.008521985691303, 22.525796966860895 ], [ 84.015357868294998, 22.52295676948701 ], [ 84.027954121195236, 22.525335351559111 ], [ 84.0301436644408, 22.520080442311478 ], [ 84.038986079537082, 22.515548767023809 ], [ 84.051681476783244, 22.516616751440583 ], [ 84.055488675358617, 22.512477981310816 ], [ 84.062149070042665, 22.516006467697338 ], [ 84.066970714816406, 22.512052642827619 ], [ 84.067550751798706, 22.507179126039706 ], [ 84.07791902922429, 22.505767838833208 ], [ 84.077705519573669, 22.502397557555842 ], [ 84.072662310343134, 22.500921124574862 ], [ 84.092727642700766, 22.488853449230842 ], [ 84.110366676684038, 22.48332223937836 ], [ 84.108726453807222, 22.48020359874894 ], [ 84.11590562573258, 22.475242714346056 ], [ 84.127258176070725, 22.474479602056395 ], [ 84.131217832764435, 22.477153647581552 ], [ 84.142830664638879, 22.473498687956479 ], [ 84.143602976299192, 22.46529202321134 ], [ 84.145550133726388, 22.461939159196856 ], [ 84.150541995358324, 22.46159464947387 ], [ 84.149684519690638, 22.456684710430281 ], [ 84.15472765114103, 22.457783071743258 ], [ 84.156192766136229, 22.449171960763589 ], [ 84.164214684398885, 22.452459856651288 ], [ 84.165314944178775, 22.446841367211338 ], [ 84.171934411029127, 22.443445370964472 ], [ 84.173050133059434, 22.434439158823352 ], [ 84.177369252062562, 22.428974071286724 ], [ 84.175690107585098, 22.423267555322184 ], [ 84.180826826418368, 22.420859786245874 ], [ 84.184214413215301, 22.410783288977846 ], [ 84.182872995650001, 22.397551952194526 ], [ 84.191575524458571, 22.391906606975777 ], [ 84.192525219840803, 22.385218238770804 ], [ 84.218675404546929, 22.38176297084166 ], [ 84.221202496789743, 22.376314294146084 ], [ 84.253830046462326, 22.377588181283723 ], [ 84.271171520894242, 22.354053524080097 ], [ 84.292396633138637, 22.346382079334465 ], [ 84.296501083419997, 22.340690592380575 ], [ 84.30389730105945, 22.344286028308115 ], [ 84.324727650509885, 22.344439159169877 ], [ 84.339459639116242, 22.349607616041414 ], [ 84.353605689157902, 22.346137021014254 ], [ 84.347143829522466, 22.337715390761996 ], [ 84.351924645732623, 22.330361196954104 ], [ 84.346478139252071, 22.315153948506147 ], [ 84.35082330024359, 22.306499977337502 ], [ 84.348873429663612, 22.299749895376447 ], [ 84.362439782245687, 22.298080652239374 ], [ 84.367310116555345, 22.294391415975948 ], [ 84.38570936787049, 22.299941410205211 ], [ 84.384748267823653, 22.290928687959131 ], [ 84.39177436333172, 22.284354930191363 ], [ 84.390272355675933, 22.276939158749354 ], [ 84.398211809405254, 22.265408261925977 ], [ 84.38638346720478, 22.257505293520996 ], [ 84.386095381174911, 22.252238773213776 ], [ 84.389161245080786, 22.251424428951058 ], [ 84.38904297238588, 22.247712271250183 ], [ 84.393071835325543, 22.247495120852175 ], [ 84.396762427441928, 22.240119361483949 ], [ 84.400255537337841, 22.244313019589153 ], [ 84.39803901155598, 22.23388712936049 ], [ 84.414716799944856, 22.218355988481743 ], [ 84.406672095384636, 22.213809547524519 ], [ 84.410023874688633, 22.213332659394734 ], [ 84.410689836707277, 22.208810903570914 ], [ 84.39932020759727, 22.196247427369475 ], [ 84.402486439702969, 22.189923235822111 ], [ 84.40082791132582, 22.18332804792103 ], [ 84.406943091341219, 22.180329865166968 ], [ 84.407647301524605, 22.174521624400967 ], [ 84.415005428820706, 22.173616404754355 ], [ 84.417396650603663, 22.168857290421872 ], [ 84.424287383843335, 22.165560849092493 ], [ 84.432703453587379, 22.16950453377806 ], [ 84.438047149585614, 22.167984351838616 ], [ 84.44254774659089, 22.177141117323757 ], [ 84.451468102186297, 22.174171960298597 ], [ 84.454846466601154, 22.176054149329534 ], [ 84.458592668932241, 22.173725725323937 ], [ 84.455838761900281, 22.173071836037575 ], [ 84.456618655864915, 22.168063019628445 ], [ 84.461897789749955, 22.170550269472596 ], [ 84.464125708399393, 22.168392337900375 ], [ 84.462278920718404, 22.164319665534691 ], [ 84.464611820213094, 22.16117757597473 ], [ 84.471936581502774, 22.1625581911713 ], [ 84.469839141979378, 22.160694448905854 ], [ 84.475558271665719, 22.157527673667943 ], [ 84.476168894824156, 22.148961863543377 ], [ 84.489984812419777, 22.142483863758844 ], [ 84.493078345655633, 22.144279247077865 ], [ 84.498283965975119, 22.139174130906106 ], [ 84.507218427770383, 22.138645294501416 ], [ 84.512768829278571, 22.129256596090464 ], [ 84.512022301631063, 22.124344350423122 ], [ 84.50691108199311, 22.116181508677524 ], [ 84.501957740438044, 22.11519721526086 ], [ 84.499566246709989, 22.108674184543695 ], [ 84.492772085089328, 22.105005158390551 ], [ 84.491264380911787, 22.100005293831231 ], [ 84.488624406541405, 22.100195859157907 ], [ 84.488319502638632, 22.094232588974961 ], [ 84.504669057383751, 22.089816762800154 ], [ 84.509956601037644, 22.091492652680987 ], [ 84.512772356059287, 22.087719459474997 ], [ 84.506640628126831, 22.083089738932067 ], [ 84.51054199543168, 22.078315026334383 ], [ 84.514110789603038, 22.07943915834468 ], [ 84.51528347769603, 22.073884009928545 ], [ 84.503060984046215, 22.068843591525514 ], [ 84.506396488302343, 22.064445533661768 ], [ 84.504372020009569, 22.058880483633022 ], [ 84.521097009143006, 22.049705136676696 ], [ 84.54769640098479, 22.042802060550791 ], [ 84.552202151716529, 22.034116350602712 ], [ 84.565498592765394, 22.031803931431305 ], [ 84.567025828065781, 22.02583862673016 ], [ 84.572895511225042, 22.027610410084534 ], [ 84.578569881646573, 22.019093428677031 ], [ 84.588378367261853, 22.014557702082886 ], [ 84.591661787444735, 22.018339033551538 ], [ 84.600971683258535, 22.020081248589801 ], [ 84.607194013613281, 22.015650231313966 ], [ 84.607750654921716, 22.011671960437408 ], [ 84.620128041795326, 22.012322730453317 ], [ 84.622240129541737, 22.008298886485552 ], [ 84.619449873280686, 22.004568959767436 ], [ 84.629727650936175, 21.995283071548588 ], [ 84.620314673865963, 21.989115943751681 ], [ 84.614352760183507, 21.977379968110728 ], [ 84.621888566788982, 21.970272492173226 ], [ 84.618894317519405, 21.965476214112993 ], [ 84.622944339889145, 21.96312052796377 ], [ 84.630051001668306, 21.964729685925569 ], [ 84.635993927494965, 21.959727515994533 ], [ 84.64277181382019, 21.960633141517775 ], [ 84.648605689245315, 21.951823599133451 ], [ 84.640838762765142, 21.941661381205737 ], [ 84.624505754847092, 21.935580651448603 ], [ 84.627772356469848, 21.924778106805235 ], [ 84.626095924237106, 21.919472117724837 ], [ 84.636971574599883, 21.909418270828443 ], [ 84.631957468777614, 21.907563073288561 ], [ 84.629966366842865, 21.901416291029399 ], [ 84.625362959225299, 21.900846493243534 ], [ 84.618508033611135, 21.889487715433628 ], [ 84.633963762722445, 21.885581601323548 ], [ 84.643616539787914, 21.889449737817834 ], [ 84.650085724164768, 21.881190324687253 ], [ 84.665234378874743, 21.881321753937364 ], [ 84.668858510639168, 21.873347985573744 ], [ 84.679444991146397, 21.867211917561502 ], [ 84.691105689178841, 21.868552792656132 ], [ 84.686930884392154, 21.8620224372841 ], [ 84.693145077669442, 21.848440759111433 ], [ 84.68583876266662, 21.837278107332974 ], [ 84.68885199999086, 21.835509715240747 ], [ 84.695339087783182, 21.814090715555626 ], [ 84.681394860263197, 21.811405168940862 ], [ 84.683883467261438, 21.806777212299686 ], [ 84.67639431787677, 21.797257761887778 ], [ 84.680190975523004, 21.7955166325352 ], [ 84.679973962091921, 21.787980282542417 ], [ 84.663323028805152, 21.778614912725725 ], [ 84.66282606752074, 21.765590010377267 ], [ 84.652223310498769, 21.760885420369505 ], [ 84.64994520769595, 21.756157773087658 ], [ 84.652772356204707, 21.754601376744667 ], [ 84.648706058283793, 21.751548126403911 ], [ 84.645827911225581, 21.741383602593313 ], [ 84.65143229504173, 21.73810343777944 ], [ 84.656578779349672, 21.739831003953341 ], [ 84.672745771715057, 21.736249460917893 ], [ 84.67986382779965, 21.731328264500114 ], [ 84.684815542007229, 21.718191463848097 ], [ 84.695322269105674, 21.711635745740654 ], [ 84.693327911818059, 21.705828725169852 ], [ 84.702794599984045, 21.691012644745225 ], [ 84.710843102770269, 21.692776696387838 ], [ 84.709995663706181, 21.700565867530422 ], [ 84.721232099658295, 21.700283206874644 ], [ 84.724482425747041, 21.703065866990169 ], [ 84.725550134411193, 21.706888566806587 ], [ 84.722465823815497, 21.710104713148173 ], [ 84.728777673029484, 21.71419216941624 ], [ 84.728755971542768, 21.717736277910003 ], [ 84.737580841494093, 21.718337948736 ], [ 84.738670250885676, 21.722211917603861 ], [ 84.748923072492644, 21.72166287216972 ], [ 84.752662763930815, 21.715624460894471 ], [ 84.769463979299289, 21.709375275009325 ], [ 84.772494578502318, 21.704832632039693 ], [ 84.769727651373458, 21.703234595409423 ], [ 84.773584530455224, 21.694625654756152 ], [ 84.768302412557233, 21.69230930260585 ], [ 84.766361765924515, 21.687513838510995 ], [ 84.772757707357513, 21.680737579889733 ], [ 84.781924917401909, 21.678354767313888 ], [ 84.78447266033443, 21.674726565912763 ], [ 84.783050676206457, 21.669438751645909 ], [ 84.794160159925411, 21.667441952482157 ], [ 84.789496531654066, 21.661174591275035 ], [ 84.791229930112465, 21.658543026512124 ], [ 84.788542212729695, 21.652783206337009 ], [ 84.786146380030573, 21.654716800727428 ], [ 84.781424700411449, 21.651869035670032 ], [ 84.781224504723625, 21.641676164910777 ], [ 84.774150394209471, 21.640000546010487 ], [ 84.762462025950612, 21.629434139607696 ], [ 84.761204430456615, 21.619175892966982 ], [ 84.727268883583662, 21.624161244545341 ], [ 84.71728678744384, 21.623439673887415 ], [ 84.715189348585, 21.618964847231798 ], [ 84.693902455736335, 21.622431915708244 ], [ 84.693938263060289, 21.619725480886647 ], [ 84.675005429211453, 21.614832631998848 ], [ 84.678615997485736, 21.608605418024627 ], [ 84.647836375083884, 21.602168785957737 ], [ 84.646939022536827, 21.598327911194218 ], [ 84.653586157863487, 21.590053986172656 ], [ 84.652859703801937, 21.583676219251693 ], [ 84.643648006690498, 21.580284834023438 ], [ 84.585034183406847, 21.578585072648231 ], [ 84.572345923689952, 21.584233402381955 ], [ 84.567776153809973, 21.576931698368771 ], [ 84.544551327368481, 21.58429308094405 ], [ 84.535283206672318, 21.579291182084692 ], [ 84.537924808631473, 21.571581492457948 ], [ 84.533965118793873, 21.568616540236121 ], [ 84.509757761728565, 21.582772355567684 ], [ 84.506993819031081, 21.573616540132964 ], [ 84.490775828199276, 21.580152998727684 ], [ 84.488529463541212, 21.576710615864336 ], [ 84.496674808272033, 21.568051489971126 ], [ 84.487472605244889, 21.567494849727794 ], [ 84.487582197620242, 21.561953128579365 ], [ 84.478739695820195, 21.565566952476999 ], [ 84.471977814323068, 21.558658857554668 ], [ 84.469173451908347, 21.554481340131648 ], [ 84.475827911400614, 21.550307349360022 ], [ 84.466949873779001, 21.540035539362492 ], [ 84.469439022627157, 21.538389218006692 ], [ 84.455924754261346, 21.529128963672033 ], [ 84.456128204308669, 21.522763132888752 ], [ 84.449994577969235, 21.51778320670347 ], [ 84.448234595986023, 21.5100520870234 ], [ 84.442211104223162, 21.509722225617978 ], [ 84.447938371440699, 21.497895782119382 ], [ 84.446661245091889, 21.493228085515351 ], [ 84.439439022234765, 21.491939022179778 ], [ 84.434727651334924, 21.498060983982949 ], [ 84.427871639655038, 21.500268558343979 ], [ 84.413190649942777, 21.495364857934899 ], [ 84.410838762232189, 21.488389218005466 ], [ 84.412127282040629, 21.47094699787495 ], [ 84.418827856932978, 21.466047637880159 ], [ 84.418366702638082, 21.461089955415257 ], [ 84.423882653494047, 21.456960723546501 ], [ 84.426383467303012, 21.44666124488398 ], [ 84.435008954928833, 21.443613013029118 ], [ 84.432161190142878, 21.434923234772342 ], [ 84.425162764096441, 21.435397952745539 ], [ 84.413266876509013, 21.429969892935091 ], [ 84.418402781638733, 21.439015302667034 ], [ 84.40361355588125, 21.447486439918357 ], [ 84.403276642334731, 21.457381731307159 ], [ 84.397105581046375, 21.459929744840888 ], [ 84.387299808353717, 21.457445207351018 ], [ 84.380874026593631, 21.463330624167021 ], [ 84.377252065213582, 21.459447160962437 ], [ 84.369642201693196, 21.466108402109846 ], [ 84.36288791596597, 21.444472117368928 ], [ 84.354172909533276, 21.446827531354174 ], [ 84.350863176178777, 21.441669382976958 ], [ 84.340428876752227, 21.446773820670003 ], [ 84.333096248798583, 21.444169383129356 ], [ 84.327002769930147, 21.450450578288152 ], [ 84.32639730159643, 21.455830352700364 ], [ 84.312234161370412, 21.45196262268621 ], [ 84.304915910423944, 21.443856340453323 ], [ 84.300566138572336, 21.444183759644936 ], [ 84.291199005250377, 21.452745771432312 ], [ 84.293025991264528, 21.44591498807339 ], [ 84.287766387693907, 21.433474938458044 ], [ 84.291108401818917, 21.416696509101246 ], [ 84.289489206755036, 21.415002716148635 ], [ 84.280779354345043, 21.426931427404433 ], [ 84.273417158628746, 21.421840281647079 ], [ 84.267818471504185, 21.425275068555813 ], [ 84.266383196097024, 21.419022356036898 ], [ 84.282234161073148, 21.398315161925716 ], [ 84.294891767663259, 21.392655168757294 ], [ 84.307781850108725, 21.379152564165565 ], [ 84.315300838853076, 21.377770728122822 ], [ 84.335172529939911, 21.364947648421758 ], [ 84.34333062437149, 21.356490888685286 ], [ 84.346386179805307, 21.344741214054149 ], [ 84.344447160108118, 21.341974287260722 ], [ 84.351386179942693, 21.33196343678134 ], [ 84.348295087790746, 21.328356122986463 ], [ 84.334741214311265, 21.331663957512468 ], [ 84.330489641251248, 21.324437394550657 ], [ 84.320010311129209, 21.320084367236735 ], [ 84.315531416411034, 21.310901967025472 ], [ 84.297518178313311, 21.310110137918723 ], [ 84.291658532072844, 21.298880483162463 ], [ 84.260281579044914, 21.301425784452455 ], [ 84.257797040910134, 21.296125219998295 ], [ 84.2410487226242, 21.284451771802761 ], [ 84.227224938043165, 21.279185658726554 ], [ 84.23342285483109, 21.268714738364174 ], [ 84.230558271989253, 21.263107370772165 ], [ 84.233380265698514, 21.258682457473778 ], [ 84.241945261962869, 21.258068579796149 ], [ 84.243075903847284, 21.253176273240072 ], [ 84.250878366754577, 21.250218102533687 ], [ 84.252581654890875, 21.246595869466425 ], [ 84.258907066759107, 21.249164500094263 ], [ 84.267817386650108, 21.237780493370504 ], [ 84.272497290823864, 21.237758250064477 ], [ 84.282481015136028, 21.243052846062024 ], [ 84.297098528081051, 21.244201121350162 ], [ 84.303063968608683, 21.249443633865663 ], [ 84.300558271398657, 21.251240508976654 ], [ 84.304324819262121, 21.261960995311085 ], [ 84.312994523363784, 21.265268015082381 ], [ 84.327764489339728, 21.265297311886709 ], [ 84.331386180060221, 21.262656795674189 ], [ 84.327503529930581, 21.259475643510438 ], [ 84.326093210881439, 21.250925567597196 ], [ 84.333798560724546, 21.237827694431086 ], [ 84.343211809263607, 21.238283423506253 ], [ 84.341865237439421, 21.231948788381224 ], [ 84.366961809361982, 21.225800513286462 ], [ 84.374152835670273, 21.217224937794555 ], [ 84.377778594626534, 21.21805935621034 ], [ 84.392218699668462, 21.209475643058497 ], [ 84.39767741214645, 21.197932132287672 ], [ 84.394736603321618, 21.181593698557958 ], [ 84.406375871759579, 21.18112494933672 ], [ 84.409716257953335, 21.176536190361649 ], [ 84.410230580917812, 21.16547227959758 ], [ 84.417495120459236, 21.160659182568899 ], [ 84.416397301525265, 21.153339846577381 ], [ 84.406692983461866, 21.147642147667273 ], [ 84.419807674642087, 21.138336048991743 ], [ 84.426327043658077, 21.145241702137248 ], [ 84.433295902080005, 21.145308434063963 ], [ 84.434152563885391, 21.13278646113627 ], [ 84.445365942855432, 21.129051652108089 ], [ 84.444876848535358, 21.122289771249552 ], [ 84.452558054923344, 21.111784128822237 ], [ 84.465927195415333, 21.108720977189929 ], [ 84.480552846745425, 21.098627661455232 ], [ 84.475755482903864, 21.088632544486465 ], [ 84.477775068714138, 21.082497290355612 ], [ 84.48773166575468, 21.078019751497951 ], [ 84.499997562392821, 21.083597550967877 ], [ 84.503157284574513, 21.088315704045318 ], [ 84.509724938382917, 21.087502986737519 ], [ 84.515830623889087, 21.071941463589731 ], [ 84.531113827433018, 21.063058542463054 ], [ 84.53322157502609, 21.058260365244855 ], [ 84.545116376848469, 21.058472496742599 ], [ 84.555483944833696, 21.064878204455407 ], [ 84.56362684816682, 21.05075412623416 ], [ 84.573192820917953, 21.048041995218675 ], [ 84.578060984326711, 21.042210831789262 ], [ 84.591107859588007, 21.044452856877164 ], [ 84.594702694958741, 21.025002715486821 ], [ 84.607048614423036, 21.014798993909253 ], [ 84.612465824026359, 21.020828182657326 ], [ 84.616154517788274, 21.016402183751467 ], [ 84.63256456491105, 21.014967450637133 ], [ 84.636110572591036, 21.017504614358916 ], [ 84.646222333954071, 21.009206817119978 ], [ 84.658058272041416, 21.005535755688236 ], [ 84.664970164056868, 21.008608401336257 ], [ 84.673202585803878, 21.002189673137956 ], [ 84.677002499058844, 20.993228084503798 ], [ 84.689909943096751, 20.994022626472905 ], [ 84.688700090087494, 20.986212839857625 ], [ 84.698927412401275, 20.977203236600474 ], [ 84.721452912046033, 20.976663414384696 ], [ 84.729412438417711, 20.971118980708315 ], [ 84.730616865806496, 20.966744523179806 ], [ 84.737824982071203, 20.964748538090983 ], [ 84.742485897545578, 20.968897029817015 ], [ 84.743108185326619, 20.964248321637271 ], [ 84.750489912170281, 20.962175296093505 ], [ 84.75208225237823, 20.965118004645397 ], [ 84.761941192666285, 20.958081057759625 ], [ 84.76027398399718, 20.950788034450564 ], [ 84.768472226214655, 20.944861113937606 ], [ 84.770294600139081, 20.938568796518588 ], [ 84.766671553420352, 20.936993003956264 ], [ 84.767214630194047, 20.933414174175891 ], [ 84.753901370533484, 20.931226945129453 ], [ 84.748503150878634, 20.921578508095713 ], [ 84.751609161954931, 20.909452043126596 ], [ 84.765547963850551, 20.908979494856364 ], [ 84.764401045480994, 20.904941951791145 ], [ 84.772201066904913, 20.895807295033212 ], [ 84.782068688978356, 20.891666127204687 ], [ 84.784305559463732, 20.886250002943569 ], [ 84.78027984636087, 20.881938148317708 ], [ 84.780278866708926, 20.876084529698858 ], [ 84.791671553033439, 20.870279407944192 ], [ 84.788777130223636, 20.863958065259233 ], [ 84.791082903225373, 20.856194664784201 ], [ 84.786081818140772, 20.858053117420006 ], [ 84.779162330199682, 20.853611114046359 ], [ 84.781656362620268, 20.844991322074463 ], [ 84.786271705284307, 20.843830840595992 ], [ 84.790944014672874, 20.836643069202299 ], [ 84.789654951533791, 20.820710723191318 ], [ 84.795423181314348, 20.817191843346233 ], [ 84.80525879267546, 20.821386178997866 ], [ 84.809831540647039, 20.819070094559816 ], [ 84.815067277809035, 20.801098364042431 ], [ 84.835280494397225, 20.804169382253338 ], [ 84.841663958176028, 20.797796769422195 ], [ 84.83805814547847, 20.790003251212404 ], [ 84.84723036365736, 20.77388726409529 ], [ 84.840305450438422, 20.770775827529086 ], [ 84.83889181614677, 20.763335962456516 ], [ 84.858298072886555, 20.751267092691577 ], [ 84.860699874097264, 20.753767092837865 ], [ 84.864725178992884, 20.750836013127362 ], [ 84.874155277183391, 20.751402726031795 ], [ 84.881663958324197, 20.743052845993176 ], [ 84.892780494618847, 20.740002715136448 ], [ 84.897117517367406, 20.734882815199821 ], [ 84.893045793483367, 20.726382110797942 ], [ 84.907488610812351, 20.721397301276419 ], [ 84.917990455372262, 20.713754072094027 ], [ 84.919102108987175, 20.711538359691339 ], [ 84.907446835468619, 20.699705135090504 ], [ 84.916114370533307, 20.693346628630398 ], [ 84.925443428588167, 20.675301666610146 ], [ 84.931164283598676, 20.674409725238334 ], [ 84.930865889339572, 20.65699571693855 ], [ 84.935151475439397, 20.65071722446126 ], [ 84.953570967751574, 20.64316216679374 ], [ 84.95249729157311, 20.636941734939313 ], [ 84.955705761512746, 20.633414047087918 ], [ 84.966267364719769, 20.636609161115487 ], [ 84.984806319191165, 20.627091745459637 ], [ 84.986386282912875, 20.620275005305256 ], [ 84.997208120449301, 20.617596031410361 ], [ 85.007780495169456, 20.621108400465278 ], [ 85.007107751808235, 20.630214575439343 ], [ 85.025018670128318, 20.630535442118333 ], [ 85.029918623989886, 20.639272192608345 ], [ 85.040779626682607, 20.636413306197845 ], [ 85.069724935654932, 20.614169461224638 ], [ 85.082581350946015, 20.617790419157508 ], [ 85.088307609302319, 20.615622845582443 ], [ 85.091785488177976, 20.619510099456949 ], [ 85.118887807692786, 20.6097176135079 ], [ 85.126682947166685, 20.616116810537726 ], [ 85.145195316358439, 20.60981581233905 ], [ 85.142291670252618, 20.601270890138064 ], [ 85.143847117671839, 20.596425512681964 ], [ 85.149691843780332, 20.592781307363769 ], [ 85.156065541947626, 20.599726022694142 ], [ 85.168330082567437, 20.595847170639615 ], [ 85.163602434580994, 20.590280493620146 ], [ 85.172229821875248, 20.586112741489206 ], [ 85.171001523164378, 20.583789065226757 ], [ 85.182110464426017, 20.572410213573459 ], [ 85.187777239442923, 20.573857695857871 ], [ 85.18930284753948, 20.578622507341805 ], [ 85.200029843842202, 20.579997290026956 ], [ 85.205442170477099, 20.576868764055291 ], [ 85.207231449150939, 20.581142038846156 ], [ 85.21804742172462, 20.586119795153557 ], [ 85.226703020528859, 20.581930884062693 ], [ 85.231696510704495, 20.584163956763977 ], [ 85.248836809405105, 20.58139621598238 ], [ 85.254461809550705, 20.588778215089896 ], [ 85.263677304350509, 20.591406524020176 ], [ 85.269753693560745, 20.597759063551617 ], [ 85.28397298619312, 20.599176977622747 ], [ 85.299447161036454, 20.605275068079422 ], [ 85.301091584652383, 20.611386178886317 ], [ 85.308087027329506, 20.611392418147521 ], [ 85.310813263724143, 20.616110843348849 ], [ 85.328481992163134, 20.622497290188889 ], [ 85.342431645306959, 20.622336428761283 ], [ 85.344460724771182, 20.634180504175024 ], [ 85.372211918482321, 20.659374732088164 ], [ 85.371391605603137, 20.66324788718542 ], [ 85.383486332912369, 20.668021107779843 ], [ 85.390796445523037, 20.658237036462541 ], [ 85.389351675225285, 20.65335992029841 ], [ 85.396387808727553, 20.65138509396477 ], [ 85.415224070989993, 20.6567862989064 ], [ 85.417318255583055, 20.646599395219987 ], [ 85.432549375201802, 20.636423342902901 ], [ 85.441188155981024, 20.640301109891137 ], [ 85.455699874605159, 20.633339033381628 ], [ 85.460575091317509, 20.629982099777312 ], [ 85.459067930155484, 20.624766170927824 ], [ 85.465591910187314, 20.625254723518989 ], [ 85.467775069161931, 20.618052845659037 ], [ 85.476400829448579, 20.611375057415355 ], [ 85.479866541036458, 20.610549861926877 ], [ 85.48527506917209, 20.626947160379689 ], [ 85.502807622012057, 20.622775339283312 ], [ 85.511137157564548, 20.610814076750987 ], [ 85.518330624739377, 20.60803657023142 ], [ 85.518614912914146, 20.594118384464529 ], [ 85.526306428430161, 20.585240617372655 ], [ 85.535285378083913, 20.593647463845006 ], [ 85.534447161577816, 20.608918731721911 ], [ 85.538840065521882, 20.616658260259971 ], [ 85.548231340940717, 20.623521867442527 ], [ 85.563217235077772, 20.623895131247934 ], [ 85.568940434166691, 20.627235245852493 ], [ 85.577183706852935, 20.622943525590003 ], [ 85.591153975583424, 20.623342830767438 ], [ 85.592933489496431, 20.642238772858878 ], [ 85.595720491034555, 20.644163956849987 ], [ 85.617514110238091, 20.64028347762029 ], [ 85.628058272947754, 20.651958010512416 ], [ 85.636844622947009, 20.65278998834518 ], [ 85.64252930146337, 20.657033152067999 ], [ 85.637573247061525, 20.667586537435724 ], [ 85.638617625701713, 20.674340552244697 ], [ 85.648134770470065, 20.675559899289247 ], [ 85.658106016281465, 20.687807891253073 ], [ 85.667452261329942, 20.687764489188485 ], [ 85.672221141958175, 20.68388238128578 ], [ 85.674492192260786, 20.695007598270131 ], [ 85.67779134607639, 20.691391605121595 ], [ 85.692264001714449, 20.697218427651361 ], [ 85.698825417429958, 20.692224937902179 ], [ 85.702241215747577, 20.695830623403456 ], [ 85.704730365194692, 20.689985897025597 ], [ 85.711669383753275, 20.689447160608605 ], [ 85.714730364997607, 20.68388075422666 ], [ 85.711958554603612, 20.680269643318326 ], [ 85.716538632838024, 20.681382924315564 ], [ 85.722143017057363, 20.677671443944881 ], [ 85.72404568604712, 20.679719512987575 ], [ 85.729447704670051, 20.675269372051496 ], [ 85.743585073990189, 20.679745826039611 ], [ 85.752044275337084, 20.676427683360462 ], [ 85.768217235250859, 20.6805493193784 ], [ 85.771214197049886, 20.675333661596806 ], [ 85.777306320112444, 20.673615725635848 ], [ 85.80058702702901, 20.67888536525502 ], [ 85.806765412460578, 20.671805558442419 ], [ 85.805328237949851, 20.668431264302853 ], [ 85.823334423374803, 20.661384280746041 ], [ 85.832775612630542, 20.667504343221363 ], [ 85.851989988323012, 20.664098695090011 ], [ 85.862167255560493, 20.671876967536743 ], [ 85.866241320874622, 20.670423581440961 ], [ 85.877728838069856, 20.660164412182205 ], [ 85.882804651870103, 20.650003391531918 ], [ 85.874671680912186, 20.641298328982302 ], [ 85.871559082661278, 20.630233832908328 ], [ 85.875389185286835, 20.624202755435896 ], [ 85.87590803069817, 20.608764619332348 ], [ 85.883438199103779, 20.603452718543611 ], [ 85.896072620583325, 20.580795261688046 ], [ 85.909805466871049, 20.569015551226727 ], [ 85.92158504281889, 20.552013428867557 ], [ 85.925506504957298, 20.542266789579905 ], [ 85.926490548827374, 20.508987459707928 ], [ 85.930419645793265, 20.50467302992611 ], [ 85.943816907224004, 20.501869201474399 ], [ 86.000106767256312, 20.505792601214164 ], [ 86.048469382934655, 20.52019884123532 ], [ 86.067901329407164, 20.535263047547616 ], [ 86.102592223573055, 20.575801809209985 ], [ 86.140830783821187, 20.571466389685913 ], [ 86.181312722616866, 20.593040488927734 ], [ 86.210532900536066, 20.597019198503308 ], [ 86.247284204637069, 20.608583390728644 ], [ 86.274024960614057, 20.608066537309455 ], [ 86.303901821530232, 20.620807683735453 ], [ 86.317558588057608, 20.618322370491267 ], [ 86.331207570964636, 20.596574815958423 ], [ 86.367401018877132, 20.589839908302356 ], [ 86.388091942777478, 20.589784575495081 ], [ 86.429321054607996, 20.600919711362479 ], [ 86.452514882763893, 20.591752974835167 ], [ 86.509437682430757, 20.586303762074508 ], [ 86.539665289546335, 20.587537780468203 ], [ 86.550407491117909, 20.578151721882854 ], [ 86.565627939454146, 20.578737249059024 ], [ 86.588722420497973, 20.560153904584887 ], [ 86.641657962838607, 20.563840423171687 ], [ 86.656706089191076, 20.549118426633949 ], [ 86.65579194092841, 20.528484810941489 ], [ 86.66153801125067, 20.523914070387963 ], [ 86.674205488572994, 20.524305846726406 ], [ 86.68661178085506, 20.537756881626841 ], [ 86.70580887557081, 20.544417099195453 ], [ 86.722590018708544, 20.534100288732134 ], [ 86.740285304971934, 20.539846361068044 ], [ 86.753866929759113, 20.538018065897553 ], [ 86.756870556752148, 20.528615400519072 ], [ 86.768623885545779, 20.522216369732909 ], [ 86.782725222594237, 20.525622517452444 ], [ 86.767738604931267, 20.503301589030695 ], [ 86.761352662878096, 20.499954280459924 ], [ 86.74752028934472, 20.467651399235429 ], [ 86.743728638653607, 20.465692519233713 ], [ 86.742622350041401, 20.470800335949516 ], [ 86.736130030780004, 20.463703194957812 ], [ 86.730376927916438, 20.440322854277955 ], [ 86.735336443618806, 20.414493533130866 ], [ 86.726089352486767, 20.393560398467532 ], [ 86.732460120634499, 20.392274802839477 ], [ 86.740966506760302, 20.40053752037943 ], [ 86.743232884478658, 20.395641315414913 ], [ 86.7393113145027, 20.389642753363116 ], [ 86.747574113467152, 20.391357469329499 ], [ 86.745002534573828, 20.378870000520156 ], [ 86.748123328316396, 20.378381725949748 ], [ 86.778304920752788, 20.404823309004325 ], [ 86.784118854835953, 20.385541899517275 ], [ 86.782585206477052, 20.3784427150384 ], [ 86.786133030425646, 20.381074910822509 ], [ 86.791519055204972, 20.37568860263125 ], [ 86.78350076611558, 20.365711195254008 ], [ 86.775863625382897, 20.346490923144586 ], [ 86.784538136233834, 20.340549454587617 ], [ 86.781257686829036, 20.336172128857818 ], [ 86.786407621894668, 20.332717957373642 ], [ 86.785217004497795, 20.329059675047901 ], [ 86.720497001692479, 20.286087053168803 ], [ 86.683487007934033, 20.269374783228987 ], [ 86.682655392228071, 20.263027172259797 ], [ 86.682083235589218, 20.266611030849774 ], [ 86.677925096174604, 20.266195328498739 ], [ 86.676109236729346, 20.269416874896471 ], [ 86.678184319237786, 20.274301495379241 ], [ 86.672111521554157, 20.274717360080128 ], [ 86.670188800824107, 20.271703666542603 ], [ 86.674705803891086, 20.267131837105868 ], [ 86.67475900750091, 20.261623418068854 ], [ 86.6827623982918, 20.258817715677932 ], [ 86.65494549331703, 20.251394294303758 ], [ 86.598770036999539, 20.22405055137115 ], [ 86.527549936725308, 20.174032237630385 ], [ 86.514740191326652, 20.15773965152405 ], [ 86.49481964110285, 20.11616704520674 ], [ 86.481361642636926, 20.096315330291212 ], [ 86.442443998869464, 20.056663575902288 ], [ 86.435317735566912, 20.052106838360793 ], [ 86.437934890825431, 20.058391574756346 ], [ 86.417770526810131, 20.041053787206277 ], [ 86.405929429753442, 20.009416571554201 ], [ 86.396972549896418, 20.002134358895887 ], [ 86.396332051205533, 19.996908202279787 ], [ 86.405387836530934, 19.999101663959912 ], [ 86.408881881517999, 19.997617756234266 ], [ 86.408668289414464, 19.993522622826656 ], [ 86.412368808788457, 19.998973876462916 ], [ 86.423103421887234, 20.002462407866403 ], [ 86.421318285451491, 20.005342479486426 ], [ 86.426605009884398, 20.006811172833977 ], [ 86.42523198248621, 20.009096130986542 ], [ 86.430862254343197, 20.015258811998265 ], [ 86.435897842994109, 20.01582142077422 ], [ 86.426857059007062, 20.002994560628977 ], [ 86.393989355631618, 19.978975337983414 ], [ 86.385750100099457, 19.961023332182251 ], [ 86.378448762119518, 19.956901509760645 ], [ 86.375282316341924, 19.948966964820329 ], [ 86.368675473454076, 19.951801299056683 ], [ 86.32730074816368, 19.94670108506093 ], [ 86.288383240496231, 19.931116097950969 ], [ 86.244712883513159, 19.906175583448377 ], [ 86.192894194920939, 19.887477881387884 ], [ 86.058014008621157, 19.849601730464229 ], [ 85.915527185094831, 19.821041087953059 ], [ 85.790168855785595, 19.782600423046429 ], [ 85.680618210798045, 19.743812545036548 ], [ 85.50031283097465, 19.656404469216977 ], [ 85.428024519552267, 19.625593144932179 ], [ 85.360938976368416, 19.591125499513478 ], [ 85.292365955616035, 19.549802762806106 ], [ 85.142992725562976, 19.442626110662545 ], [ 85.133208554379507, 19.449037545215155 ], [ 85.119596358199587, 19.445260418222173 ], [ 85.103600807489414, 19.448048504153228 ], [ 85.10021050756734, 19.459011775096776 ], [ 85.081925460138791, 19.460558270453348 ], [ 85.076727976912807, 19.463624133582456 ], [ 85.07247504718859, 19.472253962251628 ], [ 85.059976674856088, 19.47278510382694 ], [ 85.055928280656275, 19.478503420099624 ], [ 85.052902564814232, 19.478067222230592 ], [ 85.054716258227089, 19.490713977966543 ], [ 85.049696726988088, 19.493607857665268 ], [ 85.049625112167178, 19.50117052106685 ], [ 85.045243059808371, 19.505816516649812 ], [ 85.046124678224302, 19.510536839685457 ], [ 85.042399635255038, 19.51546441144076 ], [ 85.044437937778142, 19.523783910089886 ], [ 85.034708662893649, 19.525575631155853 ], [ 85.034173723258206, 19.537508953534797 ], [ 85.021930342431318, 19.546383465412276 ], [ 85.025231123397418, 19.554090984768365 ], [ 85.040138893144174, 19.553738608842949 ], [ 85.052614479177592, 19.562563207240302 ], [ 85.044119469911394, 19.568907879445671 ], [ 85.036438263242701, 19.569452042080894 ], [ 85.039139001244578, 19.576785212899313 ], [ 85.032973636862607, 19.581437990724019 ], [ 85.031669383280203, 19.588613825866549 ], [ 85.027224396501751, 19.590259062095608 ], [ 85.02941569392037, 19.595438912704047 ], [ 85.02694173596187, 19.600148385566946 ], [ 85.021647139363949, 19.598058269893258 ], [ 85.013891606005288, 19.60836453121544 ], [ 85.023191193590861, 19.613651531860835 ], [ 85.021512590397705, 19.623405763459584 ], [ 85.039472117635341, 19.637526857695079 ], [ 85.03722493921957, 19.641407879789519 ], [ 85.043658858139125, 19.64725152158589 ], [ 85.043900828697915, 19.650848797626754 ], [ 85.038384878396087, 19.65371283859756 ], [ 85.039426544756935, 19.659342721011491 ], [ 85.035541453690186, 19.660557185474755 ], [ 85.040013024402043, 19.669496258669451 ], [ 85.038372399666699, 19.684005807306118 ], [ 85.040651588391881, 19.689973689182079 ], [ 85.054463979416042, 19.688336590957626 ], [ 85.05734429700469, 19.6963229733114 ], [ 85.065227868529192, 19.698177085463751 ], [ 85.057790802943543, 19.709379613548972 ], [ 85.065766605575561, 19.716520998545594 ], [ 85.06972493941845, 19.731866321396303 ], [ 85.095314674119749, 19.738060983170197 ], [ 85.093336050314889, 19.744196508054092 ], [ 85.096391605480335, 19.754736059444596 ], [ 85.101107859673633, 19.759197322243764 ], [ 85.092205407786125, 19.763342829970465 ], [ 85.078330624779028, 19.779719511445389 ], [ 85.06299563609943, 19.782320053630407 ], [ 85.026697603337809, 19.805232849448277 ], [ 85.018264997554994, 19.805371922790773 ], [ 85.01002522776821, 19.799037957326675 ], [ 84.989563034226336, 19.794649149240868 ], [ 84.968368538823199, 19.814794517814928 ], [ 84.962814247131803, 19.830633187499785 ], [ 84.954079295636944, 19.834342299187878 ], [ 84.962654203495703, 19.847095489235599 ], [ 84.974708415870168, 19.85426137162969 ], [ 84.999656689938504, 19.87883569967714 ], [ 84.998865563857223, 19.88499294945105 ], [ 84.994722225850069, 19.882352704291122 ], [ 84.990354278638222, 19.888199872042225 ], [ 84.995830624755897, 19.892791885829144 ], [ 84.992230906505284, 19.898885906886157 ], [ 84.985055857101344, 19.898945189089073 ], [ 84.981022681577585, 19.903413088033108 ], [ 84.985482316910122, 19.906302086015593 ], [ 84.970551219099676, 19.920555015046389 ], [ 84.973052846792555, 19.926113826082151 ], [ 84.981941735711231, 19.931732043911957 ], [ 84.977502920739767, 19.940275033730536 ], [ 84.991836484000999, 19.948173830781066 ], [ 84.996662330422794, 19.943825686030856 ], [ 84.996393775427748, 19.950377334913139 ], [ 84.986124135255508, 19.96332655434674 ], [ 84.974444990709813, 19.962487524251085 ], [ 84.973352868490096, 19.967775067892163 ], [ 84.966324331185945, 19.971774090825548 ], [ 84.965831710981973, 19.976408686660822 ], [ 84.944441735921814, 19.976113825805257 ], [ 84.908330624823435, 19.963035755111832 ], [ 84.898308381042995, 19.964731176822003 ], [ 84.894013133613768, 19.968599448984282 ], [ 84.901380620840428, 19.98222438179948 ], [ 84.895555679846424, 19.998736251266081 ], [ 84.891130646123031, 20.002664661926566 ], [ 84.889705407421076, 20.007504071437182 ], [ 84.892775068898672, 20.010029841977794 ], [ 84.888600806484234, 20.016662328731027 ], [ 84.899736874622903, 20.024972875337273 ], [ 84.899409726138188, 20.028796660079877 ], [ 84.906669383175853, 20.031386178534387 ], [ 84.906481666348583, 20.040890573044472 ], [ 84.912341583563958, 20.04800157602476 ], [ 84.905002716840528, 20.055280492862771 ], [ 84.901370446215054, 20.051930612067359 ], [ 84.892780494270937, 20.051545684037126 ], [ 84.893980038443814, 20.053529190375929 ], [ 84.886391605294534, 20.062780492477057 ], [ 84.879996206005188, 20.066402997342212 ], [ 84.876369903599411, 20.064724937374894 ], [ 84.869141171353434, 20.071393502858449 ], [ 84.868873701862483, 20.078943144433257 ], [ 84.864949818667299, 20.083700355101495 ], [ 84.848845490220739, 20.08307264767717 ], [ 84.84693956544325, 20.085554744072812 ], [ 84.849441192930101, 20.089182402784463 ], [ 84.845084096738731, 20.093670250229945 ], [ 84.850825741589716, 20.100517851713608 ], [ 84.839719586605781, 20.109163788740151 ], [ 84.833930668032295, 20.10417046683612 ], [ 84.829959313619298, 20.104763457017352 ], [ 84.828421227718763, 20.115162763046705 ], [ 84.820121532035287, 20.129982912401758 ], [ 84.821538631970284, 20.152959800257449 ], [ 84.833699005545469, 20.157495391264913 ], [ 84.837504886862959, 20.163341745420226 ], [ 84.843342018010773, 20.165277238112573 ], [ 84.84786567245628, 20.174078778567861 ], [ 84.851468645042075, 20.173891604229166 ], [ 84.850761180312873, 20.18169922124105 ], [ 84.853806427591095, 20.18167914712809 ], [ 84.860288090014038, 20.192299521535965 ], [ 84.850493710885857, 20.191424970352209 ], [ 84.846706275763069, 20.198834366326629 ], [ 84.849513349985074, 20.202476673815802 ], [ 84.839439022916537, 20.203044164437429 ], [ 84.831391605280558, 20.207491593275392 ], [ 84.831617299513283, 20.215713435936312 ], [ 84.824479713360333, 20.217502986720678 ], [ 84.82333442215527, 20.22305962739912 ], [ 84.806124678121321, 20.221647138006677 ], [ 84.8014989022641, 20.224938434677796 ], [ 84.797023115706736, 20.221947159324486 ], [ 84.787656253698827, 20.222724882803213 ], [ 84.78247558978633, 20.232003041111287 ], [ 84.786692169554911, 20.237497018266065 ], [ 84.775275367427156, 20.247219389300142 ], [ 84.765731340409531, 20.243613826605696 ], [ 84.762464195615451, 20.246036752694977 ], [ 84.759396705437283, 20.242481014041637 ], [ 84.755258250539399, 20.24333062282728 ], [ 84.755259335496561, 20.240065377934918 ], [ 84.749078237191341, 20.239778648525377 ], [ 84.734976674765093, 20.244451499928275 ], [ 84.730270881587415, 20.251119582819381 ], [ 84.710635854647037, 20.250573733090139 ], [ 84.707823996474616, 20.252860753803905 ], [ 84.700310333503836, 20.249556209189205 ], [ 84.694879018363608, 20.24176676726356 ], [ 84.693608401794251, 20.232470163431014 ], [ 84.686689999133904, 20.225840388689669 ], [ 84.670803497805352, 20.219724937824747 ], [ 84.656941735102308, 20.221941734710498 ], [ 84.651816409834538, 20.22702636977062 ], [ 84.652496748063371, 20.231975642809665 ], [ 84.648781471176406, 20.237022029409875 ], [ 84.651094296104333, 20.24603000506692 ], [ 84.648882924502274, 20.247489694209055 ], [ 84.649441569646797, 20.269997334032237 ], [ 84.634101566119952, 20.26955349666196 ], [ 84.629032188445208, 20.278402719864864 ], [ 84.605503475891794, 20.28976182952842 ], [ 84.603880754267266, 20.295550946648454 ], [ 84.607778258697721, 20.298735549960028 ], [ 84.604468320010511, 20.302550186821232 ], [ 84.607281439550988, 20.305237215196396 ], [ 84.604158532026815, 20.312519262851158 ], [ 84.607456792934045, 20.316689026269195 ], [ 84.600467668658411, 20.322412112001366 ], [ 84.589425459683525, 20.319169382099052 ], [ 84.576340510275088, 20.325862350238157 ], [ 84.563608402349274, 20.32250298635746 ], [ 84.556963979268261, 20.3108479844784 ], [ 84.552223310750918, 20.310841745526581 ], [ 84.549117842298443, 20.301520455906967 ], [ 84.554160159673643, 20.293978138456222 ], [ 84.550558907680511, 20.295830628529799 ], [ 84.539738437112263, 20.291379068013967 ], [ 84.536940912146321, 20.288613011267685 ], [ 84.536657447229899, 20.279685603311641 ], [ 84.530830624080849, 20.276924644293043 ], [ 84.522775068416593, 20.279447430562556 ], [ 84.522670087847104, 20.272472062192048 ], [ 84.5180780743284, 20.271824817963456 ], [ 84.515363773051575, 20.263337947267654 ], [ 84.510859378580008, 20.264463706715858 ], [ 84.506107457934988, 20.260835138261079 ], [ 84.512298451898175, 20.244117298748705 ], [ 84.519334042406271, 20.243187393657013 ], [ 84.525870771767217, 20.231833499021132 ], [ 84.526379398534615, 20.228561200417772 ], [ 84.5206608108642, 20.227159561744589 ], [ 84.52311171152077, 20.217907717227991 ], [ 84.520539554429149, 20.208522680350224 ], [ 84.513449439191362, 20.206672908362947 ], [ 84.503404408728045, 20.214138728390552 ], [ 84.496963119978787, 20.214191849407506 ], [ 84.494344340248418, 20.202507678719499 ], [ 84.488863815579023, 20.201648096985906 ], [ 84.49138617935489, 20.193231339518903 ], [ 84.487787275556869, 20.181941463181538 ], [ 84.483133412791574, 20.177489966098729 ], [ 84.470277238932141, 20.174995391301628 ], [ 84.465125600178709, 20.180489640094724 ], [ 84.454753421522668, 20.177606067877409 ], [ 84.438939347868157, 20.179752335538076 ], [ 84.433813208725667, 20.1761615694212 ], [ 84.428477650572574, 20.186116810578696 ], [ 84.415608998249525, 20.183579374977182 ], [ 84.409168026468762, 20.189186471688778 ], [ 84.407497290722887, 20.182497290073403 ], [ 84.412476945643093, 20.177380645017791 ], [ 84.414904517498215, 20.167061363652003 ], [ 84.407245555131311, 20.161547311334274 ], [ 84.402214031847862, 20.166414118131613 ], [ 84.396733402317622, 20.165131566865671 ], [ 84.395025908021296, 20.167411013737095 ], [ 84.390392415039258, 20.163841938609153 ], [ 84.39238173082407, 20.155498862775477 ], [ 84.398052032368881, 20.148919544220007 ], [ 84.398330624457685, 20.139719512118056 ], [ 84.404393449651849, 20.143403322561532 ], [ 84.407295004532301, 20.1389781017898 ], [ 84.411385908290512, 20.139175078079187 ], [ 84.411663957180963, 20.135830622933103 ], [ 84.415563968073371, 20.135269371103032 ], [ 84.413944796076095, 20.129882335265201 ], [ 84.417780583902257, 20.125002804389904 ], [ 84.421892095477887, 20.125064008830968 ], [ 84.422439782315266, 20.121698950178548 ], [ 84.416669579141313, 20.115552765277403 ], [ 84.417775068419118, 20.100803495953677 ], [ 84.409332142852037, 20.091456708341781 ], [ 84.399447554530155, 20.08999736621881 ], [ 84.400897084209291, 20.084695368768028 ], [ 84.395451392449701, 20.081472713120643 ], [ 84.403886179608179, 20.070907391589408 ], [ 84.385558645106087, 20.074719505560186 ], [ 84.37971544404796, 20.069911297619072 ], [ 84.380830624012944, 20.06233154523089 ], [ 84.369696998069998, 20.05637397175574 ], [ 84.370266116745626, 20.04246283891495 ], [ 84.362065432920062, 20.041391603695835 ], [ 84.349140085502285, 20.04555501527998 ], [ 84.331302669478617, 20.058850361244669 ], [ 84.325077857070568, 20.05149088803153 ], [ 84.32139160462927, 20.042029896069643 ], [ 84.323886179589351, 20.040686851000846 ], [ 84.305834068950361, 20.035091543592742 ], [ 84.304681535461725, 20.030097116015327 ], [ 84.298602705537164, 20.026943361375476 ], [ 84.299152835041284, 20.016637100557318 ], [ 84.287351348962858, 20.008058270984648 ], [ 84.284147409928224, 19.999793838789664 ], [ 84.267758250274156, 19.998892146268798 ], [ 84.263033043673289, 20.0133566646542 ], [ 84.249782175589772, 20.01545111973607 ], [ 84.239680721479971, 19.991038956060404 ], [ 84.231113827309315, 19.985552845044698 ], [ 84.216937712805205, 19.995260388053993 ], [ 84.203994144158528, 19.992447647537269 ], [ 84.200257978777273, 19.984719512302245 ], [ 84.201577422928068, 19.972335071636046 ], [ 84.195246585122561, 19.970003529175195 ], [ 84.196335181463667, 19.96282904945782 ], [ 84.19083615981198, 19.958052668357144 ], [ 84.186391689911844, 19.94249723202638 ], [ 84.187973907153008, 19.934384225211417 ], [ 84.183665719641169, 19.928962323922715 ], [ 84.183605960239419, 19.918332792945289 ], [ 84.186958553822421, 19.915274525287494 ], [ 84.183597279415935, 19.906370173613357 ], [ 84.184469675922841, 19.898063695540952 ], [ 84.178247887498415, 19.893613825674265 ], [ 84.170016118485876, 19.896108535961275 ], [ 84.168909779704251, 19.893376195603253 ], [ 84.157998863835985, 19.891270618621938 ], [ 84.15584744192391, 19.895830622609733 ], [ 84.134276804488479, 19.906871747105743 ], [ 84.130240074753004, 19.915085993936458 ], [ 84.121483500677314, 19.919775086320161 ], [ 84.105976837158195, 19.921315919897868 ], [ 84.104136016525942, 19.909616701539456 ], [ 84.093618166623386, 19.904648710768303 ], [ 84.086929319562103, 19.894704972546887 ], [ 84.075307620090342, 19.89666395663836 ], [ 84.069888512207498, 19.892899850007243 ], [ 84.063121477037811, 19.895085722727178 ], [ 84.060560777328249, 19.893052731643202 ], [ 84.058808868040217, 19.895275067306404 ], [ 84.046113827036777, 19.890853138419036 ], [ 84.038731014084505, 19.882165800985884 ], [ 84.031173776364639, 19.881663956222607 ], [ 84.025888132771868, 19.876101619241936 ], [ 84.016294762168172, 19.876054147102909 ], [ 84.018069664545678, 19.869174806996131 ], [ 84.014980742788424, 19.865581328541793 ], [ 84.019415350447957, 19.86301417267487 ], [ 84.014174808112628, 19.849458552992196 ], [ 83.990383032613096, 19.841881784129011 ], [ 83.996947160052684, 19.837502714765321 ], [ 84.001386103496742, 19.824724929681203 ], [ 83.987691246781566, 19.81516330537276 ], [ 83.983058271317219, 19.796386178304424 ], [ 83.964183032502419, 19.780035515182519 ], [ 83.963897572010879, 19.784168839067618 ], [ 83.945863175400305, 19.787775067353401 ], [ 83.936401912182504, 19.783077801812787 ], [ 83.9354958782274, 19.776642346949359 ], [ 83.91944720864339, 19.780280541546698 ], [ 83.898329267624746, 19.799164769794803 ], [ 83.898780656428173, 19.809297962416963 ], [ 83.892213815647494, 19.812230362179001 ], [ 83.892801380759664, 19.822738988875056 ], [ 83.883948028005022, 19.821865778893422 ], [ 83.870861819132131, 19.838036568894893 ], [ 83.866174069495699, 19.835910569959008 ], [ 83.862219512391377, 19.838052844900282 ], [ 83.860803496589384, 19.843886178569068 ], [ 83.851397029345833, 19.839130047335257 ], [ 83.852492136482979, 19.846440160772143 ], [ 83.847610680358216, 19.848618708858954 ], [ 83.864117841573659, 19.855304364020686 ], [ 83.868603247068421, 19.860165204291334 ], [ 83.864722496665706, 19.862187773690245 ], [ 83.863619794381464, 19.869174264296131 ], [ 83.855225697805992, 19.873431534389457 ], [ 83.853273386560588, 19.880298938928117 ], [ 83.824919165262415, 19.883325468928419 ], [ 83.817742245103233, 19.876154244887594 ], [ 83.818848744471055, 19.869467504278902 ], [ 83.811024036771258, 19.86711968550857 ], [ 83.806263294978507, 19.873493925860508 ], [ 83.789210343389485, 19.870528159691524 ], [ 83.780563968022989, 19.874562176839355 ], [ 83.781551923640507, 19.882777779920563 ], [ 83.776907284121137, 19.897880048012873 ], [ 83.771299915649777, 19.901022408964192 ], [ 83.76828694934504, 19.909905058684071 ], [ 83.757180178995966, 19.920333118717583 ], [ 83.750219729344067, 19.922237415600481 ], [ 83.750877823590073, 19.929399687799719 ], [ 83.747903377494794, 19.933308650507993 ], [ 83.742361114140962, 19.933194446834392 ], [ 83.742091745920789, 19.938605145458364 ], [ 83.737252064823934, 19.937780492629663 ], [ 83.731952856339362, 19.942230633938316 ], [ 83.730146487281672, 19.936113826257955 ], [ 83.726623537571299, 19.937113988761247 ], [ 83.722782120692131, 19.932489694096699 ], [ 83.718817277490132, 19.93594753925122 ], [ 83.711973201830673, 19.927779407523808 ], [ 83.702245282912656, 19.923762480418034 ], [ 83.70500298720431, 19.906108400564605 ], [ 83.693036027218852, 19.896375598876432 ], [ 83.69220350786162, 19.880925837589672 ], [ 83.686947159761658, 19.880303279364469 ], [ 83.686344132891136, 19.853127443756495 ], [ 83.661607533392925, 19.824377172580387 ], [ 83.657832305025721, 19.82587348293626 ], [ 83.653330352005071, 19.834719783066177 ], [ 83.654474829247178, 19.840244142949384 ], [ 83.651669381796552, 19.842907174325898 ], [ 83.65529188666838, 19.852502714736239 ], [ 83.649185658071673, 19.863330623009936 ], [ 83.645689021456022, 19.864333769690028 ], [ 83.639126792846838, 19.859419761331498 ], [ 83.63527696717442, 19.86083984599594 ], [ 83.628666452679809, 19.855040692150244 ], [ 83.623060712275716, 19.856825088995244 ], [ 83.621777617357239, 19.86626790591588 ], [ 83.615275067942108, 19.87083062271509 ], [ 83.609447159841721, 19.883875056343282 ], [ 83.609122994935163, 19.901631675309044 ], [ 83.605070260866924, 19.904358455090836 ], [ 83.593965931570509, 19.899381241497501 ], [ 83.594389922327821, 19.896457521628708 ], [ 83.58487060784168, 19.895280492577445 ], [ 83.57558051486626, 19.904713272755568 ], [ 83.571545684026859, 19.898891604024605 ], [ 83.563197159436427, 19.900533042637079 ], [ 83.561301000754924, 19.906023222886009 ], [ 83.552498646577646, 19.911682131377535 ], [ 83.547252064470285, 19.907780492968321 ], [ 83.541920847199364, 19.908239205859523 ], [ 83.53807888695097, 19.897260202123221 ], [ 83.526407880085557, 19.88472493696073 ], [ 83.514327802262116, 19.887071670876121 ], [ 83.505620391425737, 19.884724937039291 ], [ 83.499010148492516, 19.887915041377312 ], [ 83.495258520049944, 19.894967179111188 ], [ 83.479331599475657, 19.898052845184178 ], [ 83.478146432930657, 19.892010635826349 ], [ 83.463578290557336, 19.887300891844511 ], [ 83.453604603359025, 19.871080188772584 ], [ 83.450836590985247, 19.871136612623324 ], [ 83.449616972908643, 19.863941245630624 ], [ 83.438342830752248, 19.860609268870732 ], [ 83.438213435767807, 19.857244468555553 ], [ 83.429467776004159, 19.85167399333799 ], [ 83.418500436845292, 19.84623399756077 ], [ 83.409240725426557, 19.850342341678378 ], [ 83.400307619452747, 19.849719511899863 ], [ 83.395144316444004, 19.843710397300242 ], [ 83.385306534419428, 19.84679931861271 ], [ 83.375020076157213, 19.84529161451265 ], [ 83.377497289499715, 19.839458281395402 ], [ 83.374447159980974, 19.837046443131168 ], [ 83.375552845548441, 19.830307619587533 ], [ 83.370843372933294, 19.828691679980793 ], [ 83.371154516831695, 19.819200034662018 ], [ 83.376667483507902, 19.819452855728048 ], [ 83.383980037686612, 19.811288522325352 ], [ 83.395541451896676, 19.813897029115871 ], [ 83.400702856436723, 19.80937717254189 ], [ 83.400376521548893, 19.800183650066558 ], [ 83.397235245404332, 19.79500596986983 ], [ 83.382405330446858, 19.800196128710205 ], [ 83.381505264820674, 19.79271430338898 ], [ 83.373892146200703, 19.788630644450375 ], [ 83.375536840953629, 19.78178819651243 ], [ 83.369361981793816, 19.77695692479708 ], [ 83.35834771341456, 19.774980470822165 ], [ 83.353047962744412, 19.777508682532101 ], [ 83.344244523000299, 19.771490887479519 ], [ 83.348041723484457, 19.763903268425516 ], [ 83.352638619782866, 19.763691137273202 ], [ 83.354169382238283, 19.754441734035854 ], [ 83.350836048836257, 19.749997289452647 ], [ 83.33543457294823, 19.746116538626111 ], [ 83.337727053000805, 19.731157228517798 ], [ 83.34228949921345, 19.72845621967911 ], [ 83.343095434685509, 19.723189563717352 ], [ 83.33418077551363, 19.712786460268514 ], [ 83.330874025858563, 19.713330622656635 ], [ 83.327519262442436, 19.700569663360778 ], [ 83.320425078483481, 19.693805340780685 ], [ 83.313967558958637, 19.692958172715265 ], [ 83.309980471579621, 19.699307185111849 ], [ 83.304726564412377, 19.700073515193878 ], [ 83.302198082111502, 19.688302681801961 ], [ 83.293356122325704, 19.68827772560546 ], [ 83.289965280058226, 19.69365288822242 ], [ 83.284732804153606, 19.693546009042684 ], [ 83.283613826163119, 19.699169381384717 ], [ 83.277360299580494, 19.701968317987625 ], [ 83.26110623059671, 19.723106013146925 ], [ 83.241108400559696, 19.723336048168154 ], [ 83.238058270439595, 19.721303441835019 ], [ 83.242212459017054, 19.715891658015725 ], [ 83.240560440952493, 19.707116158936287 ], [ 83.224751793047702, 19.687513836907499 ], [ 83.221829158422494, 19.6856713886927 ], [ 83.212346735768207, 19.690333932080666 ], [ 83.206775990026728, 19.68713134959815 ], [ 83.202896052604103, 19.68841959861788 ], [ 83.18771240434647, 19.67448513619928 ], [ 83.16861491105449, 19.669209800618564 ], [ 83.167796768930657, 19.659168567634968 ], [ 83.162558867179087, 19.655694446854934 ], [ 83.165002986132336, 19.645830622753685 ], [ 83.159447159490199, 19.639485136992537 ], [ 83.1614453152431, 19.63489854796914 ], [ 83.143421226091618, 19.620783964630224 ], [ 83.137035864099246, 19.621471355768698 ], [ 83.131454809204811, 19.617781848703963 ], [ 83.122568632722746, 19.619981555737361 ], [ 83.121078561293515, 19.626258411272303 ], [ 83.098886181197344, 19.637775066775454 ], [ 83.093347170254731, 19.644706219315786 ], [ 83.082623971286182, 19.64517605439201 ], [ 83.088091907645534, 19.626134171137231 ], [ 83.071386178568034, 19.621391603686302 ], [ 83.069717884316489, 19.618055557385809 ], [ 83.070002647317907, 19.609447313876206 ], [ 83.080820043483683, 19.605938858376202 ], [ 83.073777129315857, 19.593820260295619 ], [ 83.07555284541769, 19.59114095274435 ], [ 83.059169212692964, 19.590558401683612 ], [ 83.05302571851297, 19.59333062287687 ], [ 83.034180232409383, 19.590819501114709 ], [ 83.022988283789914, 19.595608454639535 ], [ 83.019015029930827, 19.602494577042965 ], [ 83.014881682266505, 19.59884462820483 ], [ 83.008307565344921, 19.603602161417051 ], [ 83.006092124749074, 19.610275066927372 ], [ 83.002238772005001, 19.610473363504543 ], [ 82.998338761106311, 19.616623266173292 ], [ 83.000251466780071, 19.621430937331237 ], [ 82.994149579081665, 19.626388890901101 ], [ 82.99584689926084, 19.635246584034149 ], [ 82.989725121007325, 19.63916925815289 ], [ 82.996670195580961, 19.656110299123775 ], [ 82.995817873296204, 19.663904896116605 ], [ 82.985047202963344, 19.664457738952201 ], [ 82.980415030867604, 19.660380531732024 ], [ 82.972266712580719, 19.667419164332308 ], [ 82.966081816762141, 19.659702964173317 ], [ 82.96036295772231, 19.662569717657167 ], [ 82.953891111058951, 19.657497123203971 ], [ 82.948826227921387, 19.657679580684757 ], [ 82.948058270618418, 19.642855904652833 ], [ 82.955002715154151, 19.636669381295281 ], [ 82.958608292245913, 19.622219405206998 ], [ 82.951947159638877, 19.603345270940288 ], [ 82.952224937039063, 19.59613579854171 ], [ 82.957241484537732, 19.590526260562676 ], [ 82.953336048567735, 19.575018990576698 ], [ 82.957624477125435, 19.571274662884559 ], [ 82.949159344716449, 19.56666829647903 ], [ 82.953891604055045, 19.559997289549372 ], [ 82.945562339084034, 19.554360082381802 ], [ 82.947780764038157, 19.548875598325427 ], [ 82.940836048205568, 19.545156794070348 ], [ 82.939175077959661, 19.5347249369308 ], [ 82.92249159276399, 19.528324654585113 ], [ 82.928744446990919, 19.523194024264185 ], [ 82.925702856215992, 19.518981122052729 ], [ 82.928330519202987, 19.514997226204496 ], [ 82.926663969113292, 19.506391665041374 ], [ 82.921010472650437, 19.500788576548949 ], [ 82.925002888507834, 19.498058431507147 ], [ 82.922780492885423, 19.492351618502084 ], [ 82.925053984521142, 19.489379613882658 ], [ 82.921102975022109, 19.48693034077743 ], [ 82.925008319304411, 19.480283940891411 ], [ 82.911684572726458, 19.478243274527927 ], [ 82.911301060948659, 19.473421350105692 ], [ 82.905896541147143, 19.471062285320169 ], [ 82.908678658905529, 19.462932944861542 ], [ 82.896669381757093, 19.450633682633178 ], [ 82.904373792933342, 19.440785656806714 ], [ 82.899447701700652, 19.439741755041485 ], [ 82.89930175961706, 19.424615887034982 ], [ 82.896532149786296, 19.419787639924028 ], [ 82.889303116072483, 19.417435440318695 ], [ 82.890298118849302, 19.406091039056818 ], [ 82.881635473135148, 19.406494684828889 ], [ 82.872262914745491, 19.411386178471716 ], [ 82.867792042910253, 19.407041587552186 ], [ 82.862252063548866, 19.411941733293776 ], [ 82.859724937314411, 19.405830622307406 ], [ 82.854986167718238, 19.405544164390268 ], [ 82.854447704182775, 19.39833156054862 ], [ 82.848885907077687, 19.395836048132445 ], [ 82.846383194409754, 19.385832249998149 ], [ 82.854165854810773, 19.383636612154646 ], [ 82.855687122097208, 19.380398765139535 ], [ 82.845558269905823, 19.371815323078533 ], [ 82.850397402045857, 19.362275948484601 ], [ 82.849842666842235, 19.356773547664446 ], [ 82.843613825867607, 19.350830622575785 ], [ 82.829136015347771, 19.345249025188174 ], [ 82.829977215589096, 19.332591690415065 ], [ 82.828001575574135, 19.328769532904669 ], [ 82.822371692907012, 19.329626737876307 ], [ 82.831669380952349, 19.323891603538392 ], [ 82.831891549531349, 19.318543838388468 ], [ 82.809499242235091, 19.314480253830052 ], [ 82.795376792302292, 19.297678495629867 ], [ 82.778336047625018, 19.294339736782373 ], [ 82.776947158659866, 19.290574545570003 ], [ 82.782519533314144, 19.283037653591581 ], [ 82.78111382562345, 19.279441733385902 ], [ 82.765025663228769, 19.273609478831325 ], [ 82.752514107813411, 19.274174806147638 ], [ 82.740708365737433, 19.268333110165614 ], [ 82.734513077424324, 19.272481555508268 ], [ 82.732219247100559, 19.279442046709836 ], [ 82.737671171772405, 19.292976889740199 ], [ 82.73277506714291, 19.294163956025482 ], [ 82.730986058350751, 19.29887749747888 ], [ 82.716941462730659, 19.298886178120682 ], [ 82.711121963852435, 19.306049264175936 ], [ 82.713052844744595, 19.306635201303788 ], [ 82.704583372535524, 19.307638697802155 ], [ 82.702689074994481, 19.316950956916713 ], [ 82.699592640161612, 19.317339977503252 ], [ 82.702940540365532, 19.318905709373425 ], [ 82.701614314386902, 19.32156141668812 ], [ 82.693885910876347, 19.326386355619523 ], [ 82.70028618871649, 19.330288087942609 ], [ 82.694147951286254, 19.339777019809578 ], [ 82.699639758827601, 19.347395292486194 ], [ 82.694027779949991, 19.349016386160447 ], [ 82.687224985719382, 19.356947372212662 ], [ 82.699997289228094, 19.371081273310448 ], [ 82.700546334376938, 19.37586751508136 ], [ 82.694038667528176, 19.386459022248953 ], [ 82.695824383247924, 19.390302736194649 ], [ 82.681649036354841, 19.394446073972404 ], [ 82.681386178466738, 19.3978754357017 ], [ 82.671815322604388, 19.40582194151046 ], [ 82.662858888678755, 19.40390570942057 ], [ 82.652361113389034, 19.410705839838268 ], [ 82.647381729197576, 19.407682835968643 ], [ 82.642224972055203, 19.410002582297562 ], [ 82.642092829834823, 19.413330622617334 ], [ 82.627328913590233, 19.413470173881972 ], [ 82.629719511336091, 19.421795791712839 ], [ 82.626357423973658, 19.42751465062485 ], [ 82.62944173346952, 19.429136828955407 ], [ 82.621824845191128, 19.43522401488114 ], [ 82.625275067096496, 19.441119793661677 ], [ 82.619985896118877, 19.44611219784581 ], [ 82.618063966807, 19.454723037761301 ], [ 82.610827909758967, 19.459998917090694 ], [ 82.614441733729919, 19.466342775626199 ], [ 82.609695911136427, 19.474164769893928 ], [ 82.611386178269186, 19.475811904881503 ], [ 82.6051798522588, 19.478943686645358 ], [ 82.600555014954409, 19.476383736923637 ], [ 82.601067167458666, 19.486027290955992 ], [ 82.591103517333025, 19.487498102828678 ], [ 82.591108399963403, 19.49250841116698 ], [ 82.583047147970319, 19.497780492767696 ], [ 82.582320965764239, 19.501766495196126 ], [ 82.575872318655783, 19.501235408790325 ], [ 82.571203072683417, 19.505766060805364 ], [ 82.563046889855997, 19.503608941377717 ], [ 82.55916341350364, 19.515019533068081 ], [ 82.551900163574544, 19.519522174376657 ], [ 82.553046605907511, 19.527516549165668 ], [ 82.533269587489343, 19.541330568690523 ], [ 82.531377768595846, 19.546119522110249 ], [ 82.527511811711733, 19.546428125735996 ], [ 82.529163955734646, 19.560025500985333 ], [ 82.524179960910416, 19.559424915567863 ], [ 82.522495932799771, 19.565892742755835 ], [ 82.516409342732871, 19.564491295694637 ], [ 82.511924905734062, 19.566957696472649 ], [ 82.508360733454381, 19.583753257089072 ], [ 82.503044164448568, 19.591680503278358 ], [ 82.496109485610802, 19.593324925921934 ], [ 82.49250273598993, 19.598614007430214 ], [ 82.494163955923653, 19.604186471144107 ], [ 82.490830449265005, 19.607224812471145 ], [ 82.500183378398376, 19.615662708151795 ], [ 82.492438966642965, 19.62415364777144 ], [ 82.482493509714843, 19.623704968177584 ], [ 82.478630101184237, 19.628052844591924 ], [ 82.473330622632503, 19.626663956384522 ], [ 82.46360840047511, 19.637497015297246 ], [ 82.462392037635951, 19.646590171588507 ], [ 82.465282119490354, 19.652777508552454 ], [ 82.459088272308549, 19.669420574995762 ], [ 82.444274361544714, 19.664930286556135 ], [ 82.444169381121995, 19.661386178050126 ], [ 82.437667373236366, 19.65736816568802 ], [ 82.431092124309757, 19.663330622674092 ], [ 82.420370010291734, 19.656467829583953 ], [ 82.414412979029649, 19.660257163418343 ], [ 82.413608399724083, 19.665247940821992 ], [ 82.39866156864197, 19.666081002911902 ], [ 82.397866213057057, 19.671096736072993 ], [ 82.383609485200026, 19.671102703731652 ], [ 82.382449817495925, 19.677710505794227 ], [ 82.385283475891086, 19.68138889094778 ], [ 82.377208294522191, 19.698063462415242 ], [ 82.381929797719565, 19.705297311070453 ], [ 82.377780494128118, 19.705836031776776 ], [ 82.379452583798852, 19.708321670579213 ], [ 82.374266494720601, 19.710667590666496 ], [ 82.373860407617997, 19.715858291992756 ], [ 82.366787708011117, 19.718125247544659 ], [ 82.362103951076051, 19.725364042827813 ], [ 82.357361113007244, 19.717638891200831 ], [ 82.348833009693109, 19.717216799048842 ], [ 82.346704917357954, 19.714171008867389 ], [ 82.338272571265136, 19.713207467609855 ], [ 82.337794326815143, 19.71055392998678 ], [ 82.31598253233004, 19.709616429878565 ], [ 82.294810114784013, 19.70291449871927 ], [ 82.286333009333674, 19.705827909969518 ], [ 82.265911867039677, 19.69363552758233 ], [ 82.26364420768077, 19.696673450562763 ], [ 82.261350506037374, 19.69500542719986 ], [ 82.260487468789151, 19.699681805808158 ], [ 82.256765545451358, 19.698771161344499 ], [ 82.249274361641355, 19.70470838962148 ], [ 82.245673287300946, 19.700139704538113 ], [ 82.241116809678147, 19.707505156042899 ], [ 82.236388890670725, 19.707750381651405 ], [ 82.233338624957611, 19.718060983227939 ], [ 82.217271594512198, 19.720496963863422 ], [ 82.211353354620698, 19.715005427282918 ], [ 82.207633600607537, 19.722398005866587 ], [ 82.198306886521777, 19.725582684542598 ], [ 82.197999675876872, 19.731383465793456 ], [ 82.178060711087738, 19.725805937422987 ], [ 82.173220216714981, 19.72907769314325 ], [ 82.168474529780781, 19.725776640927595 ], [ 82.152278376459776, 19.726681046183739 ], [ 82.144737008094097, 19.731150176114244 ], [ 82.140347359292591, 19.730313587080818 ], [ 82.138588462133939, 19.734215225747814 ], [ 82.12243733885191, 19.742743328766913 ], [ 82.098178576500388, 19.745844999774054 ], [ 82.093799372398408, 19.753441028569551 ], [ 82.087992487522953, 19.748176542969162 ], [ 82.079889459722523, 19.754439021152372 ], [ 82.072091472992057, 19.746712784114919 ], [ 82.055395509030248, 19.742210288839011 ], [ 82.054660646051374, 19.736363934164281 ], [ 82.04983208725254, 19.738032499843783 ], [ 82.048373075173743, 19.745862360795382 ], [ 82.059727513013485, 19.758050132588323 ], [ 82.064150256681117, 19.793051488834518 ], [ 82.072277833542444, 19.789985624981743 ], [ 82.076909452433, 19.792047528237909 ], [ 82.082783476073587, 19.798883737036665 ], [ 82.086409235489739, 19.810652942610989 ], [ 82.093034669522908, 19.812546660081605 ], [ 82.090283069057548, 19.820611438767155 ], [ 82.108534344088142, 19.825846898837415 ], [ 82.114194202044246, 19.834722224572541 ], [ 82.109894749876034, 19.84012478536506 ], [ 82.112785646024804, 19.848113880145544 ], [ 82.117213407534337, 19.85061822047874 ], [ 82.116949735768287, 19.856268177115137 ], [ 82.123063559563548, 19.862713761031831 ], [ 82.123616809327245, 19.870559355597194 ], [ 82.112216527138614, 19.878884008458698 ], [ 82.108978001969874, 19.885946454141049 ], [ 82.110016277572896, 19.894737686857791 ], [ 82.101083850383247, 19.90500515650854 ], [ 82.110560846761885, 19.910272354824283 ], [ 82.10898220657451, 19.91569309035388 ], [ 82.112706300515015, 19.91815240029208 ], [ 82.108524442732644, 19.922422419951364 ], [ 82.102470026454853, 19.921049264513496 ], [ 82.103356528249748, 19.935028485300915 ], [ 82.099834664009663, 19.935300837691205 ], [ 82.094110787109372, 19.942494576947897 ], [ 82.080529650995345, 19.935838761072901 ], [ 82.072918024466588, 19.937772354677822 ], [ 82.068975560395216, 19.93548692714273 ], [ 82.060562745760578, 19.946045195461842 ], [ 82.055809658905787, 19.947407958161772 ], [ 82.051982694784186, 19.940007597837958 ], [ 82.029460993377228, 19.932473146877076 ], [ 82.031137154353004, 19.948359377395793 ], [ 82.026956517315341, 19.95128608095413 ], [ 82.030405546103523, 19.953900013001906 ], [ 82.025808242561411, 19.955575360427218 ], [ 82.027034099858597, 19.967056208884074 ], [ 82.021113825286378, 19.971418730688772 ], [ 82.022459175577481, 19.976663956199353 ], [ 82.016913250081686, 19.975003528710314 ], [ 82.01200805819505, 19.981941734007965 ], [ 82.008805204327544, 19.976840280140383 ], [ 82.002950983631692, 19.977510581911737 ], [ 81.989010825091668, 19.99001654971978 ], [ 81.983057591627542, 19.987772625993937 ], [ 81.97588826646647, 19.989682077177093 ], [ 81.97818332392869, 19.991628963036423 ], [ 81.973064508692687, 19.999747181158614 ], [ 81.976300457333494, 20.004658476681719 ], [ 81.971102703293539, 20.008613826019349 ], [ 81.975002985345412, 20.015010039412505 ], [ 81.962355687390854, 20.022227921025543 ], [ 81.962454428599202, 20.028028431310837 ], [ 81.951113825334374, 20.031308867560824 ], [ 81.961663955212614, 20.04029351348791 ], [ 81.957835830460354, 20.04206190564793 ], [ 81.954180638424745, 20.050825197592609 ], [ 81.946985950005782, 20.045280492646366 ], [ 81.942266575637433, 20.048878582933458 ], [ 81.944441733320005, 20.051823461616099 ], [ 81.940820042522205, 20.055852867046308 ], [ 81.936092123910242, 20.054724937321836 ], [ 81.933064372915382, 20.059736601982149 ], [ 81.923186172142792, 20.060561525854098 ], [ 81.918777128216675, 20.06457763921301 ], [ 81.924850528029026, 20.087163908441934 ], [ 81.93917843074901, 20.101846695464683 ], [ 81.944969225943382, 20.103591911976984 ], [ 81.949661215096313, 20.104314778963563 ], [ 81.956253047202011, 20.100271252528 ], [ 81.974754400840411, 20.083692534039777 ], [ 81.985466016225089, 20.072509782327934 ], [ 81.988693174396857, 20.060596476627666 ], [ 81.996604924947576, 20.052957535002239 ], [ 82.006988549557065, 20.05486307516178 ], [ 82.017280555758219, 20.049941992890645 ], [ 82.024528467706645, 20.030809465578642 ], [ 82.023162776564604, 20.022836660388403 ], [ 82.034545913932192, 20.015003233779634 ], [ 82.041747978461075, 20.021697995321308 ], [ 82.03997042496016, 20.02716443109296 ], [ 82.044891375426587, 20.034090042209261 ], [ 82.050537110091682, 20.033588458393357 ], [ 82.050216725564468, 20.035911574558575 ], [ 82.06033329258517, 20.041286437080114 ], [ 82.067123448494371, 20.055818587407579 ], [ 82.087257394046006, 20.049486195167958 ], [ 82.092041069900773, 20.037322996997393 ], [ 82.103248628333134, 20.039691951861933 ], [ 82.108802858662315, 20.0263442422943 ], [ 82.126525937878313, 20.015321713124397 ], [ 82.14210504138228, 20.017644872967455 ], [ 82.156181316560108, 20.006938963304535 ], [ 82.163741997882639, 20.009126685854095 ], [ 82.17317197024343, 20.004434562314092 ], [ 82.176986735696431, 19.995841994219806 ], [ 82.179634023821663, 19.997167560853001 ], [ 82.187065181279337, 19.987155897659662 ], [ 82.186264046854347, 19.982713745839803 ], [ 82.195747356694753, 19.986162243077633 ], [ 82.212654176128353, 19.98510169471075 ], [ 82.218887280483685, 19.996372237777393 ], [ 82.22399133596916, 19.998426494370452 ], [ 82.238159160305656, 20.001993187619508 ], [ 82.247436470433087, 19.999517434483053 ], [ 82.252090438547626, 19.988340350120954 ], [ 82.270713732905861, 19.975751908478994 ], [ 82.276542609800458, 19.962322270656642 ], [ 82.27880857969275, 19.945571962913352 ], [ 82.302200319210257, 19.904613491801062 ], [ 82.304779114070968, 19.889064822010347 ], [ 82.326194782165999, 19.863056176160818 ], [ 82.334098883117107, 19.843633662420995 ], [ 82.346847571924982, 19.83479688418652 ], [ 82.366691657594913, 19.850828176439116 ], [ 82.367011975604086, 19.853866550384346 ], [ 82.362136880183925, 19.856941207233163 ], [ 82.362556500908255, 19.862134919515118 ], [ 82.377082895850563, 19.859237697266362 ], [ 82.396240288382714, 19.887050640838559 ], [ 82.419220020080502, 19.897949264490812 ], [ 82.420310987288559, 19.901782936995385 ], [ 82.439048695099075, 19.903161979712234 ], [ 82.447502084472958, 19.90844153275971 ], [ 82.466789265109554, 19.89957616868487 ], [ 82.483833357838179, 19.906267188115898 ], [ 82.492187471657914, 19.902082355659996 ], [ 82.503501918467265, 19.901855447450902 ], [ 82.506370422588589, 19.899530430252391 ], [ 82.504928724465202, 19.891860938635055 ], [ 82.507560659019845, 19.888767228394528 ], [ 82.521217393561699, 19.890087138288067 ], [ 82.525550988382179, 19.882043825642402 ], [ 82.532455577941093, 19.87760161461037 ], [ 82.536369449818025, 19.886133213432178 ], [ 82.551315224670006, 19.874561334117157 ], [ 82.558174178580643, 19.879774127229812 ], [ 82.56298058481616, 19.873481755429939 ], [ 82.573875363562252, 19.876359934025214 ], [ 82.583999629444875, 19.869037640462754 ], [ 82.600906336659577, 19.870252592482345 ], [ 82.604950091722984, 19.866016366015625 ], [ 82.604286074506504, 19.862321833008014 ], [ 82.597297555290723, 19.857515360423267 ], [ 82.598007119748715, 19.854089770548235 ], [ 82.591506901621756, 19.851774209844429 ], [ 82.592086664587256, 19.847991924018288 ], [ 82.588523735064157, 19.847635251516753 ], [ 82.590393202070089, 19.842739084444428 ], [ 82.585723966529628, 19.84318539756724 ], [ 82.5772705576383, 19.833259599127985 ], [ 82.577575615391723, 19.828943219329076 ], [ 82.58091746605281, 19.829566953778563 ], [ 82.577491642910445, 19.806957234258956 ], [ 82.586036747316953, 19.802194591524103 ], [ 82.585723917544712, 19.787374528160658 ], [ 82.582649232516829, 19.782567961521369 ], [ 82.584747368426875, 19.777761457657643 ], [ 82.593376305268848, 19.775314356389963 ], [ 82.60400389429924, 19.780822756689794 ], [ 82.605293388518589, 19.787580504704618 ], [ 82.628768888336381, 19.79330635398011 ], [ 82.638259831374313, 19.812030787999429 ], [ 82.648834204416517, 19.818323168124937 ], [ 82.65326676740338, 19.831270248095908 ], [ 82.697624199493276, 19.829826370822843 ], [ 82.706344738041167, 19.831630731979565 ], [ 82.713562149224501, 19.839317316344186 ], [ 82.713356150879576, 19.849891692401471 ], [ 82.720016600758271, 19.852418869164254 ], [ 82.725891065805016, 19.874650938927786 ], [ 82.716194283357922, 19.877126665701212 ], [ 82.70959480313671, 19.901163187583986 ], [ 82.709442155198246, 19.912614837903281 ], [ 82.714958080175862, 19.918649645867383 ], [ 82.714904675014154, 19.9371681085169 ], [ 82.722488345686173, 19.947536461090909 ], [ 82.716766499332252, 19.957284936254982 ], [ 82.719551013385981, 19.964248627020265 ], [ 82.720115628962517, 19.988130534577348 ], [ 82.717430205243531, 19.995536798237225 ], [ 82.709068151316131, 19.998544682888976 ], [ 82.670761138512702, 20.000322336026336 ], [ 82.655921871173746, 20.004899960702907 ], [ 82.646255416160727, 20.002979264720189 ], [ 82.643821783341252, 20.00608063539595 ], [ 82.635185189029499, 20.0040874167588 ], [ 82.623161236708398, 19.991756524793697 ], [ 82.605392387376853, 19.989425678319428 ], [ 82.591766336504264, 19.992948512218874 ], [ 82.585212817325569, 20.002758002182684 ], [ 82.551963951381254, 20.017431286856997 ], [ 82.53639981042727, 20.017528495431264 ], [ 82.535140979742479, 20.015151962795017 ], [ 82.510894693481035, 20.017673436676855 ], [ 82.494720455332796, 20.02384376518641 ], [ 82.480522119171312, 20.036661156330432 ], [ 82.46993248554503, 20.034511594719653 ], [ 82.462409934155232, 20.040653211251364 ], [ 82.450355583007948, 20.039577469243405 ], [ 82.431014972515115, 20.04917338057955 ], [ 82.410598794915103, 20.051092171741818 ], [ 82.399620077835081, 20.057155592177949 ], [ 82.396934500354007, 20.068437583622334 ], [ 82.402847227258704, 20.081563922218947 ], [ 82.400154112108154, 20.122053142237036 ], [ 82.395782454900342, 20.129421316162293 ], [ 82.39547736731781, 20.13728904327688 ], [ 82.387527421366826, 20.146844852207177 ], [ 82.396125742721765, 20.152141530737353 ], [ 82.39148713105898, 20.163999528336962 ], [ 82.406234706948595, 20.178331344535074 ], [ 82.413528492793802, 20.181320207027493 ], [ 82.415740904715122, 20.199556358743312 ], [ 82.423034692415342, 20.207807535895736 ], [ 82.424232534540693, 20.220064097246429 ], [ 82.418129034836937, 20.223112053710221 ], [ 82.412994407962444, 20.239793745904674 ], [ 82.413948101102207, 20.245174357632305 ], [ 82.42375187866439, 20.246549622679595 ], [ 82.413131769973702, 20.263429573279026 ], [ 82.418907219818792, 20.272933988926741 ], [ 82.434005749034853, 20.278591215543322 ], [ 82.439498879840741, 20.29109382113872 ], [ 82.432029793635664, 20.299407993604223 ], [ 82.432197578151005, 20.312589596600809 ], [ 82.422470123141224, 20.323167761848762 ], [ 82.410194413205829, 20.327127515884186 ], [ 82.410133289575398, 20.331766167092919 ], [ 82.401481572832694, 20.340536103275387 ], [ 82.422637990268512, 20.391731315227766 ], [ 82.41794591555481, 20.407005318633516 ], [ 82.433837838518713, 20.416000311957195 ], [ 82.43163294834001, 20.427484525674917 ], [ 82.440002384939831, 20.434045857710853 ], [ 82.435707099018046, 20.444908160604015 ], [ 82.427612353071851, 20.444624011471554 ], [ 82.428916933900865, 20.468101537013716 ], [ 82.419242914724791, 20.479925204908845 ], [ 82.409347497846241, 20.462444338595272 ], [ 82.404876767322591, 20.458654472120017 ], [ 82.396957365162763, 20.458766966653169 ], [ 82.399391168982163, 20.469799015923527 ], [ 82.397750912292878, 20.476078068538403 ], [ 82.393730091070424, 20.477151819891592 ], [ 82.395423935643407, 20.481451036890725 ], [ 82.389999342100694, 20.494575561615214 ], [ 82.391128579669427, 20.517034522678486 ], [ 82.358825697182553, 20.52800940542139 ], [ 82.349945044302515, 20.545488360635378 ], [ 82.337837231253857, 20.553634633967999 ], [ 82.333427387446818, 20.562459948061083 ], [ 82.336257918994164, 20.563251476046808 ], [ 82.334899959998339, 20.568344083728523 ], [ 82.343948375309139, 20.569475146996918 ], [ 82.352096579255701, 20.581298779694261 ], [ 82.345756521340235, 20.591537537840757 ], [ 82.346267722352223, 20.598495500911046 ], [ 82.354415960100923, 20.602682179702811 ], [ 82.356956516438657, 20.607885294973045 ], [ 82.365219141494123, 20.609640143914447 ], [ 82.367820687393603, 20.6150702960343 ], [ 82.366348321599546, 20.621236746459189 ], [ 82.37868492766269, 20.631248509303848 ], [ 82.370445230516722, 20.649576119980445 ], [ 82.370658874244683, 20.660022792892075 ], [ 82.374939031482825, 20.667873431383335 ], [ 82.369361927495675, 20.679510140993209 ], [ 82.363136256241219, 20.681676829175725 ], [ 82.352256798303202, 20.705278404494649 ], [ 82.352363593507604, 20.716266670088078 ], [ 82.356048649579634, 20.718919759078812 ], [ 82.348037697404664, 20.730232294133859 ], [ 82.355339075008899, 20.73510362209711 ], [ 82.343704252182093, 20.766338347002847 ], [ 82.348518341893936, 20.796110137718703 ], [ 82.344245958883945, 20.803472494105563 ], [ 82.341949495431649, 20.845863299144817 ], [ 82.346603326068916, 20.854814461337575 ], [ 82.352714514640965, 20.889411861605716 ], [ 82.365234404175524, 20.888263637752708 ], [ 82.36178581528678, 20.873302445212399 ], [ 82.366928153252303, 20.870487269703979 ], [ 82.376937845158778, 20.868106857548394 ], [ 82.38971711836281, 20.874980976057447 ], [ 82.397132841166908, 20.86989216968237 ], [ 82.407203714955955, 20.869026213617467 ], [ 82.40846250788546, 20.858148624193575 ], [ 82.414382966362126, 20.851581636365559 ], [ 82.412559560229965, 20.842432032777729 ], [ 82.422042920132114, 20.830743835774872 ], [ 82.441200317710866, 20.835025785018416 ], [ 82.445289563806327, 20.833263345460683 ], [ 82.44563290036389, 20.829582275141274 ], [ 82.450714069207308, 20.830356535536922 ], [ 82.457313553910978, 20.826560986116828 ], [ 82.465950075929371, 20.828392094694333 ], [ 82.470520026382644, 20.83423802358492 ], [ 82.466644251928784, 20.841537478668105 ], [ 82.47415926091135, 20.848350532708238 ], [ 82.484077501064107, 20.851757059580066 ], [ 82.488281177062518, 20.859870878917619 ], [ 82.487983665583414, 20.86838721979484 ], [ 82.492591871764219, 20.880208980948911 ], [ 82.490089367990777, 20.909063367484254 ], [ 82.510566669099674, 20.920417837719029 ], [ 82.519691394964838, 20.921455381195734 ], [ 82.529121319187439, 20.933324849659769 ], [ 82.543327290929497, 20.934619837588919 ], [ 82.557525630126506, 20.943637852357444 ], [ 82.574112037938875, 20.972610455011001 ], [ 82.582664596939438, 20.978830280979516 ], [ 82.590278747679562, 20.992357254583499 ], [ 82.61283112004358, 21.011533805322774 ], [ 82.615211628416162, 21.021900206978188 ], [ 82.630706815492758, 21.038433084224696 ], [ 82.626357916487692, 21.050094605281814 ], [ 82.620185737131095, 21.05330850846293 ], [ 82.612670766786067, 21.073055253494783 ], [ 82.618064982397655, 21.078445399375763 ], [ 82.630912883670092, 21.07855037507619 ], [ 82.639793496961033, 21.093938837656218 ], [ 82.6513214506341, 21.10513880476228 ], [ 82.65045943326291, 21.109107972388919 ], [ 82.644348187511881, 21.110073130427892 ], [ 82.64148707386353, 21.11457629373162 ], [ 82.642883327429558, 21.11975856015405 ], [ 82.654609655982085, 21.127836239655096 ], [ 82.653823928721124, 21.132303286510759 ], [ 82.645454407549238, 21.134340248130897 ], [ 82.638992172216163, 21.144168876832278 ], [ 82.642494281055022, 21.154104176743996 ], [ 82.657676735344424, 21.156354879854131 ], [ 82.664970275784327, 21.15399557515752 ], [ 82.685630686835808, 21.159929317491791 ], [ 82.687232907492032, 21.164182699112587 ], [ 82.697601233811952, 21.164360067573984 ], [ 82.697639387793629, 21.159643123582146 ], [ 82.701820437326049, 21.156890874535932 ], [ 82.712684746240896, 21.160036078121443 ], [ 82.720863389148178, 21.158178327514232 ], [ 82.723190166658611, 21.165611283660869 ], [ 82.748672549056849, 21.162502299356671 ], [ 82.757926970011383, 21.165754356116135 ], [ 82.759857051215874, 21.162859034153264 ], [ 82.768150180176448, 21.162145679412269 ], [ 82.771331904417465, 21.15707012199336 ], [ 82.781623888586878, 21.153066605854566 ], [ 82.787773222766958, 21.144203141796208 ], [ 82.795951900654529, 21.141845734466134 ], [ 82.802673373881106, 21.155389719833149 ], [ 82.830337430548482, 21.164646174896628 ], [ 82.852745129231181, 21.167827578534496 ], [ 82.854530408263159, 21.158750536420492 ], [ 82.869110081918393, 21.161930025228809 ], [ 82.873970154085256, 21.156677229286586 ], [ 82.874725448313626, 21.161644029632622 ], [ 82.878509594649401, 21.162788382710435 ], [ 82.880584794176315, 21.152494421563535 ], [ 82.885231051858426, 21.14767081260144 ], [ 82.904068014944528, 21.166147192759762 ], [ 82.916717401371201, 21.161144310488858 ], [ 82.933982710301962, 21.162179883841354 ], [ 82.939948946026121, 21.168899567332019 ], [ 82.942268499781704, 21.159929303766738 ], [ 82.949920544318701, 21.160787652216055 ], [ 82.944915759550597, 21.170686742314238 ], [ 82.948951720642057, 21.174547170987527 ], [ 82.945953281429155, 21.176904720999442 ], [ 82.967071675785192, 21.192666949526693 ], [ 82.969467136101287, 21.182838480577594 ], [ 82.967429982061304, 21.174617766604154 ], [ 82.977256670696505, 21.181371680812916 ], [ 82.985298085476927, 21.179370829369535 ], [ 82.990158204214353, 21.182016371802913 ], [ 82.992057744584656, 21.181121794800518 ], [ 82.982727106740938, 21.169078816410458 ], [ 82.98766327706349, 21.167291627155787 ], [ 83.003173680718334, 21.169971469254406 ], [ 83.005455106800596, 21.166540149817457 ], [ 82.997917207717592, 21.163181258227493 ], [ 82.987945561187175, 21.150314333017246 ], [ 82.992309668657626, 21.13902096700205 ], [ 83.005958703702333, 21.136270505801455 ], [ 83.012214723229263, 21.144418654069838 ], [ 83.018180747093098, 21.145633680927542 ], [ 83.025115988177518, 21.135911996046811 ], [ 83.036697268961461, 21.136091249781835 ], [ 83.035728338355526, 21.130979505124262 ], [ 83.040267987265125, 21.131051987283215 ], [ 83.046913050505438, 21.123332952438325 ], [ 83.054420401005501, 21.125440663393594 ], [ 83.079330409486431, 21.111215644144327 ], [ 83.096199155899072, 21.112575502056465 ], [ 83.103027415391963, 21.10932152808396 ], [ 83.114677556160601, 21.112037600584699 ], [ 83.133117656430841, 21.104997695394299 ], [ 83.140663153192691, 21.108858085497346 ], [ 83.140731773364621, 21.112573562308743 ], [ 83.168716366848599, 21.137948942685099 ], [ 83.180007878088958, 21.134410820740936 ], [ 83.194160404865841, 21.138341837537322 ], [ 83.199913089086706, 21.144239377366418 ], [ 83.200485078936012, 21.163110718498896 ], [ 83.20652760437909, 21.164968546750895 ], [ 83.204956096320288, 21.177047742609762 ], [ 83.216461097726011, 21.193523377858334 ], [ 83.212676876377529, 21.204530732278318 ], [ 83.219253519726578, 21.213073667116412 ], [ 83.220641989255753, 21.227476091177433 ], [ 83.224143994862885, 21.227868986695196 ], [ 83.21932224952721, 21.254459334462048 ], [ 83.224006607149079, 21.265110008163539 ], [ 83.231689476118788, 21.271257396857642 ], [ 83.238296408820901, 21.268539412197519 ], [ 83.246910162535244, 21.280118929958384 ], [ 83.253036574284224, 21.28164670451703 ], [ 83.269821264766122, 21.27677351871478 ], [ 83.273010321243603, 21.271717122372245 ], [ 83.280952510866257, 21.294588070090121 ], [ 83.278785727790378, 21.301326793119344 ], [ 83.273918116813803, 21.30097573053887 ], [ 83.26403799477697, 21.307695443585743 ], [ 83.260131784682187, 21.321483636421686 ], [ 83.268486163971374, 21.330061017411275 ], [ 83.259353504652324, 21.334060610057033 ], [ 83.270515398879795, 21.344753284580541 ], [ 83.276313860460562, 21.36218836133499 ], [ 83.275955249500697, 21.37657736463246 ], [ 83.271293717430254, 21.37811101251582 ], [ 83.286125251493587, 21.379756901078512 ], [ 83.289420948864276, 21.376357989704914 ], [ 83.312995982847653, 21.370122848149457 ], [ 83.32492815406458, 21.361480635141092 ], [ 83.345626699087319, 21.357458082969295 ], [ 83.349761882267742, 21.353260068928833 ], [ 83.356521584628865, 21.353376469096073 ], [ 83.380661058714438, 21.343814714598658 ], [ 83.387832547122514, 21.345331071968047 ], [ 83.394416887016789, 21.342008519191793 ], [ 83.409110953735677, 21.350810955524629 ], [ 83.409866221175449, 21.360547979367905 ], [ 83.398910528060512, 21.365911394998843 ], [ 83.402351320131416, 21.374422093355928 ], [ 83.399139258745194, 21.386606195475814 ], [ 83.400772160456114, 21.404388549902819 ], [ 83.388007969662283, 21.413658023702652 ], [ 83.37780760879906, 21.427299625653919 ], [ 83.376403788884943, 21.433479280250793 ], [ 83.373260632246684, 21.4342957507005 ], [ 83.374366884595887, 21.44245730959355 ], [ 83.356002744768801, 21.447177856072827 ], [ 83.348419176489472, 21.470264490355056 ], [ 83.348831214298855, 21.488279429348509 ], [ 83.340957733567336, 21.496149192947478 ], [ 83.339912405548645, 21.501396127712567 ], [ 83.344924892731612, 21.508800546560686 ], [ 83.351905692373037, 21.512401467544205 ], [ 83.360603270959288, 21.537221815596247 ], [ 83.363639691716912, 21.538328282794826 ], [ 83.362411471442201, 21.542350774333311 ], [ 83.368301434193171, 21.545907906131148 ], [ 83.368011425799949, 21.550046804297484 ], [ 83.375061168970689, 21.557275778051153 ], [ 83.372672940526371, 21.557742938302692 ], [ 83.3741302351293, 21.563804495412601 ], [ 83.368881357765318, 21.569635408515488 ], [ 83.367485167372294, 21.577564353227508 ], [ 83.370987058299207, 21.584093149927508 ], [ 83.369697472380537, 21.591030245095375 ], [ 83.372558469469652, 21.590622002019089 ], [ 83.371848976375787, 21.599792594404132 ], [ 83.382217381837847, 21.607408430177383 ], [ 83.384460405762042, 21.619207340281427 ], [ 83.391326775847702, 21.616584830744099 ], [ 83.394325124796268, 21.626323629984856 ], [ 83.405311733721149, 21.629943812227911 ], [ 83.417373608796623, 21.639980307899499 ], [ 83.429748600917208, 21.642686782833145 ], [ 83.431602329392589, 21.646863967521512 ], [ 83.445243712574168, 21.65486898983216 ], [ 83.453003010369599, 21.650169436238308 ], [ 83.446701047764847, 21.638757582382784 ], [ 83.446334890110862, 21.62351403656286 ], [ 83.454597484026536, 21.62182608140558 ], [ 83.454551588075759, 21.612012941955747 ], [ 83.4581604558945, 21.609457061955627 ], [ 83.462951596122579, 21.607038622110604 ], [ 83.468658493616758, 21.608909597252254 ], [ 83.475776527489174, 21.631820791944662 ], [ 83.491569546154849, 21.630359738271537 ], [ 83.494125233549511, 21.637115554786629 ], [ 83.489150888634455, 21.639215486916132 ], [ 83.489204289591413, 21.643482294798808 ], [ 83.450767375531754, 21.656492192025588 ], [ 83.434913500127408, 21.672296561359733 ], [ 83.421089310824129, 21.67988787147889 ], [ 83.433677772922422, 21.699052799433741 ], [ 83.453697080652418, 21.694787868233604 ], [ 83.461311268145337, 21.697803427690676 ], [ 83.463600292184964, 21.708776598744887 ], [ 83.473609927467962, 21.717765715184299 ], [ 83.479919390627359, 21.72983158919612 ], [ 83.483467165350319, 21.730426812904966 ], [ 83.487533555073426, 21.743772479217029 ], [ 83.491691713175797, 21.744876924048903 ], [ 83.478775007828034, 21.751249360399914 ], [ 83.484413039954546, 21.764734266519966 ], [ 83.478019596405034, 21.780399388925684 ], [ 83.471588280485236, 21.786455150672197 ], [ 83.485359214732412, 21.792417628727186 ], [ 83.490089440433877, 21.80675688202383 ], [ 83.49619279986841, 21.812530586155336 ], [ 83.494628794012584, 21.817262737902897 ], [ 83.527404821280911, 21.797544488555957 ], [ 83.543380606658062, 21.798536250366841 ], [ 83.544502134027439, 21.805141493768005 ], [ 83.539245498531926, 21.813541440829255 ], [ 83.541816706223557, 21.821214573617194 ], [ 83.533157367425787, 21.82537842174337 ], [ 83.533904994012772, 21.830478796068242 ], [ 83.543762077115531, 21.837675140126041 ], [ 83.553527972599255, 21.839983070811108 ], [ 83.578750615088779, 21.830438730104259 ], [ 83.580078052600228, 21.836595433539973 ], [ 83.589660623210023, 21.843219735671237 ], [ 83.592857400523215, 21.849409179832978 ], [ 83.576423594288514, 21.87402155824747 ], [ 83.579139639479237, 21.881767246626165 ], [ 83.583038451025558, 21.882076326739416 ], [ 83.580207880485119, 21.888145379917081 ], [ 83.589141920405737, 21.893156073209724 ], [ 83.587783717042484, 21.900747209927136 ], [ 83.601203836906322, 21.904230248296034 ], [ 83.608016879089348, 21.913795583271604 ], [ 83.592788599571904, 21.928928440992856 ], [ 83.559020911787172, 21.934633370162274 ], [ 83.563697892595371, 21.947513626331201 ], [ 83.544403013045596, 21.961360942317903 ], [ 83.539909448897234, 21.968610870772459 ], [ 83.539382975857549, 21.977983587121741 ], [ 83.545600859833101, 21.987018697895525 ], [ 83.545448297253543, 21.993211767099091 ], [ 83.556915297095287, 22.006179823881748 ], [ 83.538467274608749, 22.026464556652503 ], [ 83.538635346357481, 22.042783745984881 ], [ 83.54438796261546, 22.05507481519118 ], [ 83.549377545203967, 22.058637507722619 ], [ 83.548103286477755, 22.055850943139713 ], [ 83.554565317695989, 22.052053539025444 ], [ 83.584213229661813, 22.054084853174388 ], [ 83.589263796157269, 22.047723654545365 ], [ 83.592475938218456, 22.053806191011223 ], [ 83.603462141777598, 22.057273897639362 ], [ 83.609023909744892, 22.066020838046374 ], [ 83.578277713216693, 22.090105178136778 ], [ 83.564849893861052, 22.09562106372957 ], [ 83.566078201167244, 22.105169315751667 ], [ 83.610664360610926, 22.152742317217594 ], [ 83.615936354534256, 22.177553049137689 ], [ 83.62817389207946, 22.202899823381419 ], [ 83.650413613873894, 22.222478938384704 ], [ 83.657463169650256, 22.220044964004469 ], [ 83.667503462404028, 22.232101366260345 ], [ 83.704040419293989, 22.245721722293542 ], [ 83.715660143023811, 22.241790802971316 ], [ 83.760307435455516, 22.240112284861379 ], [ 83.761856060219984, 22.250558966394617 ], [ 83.777366619244916, 22.256343822681121 ], [ 83.77690139204897, 22.264211554982939 ], [ 83.781112754624317, 22.272563811027485 ], [ 83.793899451812365, 22.275646328778297 ], [ 83.799804763352171, 22.287469907073767 ], [ 83.820625237841227, 22.288915541277426 ], [ 83.828346191975967, 22.292255490025045 ], [ 83.825210478671465, 22.300367362392656 ], [ 83.827919026564714, 22.305397141083173 ], [ 83.824188179853408, 22.310872996614844 ], [ 83.832176206072106, 22.322067372438799 ], [ 83.853866553341774, 22.325756050456238 ], [ 83.856590290694101, 22.336896789437652 ], [ 83.866660972741016, 22.342632209232541 ], [ 83.881530679861385, 22.334728162955525 ], [ 83.900077785079034, 22.337219221849317 ], [ 83.903983968754787, 22.339044612145628 ], [ 83.908516053480582, 22.350534333119437 ], [ 83.925125069405127, 22.357383831481943 ], [ 83.935325715942028, 22.353185525672384 ], [ 83.946441587858573, 22.354246180977871 ], [ 83.958442786587, 22.361061197512242 ], [ 83.972229157229435, 22.358093332123083 ], [ 83.999626143885067, 22.371284528399702 ], [ 84.008102495343209, 22.373224224091253 ], [ 84.012611323354136, 22.371126267499577 ], [ 84.008705223047528, 22.381750090019874 ], [ 84.015724040694153, 22.396968841499667 ], [ 84.032630824606358, 22.419635696580642 ], [ 84.032699636687894, 22.426193222426228 ], [ 84.041160452902417, 22.429250645482476 ], [ 84.049621499333654, 22.43778803073743 ], [ 84.047279330412479, 22.452421117014772 ], [ 84.049644508264521, 22.468784365419491 ], [ 84.028999345672091, 22.474891668797266 ], [ 84.020988382979695, 22.488123039802471 ], [ 84.004112192141832, 22.493398728070794 ], [ 84.00011450837674, 22.499948470504378 ], [ 83.982345451017153, 22.501972277555879 ], [ 83.977348351948677, 22.512016334251058 ], [ 83.983406006735095, 22.515737561678414 ], [ 83.984039173448195, 22.522478049269463 ], [ 84.006126364125379, 22.531427275583425 ] ], [ [ 85.507072497138324, 19.924416287753733 ], [ 85.504196247792763, 19.895114641835228 ], [ 85.485862800151821, 19.90360815622919 ], [ 85.450202850372321, 19.901747068884941 ], [ 85.447166364953873, 19.915649799224408 ], [ 85.439010682778161, 19.915460927717767 ], [ 85.440010101171879, 19.895875793218195 ], [ 85.437774799166291, 19.900059554491566 ], [ 85.427047828439015, 19.90074426872415 ], [ 85.422523562607253, 19.886147196124686 ], [ 85.415908730283917, 19.885607360316779 ], [ 85.415565466132875, 19.879641472958721 ], [ 85.409309471531273, 19.881211916298081 ], [ 85.409049918220362, 19.874417853931252 ], [ 85.406600941415803, 19.875572712377284 ], [ 85.406623899305288, 19.872051693165577 ], [ 85.401458655808284, 19.872538448222738 ], [ 85.396484319835082, 19.868134566363693 ], [ 85.395729145130076, 19.860265454668887 ], [ 85.392448392716545, 19.8603262336512 ], [ 85.391845848057855, 19.855067213447125 ], [ 85.386665316633383, 19.857443905978752 ], [ 85.37614434254391, 19.840860405698091 ], [ 85.358429060993103, 19.839162366356732 ], [ 85.353675816500811, 19.833959896898797 ], [ 85.348335246628409, 19.834581334719278 ], [ 85.342452901357618, 19.829966665155823 ], [ 85.338966292801558, 19.825615805674971 ], [ 85.343177689802715, 19.814782051707343 ], [ 85.326744210457449, 19.806820849449529 ], [ 85.323959476241114, 19.798108208294657 ], [ 85.299804800806882, 19.800260502408729 ], [ 85.300651585137359, 19.798235848807096 ], [ 85.295875593729818, 19.799552269890416 ], [ 85.292777878005296, 19.794881350693171 ], [ 85.278610182922904, 19.795764026966136 ], [ 85.280456610953266, 19.790907854510259 ], [ 85.275916942741461, 19.787374660337161 ], [ 85.268112274627967, 19.787391806108666 ], [ 85.261551049041103, 19.782921707471882 ], [ 85.257797169906439, 19.768394410809051 ], [ 85.253891096749157, 19.772938884164276 ], [ 85.254814149751283, 19.77002535365159 ], [ 85.252433830038285, 19.771976068008527 ], [ 85.249992232965411, 19.768225623446504 ], [ 85.244445844344156, 19.770400437642706 ], [ 85.240860013920141, 19.763115357203677 ], [ 85.247093157697307, 19.75584083714552 ], [ 85.239807160786583, 19.754551984134803 ], [ 85.239265502521874, 19.751335038631769 ], [ 85.243232862804263, 19.749264555342322 ], [ 85.24165352383956, 19.746895666982525 ], [ 85.224731543199567, 19.751744823691286 ], [ 85.212898096029235, 19.743794602147187 ], [ 85.204986629399542, 19.725857561633884 ], [ 85.19792942880251, 19.722297364971432 ], [ 85.191268987987897, 19.71084299363822 ], [ 85.194717403202432, 19.708115613292605 ], [ 85.191787666337916, 19.704795480652155 ], [ 85.196144163194404, 19.695816670988854 ], [ 85.206497292293292, 19.691518634354512 ], [ 85.204498290707107, 19.684140440619387 ], [ 85.201164254995803, 19.680371500760018 ], [ 85.184341492341545, 19.678691237396482 ], [ 85.161300801921115, 19.660499709046864 ], [ 85.167694244896822, 19.660824741313554 ], [ 85.169242917790598, 19.656305506929904 ], [ 85.164665263285869, 19.65668341088352 ], [ 85.165886029446384, 19.650055960332185 ], [ 85.16017922533446, 19.649130393839311 ], [ 85.159843294282595, 19.645508887866214 ], [ 85.175422654637813, 19.641417185309741 ], [ 85.180420025111715, 19.635376666157512 ], [ 85.173828085247976, 19.634456158341166 ], [ 85.173492422655741, 19.628754589654974 ], [ 85.144164910274569, 19.619185781286109 ], [ 85.12866970606143, 19.602940705106345 ], [ 85.125541706385008, 19.603843178058966 ], [ 85.124893249734598, 19.593275937469244 ], [ 85.140243565526546, 19.578752738445132 ], [ 85.136550881999483, 19.569859182667663 ], [ 85.140685974539863, 19.573576378872339 ], [ 85.14968122054762, 19.572103763396889 ], [ 85.1610718504175, 19.565733876484195 ], [ 85.15902701212714, 19.559025640462245 ], [ 85.14628604114904, 19.567497751635472 ], [ 85.12504573228756, 19.565227574683906 ], [ 85.121093667009873, 19.556918274916637 ], [ 85.122627279490985, 19.549429392948749 ], [ 85.102935898633575, 19.539259340421367 ], [ 85.104034284754178, 19.532987897725263 ], [ 85.095870826566198, 19.529101104691314 ], [ 85.097862286527672, 19.526005439966756 ], [ 85.094078197047708, 19.520138819463931 ], [ 85.098106277145448, 19.511183631652266 ], [ 85.101051482799249, 19.511051975109268 ], [ 85.09709169840977, 19.508666092962528 ], [ 85.09732056549656, 19.503912229792288 ], [ 85.105949304019305, 19.500847731102311 ], [ 85.113731255984774, 19.503397526166225 ], [ 85.113853366974652, 19.516226820260453 ], [ 85.118011358950255, 19.522386049841334 ], [ 85.132217313208585, 19.503284445467472 ], [ 85.127319284022747, 19.49597508403879 ], [ 85.123222310101895, 19.476609177021015 ], [ 85.126815786413616, 19.470286512097033 ], [ 85.129447881915809, 19.469572927843977 ], [ 85.136810279837206, 19.481785896129839 ], [ 85.148071331572396, 19.491082200018031 ], [ 85.156623780867065, 19.4855819706634 ], [ 85.157562325635226, 19.487685157322453 ], [ 85.148735081183887, 19.494097303306159 ], [ 85.14930726507815, 19.500898960417189 ], [ 85.152587921381453, 19.504191497673357 ], [ 85.159149289850589, 19.498257548158062 ], [ 85.176673798168153, 19.51806828087933 ], [ 85.194480789513776, 19.511977305766312 ], [ 85.193015963873449, 19.499601718287117 ], [ 85.196487388254667, 19.505587601856924 ], [ 85.196151732594601, 19.503023073576351 ], [ 85.20078278695344, 19.501242030299583 ], [ 85.206825195814758, 19.505801046877064 ], [ 85.200981224923311, 19.515303422190929 ], [ 85.207771235738619, 19.523822328774624 ], [ 85.203727609286872, 19.525119243912666 ], [ 85.203132676665334, 19.533307307624167 ], [ 85.18823246918069, 19.547475271876653 ], [ 85.186287024477039, 19.552941679272337 ], [ 85.197639423818686, 19.543847360329941 ], [ 85.228111133800155, 19.556555165536043 ], [ 85.241935716322885, 19.543881995667494 ], [ 85.241737325970234, 19.536381602308136 ], [ 85.24372868332766, 19.530305075576024 ], [ 85.247413686610514, 19.533618053519266 ], [ 85.247909664125643, 19.530562487344785 ], [ 85.255088674197964, 19.537814260565273 ], [ 85.242904630578309, 19.53676110749138 ], [ 85.247329668569989, 19.54087856937748 ], [ 85.246833811199124, 19.546895122807832 ], [ 85.249839758250118, 19.54674811352859 ], [ 85.226898237712973, 19.561263633497248 ], [ 85.218803536874518, 19.555998293341261 ], [ 85.216911440462397, 19.558886359544843 ], [ 85.221702534133769, 19.567656146119447 ], [ 85.205673227705844, 19.569652071287649 ], [ 85.183280936265078, 19.586892991508574 ], [ 85.20087442571004, 19.585450087713891 ], [ 85.217216499249261, 19.587819036869309 ], [ 85.224876492587995, 19.592330418484622 ], [ 85.221809248685446, 19.586400866970951 ], [ 85.228424135009291, 19.578057413660837 ], [ 85.233955270866247, 19.578665014105162 ], [ 85.236869908502811, 19.584443826390416 ], [ 85.244796627568434, 19.588435268708277 ], [ 85.251739579668779, 19.579210976711977 ], [ 85.255287079586239, 19.58378733243428 ], [ 85.250640945765909, 19.593070204566832 ], [ 85.254623363306678, 19.598827523200701 ], [ 85.268135054595831, 19.593731544702074 ], [ 85.267959571685807, 19.598856845152582 ], [ 85.296058655612427, 19.60693505009349 ], [ 85.29859167152371, 19.604928505114742 ], [ 85.296470776761367, 19.60197226736539 ], [ 85.311012171401856, 19.596263870304757 ], [ 85.311141814851425, 19.585091664943764 ], [ 85.301452777831386, 19.575360851081133 ], [ 85.298385513870016, 19.570231978364742 ], [ 85.300178577629524, 19.567439159072475 ], [ 85.292022574352373, 19.568875401886721 ], [ 85.284789955505417, 19.564942305226861 ], [ 85.287048306646355, 19.562409271526004 ], [ 85.295616105037539, 19.566874374466252 ], [ 85.302269098657348, 19.564646857493191 ], [ 85.289886580217498, 19.554607837031369 ], [ 85.275230288998003, 19.548794786859276 ], [ 85.263259785626673, 19.551035752444282 ], [ 85.276473866731408, 19.544083920976885 ], [ 85.310653650811616, 19.568289672339986 ], [ 85.30475623232482, 19.571796203441725 ], [ 85.307296770107186, 19.579811078717089 ], [ 85.311172568530125, 19.582056358086252 ], [ 85.313293365098573, 19.579420061708039 ], [ 85.308044537442441, 19.574747481683726 ], [ 85.315635578935272, 19.57604948895165 ], [ 85.313896079075505, 19.568383246990997 ], [ 85.320892343270089, 19.57650506245994 ], [ 85.3432007955806, 19.588993957236262 ], [ 85.343910369250636, 19.593533598201404 ], [ 85.348571666580483, 19.594086829522475 ], [ 85.3444901673857, 19.591978194700022 ], [ 85.348884717913691, 19.590146079297931 ], [ 85.355384829378039, 19.597699754856361 ], [ 85.368408317184674, 19.600280109905228 ], [ 85.387443626327581, 19.615539532687734 ], [ 85.395805403547143, 19.615349960862638 ], [ 85.410606261606077, 19.62710904103518 ], [ 85.427589414985988, 19.629855758418266 ], [ 85.443916288342621, 19.640514339413684 ], [ 85.451743965647282, 19.640421520607102 ], [ 85.454711916571327, 19.644806408594484 ], [ 85.459213279228109, 19.645658179713219 ], [ 85.460670561075503, 19.64314764494949 ], [ 85.469566241368341, 19.651745826511807 ], [ 85.471611055046893, 19.649836508571706 ], [ 85.483009463194904, 19.653056907904944 ], [ 85.492950516620738, 19.659431185419272 ], [ 85.491912735887723, 19.661383087407796 ], [ 85.511428706420659, 19.662962061530234 ], [ 85.515625002211493, 19.667006112849638 ], [ 85.5112305812291, 19.668087847490916 ], [ 85.511726338402028, 19.670432049160652 ], [ 85.524009738752383, 19.672342684988323 ], [ 85.529838420307769, 19.681683150250198 ], [ 85.531105012539811, 19.67938277367314 ], [ 85.542526168579684, 19.681626214185705 ], [ 85.552848901245554, 19.690514537125175 ], [ 85.554695171322223, 19.688828532050135 ], [ 85.575348014119299, 19.696529069569809 ], [ 85.588722332652253, 19.706072147989804 ], [ 85.645385701543532, 19.730504982572139 ], [ 85.629074147103864, 19.729838802958721 ], [ 85.628562844315908, 19.7260942289989 ], [ 85.62042996445112, 19.722413133960458 ], [ 85.601470972970716, 19.716987314889007 ], [ 85.598716816980016, 19.72009429444979 ], [ 85.573036182090533, 19.712841950720811 ], [ 85.57049560145505, 19.70793590016509 ], [ 85.566307067715897, 19.709470082446092 ], [ 85.559204089613857, 19.703870048219663 ], [ 85.544197220013402, 19.699719194684917 ], [ 85.547218245057167, 19.699282887423074 ], [ 85.53749847132687, 19.698616635616851 ], [ 85.537956234931144, 19.695412881398187 ], [ 85.527717498215395, 19.690475040050526 ], [ 85.529914779685811, 19.688993215596543 ], [ 85.5060500958039, 19.681943068013133 ], [ 85.506454398262633, 19.686558840567855 ], [ 85.501495379099538, 19.691233814894758 ], [ 85.512077332929252, 19.69922755735675 ], [ 85.505806005108553, 19.707282147559454 ], [ 85.510269019434517, 19.715717368366157 ], [ 85.524131825664099, 19.721029462694531 ], [ 85.548011766702857, 19.73741777005176 ], [ 85.568641578194899, 19.744028176351758 ], [ 85.589241012327435, 19.761254753681232 ], [ 85.587806608038818, 19.763317031902691 ], [ 85.571876640177592, 19.753308333182733 ], [ 85.562271243720915, 19.751340830595421 ], [ 85.553756737196338, 19.741017329420433 ], [ 85.55012502457447, 19.747312579859262 ], [ 85.547653095587279, 19.742558126132693 ], [ 85.527831986872769, 19.735875206660939 ], [ 85.53842149070762, 19.738618247149166 ], [ 85.522659195533578, 19.731843631596259 ], [ 85.501029851645441, 19.71535575848306 ], [ 85.471138031946552, 19.704385657537856 ], [ 85.450073167418211, 19.691675753260341 ], [ 85.437553543324313, 19.698815400588362 ], [ 85.439285338941673, 19.706417483998841 ], [ 85.445518502467024, 19.708872628776113 ], [ 85.450759918945195, 19.716385306241101 ], [ 85.447189360139674, 19.718448244349187 ], [ 85.449058564154839, 19.722624978594073 ], [ 85.454246592310454, 19.72012421969027 ], [ 85.466468942349579, 19.725729203648246 ], [ 85.474365193989911, 19.724728216772988 ], [ 85.476005524646467, 19.730800101107725 ], [ 85.487983665276417, 19.72770997602148 ], [ 85.496368463446558, 19.730515875951188 ], [ 85.505539084699691, 19.740323326542796 ], [ 85.539329392239068, 19.751240949920263 ], [ 85.563949687881447, 19.776501482522452 ], [ 85.557937711002495, 19.801737952621551 ], [ 85.561645574318959, 19.811485135658955 ], [ 85.570869502917645, 19.820517552691836 ], [ 85.570732102482367, 19.826542897144758 ], [ 85.575729494250695, 19.832848733728724 ], [ 85.57295220584875, 19.833341544117438 ], [ 85.573646421772494, 19.842402569138891 ], [ 85.58048250374128, 19.851148933628064 ], [ 85.581542874631793, 19.858545869307427 ], [ 85.578552382477184, 19.861350040862362 ], [ 85.569770845518136, 19.855996493757367 ], [ 85.574432278548059, 19.859681770327665 ], [ 85.571029602003009, 19.861246957517388 ], [ 85.573684581614117, 19.864543459201023 ], [ 85.565429812702291, 19.860176481234195 ], [ 85.568000883493895, 19.863962539582413 ], [ 85.565681458455771, 19.863153312591006 ], [ 85.562263414430262, 19.863360677881793 ], [ 85.555984432346051, 19.865028823681815 ], [ 85.566558709797647, 19.863858333351892 ], [ 85.570777765309273, 19.868405262340126 ], [ 85.564132726008438, 19.867263098470985 ], [ 85.567253080223821, 19.873759606189864 ], [ 85.564613485754862, 19.875416619008075 ], [ 85.566589433601138, 19.88739046357076 ], [ 85.562286343232785, 19.884412587890356 ], [ 85.560012751979002, 19.87476961150935 ], [ 85.560379127202751, 19.880859948808226 ], [ 85.556533713926285, 19.877664288348374 ], [ 85.561355669861967, 19.884326012612949 ], [ 85.56175234254718, 19.896386502159434 ], [ 85.551017870624577, 19.887104016873039 ], [ 85.550094603007537, 19.892269049269121 ], [ 85.54404445228495, 19.89694270086871 ], [ 85.530853259854979, 19.896400594066808 ], [ 85.527999966301778, 19.892552970157784 ], [ 85.528747626726911, 19.888382744728073 ], [ 85.528579842783103, 19.882571878803773 ], [ 85.528068500730498, 19.888334213890669 ], [ 85.524276788098362, 19.882780206920028 ], [ 85.528388984353811, 19.896479614621565 ], [ 85.531150888537027, 19.898076776908919 ], [ 85.525238081592121, 19.895866255859197 ], [ 85.508491414510601, 19.900849448972966 ], [ 85.509582429695882, 19.905843589127187 ], [ 85.515686012171372, 19.907805511132352 ], [ 85.520088305768496, 19.914778748759666 ], [ 85.51068121182648, 19.910460582618676 ], [ 85.510864243840004, 19.917086938689131 ], [ 85.51891313772137, 19.919455816980449 ], [ 85.513854897444133, 19.919648507300579 ], [ 85.512710622186034, 19.925976900972216 ], [ 85.503417942403857, 19.931371740592159 ], [ 85.507072497138324, 19.924416287753733 ] ] ] } },
{ "type": "Feature", "properties": { "BASIN_NAME": "Nagavali", "AREA": 4352.0376534799998, "OBJECTID": 11 }, "geometry": { "type": "MultiPolygon", "coordinates": [ [ [ [ 82.96171034314996, 18.507855904155164 ], [ 82.96146701588961, 18.50809950178332 ], [ 82.961805557701993, 18.508194445775185 ], [ 82.96171034314996, 18.507855904155164 ] ] ], [ [ [ 83.3280395571322, 19.701015266246426 ], [ 83.335828995706905, 19.693685169634701 ], [ 83.336975371716463, 19.686396486815575 ], [ 83.333349340971097, 19.686124947705451 ], [ 83.331947159454288, 19.681140953014779 ], [ 83.333935820806261, 19.676358780146085 ], [ 83.340534399385703, 19.673947213784455 ], [ 83.340317656776719, 19.666957738680654 ], [ 83.347747940826096, 19.665830622770482 ], [ 83.352484269264153, 19.660280492365761 ], [ 83.356030004888453, 19.661701933709377 ], [ 83.372740888051126, 19.655852324274356 ], [ 83.388898657309738, 19.645832792598522 ], [ 83.3922913977907, 19.639610461816073 ], [ 83.397664661976691, 19.640211590625537 ], [ 83.402775068069928, 19.629736058745682 ], [ 83.395847170680753, 19.595020075533675 ], [ 83.389005265086681, 19.590272354700971 ], [ 83.385836048999863, 19.581124947479623 ], [ 83.395235462805076, 19.578068849698315 ], [ 83.407664390742269, 19.567782934069886 ], [ 83.415266929812475, 19.567334528902006 ], [ 83.416489260382605, 19.558797744732018 ], [ 83.413069393008982, 19.549453127374072 ], [ 83.406762969361708, 19.550862631996466 ], [ 83.401388891459661, 19.547786189220421 ], [ 83.398891604443605, 19.533212350450611 ], [ 83.398793676783882, 19.524177248117589 ], [ 83.40486545411099, 19.526224774290188 ], [ 83.413668351317128, 19.522117244140453 ], [ 83.418330623227874, 19.512370607226259 ], [ 83.41540826036946, 19.506252714415478 ], [ 83.416200631820885, 19.49491536658029 ], [ 83.410836048906759, 19.481140952469495 ], [ 83.422470705914762, 19.481963706470957 ], [ 83.434713544301701, 19.477213815046394 ], [ 83.435116647623559, 19.482870824563921 ], [ 83.443992244211884, 19.487166071517333 ], [ 83.453029787863613, 19.483352595158255 ], [ 83.459137372435009, 19.476192221895275 ], [ 83.46165473337615, 19.461669381146468 ], [ 83.466075849187988, 19.463386232219055 ], [ 83.467208932953696, 19.4578219959261 ], [ 83.47521240498682, 19.4556985157238 ], [ 83.479784345018373, 19.446120336401517 ], [ 83.485270185343623, 19.442823352514115 ], [ 83.487525502018741, 19.435830080143365 ], [ 83.485506187473277, 19.428281794441936 ], [ 83.490569935187963, 19.42695909516166 ], [ 83.491075035450791, 19.420876195726095 ], [ 83.497986113963137, 19.41332356955435 ], [ 83.504999731240005, 19.408606772398318 ], [ 83.508988175870357, 19.412712675433134 ], [ 83.518272029393117, 19.412854819720057 ], [ 83.537367895612462, 19.423886178469246 ], [ 83.551947160167202, 19.422224937005733 ], [ 83.557667103492165, 19.419796551687046 ], [ 83.560320369727322, 19.414023982287794 ], [ 83.585057240281046, 19.405206707718342 ], [ 83.600275068323469, 19.382802736595753 ], [ 83.596137155505502, 19.379475370967608 ], [ 83.595346682573691, 19.370234376876592 ], [ 83.601691897116325, 19.358063695425891 ], [ 83.590167645844033, 19.353489043016257 ], [ 83.582845326000523, 19.346512046137068 ], [ 83.578559573322977, 19.337725154192263 ], [ 83.581925729670402, 19.331727432341673 ], [ 83.57605604652791, 19.323766820401779 ], [ 83.56413167629637, 19.319278973222715 ], [ 83.559305558320133, 19.321561959052794 ], [ 83.551427954532599, 19.316759984297526 ], [ 83.557502715222554, 19.306108400360529 ], [ 83.549056534908829, 19.296544598448524 ], [ 83.549931100823869, 19.287962784260245 ], [ 83.543568796402255, 19.283047419050217 ], [ 83.544091528455212, 19.27192871253294 ], [ 83.539441734442406, 19.267780492236732 ], [ 83.536282825964676, 19.255472006733044 ], [ 83.525261233302231, 19.248332792589686 ], [ 83.529718698490882, 19.243363717160712 ], [ 83.526225317401469, 19.238040366497543 ], [ 83.528347170489113, 19.231131186847179 ], [ 83.518613826447762, 19.226620553005468 ], [ 83.519719512302103, 19.215552844586213 ], [ 83.522856719239684, 19.211217991902792 ], [ 83.528936363179866, 19.211999784947515 ], [ 83.537711591167621, 19.205091147299704 ], [ 83.548330623668818, 19.184196507696353 ], [ 83.545270456668405, 19.17973253180466 ], [ 83.547036406778545, 19.172885201222478 ], [ 83.533336048805864, 19.161696507569349 ], [ 83.539997290478922, 19.14086317408362 ], [ 83.534774308385693, 19.129962566987619 ], [ 83.536604006866938, 19.128058270161809 ], [ 83.545916343768752, 19.131421985153377 ], [ 83.545247127081382, 19.124194880570339 ], [ 83.55071235118524, 19.120979277204686 ], [ 83.559725209109061, 19.123613825472372 ], [ 83.559762101497725, 19.11306912061308 ], [ 83.56608941254845, 19.111136069592252 ], [ 83.569391550269913, 19.106392687970352 ], [ 83.574169382255718, 19.106391602879242 ], [ 83.579214412738196, 19.099458552245597 ], [ 83.579346791233391, 19.093045248833882 ], [ 83.586611602152971, 19.087291126107509 ], [ 83.584613169883468, 19.057764080331594 ], [ 83.576301543162643, 19.060531614724574 ], [ 83.565170243917066, 19.056112293868079 ], [ 83.561737095652049, 19.063581462646603 ], [ 83.56805412460001, 19.070638654860147 ], [ 83.567955061351967, 19.074594498262591 ], [ 83.562370371001364, 19.086212156936739 ], [ 83.555824228382946, 19.085494993537651 ], [ 83.550300547228346, 19.077251437102046 ], [ 83.558815136242856, 19.054912562953632 ], [ 83.553420982855144, 19.053501127491618 ], [ 83.548721336135529, 19.042846676448388 ], [ 83.543540829939559, 19.041097647770965 ], [ 83.538665880245148, 19.009183879661837 ], [ 83.535644543484025, 19.012741088054877 ], [ 83.524070688497702, 19.011346818721023 ], [ 83.517501963538948, 19.01586341385649 ], [ 83.504707414375588, 19.018209455362658 ], [ 83.499969402229127, 19.025953293678924 ], [ 83.499996088350215, 19.035140990090248 ], [ 83.509780966192295, 19.034952161272649 ], [ 83.515983656882995, 19.027591706106584 ], [ 83.5187301295434, 19.030853270479341 ], [ 83.520858780747105, 19.038206101557424 ], [ 83.514671290681591, 19.047363282765033 ], [ 83.518379290716155, 19.055814740287325 ], [ 83.514663816249225, 19.059993738843733 ], [ 83.513420042728185, 19.069309234266562 ], [ 83.503639250785014, 19.065185542854014 ], [ 83.50222767981893, 19.059572223177575 ], [ 83.483017048077159, 19.07746123797369 ], [ 83.484252826027173, 19.084569931167191 ], [ 83.488044594525974, 19.086694723436242 ], [ 83.484832857423385, 19.091857911031646 ], [ 83.475654663719467, 19.094276423725944 ], [ 83.469932586450383, 19.092094418706626 ], [ 83.469284127450408, 19.086635585640625 ], [ 83.478607091326737, 19.084451673996881 ], [ 83.480331546380043, 19.078405379422165 ], [ 83.474960385148506, 19.076192856536213 ], [ 83.468208343609902, 19.078966137164013 ], [ 83.465141361705989, 19.075071336020375 ], [ 83.467185909117859, 19.07011413403135 ], [ 83.464622402786986, 19.062915804737038 ], [ 83.47130580332572, 19.059995655638179 ], [ 83.473022405164798, 19.041788099005046 ], [ 83.485305699243924, 19.033000947492731 ], [ 83.481330739587222, 19.018692020685073 ], [ 83.484649554397095, 19.013923645697471 ], [ 83.479728815425474, 19.006591796168102 ], [ 83.464752296489152, 19.011159896117597 ], [ 83.454879638834456, 19.011501314373646 ], [ 83.452667373187424, 19.008842464674323 ], [ 83.45810696893426, 18.990335464820458 ], [ 83.469459665610657, 18.990772244711227 ], [ 83.466194031429396, 18.979599000924683 ], [ 83.470229995751481, 18.978937151419832 ], [ 83.471794133819472, 18.967166900601462 ], [ 83.462539697141793, 18.954025267728809 ], [ 83.446266135584025, 18.958217621859088 ], [ 83.44853198126853, 18.965860368956474 ], [ 83.440597489346587, 18.974084854860962 ], [ 83.42219539661248, 18.987329482667086 ], [ 83.416801479035541, 18.987733840308817 ], [ 83.421417158448975, 18.999782563871129 ], [ 83.41609189002348, 19.002346039508513 ], [ 83.412490859315042, 18.999832153805972 ], [ 83.40228266257138, 19.008262636482065 ], [ 83.397796579848574, 19.008411408154107 ], [ 83.38620772398329, 19.000274655307766 ], [ 83.374229575468107, 19.001310344921752 ], [ 83.368705882097316, 19.004861827999559 ], [ 83.369003159635426, 19.015117648932417 ], [ 83.360382081735565, 19.018218993302476 ], [ 83.345855692091831, 19.017360687548258 ], [ 83.338676306054836, 19.005558017595281 ], [ 83.339012178739495, 18.996006012225735 ], [ 83.328231808899162, 19.00152969387856 ], [ 83.3243256649057, 18.998395918298073 ], [ 83.319061408058275, 19.000663754756459 ], [ 83.312721217429555, 18.998075485257345 ], [ 83.318954411911292, 18.986024858031339 ], [ 83.320953398988351, 18.97378158485564 ], [ 83.329971373894054, 18.966054915087881 ], [ 83.335517838309855, 18.967943192183768 ], [ 83.334503298862487, 18.955900189887217 ], [ 83.34146125326987, 18.951776503382533 ], [ 83.340476908586069, 18.946413042519957 ], [ 83.329734703016854, 18.94414329639077 ], [ 83.326827888875044, 18.936948777246226 ], [ 83.327858103796999, 18.931200023295979 ], [ 83.335159301164026, 18.927978514926696 ], [ 83.336097843687952, 18.923917769193 ], [ 83.350662269628486, 18.925460812621967 ], [ 83.346557504624911, 18.940444947404529 ], [ 83.352966201239823, 18.945718767095684 ], [ 83.350708006578998, 18.959665298284193 ], [ 83.355247388664566, 18.966659547657542 ], [ 83.368659922920727, 18.963041306341449 ], [ 83.368484609985259, 18.954465863672315 ], [ 83.373481681991734, 18.941772462950713 ], [ 83.38862598611054, 18.933168413499214 ], [ 83.38042463671303, 18.923891064792503 ], [ 83.370941266758081, 18.928489682601679 ], [ 83.372093153955078, 18.94125175644708 ], [ 83.355346579507753, 18.941677095127048 ], [ 83.354225150100007, 18.936182023189964 ], [ 83.354942245327408, 18.928783419458838 ], [ 83.364395043354875, 18.914443969978439 ], [ 83.362060419290614, 18.913467408523445 ], [ 83.370925779964153, 18.907297136570698 ], [ 83.383667032836655, 18.913032529290241 ], [ 83.394195479518189, 18.907396319192092 ], [ 83.379852200406333, 18.896297457575614 ], [ 83.383384801685125, 18.890661239583832 ], [ 83.402282758448237, 18.875976559970951 ], [ 83.4162827195712, 18.872152323052269 ], [ 83.406318736681072, 18.860797882413507 ], [ 83.408187808525042, 18.841892240668042 ], [ 83.380668744361387, 18.829442977002483 ], [ 83.372520324633072, 18.842353820331891 ], [ 83.366935792271249, 18.841644286115088 ], [ 83.36005410612367, 18.833082197743124 ], [ 83.330398646046717, 18.816398619087302 ], [ 83.331787164154761, 18.805217741606 ], [ 83.323783873194358, 18.8039245610926 ], [ 83.310463036875589, 18.807943337699733 ], [ 83.299034011976531, 18.800052646511752 ], [ 83.286712683879514, 18.79686928259262 ], [ 83.277298054504058, 18.782102584431758 ], [ 83.282936208025092, 18.773530960132295 ], [ 83.273735077563444, 18.763992316030865 ], [ 83.265068166791721, 18.768327703801276 ], [ 83.245643628273299, 18.767398826203888 ], [ 83.236587532451949, 18.77299117748635 ], [ 83.226005616999871, 18.773632051379099 ], [ 83.229873565740093, 18.754747400939067 ], [ 83.22088608622596, 18.745763775662365 ], [ 83.213989318558447, 18.729433058796168 ], [ 83.208496080408779, 18.7506065388461 ], [ 83.19499204182334, 18.752645493597889 ], [ 83.180610746651752, 18.769525527074016 ], [ 83.160812414506395, 18.766456605979521 ], [ 83.140708832091036, 18.784440987389203 ], [ 83.117645315412702, 18.767438882762082 ], [ 83.123870962422885, 18.764566424572454 ], [ 83.124900944718092, 18.757566445892294 ], [ 83.112312436445052, 18.749971385844749 ], [ 83.102867060754036, 18.731430048545555 ], [ 83.096672136470787, 18.730369559937973 ], [ 83.09436785923549, 18.722181329357834 ], [ 83.074134731792952, 18.704063415261043 ], [ 83.072960046316538, 18.700120914959282 ], [ 83.076484613281494, 18.699399949867153 ], [ 83.064743171211674, 18.68257713747942 ], [ 83.059692488487272, 18.664192184711244 ], [ 83.018386731143465, 18.648756023163784 ], [ 83.015052891649546, 18.644014367823804 ], [ 83.021232660717175, 18.633819576205838 ], [ 83.001113795523395, 18.616943377506775 ], [ 83.002319379435519, 18.607137668618321 ], [ 83.017066995411454, 18.604467392448125 ], [ 83.015319818817872, 18.594301211249583 ], [ 83.025901778005988, 18.588876741563212 ], [ 83.046127217090103, 18.599050520650291 ], [ 83.054603541551728, 18.600090024067526 ], [ 83.055191185714222, 18.587320324111339 ], [ 83.042900102899878, 18.585927950624836 ], [ 83.031982399451749, 18.573482503012986 ], [ 83.04692831108845, 18.542968766651963 ], [ 83.064292954967343, 18.541156776968311 ], [ 83.083145267131485, 18.552738202400811 ], [ 83.091514732456574, 18.552448261386971 ], [ 83.096786357068453, 18.548059483157456 ], [ 83.09522246996687, 18.538492214868498 ], [ 83.090598976518976, 18.53754615281003 ], [ 83.080604683930602, 18.527151101927409 ], [ 83.07608791527602, 18.512195585478782 ], [ 83.057449423157166, 18.494703305311301 ], [ 83.05676262207372, 18.483703604040734 ], [ 83.023117032309827, 18.45512581989988 ], [ 83.027320855589835, 18.446771622627896 ], [ 83.036025983967079, 18.446207064187238 ], [ 83.042923116949453, 18.439887999601886 ], [ 83.039955153808691, 18.433048237192104 ], [ 83.044876150835421, 18.423421863194772 ], [ 83.0529632170078, 18.43276975934544 ], [ 83.062126299405563, 18.435903544383397 ], [ 83.069183257575816, 18.428861618800553 ], [ 83.069099450690814, 18.424791330325551 ], [ 83.059692305038496, 18.416931161545683 ], [ 83.066375865066647, 18.408412938032221 ], [ 83.07878111599932, 18.402687060092354 ], [ 83.056892443343543, 18.379287747961516 ], [ 83.045730588827624, 18.378570564936581 ], [ 83.025032117401608, 18.389865874708459 ], [ 83.01799005519625, 18.386074061340651 ], [ 83.013496313998957, 18.387336730609814 ], [ 83.006218049340532, 18.381568920250221 ], [ 82.998268189900386, 18.38505745253255 ], [ 82.993888765428849, 18.377569172742643 ], [ 82.992004379148781, 18.380214674288734 ], [ 82.988937239790999, 18.378093727318234 ], [ 82.984169091376799, 18.365249626538091 ], [ 82.96836094012599, 18.357601165208195 ], [ 82.961608818349887, 18.365529985654081 ], [ 82.954071028753077, 18.360334378684126 ], [ 82.939994927310892, 18.360404967147616 ], [ 82.927909707173839, 18.366773620307939 ], [ 82.923614514955872, 18.374437324334874 ], [ 82.919471856379658, 18.374511694227323 ], [ 82.91455079860944, 18.367774992422209 ], [ 82.912025541607917, 18.371965430192713 ], [ 82.902587810746169, 18.373683909709616 ], [ 82.891662612981449, 18.389034266235445 ], [ 82.899368246315305, 18.402978893601901 ], [ 82.896400482940692, 18.423645011610425 ], [ 82.890830363630528, 18.423058196042501 ], [ 82.908231610111841, 18.4324300142505 ], [ 82.915027942869997, 18.448493924350583 ], [ 82.924818092967826, 18.461640253829753 ], [ 82.955540909485038, 18.472713217219351 ], [ 82.956504993520909, 18.479038629658902 ], [ 82.962133248731519, 18.484641928262707 ], [ 82.961652563403646, 18.489162870066746 ], [ 82.96863661264193, 18.493330621768219 ], [ 82.961805557701993, 18.508194445775185 ], [ 82.975275067288933, 18.52139160262708 ], [ 82.983172745681088, 18.523194445760048 ], [ 82.980002715341655, 18.533085395997198 ], [ 82.987140573355646, 18.546016168782231 ], [ 82.984713272788213, 18.553352865718246 ], [ 82.978607044544091, 18.555553386501142 ], [ 82.978584257750981, 18.561131728560248 ], [ 82.983058270383196, 18.561386177651759 ], [ 82.987219512015017, 18.566151802680018 ], [ 82.986371259265667, 18.573804797020664 ], [ 82.982699926339308, 18.57651530085726 ], [ 82.961498211917501, 18.580877279881189 ], [ 82.959380699144916, 18.591415474198797 ], [ 82.966941734184999, 18.596113824957044 ], [ 82.981953126961386, 18.59666178533621 ], [ 82.998896486728611, 18.619200847584121 ], [ 83.006669382010486, 18.622219510601127 ], [ 83.018065051935764, 18.634705404632836 ], [ 83.013047419946972, 18.645290799992789 ], [ 83.015275067507915, 18.649037544470268 ], [ 83.002599286682369, 18.650898438816185 ], [ 82.994753420416302, 18.667217883615358 ], [ 82.98299370876272, 18.670591906371826 ], [ 82.981093481140377, 18.675011394642461 ], [ 82.997166072296665, 18.693802084567274 ], [ 83.006428767746087, 18.711440973933911 ], [ 83.014835072024169, 18.707429471976742 ], [ 83.027644316239474, 18.708409831940745 ], [ 83.038259822413167, 18.717895509252987 ], [ 83.039192711083174, 18.723358291080732 ], [ 83.051952584763043, 18.727791885160737 ], [ 83.052775067640184, 18.731685656512663 ], [ 83.04861382602661, 18.735029840876237 ], [ 83.047787274375324, 18.753057184925005 ], [ 83.032141929287889, 18.767838543002398 ], [ 83.024578181300313, 18.767800023494544 ], [ 83.019008033246081, 18.759934578140026 ], [ 83.011853572133091, 18.763606229520338 ], [ 83.004340940081278, 18.758062922314036 ], [ 82.999939509843827, 18.766152887838569 ], [ 82.993784596667652, 18.767231682039636 ], [ 82.989996476157572, 18.775556099450057 ], [ 82.990529516376782, 18.77836480176807 ], [ 82.996175946649132, 18.776391602819796 ], [ 82.998938804449224, 18.779835070709922 ], [ 82.998023006132826, 18.785342340783885 ], [ 83.003338490238463, 18.788049589258808 ], [ 83.007537437225636, 18.797483725770217 ], [ 83.008050132591123, 18.80098578693956 ], [ 82.999880373520355, 18.802831490159502 ], [ 83.00668131764516, 18.807825522291218 ], [ 83.002491321847003, 18.822214085746428 ], [ 83.004166669180734, 18.826405166060255 ], [ 83.014837784108394, 18.835162219000516 ], [ 83.024730633679667, 18.851391603270091 ], [ 83.021394316467962, 18.858172744463925 ], [ 83.036925458201111, 18.868263347610611 ], [ 83.038895401885782, 18.88113389892731 ], [ 83.04555827084738, 18.88583062197722 ], [ 83.052761160263401, 18.899209871477261 ], [ 83.050287003335825, 18.91926052664574 ], [ 83.056144750421254, 18.924193794731881 ], [ 83.063327910560488, 18.941394315559567 ], [ 83.069169381748367, 18.94110840031205 ], [ 83.07193902147668, 18.950005426838757 ], [ 83.080008027079884, 18.95418630774714 ], [ 83.081097119366902, 18.968630414363247 ], [ 83.069922148461927, 18.978798829951931 ], [ 83.071660158730992, 18.989746637827476 ], [ 83.077234431669211, 18.993146160193685 ], [ 83.072699655463609, 19.003502605702788 ], [ 83.078044773275678, 19.020037877229445 ], [ 83.062841256997245, 19.036631403820703 ], [ 83.069721953340192, 19.045252280267484 ], [ 83.072504342358059, 19.065834962677894 ], [ 83.060153811132821, 19.071421442891676 ], [ 83.05847222442226, 19.075138890847967 ], [ 83.054401315268137, 19.069964194105172 ], [ 83.043599720329766, 19.073469511141823 ], [ 83.042529570931478, 19.085008140059259 ], [ 83.047394750712186, 19.087530383760321 ], [ 83.039997289824882, 19.093608400280772 ], [ 83.038336048858213, 19.098907878967296 ], [ 83.046391874700873, 19.103330623566752 ], [ 83.044447159440438, 19.108303495949738 ], [ 83.050983075373424, 19.115039606468301 ], [ 83.061113537513108, 19.116663627165028 ], [ 83.06730468990547, 19.122765300974031 ], [ 83.080558553130587, 19.120275152108764 ], [ 83.089761558681019, 19.129316408203003 ], [ 83.092219512116202, 19.140280491997139 ], [ 83.102817050275561, 19.128910160975288 ], [ 83.110002642987126, 19.131663561092488 ], [ 83.106936037703264, 19.144722223706722 ], [ 83.122233617862136, 19.15986382547835 ], [ 83.112493763401972, 19.170545249086214 ], [ 83.111942228106173, 19.174996546426069 ], [ 83.104424644387947, 19.179169381082435 ], [ 83.107788630995472, 19.182665475257743 ], [ 83.104583335956733, 19.188350153734717 ], [ 83.097820911734232, 19.188853083284656 ], [ 83.085836048220884, 19.200297310735085 ], [ 83.105296769189323, 19.216941733871074 ], [ 83.10783704573312, 19.214921378361094 ], [ 83.113905981141016, 19.216934680745052 ], [ 83.118053045882831, 19.206113898593827 ], [ 83.136684572655469, 19.219538304709204 ], [ 83.122769913582587, 19.230530600781822 ], [ 83.12748616779038, 19.239996746660299 ], [ 83.134425440038584, 19.241687316082299 ], [ 83.134993393952101, 19.248527095924352 ], [ 83.126669382120951, 19.252331816425237 ], [ 83.137699152182563, 19.267808415797361 ], [ 83.13279242905827, 19.277520618575739 ], [ 83.139989965758247, 19.27829101726979 ], [ 83.14743219041226, 19.288945614053674 ], [ 83.141113826484585, 19.29970866067076 ], [ 83.142780764397031, 19.303344185496773 ], [ 83.14835286719908, 19.302791343085879 ], [ 83.142780492977465, 19.314398330860779 ], [ 83.147383900126371, 19.32457248442169 ], [ 83.136113826411403, 19.334554037977995 ], [ 83.140977691387903, 19.349169349770825 ], [ 83.138378095109715, 19.361885309699751 ], [ 83.145751684756078, 19.37759494592278 ], [ 83.142786100249651, 19.378636608347225 ], [ 83.135446508641067, 19.373292102841024 ], [ 83.108740508580368, 19.378891603232919 ], [ 83.100773385942631, 19.39452582676153 ], [ 83.108889433825013, 19.398302410838042 ], [ 83.110260147697929, 19.403600262681273 ], [ 83.126584203942386, 19.409804689364087 ], [ 83.130004614066138, 19.414721681712361 ], [ 83.129991864626859, 19.423591581812722 ], [ 83.133902719645135, 19.428592366038025 ], [ 83.128058270751808, 19.43830349571504 ], [ 83.130275067830283, 19.44694715919605 ], [ 83.140274890522434, 19.447225145931093 ], [ 83.145241701672262, 19.457745770439519 ], [ 83.151108255082988, 19.459169463751788 ], [ 83.152225022800337, 19.463058447977595 ], [ 83.148928767316306, 19.464865724367481 ], [ 83.148003474846078, 19.471851672969184 ], [ 83.158886070037255, 19.482497084146249 ], [ 83.135822525943482, 19.507775256275117 ], [ 83.126402135195377, 19.504186149111884 ], [ 83.125558270673409, 19.497775067155981 ], [ 83.12060357196043, 19.496003691192922 ], [ 83.117219511987912, 19.49917507811265 ], [ 83.112907174903157, 19.497502715073445 ], [ 83.109737823890029, 19.50636863101267 ], [ 83.098608212821773, 19.510552771019576 ], [ 83.090906035482703, 19.509640843735951 ], [ 83.0777837480356, 19.516516657560722 ], [ 83.079169381948461, 19.523157554419459 ], [ 83.08324193162322, 19.525149175890114 ], [ 83.082409941605235, 19.531555720349086 ], [ 83.088602404169976, 19.536866090608907 ], [ 83.086352541540919, 19.54532904930398 ], [ 83.07759060589234, 19.55408935739057 ], [ 83.077502715309279, 19.559169381356632 ], [ 83.065211590997961, 19.5596934699721 ], [ 83.065090605876406, 19.567299535119982 ], [ 83.070552845436183, 19.571286894106169 ], [ 83.067763945712741, 19.576646594912212 ], [ 83.078058270412967, 19.586941733394131 ], [ 83.073777129315857, 19.593820260295594 ], [ 83.080820043483655, 19.60593885837617 ], [ 83.070002647317878, 19.609447313876153 ], [ 83.069717884316432, 19.618055557385823 ], [ 83.071386178568019, 19.621391603686288 ], [ 83.08809190764552, 19.626134171137195 ], [ 83.081669381273343, 19.643767905686911 ], [ 83.086467558278017, 19.646941733610412 ], [ 83.121078561293473, 19.626258411272286 ], [ 83.122568632722704, 19.619981555737347 ], [ 83.131454809204769, 19.617781848703963 ], [ 83.148335505573911, 19.623328724044978 ], [ 83.161445315243114, 19.634898547969133 ], [ 83.159447159490185, 19.639485136992519 ], [ 83.165002986132336, 19.64583062275365 ], [ 83.162558867179058, 19.655694446854895 ], [ 83.167796768930629, 19.659168567634939 ], [ 83.168614911054505, 19.669209800618557 ], [ 83.187712404346513, 19.674485136199252 ], [ 83.202896052604075, 19.68841959861788 ], [ 83.206775990026713, 19.687131349598122 ], [ 83.212346735768236, 19.690333932080648 ], [ 83.221829158422494, 19.68567138869269 ], [ 83.224751793047659, 19.687513836907467 ], [ 83.240560440952507, 19.707116158936262 ], [ 83.242212459016997, 19.715891658015686 ], [ 83.238058270439595, 19.721303441835023 ], [ 83.241108400559654, 19.723336048168139 ], [ 83.26110623059671, 19.723106013146911 ], [ 83.277360299580479, 19.70196831798761 ], [ 83.283613826163091, 19.699169381384682 ], [ 83.28473280415362, 19.693546009042624 ], [ 83.289965280058226, 19.693652888222406 ], [ 83.293356122325662, 19.688277725605456 ], [ 83.30219808211146, 19.688302681801947 ], [ 83.30472656441232, 19.700073515193846 ], [ 83.309980471579607, 19.699307185111817 ], [ 83.310830352057337, 19.69555284512446 ], [ 83.316923288157341, 19.692237686513966 ], [ 83.3280395571322, 19.701015266246426 ] ] ] ] } },
{ "type": "Feature", "properties": { "BASIN_NAME": "Rushikulya", "AREA": 7986.3976616600003, "OBJECTID": 12 }, "geometry": { "type": "MultiPolygon", "coordinates": [ [ [ [ 84.593932837876835, 19.32757812686209 ], [ 84.593689239786329, 19.327821724952539 ], [ 84.594027781453306, 19.327916668529031 ], [ 84.593932837876835, 19.32757812686209 ] ] ], [ [ [ 84.59430555923133, 19.32791666852906 ], [ 84.594027781453306, 19.32819444630702 ], [ 84.594305559123342, 19.328194446208958 ], [ 84.59430555923133, 19.32791666852906 ] ] ], [ [ [ 84.594722225782533, 19.329027780133423 ], [ 84.598731885367087, 19.341568931628334 ], [ 84.591956926416827, 19.346471356043825 ], [ 84.591953128673808, 19.350020075664766 ], [ 84.581199547936095, 19.352932402055988 ], [ 84.57780759443439, 19.357486019953829 ], [ 84.566683488896572, 19.350842015769626 ], [ 84.559172095661552, 19.355008139904882 ], [ 84.548628475861378, 19.34845757566352 ], [ 84.546071940294311, 19.352954686109953 ], [ 84.540888404240675, 19.351533747540955 ], [ 84.535379777934111, 19.360199654665969 ], [ 84.528899471939383, 19.362183161611988 ], [ 84.530029300499237, 19.365459528802056 ], [ 84.526029003711983, 19.366650103568652 ], [ 84.520073788338465, 19.357777779664016 ], [ 84.51366021411468, 19.357171225844095 ], [ 84.516468916373881, 19.355107966293815 ], [ 84.516180559168802, 19.346818035731591 ], [ 84.51164267316382, 19.338965515060611 ], [ 84.517521976270501, 19.335278864715434 ], [ 84.51221381654409, 19.333333335200013 ], [ 84.509211471566928, 19.327836874412263 ], [ 84.510814076959534, 19.319473743175056 ], [ 84.512497290936594, 19.315552844734423 ], [ 84.518808054830643, 19.315364042650963 ], [ 84.526428768812423, 19.308295357749444 ], [ 84.515565415968069, 19.302648227957206 ], [ 84.513711212378595, 19.289536134644194 ], [ 84.496422209770643, 19.283639505946091 ], [ 84.482478844732086, 19.26495985424258 ], [ 84.466179186841075, 19.262382069609124 ], [ 84.459206546536421, 19.253080513955279 ], [ 84.4479795323453, 19.250027029390971 ], [ 84.448444285243113, 19.246509875929259 ], [ 84.435285648079699, 19.233047961855934 ], [ 84.422803219903727, 19.23001934140914 ], [ 84.423341203625796, 19.224714628515951 ], [ 84.41149658557228, 19.213339303328461 ], [ 84.409450687121549, 19.203863934054773 ], [ 84.388500980073545, 19.199967992211441 ], [ 84.384683608996284, 19.195787406876558 ], [ 84.366983239170892, 19.19576280557612 ], [ 84.352424320141168, 19.181064454751802 ], [ 84.345019534774636, 19.178910591927401 ], [ 84.347584367627576, 19.149555665782177 ], [ 84.341086429254347, 19.140515952233322 ], [ 84.340568170709275, 19.128382392479082 ], [ 84.34242214974158, 19.12455729336639 ], [ 84.341942999234433, 19.123914370543407 ], [ 84.33221951306534, 19.124447158909351 ], [ 84.321666127425132, 19.118883465081613 ], [ 84.314213870839396, 19.118943686523608 ], [ 84.306904571534474, 19.113643122395644 ], [ 84.297791073028861, 19.117758248208343 ], [ 84.290417212696227, 19.12665527511038 ], [ 84.298231611679256, 19.125143773333708 ], [ 84.302219513425968, 19.132307944445966 ], [ 84.296113827599314, 19.137629125213781 ], [ 84.290260419776757, 19.152662219398529 ], [ 84.303052846614833, 19.157675783210372 ], [ 84.304997290437484, 19.183859051086873 ], [ 84.283560930382322, 19.198678387148348 ], [ 84.289088545142747, 19.205680883008355 ], [ 84.304451229834626, 19.210368382781745 ], [ 84.302486440352979, 19.217469077198714 ], [ 84.309719382786483, 19.222780434150728 ], [ 84.306847063290007, 19.225677627711395 ], [ 84.309611493473881, 19.22907289153865 ], [ 84.306657989594129, 19.230546876749532 ], [ 84.306641984628257, 19.235790474729345 ], [ 84.313362362739952, 19.241489802251998 ], [ 84.317990804828668, 19.252657310019842 ], [ 84.305797258465958, 19.253064780639445 ], [ 84.299137078315653, 19.260024790638717 ], [ 84.293617896114057, 19.261195205642274 ], [ 84.295564241660031, 19.273900281369112 ], [ 84.292126739428497, 19.272106121591584 ], [ 84.287780493617106, 19.283713109309069 ], [ 84.295604929282831, 19.297634550512424 ], [ 84.302042375229817, 19.302219511198647 ], [ 84.308058126442177, 19.301385622627816 ], [ 84.302550730517538, 19.312259116663416 ], [ 84.307505157844574, 19.317220596251691 ], [ 84.305561797927894, 19.321227215457011 ], [ 84.317079539041458, 19.332198895286268 ], [ 84.314158260464808, 19.334721138961196 ], [ 84.322702919013565, 19.352439038161741 ], [ 84.317805179464557, 19.356525066869782 ], [ 84.314447160760324, 19.37024794015786 ], [ 84.317219512988203, 19.373608036414321 ], [ 84.30592773786563, 19.385347766796244 ], [ 84.311655005493606, 19.388336590279355 ], [ 84.325567766136302, 19.386757272044662 ], [ 84.323355309490992, 19.392154950014501 ], [ 84.3407815248259, 19.401386178318354 ], [ 84.354366442234138, 19.393963802122592 ], [ 84.360752499444786, 19.395922311373837 ], [ 84.366949059606057, 19.408056099920817 ], [ 84.357766388188153, 19.415413956101819 ], [ 84.357165883907228, 19.419666439806448 ], [ 84.350942657706582, 19.419622940159677 ], [ 84.348347985131866, 19.422758248303392 ], [ 84.353421752834791, 19.425863767377717 ], [ 84.35944716073638, 19.442998591801711 ], [ 84.366087288625522, 19.445827562989109 ], [ 84.36033483822068, 19.455675026121803 ], [ 84.347485897369225, 19.466948515321214 ], [ 84.350841746143089, 19.476671009157347 ], [ 84.349131134239911, 19.482710505428216 ], [ 84.354793568809953, 19.486276315000829 ], [ 84.354440650232974, 19.491945802728555 ], [ 84.359740942887385, 19.496724177097093 ], [ 84.358337656105505, 19.502500042563035 ], [ 84.34402940873359, 19.514819066762836 ], [ 84.340836049038501, 19.521974286083882 ], [ 84.345030927939632, 19.529337296005934 ], [ 84.344442006147972, 19.535585125619807 ], [ 84.33522681600256, 19.547498106780751 ], [ 84.318878855493125, 19.541747234962255 ], [ 84.315652943672944, 19.547238500338008 ], [ 84.296113719979033, 19.543608160885601 ], [ 84.292025014189321, 19.523185223218029 ], [ 84.287225024571285, 19.519163920043848 ], [ 84.286462134619356, 19.513061525010674 ], [ 84.266941735320373, 19.50889160359181 ], [ 84.242970923642346, 19.495482043856281 ], [ 84.230107968060736, 19.500863174573531 ], [ 84.223818634320679, 19.507002497492195 ], [ 84.213822703232026, 19.506120878436949 ], [ 84.212146813444491, 19.515840388620163 ], [ 84.201921390334618, 19.511074763646498 ], [ 84.185541995838278, 19.513057999086904 ], [ 84.183632273393215, 19.522836102510468 ], [ 84.187083392561973, 19.527638843435664 ], [ 84.187570261664362, 19.539203561056208 ], [ 84.192502716430141, 19.545275066946186 ], [ 84.192257490721047, 19.559093697878897 ], [ 84.188610842903671, 19.561673721717742 ], [ 84.18402018527641, 19.558336048227325 ], [ 84.182942714244632, 19.561351999490928 ], [ 84.177042646779697, 19.562263999273316 ], [ 84.188069555919483, 19.577234363732533 ], [ 84.187577856821065, 19.582348634791686 ], [ 84.19527688962873, 19.583153633374721 ], [ 84.193579376175322, 19.588028702316141 ], [ 84.185199927507909, 19.58887885430395 ], [ 84.184997019656336, 19.59361382604574 ], [ 84.201963707527668, 19.630862632523172 ], [ 84.201391605322428, 19.640585396855105 ], [ 84.211812920843798, 19.655622427121788 ], [ 84.204724938662508, 19.674458281600593 ], [ 84.214186471165675, 19.690827834367624 ], [ 84.194447160290395, 19.706669381477809 ], [ 84.188069393604607, 19.704169652881514 ], [ 84.182507909405444, 19.706397143674735 ], [ 84.177346737548461, 19.703277183059928 ], [ 84.162703725587562, 19.707009007999783 ], [ 84.147966040641649, 19.70011366313237 ], [ 84.138069122310753, 19.699736058849531 ], [ 84.129788143446405, 19.686392960111103 ], [ 84.116711700125606, 19.686987306643548 ], [ 84.116108527901005, 19.694719194330773 ], [ 84.109391279554799, 19.698378908258004 ], [ 84.113608537488048, 19.702764445384005 ], [ 84.105799428029727, 19.706316733883188 ], [ 84.103088653308234, 19.715368112077883 ], [ 84.084730092475368, 19.716423342039995 ], [ 84.082913956962315, 19.721819664011004 ], [ 84.085496151003269, 19.733877769325328 ], [ 84.095430776130527, 19.738752715067349 ], [ 84.092121856760443, 19.741853300877207 ], [ 84.094072811357165, 19.755499405725004 ], [ 84.08111382723844, 19.759125978787242 ], [ 84.094178063296994, 19.769302844962976 ], [ 84.091669384517715, 19.776669375784561 ], [ 84.083336049277335, 19.783032499975665 ], [ 84.090613338946795, 19.788398710945454 ], [ 84.088682729247921, 19.792403973557736 ], [ 84.093622507426261, 19.798605687993213 ], [ 84.089430884202855, 19.801674264323374 ], [ 84.086962351527148, 19.80963216387763 ], [ 84.074980472305313, 19.819457739000974 ], [ 84.075004615066291, 19.82524441420389 ], [ 84.078619473884046, 19.829174952600553 ], [ 84.073336049654074, 19.834425458235977 ], [ 84.074953345097498, 19.840414498635006 ], [ 84.056938480035896, 19.840212133766922 ], [ 84.047021216469517, 19.833187936328102 ], [ 84.035954322224299, 19.830280492816939 ], [ 84.025145945192833, 19.832715388819818 ], [ 84.01753960843314, 19.830969511768426 ], [ 84.01250787037894, 19.836317276152368 ], [ 84.019719513040485, 19.843085939545627 ], [ 84.013810496077454, 19.848670791942254 ], [ 84.019415350447957, 19.86301417267487 ], [ 84.014980742788424, 19.865581328541793 ], [ 84.018069664545678, 19.869174806996131 ], [ 84.016294762168172, 19.876054147102909 ], [ 84.025888132771868, 19.876101619241936 ], [ 84.031173776364639, 19.881663956222607 ], [ 84.038731014084505, 19.882165800985906 ], [ 84.046113827036777, 19.890853138419036 ], [ 84.058808868040217, 19.895275067306404 ], [ 84.060560777328249, 19.893052731643202 ], [ 84.063121477037811, 19.895085722727178 ], [ 84.069888512207498, 19.892899850007215 ], [ 84.075307620090342, 19.896663956638335 ], [ 84.086929319562103, 19.894704972546887 ], [ 84.093618166623386, 19.904648710768303 ], [ 84.104136016525942, 19.909616701539456 ], [ 84.105976837158195, 19.921315919897868 ], [ 84.121483500677314, 19.919775086320161 ], [ 84.130240074753004, 19.915085993936458 ], [ 84.134276804488479, 19.906871747105743 ], [ 84.15584744192391, 19.895830622609733 ], [ 84.157998863835985, 19.891270618621938 ], [ 84.168909779704251, 19.893376195603253 ], [ 84.170016118485876, 19.896108535961275 ], [ 84.178036570002135, 19.893613826107913 ], [ 84.181825090333163, 19.895467938789274 ], [ 84.18693522459823, 19.914132489575991 ], [ 84.183605960239419, 19.918332792945289 ], [ 84.183665719641169, 19.928962323922715 ], [ 84.187973907153008, 19.934384225211417 ], [ 84.188888476766465, 19.953727219008758 ], [ 84.196335181463667, 19.96282904945782 ], [ 84.195246585122561, 19.970003529175195 ], [ 84.201577422928068, 19.972335071636046 ], [ 84.200257978777273, 19.984719512302245 ], [ 84.203994144158528, 19.992447647537269 ], [ 84.216937712805205, 19.995260388053993 ], [ 84.231113827309315, 19.985552845044698 ], [ 84.239680721479971, 19.991038956060404 ], [ 84.249782175589772, 20.01545111973607 ], [ 84.263033043673289, 20.0133566646542 ], [ 84.267758250274156, 19.998892146268798 ], [ 84.284147409928224, 19.999793838789664 ], [ 84.287351348962858, 20.008058270984648 ], [ 84.299152835041284, 20.016637100557318 ], [ 84.298602705537164, 20.026943361375476 ], [ 84.304681535461725, 20.030097116015362 ], [ 84.305834068950361, 20.035091543592742 ], [ 84.323886179589351, 20.040686851000846 ], [ 84.32139160462927, 20.042029896069643 ], [ 84.325077857070568, 20.05149088803153 ], [ 84.331302669478617, 20.058850361244701 ], [ 84.349140085502285, 20.04555501527998 ], [ 84.362065432920062, 20.041391603695835 ], [ 84.370266116745626, 20.04246283891495 ], [ 84.369696998069998, 20.05637397175574 ], [ 84.380830624012944, 20.06233154523089 ], [ 84.37971544404796, 20.06991129761904 ], [ 84.385558645106087, 20.074719505560186 ], [ 84.403886179608179, 20.070907391589408 ], [ 84.395451392449701, 20.081472713120643 ], [ 84.400897084209291, 20.084695368768028 ], [ 84.399447554530155, 20.089997366218757 ], [ 84.409332142852037, 20.091456708341781 ], [ 84.417775068419118, 20.100803495953677 ], [ 84.416669579141313, 20.115552765277403 ], [ 84.422439782315266, 20.121698950178548 ], [ 84.421892095477887, 20.125064008830968 ], [ 84.417780583902257, 20.125002804389904 ], [ 84.413944796076095, 20.129882335265201 ], [ 84.415563968073371, 20.135269371103032 ], [ 84.411663957180963, 20.135830622933103 ], [ 84.411385908290498, 20.139175078079141 ], [ 84.407295004532301, 20.138978101789835 ], [ 84.404393449651849, 20.143403322561532 ], [ 84.398330624457685, 20.139719512118056 ], [ 84.398052032368881, 20.148919544220007 ], [ 84.39238173082407, 20.155498862775477 ], [ 84.390392415039258, 20.163841938609153 ], [ 84.395025908021296, 20.167411013737095 ], [ 84.396733402317622, 20.165131566865671 ], [ 84.402214031847862, 20.166414118131613 ], [ 84.407245555131311, 20.161547311334274 ], [ 84.414904517498215, 20.167061363652003 ], [ 84.412476945643093, 20.177380645017791 ], [ 84.407497290722887, 20.182497290073403 ], [ 84.409168026468762, 20.189186471688778 ], [ 84.415608998249525, 20.183579374977182 ], [ 84.428477650572574, 20.186116810578696 ], [ 84.433813208725667, 20.1761615694212 ], [ 84.438939347868157, 20.179752335538076 ], [ 84.454753421522668, 20.177606067877409 ], [ 84.465125600178709, 20.180489640094724 ], [ 84.470277238932141, 20.174995391301628 ], [ 84.483133412791574, 20.177489966098729 ], [ 84.487787275556869, 20.181941463181538 ], [ 84.49138617935489, 20.193231339518903 ], [ 84.488863815579023, 20.201648096985906 ], [ 84.494344340248418, 20.202507678719499 ], [ 84.496963119978787, 20.214191849407506 ], [ 84.503404408728045, 20.214138728390552 ], [ 84.513449439191362, 20.206672908362947 ], [ 84.520539554429149, 20.208522680350224 ], [ 84.52311171152077, 20.217907717227991 ], [ 84.5206608108642, 20.227159561744589 ], [ 84.526379398534615, 20.228561200417772 ], [ 84.525870771767245, 20.231833499021132 ], [ 84.519334042406271, 20.243187393657013 ], [ 84.512298451898175, 20.244117298748705 ], [ 84.506107457934988, 20.260835138261129 ], [ 84.510859378580008, 20.264463706715858 ], [ 84.515363773051575, 20.263337947267654 ], [ 84.5180780743284, 20.271824817963456 ], [ 84.522670087847104, 20.272472062192048 ], [ 84.522775068416593, 20.279447430562556 ], [ 84.530830624080849, 20.276924644293043 ], [ 84.536657447229899, 20.279685603311641 ], [ 84.536940912146321, 20.288613011267685 ], [ 84.539738437112263, 20.291379068013967 ], [ 84.550558907680511, 20.295830628529799 ], [ 84.554160159673643, 20.293978138456222 ], [ 84.549117842298443, 20.301520455906967 ], [ 84.552223310750918, 20.310841745526581 ], [ 84.556963979268261, 20.3108479844784 ], [ 84.563608402349274, 20.32250298635746 ], [ 84.576340510275088, 20.325862350238157 ], [ 84.589425459683525, 20.319169382099052 ], [ 84.600467668658411, 20.322412112001366 ], [ 84.607456792934045, 20.316689026269195 ], [ 84.604158532026815, 20.312519262851158 ], [ 84.607281439550988, 20.305237215196396 ], [ 84.604468320010511, 20.302550186821232 ], [ 84.607778258697721, 20.298735549960028 ], [ 84.603880754267266, 20.295550946648454 ], [ 84.605503475891794, 20.28976182952842 ], [ 84.629032188445208, 20.278402719864864 ], [ 84.634101566119952, 20.26955349666196 ], [ 84.649441569646797, 20.269997334032237 ], [ 84.648882924502274, 20.247489694209055 ], [ 84.651094296104333, 20.24603000506692 ], [ 84.648781471176406, 20.237022029409875 ], [ 84.652496748063371, 20.231975642809665 ], [ 84.651816409834538, 20.22702636977062 ], [ 84.656941735102308, 20.221941734710498 ], [ 84.670803497805352, 20.219724937824747 ], [ 84.686689999133904, 20.225840388689669 ], [ 84.693608401794251, 20.232470163431014 ], [ 84.694879018363608, 20.24176676726356 ], [ 84.700310333503836, 20.249556209189205 ], [ 84.707823996474616, 20.252860753803905 ], [ 84.710635854647037, 20.250573733090139 ], [ 84.730270881587415, 20.251119582819381 ], [ 84.734976674765093, 20.244451499928225 ], [ 84.749078237191341, 20.239778648525377 ], [ 84.755259335496561, 20.240065377934918 ], [ 84.755258250539399, 20.24333062282728 ], [ 84.759396705437283, 20.242481014041637 ], [ 84.762464195615451, 20.246036752694977 ], [ 84.765731340409531, 20.243613826605696 ], [ 84.775275367427156, 20.247219389300142 ], [ 84.786692169554911, 20.237497018266065 ], [ 84.782475589786344, 20.232003041111319 ], [ 84.787656253698827, 20.222724882803213 ], [ 84.797023115706736, 20.221947159324522 ], [ 84.8014989022641, 20.224938434677796 ], [ 84.806124678121321, 20.221647138006677 ], [ 84.82333442215527, 20.22305962739912 ], [ 84.824479713360333, 20.217502986720678 ], [ 84.831617299513283, 20.215713435936312 ], [ 84.831391605280558, 20.207491593275392 ], [ 84.839439022916537, 20.203044164437429 ], [ 84.849513349985074, 20.202476673815802 ], [ 84.846706275763069, 20.198834366326629 ], [ 84.850493710885857, 20.191424970352209 ], [ 84.860288090014038, 20.192299521535965 ], [ 84.853806427591095, 20.18167914712809 ], [ 84.850761180312873, 20.18169922124105 ], [ 84.851468645042075, 20.173891604229166 ], [ 84.84786567245628, 20.174078778567861 ], [ 84.843342018010773, 20.165277238112573 ], [ 84.837504886862959, 20.163341745420183 ], [ 84.833699005545469, 20.157495391264913 ], [ 84.821538631970284, 20.152959800257449 ], [ 84.820121532035287, 20.129982912401758 ], [ 84.828421227718763, 20.115162763046705 ], [ 84.829959313619298, 20.104763457017352 ], [ 84.833930668032295, 20.10417046683612 ], [ 84.839719586605781, 20.109163788740151 ], [ 84.850825741589716, 20.100517851713608 ], [ 84.845084096738731, 20.093670250229945 ], [ 84.849441192930101, 20.089182402784491 ], [ 84.84693956544325, 20.085554744072812 ], [ 84.848845490220739, 20.08307264767717 ], [ 84.864949818667299, 20.083700355101495 ], [ 84.868873701862483, 20.078943144433257 ], [ 84.869141171353434, 20.071393502858449 ], [ 84.876369903599411, 20.064724937374894 ], [ 84.879996206005188, 20.066402997342212 ], [ 84.886391605294534, 20.062780492477057 ], [ 84.893980038443814, 20.053529190375929 ], [ 84.892780494270937, 20.051545684037126 ], [ 84.901370446215054, 20.051930612067359 ], [ 84.905002716840528, 20.055280492862771 ], [ 84.912341583563958, 20.04800157602476 ], [ 84.906481666348583, 20.040890573044472 ], [ 84.906669383175853, 20.031386178534387 ], [ 84.899409726138188, 20.028796660079831 ], [ 84.899736874622903, 20.024972875337273 ], [ 84.888600806484234, 20.016662328731027 ], [ 84.892775068898672, 20.010029841977794 ], [ 84.889705407421062, 20.007504071437182 ], [ 84.891130646123045, 20.002664661926513 ], [ 84.895555679846424, 19.998736251266081 ], [ 84.901380620840428, 19.98222438179948 ], [ 84.894013133613768, 19.968599448984282 ], [ 84.898308381042995, 19.964731176821974 ], [ 84.908330624823435, 19.963035755111832 ], [ 84.944441735921814, 19.976113825805289 ], [ 84.965831710981973, 19.976408686660822 ], [ 84.96632433118593, 19.971774090825598 ], [ 84.973352868490096, 19.967775067892163 ], [ 84.974444990709813, 19.962487524251085 ], [ 84.986124135255508, 19.963326554346775 ], [ 84.996393775427748, 19.950377334913139 ], [ 84.996662330422794, 19.943825686030856 ], [ 84.991836484000999, 19.948173830781066 ], [ 84.977502920739767, 19.940275033730536 ], [ 84.981941735711231, 19.931732043911907 ], [ 84.973052846792555, 19.926113826082151 ], [ 84.970551219099676, 19.920555015046389 ], [ 84.985482316910122, 19.906302086015593 ], [ 84.981022681577585, 19.903413088033108 ], [ 84.985055857101344, 19.898945189089073 ], [ 84.992230906505284, 19.898885906886157 ], [ 84.995830624755897, 19.892791885829176 ], [ 84.990354278638222, 19.888199872042225 ], [ 84.994722225850069, 19.882352704291122 ], [ 84.998865563857223, 19.88499294945105 ], [ 84.999656689938504, 19.87883569967714 ], [ 84.974708415870168, 19.85426137162969 ], [ 84.962654203495703, 19.847095489235599 ], [ 84.954079295636944, 19.834342299187878 ], [ 84.962814247131803, 19.830633187499785 ], [ 84.968368538823199, 19.814794517814928 ], [ 84.989563034226336, 19.794649149240918 ], [ 85.01002522776821, 19.799037957326675 ], [ 85.018264997554994, 19.805371922790773 ], [ 85.026697603337809, 19.805232849448309 ], [ 85.06299563609943, 19.782320053630407 ], [ 85.078330624779028, 19.779719511445389 ], [ 85.092205407786125, 19.763342829970465 ], [ 85.101107859673633, 19.759197322243764 ], [ 85.096391605480335, 19.754736059444632 ], [ 85.093336050314889, 19.74419650805406 ], [ 85.095314674119749, 19.738060983170229 ], [ 85.06972493941845, 19.731866321396303 ], [ 85.065766605575561, 19.716520998545594 ], [ 85.057790802943543, 19.709379613548972 ], [ 85.065227868529192, 19.698177085463751 ], [ 85.05734429700469, 19.696322973311354 ], [ 85.054463979416042, 19.688336590957626 ], [ 85.040651588391881, 19.689973689182079 ], [ 85.038372399666699, 19.684005807306118 ], [ 85.040013024402043, 19.669496258669451 ], [ 85.035541453690186, 19.660557185474755 ], [ 85.039426544756935, 19.659342721011491 ], [ 85.038384878396087, 19.65371283859756 ], [ 85.043900828697915, 19.650848797626754 ], [ 85.043658858139125, 19.64725152158584 ], [ 85.03722493921957, 19.641407879789519 ], [ 85.039472117635341, 19.637526857695079 ], [ 85.021512590397705, 19.623405763459584 ], [ 85.023191193590861, 19.613651531860835 ], [ 85.013891606005288, 19.608364531215468 ], [ 85.021647139363949, 19.598058269893258 ], [ 85.02694173596187, 19.600148385566946 ], [ 85.02941569392037, 19.595438912704047 ], [ 85.027224396501751, 19.590259062095608 ], [ 85.031669383280203, 19.588613825866549 ], [ 85.032973636862607, 19.581437990724019 ], [ 85.039139001244578, 19.576785212899313 ], [ 85.036438263242701, 19.569452042080894 ], [ 85.044119469911394, 19.568907879445671 ], [ 85.052614479177592, 19.562563207240302 ], [ 85.040138893144174, 19.553738608842949 ], [ 85.025231123397418, 19.554090984768365 ], [ 85.021930342431318, 19.546383465412276 ], [ 85.034173723258206, 19.537508953534797 ], [ 85.034708662893649, 19.525575631155853 ], [ 85.044437937778142, 19.523783910089886 ], [ 85.042399635255038, 19.51546441144076 ], [ 85.046124678224302, 19.510536839685457 ], [ 85.045243059808371, 19.505816516649812 ], [ 85.049625112167178, 19.50117052106685 ], [ 85.049696726988088, 19.493607857665268 ], [ 85.054716258227089, 19.490713977966543 ], [ 85.052902564814232, 19.478067222230592 ], [ 85.055928280656275, 19.478503420099624 ], [ 85.059976674856088, 19.47278510382694 ], [ 85.07247504718859, 19.472253962251628 ], [ 85.076727976912807, 19.463624133582456 ], [ 85.081925460138791, 19.460558270453348 ], [ 85.10021050756734, 19.459011775096776 ], [ 85.103600807489414, 19.448048504153228 ], [ 85.119596358199587, 19.445260418222173 ], [ 85.133208554379507, 19.449037545215155 ], [ 85.142992725562976, 19.442626110662545 ], [ 85.104652499751182, 19.410526275499024 ], [ 85.107116989998687, 19.411930088549646 ], [ 85.095458903916466, 19.397420868140106 ], [ 85.092872567964108, 19.385282520649486 ], [ 85.082824463526947, 19.374845517221317 ], [ 84.973999017480594, 19.308040608339031 ], [ 84.961012615294365, 19.31984189134565 ], [ 84.949366246784507, 19.324518769753137 ], [ 84.943116537668175, 19.332767259397443 ], [ 84.940645819514515, 19.348564079534565 ], [ 84.934475014611792, 19.354450872414954 ], [ 84.93598199200224, 19.361663956072949 ], [ 84.926251631657848, 19.361653105074147 ], [ 84.926663957974625, 19.358363174797095 ], [ 84.921278215868995, 19.356233725838187 ], [ 84.920032013580538, 19.361085071305823 ], [ 84.911555451144778, 19.364199220420335 ], [ 84.906662330406903, 19.370008682277049 ], [ 84.902854279042501, 19.369159615639269 ], [ 84.902963328562421, 19.380814346410663 ], [ 84.908618710321662, 19.384168295954868 ], [ 84.906132273833322, 19.385272354451779 ], [ 84.898582360657329, 19.379510093005784 ], [ 84.880972226215206, 19.382760960948133 ], [ 84.873425025466332, 19.394223634769858 ], [ 84.875789391945716, 19.395665149402653 ], [ 84.87058539890397, 19.408052844831001 ], [ 84.862141931200867, 19.406840279562445 ], [ 84.855633684544102, 19.395877823125161 ], [ 84.847780494342999, 19.395042319424981 ], [ 84.848591583592608, 19.391469185945422 ], [ 84.839685333745805, 19.387629125006235 ], [ 84.840275069069037, 19.385329320561183 ], [ 84.820277781537698, 19.38667209409159 ], [ 84.808634986293029, 19.383652888054421 ], [ 84.803049048923384, 19.377213001071695 ], [ 84.791092126334647, 19.377774524379269 ], [ 84.783098962056343, 19.38944064841094 ], [ 84.773058271861345, 19.387600370851878 ], [ 84.773947486482626, 19.381687827616609 ], [ 84.759474287525762, 19.37389160342201 ], [ 84.740556644381542, 19.385836590588053 ], [ 84.724194339568399, 19.381404081877537 ], [ 84.718018666946008, 19.371070423073494 ], [ 84.71864746477209, 19.36060492828771 ], [ 84.704868167683912, 19.353253582596349 ], [ 84.700453562812257, 19.357209745661677 ], [ 84.695313588976774, 19.355032011320532 ], [ 84.684682078578732, 19.331239151172994 ], [ 84.674994578203396, 19.326116538529924 ], [ 84.662162004422925, 19.303369685050992 ], [ 84.652639056790917, 19.304977808245308 ], [ 84.650257165171851, 19.309781903335679 ], [ 84.643634986753938, 19.310912003144228 ], [ 84.640557186506712, 19.322239042980598 ], [ 84.604637590489531, 19.332080079990753 ], [ 84.594722225782533, 19.329027780133423 ] ] ] ] } },
{ "type": "Feature", "properties": { "BASIN_NAME": "Subarnarekha", "AREA": 3107.8763070939999, "OBJECTID": 13 }, "geometry": { "type": "MultiPolygon", "coordinates": [ [ [ [ 87.249870197289269, 21.555780402588919 ], [ 87.232460054660137, 21.611789774397419 ], [ 87.218506024342219, 21.639677144269889 ], [ 87.189300504232222, 21.670404551006552 ], [ 87.170265330678475, 21.706725985081082 ], [ 87.151519849090235, 21.721786457905985 ], [ 87.13757170067565, 21.726571926605239 ], [ 87.152638194462597, 21.73591328221568 ], [ 87.15822030749176, 21.782636325733709 ], [ 87.168514598638623, 21.799563913775341 ], [ 87.166847216598654, 21.814207904761002 ], [ 87.158437796136198, 21.833962797422767 ], [ 87.157640351818813, 21.855240088121842 ], [ 87.138767886803052, 21.879513427504065 ], [ 87.136329679505749, 21.900968420708047 ], [ 87.140960400525415, 21.911256709136179 ], [ 87.135575780498314, 21.923392207309558 ], [ 87.14241022995202, 21.923921664983876 ], [ 87.165588487005479, 21.937790012178223 ], [ 87.162879674958262, 21.943847724024682 ], [ 87.163009416886496, 21.952487849260834 ], [ 87.166450557921067, 21.957334642531094 ], [ 87.16406279032509, 21.966867472870121 ], [ 87.170280472411591, 21.971395513455775 ], [ 87.172126497783538, 21.978599619921464 ], [ 87.179748461784186, 21.969131453434215 ], [ 87.198585353450355, 21.958738321477881 ], [ 87.212906165310358, 21.963201506018105 ], [ 87.226455638271261, 21.955963100420284 ], [ 87.234519864166316, 21.957048428302688 ], [ 87.240707219265516, 21.942669062227456 ], [ 87.251609734423255, 21.935400150943597 ], [ 87.247589238665341, 21.924938099710552 ], [ 87.252044723109435, 21.916362697299334 ], [ 87.238601921552799, 21.907245489733775 ], [ 87.236801291336135, 21.900867398477533 ], [ 87.254211703956258, 21.877191557717072 ], [ 87.250983895584383, 21.85363009778257 ], [ 87.261672982286811, 21.848377266458105 ], [ 87.26077296844197, 21.843574393064284 ], [ 87.26771548963977, 21.838171004607297 ], [ 87.267379610503227, 21.82961666266009 ], [ 87.273193062846545, 21.826578100724252 ], [ 87.271202374099246, 21.822713702993251 ], [ 87.266365011689786, 21.822637520544433 ], [ 87.266174602141064, 21.818361182709143 ], [ 87.277511543121975, 21.816146857244469 ], [ 87.276122846148198, 21.809919399683565 ], [ 87.278968612793477, 21.804403270779034 ], [ 87.28606420876757, 21.802040169723703 ], [ 87.290862851463388, 21.80481711804546 ], [ 87.292739579513679, 21.810707241568569 ], [ 87.299308922584459, 21.810745113528863 ], [ 87.298110670816627, 21.804328991225063 ], [ 87.300659139347545, 21.80050081525081 ], [ 87.311805984533649, 21.798212145855057 ], [ 87.31266778379765, 21.793222418920656 ], [ 87.323623514748732, 21.797012455203177 ], [ 87.321594295264589, 21.790109505573163 ], [ 87.338066143093755, 21.792772413768279 ], [ 87.340469082580498, 21.784067207215219 ], [ 87.348907592795939, 21.792171333911625 ], [ 87.357162411174059, 21.791759488969454 ], [ 87.36103081304131, 21.782041463657126 ], [ 87.373634226608885, 21.778364242845011 ], [ 87.374984933135295, 21.772474402840121 ], [ 87.371719557526689, 21.764482428499779 ], [ 87.37611385889609, 21.764482481100561 ], [ 87.376075545302996, 21.772024051542903 ], [ 87.387702906181147, 21.775814025238436 ], [ 87.395622117317529, 21.775400269235838 ], [ 87.396110690337736, 21.771686448723351 ], [ 87.393295583219157, 21.770673673275688 ], [ 87.397575490290066, 21.770034653592948 ], [ 87.39768201788516, 21.766021662368043 ], [ 87.403465049786618, 21.766507981972325 ], [ 87.406654238487164, 21.770561148556915 ], [ 87.446762266773121, 21.768459185018479 ], [ 87.447921579465259, 21.742908427746979 ], [ 87.456893965776615, 21.73788077159498 ], [ 87.447738601130027, 21.737918769636455 ], [ 87.447433760783156, 21.733190660120666 ], [ 87.471939199021335, 21.731765839824575 ], [ 87.466117906787119, 21.724149642232703 ], [ 87.476173348968487, 21.713004933854084 ], [ 87.473098956623147, 21.704376315407625 ], [ 87.476135037019958, 21.696872830568473 ], [ 87.471977075527207, 21.688241863640439 ], [ 87.473739839832561, 21.6828021283293 ], [ 87.469306717733957, 21.677736351817906 ], [ 87.469955714158488, 21.663793528055113 ], [ 87.464752267172329, 21.662059726832798 ], [ 87.463409203980206, 21.654325445727682 ], [ 87.464637850701948, 21.650321997539141 ], [ 87.475463679054414, 21.651622855942357 ], [ 87.474639877906199, 21.64689632161631 ], [ 87.4793241774846, 21.646295595473443 ], [ 87.477974067489001, 21.643218935759059 ], [ 87.483040157456301, 21.632301448327603 ], [ 87.488265855162126, 21.630949075886178 ], [ 87.486480631248739, 21.609861314620058 ], [ 87.446197592064053, 21.59554289472462 ], [ 87.416549846685328, 21.55974574899162 ], [ 87.415107773988595, 21.549909653811799 ], [ 87.402084385311682, 21.548969207636546 ], [ 87.397674478939365, 21.554683618181034 ], [ 87.380462676988415, 21.558298067308389 ], [ 87.365715086610592, 21.553815975190069 ], [ 87.311294661373125, 21.556150503469283 ], [ 87.248485868315527, 21.551302857188912 ], [ 87.249870197289269, 21.555780402588919 ] ] ], [ [ [ 86.805603622316184, 22.116555101267807 ], [ 86.794619989399692, 22.133741356338366 ], [ 86.783672551608305, 22.137283212369557 ], [ 86.770221598935194, 22.135007241113666 ], [ 86.757055120404175, 22.12705512004586 ], [ 86.729756462353436, 22.117360195343348 ], [ 86.713920506937939, 22.134386042830311 ], [ 86.703147724701424, 22.136671089542752 ], [ 86.685049119669685, 22.149321542634713 ], [ 86.657505045395325, 22.156274322332617 ], [ 86.650077789097239, 22.1690749573517 ], [ 86.644925633832884, 22.172524468632357 ], [ 86.640095108116682, 22.171273858280749 ], [ 86.638342280154561, 22.176675469608913 ], [ 86.624213760460535, 22.185037082564584 ], [ 86.619216303591983, 22.18246261967397 ], [ 86.608293045128477, 22.188375502160941 ], [ 86.596088658735269, 22.18947779708283 ], [ 86.594769689008672, 22.196234083703928 ], [ 86.579402867719566, 22.200135756067198 ], [ 86.58076771553857, 22.211465000045077 ], [ 86.575275873904474, 22.215065565637524 ], [ 86.56917530831204, 22.214941053918778 ], [ 86.548756912315952, 22.224391127160931 ], [ 86.542493586306819, 22.223322808476055 ], [ 86.540008946821175, 22.229175469608855 ], [ 86.522475987836771, 22.240043084354991 ], [ 86.518782241905797, 22.257295383345845 ], [ 86.512508946821171, 22.263342136275586 ], [ 86.506904800499569, 22.265160678756047 ], [ 86.496920059288641, 22.260854139856285 ], [ 86.488101598188337, 22.277822625370536 ], [ 86.476718643272918, 22.280276035201346 ], [ 86.474201960330262, 22.291526340377089 ], [ 86.467780248090648, 22.299398654830227 ], [ 86.445232640668848, 22.303061883183037 ], [ 86.434641922081596, 22.298076633345904 ], [ 86.421592300499597, 22.315857801965617 ], [ 86.410538335503574, 22.317199896756645 ], [ 86.408730659987597, 22.321258258255455 ], [ 86.429183748905288, 22.316589364641704 ], [ 86.432220317435608, 22.306839056850642 ], [ 86.441230622782442, 22.302755343223353 ], [ 86.446929946152125, 22.311591968582945 ], [ 86.4461365829481, 22.327066410509008 ], [ 86.464256531454708, 22.325263894149991 ], [ 86.464966086572971, 22.32922169824727 ], [ 86.470710906736826, 22.329588033220425 ], [ 86.476570417241234, 22.336212191022689 ], [ 86.486107006414187, 22.337593209860721 ], [ 86.490219023708093, 22.346822793761124 ], [ 86.499557637973538, 22.346058018025719 ], [ 86.509666190300905, 22.3334255964119 ], [ 86.510803283402566, 22.326019171615073 ], [ 86.528938146334283, 22.32234014174518 ], [ 86.530074938348562, 22.315038597787034 ], [ 86.526168742099188, 22.312469352271794 ], [ 86.535797190913556, 22.29946896191294 ], [ 86.543609377219639, 22.307075566049861 ], [ 86.557068038153659, 22.297511939107377 ], [ 86.572448522207878, 22.300596150520171 ], [ 86.574279976529553, 22.296302714315949 ], [ 86.580245776578252, 22.294468057587597 ], [ 86.57933812951984, 22.300909039003102 ], [ 86.58553315803772, 22.300575264091371 ], [ 86.597908039791946, 22.278234500832284 ], [ 86.612754984339929, 22.282989422911008 ], [ 86.628585746557036, 22.272661223007351 ], [ 86.628395144368056, 22.268915092377146 ], [ 86.634552064523376, 22.272651691138588 ], [ 86.63937376979321, 22.271570078857593 ], [ 86.642341718888687, 22.264804864677746 ], [ 86.646713481109344, 22.267910012900067 ], [ 86.646476740859654, 22.263725200316774 ], [ 86.65175650667949, 22.263286655879067 ], [ 86.655647018573319, 22.254157969267947 ], [ 86.656875414384658, 22.25015647691966 ], [ 86.652290262185801, 22.243131509481877 ], [ 86.657600333124222, 22.235073069423656 ], [ 86.672286968095634, 22.241809928789952 ], [ 86.675125022882781, 22.231573190891226 ], [ 86.681556600246211, 22.224111421742176 ], [ 86.690429748570708, 22.220953107419387 ], [ 86.710434119256902, 22.222272775115368 ], [ 86.725792036406048, 22.218776621821085 ], [ 86.721588262588284, 22.201629508200714 ], [ 86.722915738865765, 22.190401176833987 ], [ 86.718025340962257, 22.181747424470675 ], [ 86.721450825945041, 22.172220294707383 ], [ 86.722236931211995, 22.146484473500728 ], [ 86.769943539882945, 22.149061325827127 ], [ 86.788802938493532, 22.153143056975384 ], [ 86.790618799246246, 22.157445904452132 ], [ 86.79573813385565, 22.15689851830048 ], [ 86.805221348473182, 22.146945952644774 ], [ 86.805893231096334, 22.135513157106708 ], [ 86.801986450988778, 22.130493266163654 ], [ 86.814033772112651, 22.125894475683086 ], [ 86.808921617289784, 22.119567969311525 ], [ 86.812294920745288, 22.117364209165533 ], [ 86.805603622316184, 22.116555101267807 ] ] ], [ [ [ 86.354667447535306, 22.357818611689364 ], [ 86.351539829891976, 22.354711407324668 ], [ 86.353530776899149, 22.342786878813577 ], [ 86.347778285896609, 22.334089207492699 ], [ 86.336662452477384, 22.340818329633709 ], [ 86.332298038137552, 22.347269161439804 ], [ 86.322280957573625, 22.333408262936477 ], [ 86.325927566806754, 22.3244420294224 ], [ 86.325706329370703, 22.305174674723443 ], [ 86.332145481940046, 22.305494289273817 ], [ 86.3390581586509, 22.2975692113551 ], [ 86.343078525130466, 22.302333752224598 ], [ 86.36614233951515, 22.297950795883565 ], [ 86.377388025639704, 22.292205673632868 ], [ 86.38045333376364, 22.284487860869657 ], [ 86.387474219170102, 22.280048419246281 ], [ 86.386993148020451, 22.271213634781816 ], [ 86.395355022810094, 22.262300403337555 ], [ 86.384742439902922, 22.255685679317594 ], [ 86.378707741506076, 22.247720807669918 ], [ 86.379012861664123, 22.234100292859768 ], [ 86.383216939416073, 22.228874160024617 ], [ 86.399294608827304, 22.226743618214901 ], [ 86.409816243875326, 22.217597310203299 ], [ 86.411392385089982, 22.210800291012909 ], [ 86.424232257886686, 22.200296454889877 ], [ 86.418891608186712, 22.189773549006794 ], [ 86.424179088710602, 22.181503288354698 ], [ 86.409996274274434, 22.166763204068143 ], [ 86.396659913524459, 22.143228652703051 ], [ 86.396278607523485, 22.135434966210205 ], [ 86.387039368729432, 22.13535115752968 ], [ 86.351623725878639, 22.113378625509945 ], [ 86.349212775990154, 22.105449587725996 ], [ 86.364488701857482, 22.081887967067875 ], [ 86.35964187461353, 22.0740089993167 ], [ 86.353584095025781, 22.071148031825079 ], [ 86.3517086556582, 22.061103740440988 ], [ 86.343375407469068, 22.05933791405285 ], [ 86.331558492938612, 22.066316720418648 ], [ 86.323364003050301, 22.065500319696266 ], [ 86.317413156870018, 22.060512462921128 ], [ 86.314796576133844, 22.050035465051174 ], [ 86.30620461744752, 22.050197617373019 ], [ 86.298980827990903, 22.04282758139594 ], [ 86.296556039701159, 22.030470597139185 ], [ 86.299767030341783, 22.024815843125332 ], [ 86.300071573086583, 22.012758308015233 ], [ 86.304824831911787, 22.007288002059425 ], [ 86.30268124003689, 22.00126081398518 ], [ 86.295022119470929, 21.997016235989165 ], [ 86.299499665918987, 21.975248261917127 ], [ 86.287264544973837, 21.963125139524593 ], [ 86.282493494527202, 21.963027754837785 ], [ 86.278310551662997, 21.974750438147446 ], [ 86.270827913094053, 21.976939158595936 ], [ 86.266394319185608, 21.985838627002625 ], [ 86.244007166349704, 21.982316762942368 ], [ 86.239972878397964, 21.984437802274375 ], [ 86.227030170034567, 21.977023929666238 ], [ 86.224686962216339, 21.981105825342507 ], [ 86.219564892044261, 21.980904409175537 ], [ 86.216180560322144, 21.986551246615388 ], [ 86.207367626619614, 21.987032203254639 ], [ 86.20324327737697, 21.996245799539707 ], [ 86.191916780254374, 22.001959910631999 ], [ 86.174365239214509, 21.997671716303451 ], [ 86.163483620527799, 22.004809845656013 ], [ 86.146356884452146, 22.005851105465524 ], [ 86.141859813894797, 22.011332605012171 ], [ 86.141819666276589, 22.021168623760939 ], [ 86.147472335809553, 22.033338220268003 ], [ 86.153902457421395, 22.037577993466037 ], [ 86.151952044686041, 22.046447079830262 ], [ 86.157198355842397, 22.059630673498571 ], [ 86.151083989382514, 22.061681454582473 ], [ 86.152494579547209, 22.068916155430166 ], [ 86.141925460865863, 22.07287557393196 ], [ 86.130656472034104, 22.065757789595011 ], [ 86.121725265237984, 22.069161380993979 ], [ 86.122470165611034, 22.063830706037439 ], [ 86.108128802741717, 22.05216973586294 ], [ 86.088374028347374, 22.04715413824092 ], [ 86.09388346842573, 22.043555233905035 ], [ 86.093881298318905, 22.039664039303979 ], [ 86.085838221022073, 22.032150476048322 ], [ 86.078023551019299, 22.030537113610961 ], [ 86.076661246100812, 22.026328535914555 ], [ 86.067953021385435, 22.032307268623583 ], [ 86.062185334573613, 22.029173588219603 ], [ 86.061863611828272, 22.035793054021813 ], [ 86.058683273213845, 22.037033559932226 ], [ 86.056939024166354, 22.028020023489862 ], [ 86.052503259892674, 22.02609633100381 ], [ 86.044459640461625, 22.027173262470349 ], [ 86.043604605549348, 22.029749488449678 ], [ 86.026224505465208, 22.026157773135917 ], [ 86.023111441601415, 22.028926463405302 ], [ 86.017877608786819, 22.027172991158814 ], [ 86.014622400489898, 22.020049239217862 ], [ 86.007748485668543, 22.018095300045736 ], [ 86.003916563038501, 22.010826691376874 ], [ 85.994983728549812, 22.008331438674201 ], [ 85.994172096570139, 22.004994714502647 ], [ 85.988769535836667, 22.011159264981757 ], [ 85.983607860772963, 22.011058082384928 ], [ 85.977740889979245, 22.008048642450383 ], [ 85.976583121098059, 22.001750492331592 ], [ 85.970261506552234, 21.997783071558732 ], [ 85.970819232052733, 22.000499407048995 ], [ 85.962792430922207, 22.003306346147589 ], [ 85.955517582919285, 22.010571292932454 ], [ 85.954992409222442, 22.016715905914378 ], [ 85.946526618708475, 22.022045802175061 ], [ 85.970871138089251, 22.060691889534933 ], [ 85.982185436991301, 22.074888320150077 ], [ 85.991271755078472, 22.075534857637535 ], [ 85.996010026199372, 22.07276527401568 ], [ 86.013267351247663, 22.092140207918565 ], [ 86.012115611708666, 22.096586274902531 ], [ 86.007545597475271, 22.094179192202098 ], [ 86.007469164775415, 22.09825896262695 ], [ 86.014122123602405, 22.110427984677042 ], [ 86.000587757709596, 22.126827149895249 ], [ 86.000045846953796, 22.131822723292363 ], [ 86.005638165446854, 22.138563105232315 ], [ 86.007041693111987, 22.148473734683773 ], [ 86.017608697173571, 22.162145574293827 ], [ 86.019439404572566, 22.170989975196512 ], [ 86.033683652963887, 22.190055896801596 ], [ 86.021560664039242, 22.203872647633798 ], [ 86.004928521725731, 22.213548603064822 ], [ 85.988258318057092, 22.23618711994003 ], [ 85.976501496767014, 22.246616289060782 ], [ 85.991744779091718, 22.253948216885309 ], [ 85.990501666299295, 22.26635943816261 ], [ 86.008422905342087, 22.281637180906127 ], [ 86.008613627831124, 22.28754222976827 ], [ 86.017120359790695, 22.297239314949405 ], [ 86.02703876972906, 22.301864654844536 ], [ 86.031127758575423, 22.300514154937115 ], [ 86.036689576219061, 22.305828196908191 ], [ 86.046173193466174, 22.306751287082349 ], [ 86.049164117177355, 22.310543013249433 ], [ 86.035278590621701, 22.310777567439207 ], [ 86.031394792027058, 22.307218444391435 ], [ 86.025123732750458, 22.308198818451235 ], [ 86.018837060715427, 22.313926629350153 ], [ 86.015762045595096, 22.312354991425501 ], [ 86.014373545211754, 22.321741108846524 ], [ 86.029052910724971, 22.334287573535384 ], [ 86.012100433562708, 22.340583906945156 ], [ 86.00555416276633, 22.334857905887894 ], [ 86.000412062783127, 22.341035916219905 ], [ 86.000213436733034, 22.34435647207064 ], [ 86.006584204405186, 22.346389675647305 ], [ 86.017143427866074, 22.359010593875858 ], [ 86.021614011911538, 22.360401027045494 ], [ 86.0244828937047, 22.366086960909435 ], [ 86.023666540891057, 22.375690320790085 ], [ 86.026924154725464, 22.374097946076397 ], [ 86.029960918432323, 22.379802765549844 ], [ 86.025421448978733, 22.38983548349254 ], [ 86.027061287071092, 22.395084455242763 ], [ 86.021072614041046, 22.401956506751059 ], [ 86.018096808559037, 22.425708707071223 ], [ 86.013725272831792, 22.429388090326825 ], [ 86.002617080251355, 22.426237002492901 ], [ 85.986465297510776, 22.435079469275749 ], [ 85.967567714627819, 22.451255789184362 ], [ 85.969825603435936, 22.460683725295322 ], [ 85.964462450251119, 22.460128682201777 ], [ 85.959235897796802, 22.464172512001351 ], [ 85.964157091461985, 22.470182422287859 ], [ 85.96527097842629, 22.484559934798217 ], [ 85.972427446609004, 22.486354737354766 ], [ 85.974601804359054, 22.490465231247267 ], [ 85.975006127180208, 22.504812156812307 ], [ 85.984741435764676, 22.5133913821623 ], [ 86.004142603163928, 22.513822551516821 ], [ 86.023078803276022, 22.527502129120155 ], [ 86.028533860081353, 22.524025012614747 ], [ 86.034232866391463, 22.534713883530767 ], [ 86.0274656116557, 22.546680416865843 ], [ 86.046897860190981, 22.567306484717975 ], [ 86.051231437314684, 22.562534369252823 ], [ 86.069107176075363, 22.555894716795105 ], [ 86.069976813774389, 22.550340564112183 ], [ 86.091041864800346, 22.526096277622244 ], [ 86.104026963217805, 22.500842977975278 ], [ 86.118484598341482, 22.486663802209922 ], [ 86.147911241396386, 22.483648227312592 ], [ 86.153007779844813, 22.482397008326195 ], [ 86.151649178393384, 22.479242291989092 ], [ 86.17439281134078, 22.480188434546264 ], [ 86.202545028402696, 22.471023466429337 ], [ 86.209907528776114, 22.472538093772734 ], [ 86.226379501311385, 22.452236115914864 ], [ 86.241767628104597, 22.450874369300092 ], [ 86.271117887551313, 22.441467298428382 ], [ 86.283210690359098, 22.447933205173161 ], [ 86.295127729623303, 22.426074938350798 ], [ 86.305229188134732, 22.421060574785106 ], [ 86.309631476563581, 22.414649893353431 ], [ 86.308280763870371, 22.409393438359604 ], [ 86.323150726543162, 22.396427141165226 ], [ 86.323295684149727, 22.384376661109368 ], [ 86.332634114787112, 22.375400413314669 ], [ 86.3459701399929, 22.369196076287079 ], [ 86.354667447535306, 22.357818611689364 ] ] ] ] } },
{ "type": "Feature", "properties": { "BASIN_NAME": "Vansadhara", "AREA": 8789.99522024, "OBJECTID": 14 }, "geometry": { "type": "Polygon", "coordinates": [ [ [ 84.014027839174588, 19.84930558847044 ], [ 84.0197195130404, 19.843085939545571 ], [ 84.012507870378911, 19.836317276152347 ], [ 84.017539608433111, 19.830969511768405 ], [ 84.025145945192776, 19.832715388819825 ], [ 84.035954322224299, 19.830280492816936 ], [ 84.047021216469517, 19.833187936328102 ], [ 84.056938480035896, 19.840212133766904 ], [ 84.074953345097498, 19.840414498634988 ], [ 84.073336049654046, 19.834425458235952 ], [ 84.07861947388399, 19.82917495260055 ], [ 84.075004615066248, 19.825244414203901 ], [ 84.074980472305327, 19.819457739000946 ], [ 84.086962351527148, 19.80963216387762 ], [ 84.089430884202855, 19.801674264323374 ], [ 84.09362250742619, 19.798605687993192 ], [ 84.088682729247878, 19.792403973557715 ], [ 84.090613338946753, 19.788398710945422 ], [ 84.083336049277335, 19.783032499975658 ], [ 84.091669384517701, 19.776669375784525 ], [ 84.094178063296951, 19.769302844962944 ], [ 84.08111382723844, 19.759125978787242 ], [ 84.094072811357108, 19.755499405725004 ], [ 84.092121856760457, 19.741853300877207 ], [ 84.095430776130542, 19.73875271506731 ], [ 84.085496151003227, 19.733877769325311 ], [ 84.082913956962273, 19.721819664010944 ], [ 84.084730092475382, 19.716423342039974 ], [ 84.103088653308234, 19.715368112077865 ], [ 84.10579942802967, 19.706316733883153 ], [ 84.11360853748802, 19.702764445383977 ], [ 84.109391279554742, 19.698378908257993 ], [ 84.116108527900977, 19.694719194330752 ], [ 84.116711700125606, 19.68698730664352 ], [ 84.129788143446419, 19.686392960111075 ], [ 84.138069122310796, 19.699736058849513 ], [ 84.14796604064162, 19.700113663132342 ], [ 84.162703725587562, 19.707009007999773 ], [ 84.177346737548461, 19.7032771830599 ], [ 84.182507909405402, 19.706397143674685 ], [ 84.188069393604536, 19.70416965288149 ], [ 84.194447160290395, 19.706669381477798 ], [ 84.214186471165675, 19.690827834367628 ], [ 84.204724938662466, 19.674458281600575 ], [ 84.211812920843826, 19.655622427121763 ], [ 84.201391605322371, 19.640585396855084 ], [ 84.201963707527653, 19.630862632523147 ], [ 84.18499701965635, 19.593613826045722 ], [ 84.185199927507924, 19.588878854303946 ], [ 84.193579376175322, 19.588028702316127 ], [ 84.195276889628687, 19.583153633374721 ], [ 84.187577856821008, 19.582348634791664 ], [ 84.188069555919469, 19.577234363732501 ], [ 84.177042646779597, 19.562263999273281 ], [ 84.182942714244632, 19.561351999490924 ], [ 84.184020185276339, 19.558336048227297 ], [ 84.188610842903699, 19.561673721717714 ], [ 84.192257490720991, 19.559093697878925 ], [ 84.192502716430155, 19.545275066946168 ], [ 84.18757026166432, 19.539203561056205 ], [ 84.187083392561917, 19.527638843435668 ], [ 84.183632273393243, 19.522836102510453 ], [ 84.185541995838278, 19.513057999086882 ], [ 84.201921390334576, 19.511074763646484 ], [ 84.212146813444505, 19.515840388620148 ], [ 84.213822703232012, 19.506120878436931 ], [ 84.223818634320622, 19.507002497492174 ], [ 84.230107968060736, 19.500863174573507 ], [ 84.242970923642304, 19.49548204385626 ], [ 84.266941735320373, 19.508891603591785 ], [ 84.286462134619299, 19.513061525010645 ], [ 84.287225024571285, 19.519163920043809 ], [ 84.292025014189335, 19.523185223217979 ], [ 84.29611371997899, 19.543608160885547 ], [ 84.315652943672973, 19.547238500337972 ], [ 84.318878855493125, 19.541747234962255 ], [ 84.335226816002503, 19.547498106780765 ], [ 84.344442006147986, 19.535585125619765 ], [ 84.345030927939618, 19.529337296005959 ], [ 84.340836049038444, 19.521974286083832 ], [ 84.344029408733519, 19.514819066762811 ], [ 84.359725209692556, 19.498613825679801 ], [ 84.354440650232974, 19.491945802728555 ], [ 84.354793568809953, 19.48627631500079 ], [ 84.349131134239855, 19.482710505428198 ], [ 84.350841746143089, 19.476671009157343 ], [ 84.347485897369197, 19.466948515321182 ], [ 84.36033483822068, 19.455675026121796 ], [ 84.366087288625522, 19.445827562989084 ], [ 84.359447160736323, 19.442998591801711 ], [ 84.353421752834748, 19.425863767377702 ], [ 84.348285864608727, 19.423439672390575 ], [ 84.35094265770654, 19.419622940159659 ], [ 84.357165883907172, 19.419666439806441 ], [ 84.357766388188097, 19.415413956101816 ], [ 84.366949059606, 19.408056099920802 ], [ 84.361480704435394, 19.396297390532002 ], [ 84.354366442234138, 19.39396380212257 ], [ 84.3407815248259, 19.401386178318287 ], [ 84.323355309490907, 19.39215495001449 ], [ 84.325567766136245, 19.386757272044637 ], [ 84.311655005493549, 19.388336590279309 ], [ 84.305927737865588, 19.385347766796233 ], [ 84.317219512988174, 19.373608036414307 ], [ 84.314447160760338, 19.370247940157821 ], [ 84.317805179464514, 19.356525066869782 ], [ 84.322702919013565, 19.352439038161727 ], [ 84.314158260464808, 19.334721138961182 ], [ 84.317079539041416, 19.332198895286233 ], [ 84.305561797927894, 19.321227215457011 ], [ 84.307505157844517, 19.31722059625168 ], [ 84.302550730517567, 19.312259116663384 ], [ 84.308058126442205, 19.301385622627805 ], [ 84.302042375229789, 19.302219511198629 ], [ 84.295604929282831, 19.297634550512388 ], [ 84.287780493617092, 19.283713109309062 ], [ 84.292126739428468, 19.272106121591552 ], [ 84.295564241660003, 19.27390028136908 ], [ 84.293617896114085, 19.261195205642238 ], [ 84.299137078315624, 19.260024790638649 ], [ 84.305797258465915, 19.253064780639448 ], [ 84.317990804828639, 19.252657310019785 ], [ 84.313362362739952, 19.241489802251966 ], [ 84.306641984628214, 19.235790474729338 ], [ 84.306657989594086, 19.230546876749536 ], [ 84.309611493473881, 19.229072891538628 ], [ 84.306847063289993, 19.225677627711338 ], [ 84.309719382786497, 19.222780434150703 ], [ 84.302486440352922, 19.217469077198714 ], [ 84.304451229834569, 19.210368382781738 ], [ 84.289088545142747, 19.205680883008345 ], [ 84.283560930382322, 19.198678387148348 ], [ 84.288326826274357, 19.193439672060713 ], [ 84.294998383263561, 19.193064228307275 ], [ 84.297502987566745, 19.186654732894869 ], [ 84.303681372323496, 19.185551217365994 ], [ 84.306386180025953, 19.175814346410274 ], [ 84.301379397914971, 19.160284832642336 ], [ 84.303052846614804, 19.157675783210344 ], [ 84.2902604197767, 19.152662219398515 ], [ 84.302219512938962, 19.129252389017466 ], [ 84.296391604696467, 19.124441733637742 ], [ 84.290002716283624, 19.125078126713724 ], [ 84.302252065039752, 19.114169380999527 ], [ 84.306904571534503, 19.113643122395604 ], [ 84.314213870839353, 19.118943686523576 ], [ 84.341511545989476, 19.124335347960763 ], [ 84.340647790117387, 19.115759007994516 ], [ 84.345582414501038, 19.107483183109732 ], [ 84.33914551128403, 19.101087783798999 ], [ 84.328766538177206, 19.103041535294132 ], [ 84.320976837155996, 19.092435982410539 ], [ 84.323346086565422, 19.083955622532926 ], [ 84.318076178531243, 19.078633362958758 ], [ 84.322017961357204, 19.072785917456873 ], [ 84.296740725895589, 19.058216689831099 ], [ 84.29139675907571, 19.047492406151978 ], [ 84.27998589760027, 19.04056369539525 ], [ 84.281612644533098, 19.032541491885908 ], [ 84.289889326348799, 19.027214628358003 ], [ 84.286960660384906, 19.024754187410988 ], [ 84.288472152528158, 19.01986136632825 ], [ 84.299298777311222, 19.018448894844024 ], [ 84.308938190474635, 19.009952331760136 ], [ 84.321480309447011, 19.019563261164379 ], [ 84.334992136714803, 19.018243816718865 ], [ 84.331685987590916, 19.007705858161156 ], [ 84.343433705490185, 18.999535591692588 ], [ 84.34172390741125, 18.990968968573394 ], [ 84.347871368735454, 18.973653430809307 ], [ 84.365282392934461, 18.967222223478402 ], [ 84.365853139495272, 18.951952584136329 ], [ 84.360996097185108, 18.942967666064206 ], [ 84.354415693875765, 18.942380101612208 ], [ 84.352641334133693, 18.932623699378905 ], [ 84.347236060597638, 18.925566950384805 ], [ 84.338405764912238, 18.922667644722498 ], [ 84.332500003272401, 18.925291884920206 ], [ 84.328414987925171, 18.917872723176291 ], [ 84.330045304960137, 18.912750652290995 ], [ 84.326804745570143, 18.902796225351747 ], [ 84.337149254518707, 18.891202258244579 ], [ 84.330597605269858, 18.884417861720248 ], [ 84.331124949631004, 18.878075088600433 ], [ 84.324790314217935, 18.877132705218227 ], [ 84.316947431755537, 18.870847440640361 ], [ 84.320339630042525, 18.863441299088521 ], [ 84.315798885763087, 18.850825739743911 ], [ 84.306941734830971, 18.848613824817225 ], [ 84.303105200635784, 18.843623048393912 ], [ 84.298439673813959, 18.84567654242575 ], [ 84.290396867783329, 18.843310005534509 ], [ 84.282263186608006, 18.854372831015539 ], [ 84.277807078157664, 18.854463434364153 ], [ 84.267782663565157, 18.850374893002272 ], [ 84.268023007319215, 18.841519640848656 ], [ 84.261661244283985, 18.839724393861712 ], [ 84.267497290555582, 18.828918730184267 ], [ 84.26389160470643, 18.823630101071199 ], [ 84.263880753813922, 18.806958552178571 ], [ 84.27495768564502, 18.805868599153371 ], [ 84.274117842163363, 18.80088975824934 ], [ 84.285203648310869, 18.789733995397683 ], [ 84.261108419883669, 18.782112119720775 ], [ 84.256828366208893, 18.786840432188473 ], [ 84.250419703751149, 18.785123822426467 ], [ 84.245269845008764, 18.787780766591837 ], [ 84.241813543963659, 18.796716687160117 ], [ 84.235763593331114, 18.79405976007401 ], [ 84.228508064867569, 18.797927853326023 ], [ 84.215850921510508, 18.79454993801652 ], [ 84.220649647848006, 18.790546416346281 ], [ 84.219200161119218, 18.788982394240751 ], [ 84.197547881108903, 18.790594106247539 ], [ 84.196502754391659, 18.782110209797594 ], [ 84.191497659845609, 18.776887888586163 ], [ 84.184623706928406, 18.780529029772399 ], [ 84.17765811770272, 18.779376983227209 ], [ 84.171440230887328, 18.787311544365778 ], [ 84.165542747695881, 18.788219443663284 ], [ 84.147789127509085, 18.776283256467334 ], [ 84.142448442082355, 18.776090625734831 ], [ 84.140739309059626, 18.766685496288392 ], [ 84.143676879499182, 18.763351442533377 ], [ 84.134811292479228, 18.759567264763014 ], [ 84.123237741798064, 18.76677702959136 ], [ 84.091194066055678, 18.755893715513743 ], [ 84.091171145492993, 18.762691507173958 ], [ 84.077895998451368, 18.763708119536236 ], [ 84.075431794111395, 18.774778366141209 ], [ 84.070068453870192, 18.780750265854461 ], [ 84.061775060317316, 18.781160350434831 ], [ 84.059242356023745, 18.787691117413598 ], [ 84.063590983893036, 18.789960860997862 ], [ 84.059379459537965, 18.791896825683537 ], [ 84.061866672329245, 18.79808807591807 ], [ 84.05097950682061, 18.798637391345238 ], [ 84.046226589130342, 18.805246353295157 ], [ 84.04758439460322, 18.811573031235181 ], [ 84.040550362400907, 18.815517418223234 ], [ 84.034835693997906, 18.810363772858608 ], [ 84.026901387670236, 18.815973277406819 ], [ 84.017066958491128, 18.816087718764457 ], [ 84.017509447333694, 18.808084496731414 ], [ 84.011901987780419, 18.810588834317095 ], [ 84.007110685698422, 18.807664865484806 ], [ 83.995224085350543, 18.812740321845524 ], [ 83.98899830050064, 18.810163496461076 ], [ 83.978584161741736, 18.814090733214709 ], [ 83.96782688387681, 18.814008716152554 ], [ 83.961158632924025, 18.81258965200853 ], [ 83.956146311012887, 18.803329464655896 ], [ 83.943878306365221, 18.806419369225623 ], [ 83.943496792594019, 18.814949031992548 ], [ 83.937561004546424, 18.817962650754978 ], [ 83.932647782286622, 18.815078735343992 ], [ 83.928459172663509, 18.82189750322371 ], [ 83.920669678543533, 18.822788233214968 ], [ 83.918357759679154, 18.826671604572809 ], [ 83.914642425602381, 18.824851989375425 ], [ 83.906356738446505, 18.827529910006067 ], [ 83.894927890468111, 18.813213350659865 ], [ 83.893234222092389, 18.825027463732827 ], [ 83.885185148274658, 18.835550311686873 ], [ 83.869460936885034, 18.850736620890491 ], [ 83.852485726808851, 18.859062194537699 ], [ 83.845252980003707, 18.874229430550169 ], [ 83.852149961738021, 18.897533418197298 ], [ 83.84792317586691, 18.913860322999497 ], [ 83.841270556536131, 18.917499538678136 ], [ 83.830459664166696, 18.913095475038418 ], [ 83.825843807333158, 18.91689872755482 ], [ 83.831596304919657, 18.928009034637959 ], [ 83.822143660309436, 18.938732144852601 ], [ 83.824020377044249, 18.959447861001717 ], [ 83.810737713815428, 18.991159436221416 ], [ 83.795745962647132, 19.004966731929564 ], [ 83.79656228131833, 19.01695632598037 ], [ 83.779861353258795, 19.016874313809584 ], [ 83.783027711717381, 19.007791520067297 ], [ 83.768035930025647, 19.005537034197104 ], [ 83.765716653061659, 18.999561307701963 ], [ 83.76084134593323, 19.002000809582974 ], [ 83.749824509289581, 18.9961090091983 ], [ 83.747024585335225, 18.987945555653273 ], [ 83.750328159153455, 18.973459241595283 ], [ 83.757415789483588, 18.969350814441096 ], [ 83.761482193068886, 18.949516297286468 ], [ 83.772178520231932, 18.952981951479863 ], [ 83.77514652950623, 18.942607877662677 ], [ 83.779197617184707, 18.943546296398818 ], [ 83.780837929534115, 18.935995104222155 ], [ 83.786971908012333, 18.932483676155996 ], [ 83.790252643516936, 18.914608003306661 ], [ 83.779449493661858, 18.910001753246771 ], [ 83.771278257842937, 18.913179398754263 ], [ 83.765075750793983, 18.92566299300174 ], [ 83.755455098202148, 18.924922942720389 ], [ 83.748787069946587, 18.943475719661421 ], [ 83.742454657600263, 18.949275967940114 ], [ 83.735748335613877, 18.970773695845732 ], [ 83.734642064638066, 18.986892699891182 ], [ 83.716217071971343, 18.992664335885564 ], [ 83.711273119812759, 19.001743316344736 ], [ 83.713508465558405, 19.006874085181391 ], [ 83.725708034309193, 19.00892829858623 ], [ 83.731719958259688, 19.020408631713135 ], [ 83.701950194956623, 19.024272914240836 ], [ 83.686943001965318, 19.057563786553757 ], [ 83.678283616004492, 19.064256669253137 ], [ 83.675422624808846, 19.072061542023594 ], [ 83.665817365333652, 19.075273514144154 ], [ 83.662353586830619, 19.082197187255016 ], [ 83.665733301958824, 19.091140749084136 ], [ 83.664642474368506, 19.097291944801356 ], [ 83.659858581363963, 19.100639348359977 ], [ 83.657440229241118, 19.107635494368431 ], [ 83.65293886345458, 19.108205793778364 ], [ 83.652435213131454, 19.115900049189907 ], [ 83.649001960789946, 19.117273339511893 ], [ 83.651519888378928, 19.122070307216728 ], [ 83.656227239109171, 19.121326443212457 ], [ 83.656928942229285, 19.128299714800814 ], [ 83.638931245056042, 19.130474082554493 ], [ 83.633697596456415, 19.139717105729133 ], [ 83.639106735524479, 19.152311333489056 ], [ 83.635231055976888, 19.158908848752876 ], [ 83.628089827630959, 19.161806102753989 ], [ 83.629409783784141, 19.149312981758928 ], [ 83.618019140482687, 19.136075971947744 ], [ 83.61009965996864, 19.138732916805136 ], [ 83.602836668934629, 19.133132925972756 ], [ 83.599616868657137, 19.118215567021323 ], [ 83.612365822364595, 19.09519958440071 ], [ 83.59484868281244, 19.091777804822602 ], [ 83.587615988992624, 19.086030958485672 ], [ 83.58855426727466, 19.067682268570167 ], [ 83.584613169883468, 19.057764080331591 ], [ 83.586611602152971, 19.087291126107509 ], [ 83.579346791233391, 19.093045248833885 ], [ 83.579214412738196, 19.099458552245597 ], [ 83.574169382255718, 19.106391602879238 ], [ 83.569391550269913, 19.106392687970349 ], [ 83.56608941254845, 19.111136069592252 ], [ 83.559762101497725, 19.11306912061309 ], [ 83.559725209109061, 19.123613825472372 ], [ 83.55071235118524, 19.120979277204682 ], [ 83.545247127081396, 19.12419488057035 ], [ 83.545916343768752, 19.13142198515337 ], [ 83.536604006866938, 19.128058270161809 ], [ 83.534774308385693, 19.129962566987615 ], [ 83.539997290478922, 19.140863174083616 ], [ 83.533336048805864, 19.161696507569335 ], [ 83.54703640677856, 19.172885201222478 ], [ 83.545270456668405, 19.17973253180466 ], [ 83.548330623668832, 19.184196507696349 ], [ 83.537711591167636, 19.205091147299708 ], [ 83.528936363179866, 19.211999784947519 ], [ 83.522856719239698, 19.211217991902785 ], [ 83.519719512302117, 19.215552844586217 ], [ 83.518613826447762, 19.226620553005468 ], [ 83.528347170489113, 19.231131186847183 ], [ 83.526225317401483, 19.238040366497543 ], [ 83.529718698490882, 19.243363717160708 ], [ 83.525261233302217, 19.248332792589686 ], [ 83.536282825964676, 19.255472006733047 ], [ 83.539441734442406, 19.267780492236746 ], [ 83.544091528455212, 19.271928712532951 ], [ 83.543568796402255, 19.283047419050206 ], [ 83.549931100823869, 19.287962784260259 ], [ 83.549056534908843, 19.296544598448538 ], [ 83.557502715222554, 19.306108400360529 ], [ 83.551427954532613, 19.316759984297526 ], [ 83.559305558320119, 19.321561959052794 ], [ 83.564131676296384, 19.319278973222719 ], [ 83.57605604652791, 19.323766820401769 ], [ 83.581925729670402, 19.331727432341665 ], [ 83.578559573322977, 19.33772515419227 ], [ 83.582845326000552, 19.346512046137079 ], [ 83.590167645844048, 19.353489043016278 ], [ 83.601691897116325, 19.358063695425894 ], [ 83.595346682573691, 19.370234376876581 ], [ 83.596137155505502, 19.379475370967608 ], [ 83.600275068323469, 19.382802736595753 ], [ 83.58505724028106, 19.405206707718328 ], [ 83.560320369727322, 19.414023982287798 ], [ 83.557667103492165, 19.41979655168705 ], [ 83.551947160167202, 19.42222493700574 ], [ 83.537367895612462, 19.423886178469246 ], [ 83.518272029393131, 19.412854819720057 ], [ 83.508988175870357, 19.412712675433131 ], [ 83.504999731240005, 19.408606772398326 ], [ 83.497986113963137, 19.413323569554354 ], [ 83.491075035450777, 19.420876195726105 ], [ 83.490569935187963, 19.42695909516166 ], [ 83.485506187473277, 19.42828179444194 ], [ 83.487525502018755, 19.435830080143372 ], [ 83.485270185343623, 19.442823352514111 ], [ 83.479784345018388, 19.446120336401524 ], [ 83.47521240498682, 19.4556985157238 ], [ 83.467208932953682, 19.4578219959261 ], [ 83.466075849188002, 19.463386232219062 ], [ 83.461654733376136, 19.461669381146471 ], [ 83.459137372435009, 19.476192221895268 ], [ 83.453029787863628, 19.483352595158252 ], [ 83.443992244211898, 19.487166071517336 ], [ 83.435116647623559, 19.482870824563925 ], [ 83.434713544301701, 19.477213815046387 ], [ 83.422470705914776, 19.481963706470946 ], [ 83.410836048906773, 19.481140952469502 ], [ 83.4162006318209, 19.49491536658028 ], [ 83.41540826036946, 19.506252714415481 ], [ 83.418330623227874, 19.512370607226263 ], [ 83.413668351317128, 19.522117244140446 ], [ 83.40486545411099, 19.526224774290188 ], [ 83.398793676783896, 19.524177248117589 ], [ 83.398891604443605, 19.533212350450619 ], [ 83.401388891459646, 19.547786189220414 ], [ 83.406762969361708, 19.55086263199647 ], [ 83.413069393008982, 19.549453127374072 ], [ 83.41648926038259, 19.558797744732001 ], [ 83.415266929812447, 19.567334528902006 ], [ 83.407664390742269, 19.567782934069889 ], [ 83.39523546280509, 19.578068849698319 ], [ 83.385836048999863, 19.581124947479619 ], [ 83.389005265086695, 19.590272354700978 ], [ 83.395847170680767, 19.595020075533686 ], [ 83.402775068069928, 19.629736058745678 ], [ 83.397664661976691, 19.640211590625537 ], [ 83.392291397790686, 19.639610461816083 ], [ 83.388898657309738, 19.645832792598497 ], [ 83.372740888051126, 19.655852324274342 ], [ 83.356030004888467, 19.661701933709391 ], [ 83.352484269264167, 19.660280492365761 ], [ 83.347747940826082, 19.665830622770496 ], [ 83.340317656776705, 19.666957738680654 ], [ 83.340534399385689, 19.673947213784448 ], [ 83.333935820806246, 19.676358780146074 ], [ 83.331947159454273, 19.68114095301479 ], [ 83.333349340971097, 19.686124947705444 ], [ 83.336975371716449, 19.686396486815564 ], [ 83.335828995706905, 19.693685169634705 ], [ 83.328039557132186, 19.701015266246436 ], [ 83.330138349120034, 19.712313912785415 ], [ 83.33418077551363, 19.712786460268486 ], [ 83.34309543468548, 19.723189563717305 ], [ 83.342289499213436, 19.728456219679053 ], [ 83.337727053000805, 19.731157228517773 ], [ 83.335434572948174, 19.746116538626108 ], [ 83.3508360488362, 19.749997289452658 ], [ 83.35416938223824, 19.754441734035826 ], [ 83.35263861978288, 19.763691137273181 ], [ 83.348041723484457, 19.763903268425491 ], [ 83.344244523000228, 19.771490887479505 ], [ 83.353047962744384, 19.77750868253209 ], [ 83.358347713414588, 19.774980470822115 ], [ 83.369361981793816, 19.776956924797062 ], [ 83.375536840953615, 19.781788196512402 ], [ 83.373892146200703, 19.788630644450368 ], [ 83.381505264820674, 19.792714303388973 ], [ 83.382405330446844, 19.800196128710176 ], [ 83.397235245404318, 19.795005969869809 ], [ 83.400376521548907, 19.80018365006654 ], [ 83.400702856436723, 19.80937717254189 ], [ 83.395541451896648, 19.813897029115861 ], [ 83.38398003768657, 19.811288522325317 ], [ 83.376667483507902, 19.819452855728041 ], [ 83.371154516831652, 19.819200034662028 ], [ 83.370843372933294, 19.828691679980736 ], [ 83.375552845548455, 19.830307619587515 ], [ 83.374447159981017, 19.837046443131179 ], [ 83.377497289499715, 19.839458281395402 ], [ 83.374603138683113, 19.844890952703253 ], [ 83.385306534419357, 19.846799318612678 ], [ 83.395144316443989, 19.843710397300221 ], [ 83.400307619452761, 19.849719511899835 ], [ 83.409240725426514, 19.850342341678346 ], [ 83.41850043684525, 19.846233997560716 ], [ 83.429467776004174, 19.851673993338004 ], [ 83.438213435767793, 19.857244468555521 ], [ 83.438342830752191, 19.860609268870686 ], [ 83.449616972908672, 19.863941245630624 ], [ 83.450836590985219, 19.871136612623292 ], [ 83.45360460335904, 19.871080188772552 ], [ 83.463578290557336, 19.887300891844522 ], [ 83.478146432930657, 19.892010635826313 ], [ 83.479331599475671, 19.898052845184182 ], [ 83.495258520049887, 19.894967179111145 ], [ 83.499010148492488, 19.887915041377298 ], [ 83.505620391425708, 19.88472493703928 ], [ 83.514327802262073, 19.887071670876125 ], [ 83.526407880085586, 19.884724936960691 ], [ 83.53807888695097, 19.89726020212321 ], [ 83.541920847199336, 19.908239205859523 ], [ 83.547252064470285, 19.907780492968261 ], [ 83.552498646577675, 19.911682131377518 ], [ 83.561301000754881, 19.906023222886041 ], [ 83.56319715943637, 19.900533042637058 ], [ 83.571545684026859, 19.898891604024595 ], [ 83.575580514866203, 19.904713272755561 ], [ 83.584870607841651, 19.895280492577431 ], [ 83.594389922327807, 19.896457521628708 ], [ 83.593965931570494, 19.899381241497512 ], [ 83.605070260866938, 19.904358455090787 ], [ 83.609122994935134, 19.901631675309012 ], [ 83.61108073192247, 19.879201391351934 ], [ 83.616735571752216, 19.869021269662177 ], [ 83.621777617357225, 19.866267905915855 ], [ 83.623060712275716, 19.856825088995233 ], [ 83.628666452679823, 19.855040692150251 ], [ 83.635276967174363, 19.860839845995923 ], [ 83.639126792846824, 19.859419761331495 ], [ 83.645689021456008, 19.864333769690013 ], [ 83.649185658071673, 19.863330623009926 ], [ 83.65529188666838, 19.852502714736229 ], [ 83.65166938179658, 19.842907174325877 ], [ 83.654474829247178, 19.840244142949352 ], [ 83.653330352005042, 19.834719783066177 ], [ 83.657832305025664, 19.825873482936231 ], [ 83.661607533392882, 19.824377172580391 ], [ 83.686344132891108, 19.853127443756495 ], [ 83.686947159761672, 19.88030327936448 ], [ 83.69220350786162, 19.88092583758965 ], [ 83.693036027218824, 19.896375598876432 ], [ 83.705002987204253, 19.90610840056458 ], [ 83.702245282912614, 19.923762480417984 ], [ 83.711973201830631, 19.927779407523822 ], [ 83.718817277490146, 19.935947539251238 ], [ 83.722782120692074, 19.932489694096677 ], [ 83.726623537571257, 19.937113988761226 ], [ 83.730146487281644, 19.936113826257941 ], [ 83.733052031801762, 19.942230633945407 ], [ 83.737252064823934, 19.937780492629646 ], [ 83.742091745920789, 19.938605145458343 ], [ 83.74236111414092, 19.933194446834388 ], [ 83.747903377494822, 19.933308650507968 ], [ 83.750877823590059, 19.929399687799684 ], [ 83.74957384196145, 19.922960614251938 ], [ 83.757180178995938, 19.920333118717597 ], [ 83.768286949344983, 19.909905058684071 ], [ 83.771299915649777, 19.901022408964142 ], [ 83.776907284121108, 19.897880048012851 ], [ 83.781551923640521, 19.882777779920524 ], [ 83.780563968022946, 19.874562176839341 ], [ 83.787852108305472, 19.870608997406936 ], [ 83.79983018963172, 19.873881024261578 ], [ 83.806263294978436, 19.873493925860483 ], [ 83.809004451255561, 19.867240128061532 ], [ 83.81884874447104, 19.86946750427887 ], [ 83.817742245103219, 19.876154244887577 ], [ 83.824919165262386, 19.883325468928419 ], [ 83.853273386560573, 19.880298938928096 ], [ 83.855225697805992, 19.873431534389429 ], [ 83.863619794381421, 19.869174264296127 ], [ 83.864722496665706, 19.862187773690216 ], [ 83.868603247068421, 19.860165204291299 ], [ 83.864117841573588, 19.855304364020668 ], [ 83.847610680358173, 19.848618708858936 ], [ 83.852492136482937, 19.846440160772104 ], [ 83.8502750682743, 19.840275067537647 ], [ 83.854405054383506, 19.839419838630921 ], [ 83.860803496589384, 19.843886178569051 ], [ 83.862219512391377, 19.838052844900258 ], [ 83.866174069495656, 19.83591056995898 ], [ 83.870861819132131, 19.838036568894868 ], [ 83.88394802800498, 19.821865778893411 ], [ 83.892801380759664, 19.822738988875017 ], [ 83.892213815647423, 19.812230362178973 ], [ 83.898780656428144, 19.809297962416942 ], [ 83.898329267624746, 19.799164769794803 ], [ 83.901021324985521, 19.795039335935364 ], [ 83.916467287641098, 19.785247126876687 ], [ 83.919447208643348, 19.780280541546688 ], [ 83.93144314532141, 19.775935874687868 ], [ 83.936671552402146, 19.777220868249852 ], [ 83.935819773090884, 19.781916777576459 ], [ 83.941676977352614, 19.787230634060595 ], [ 83.953758955299563, 19.787484811142686 ], [ 83.963897572010879, 19.784168839067604 ], [ 83.96418303250239, 19.780035515182504 ], [ 83.971947158884092, 19.785830626268893 ], [ 83.973324927152774, 19.790279136165793 ], [ 83.984186201151232, 19.798077259094264 ], [ 83.987691246781495, 19.815163305372728 ], [ 84.001386103496714, 19.824724929681196 ], [ 83.996947160052684, 19.8375027147653 ], [ 83.990383032613082, 19.841881784128983 ], [ 84.014027839174588, 19.84930558847044 ] ] ] } }
]
}
