{
"type": "FeatureCollection",
"name": "odisha_rivers",
"crs": { "type": "name", "properties": { "name": "urn:ogc:def:crs:OGC:1.3:CRS84" } },
"features": [
{ "type": "Feature", "properties": { "River_Name": "Chunapatra Nala", "Basin": "Bahuda" }, "geometry": { "type": "MultiLineString", "coordinates": [ [ [ 84.347449743862185, 19.133766425452336 ], [ 84.348854207696064, 19.137911734784268 ] ], [ [ 84.34657508124873, 19.13383742014873 ], [ 84.348061726221545, 19.137550140625933 ] ], [ [ 84.343569459474949, 19.135514196286856 ], [ 84.348061726221545, 19.137550140625933 ] ], [ [ 84.348061726221545, 19.137550140625933 ], [ 84.348854207696064, 19.137911734784268 ] ], [ [ 84.348854207696064, 19.137911734784268 ], [ 84.352111613455747, 19.140227138445965 ] ], [ [ 84.352111613455747, 19.140227138445965 ], [ 84.358949842912239, 19.141095414271579 ], [ 84.369799845761989, 19.138553656900154 ], [ 84.378687961341456, 19.139884831568878 ], [ 84.381138922919234, 19.138808399896526 ] ], [ [ 84.346431363086921, 19.141058384863495 ], [ 84.342195701947375, 19.136533616756793 ] ], [ [ 84.346431363086921, 19.141058384863495 ], [ 84.352111613455747, 19.140227138445965 ] ], [ [ 84.34241295056303, 19.141804850854008 ], [ 84.346431363086921, 19.141058384863495 ] ] ] } },
{ "type": "Feature", "properties": { "River_Name": "NA", "Basin": "Bahuda" }, "geometry": { "type": "LineString", "coordinates": [ [ 84.350805100978022, 19.150463040482979 ], [ 84.372004121729162, 19.154064715719496 ], [ 84.385870365318354, 19.161021748076728 ], [ 84.386599156810291, 19.158810150442712 ], [ 84.391608907357949, 19.157068926624099 ] ] } },
{ "type": "Feature", "properties": { "River_Name": "NA", "Basin": "Bahuda" }, "geometry": { "type": "MultiLineString", "coordinates": [ [ [ 84.470432505002464, 19.118070288373911 ], [ 84.467724106550335, 19.118475048387523 ], [ 84.465968551645858, 19.120837036328258 ] ], [ [ 84.465968551645858, 19.120837036328258 ], [ 84.471033800687579, 19.119027130615212 ] ], [ [ 84.465968551645858, 19.120837036328258 ], [ 84.466203608871638, 19.122601414959881 ] ], [ [ 84.466203608871638, 19.122601414959881 ], [ 84.470503915895847, 19.12446696921155 ] ], [ [ 84.458492671982341, 19.129125553146856 ], [ 84.461117249148671, 19.128753094234096 ], [ 84.466203608871638, 19.122601414959881 ] ] ] } },
{ "type": "Feature", "properties": { "River_Name": "River / Nala", "Basin": "Bahuda" }, "geometry": { "type": "LineString", "coordinates": [ [ 84.648395747499677, 19.288822664604751 ], [ 84.642056634271029, 19.294786479400326 ], [ 84.636248394320575, 19.296174948145978 ], [ 84.62847179416211, 19.293982137955918 ] ] } },
{ "type": "Feature", "properties": { "River_Name": "River / Nala", "Basin": "Bahuda" }, "geometry": { "type": "LineString", "coordinates": [ [ 84.650817683966906, 19.30690702587372 ], [ 84.64577141862307, 19.305587452878669 ], [ 84.642528203530546, 19.301393719530502 ], [ 84.638803976577975, 19.304422109287504 ], [ 84.633473547951866, 19.303188141140723 ], [ 84.628605134406868, 19.304827472770793 ], [ 84.626071103363714, 19.310380046693339 ], [ 84.622757176047472, 19.309639684733217 ] ] } },
{ "type": "Feature", "properties": { "River_Name": "River / Nala", "Basin": "Bahuda" }, "geometry": { "type": "LineString", "coordinates": [ [ 84.642503688383783, 19.312905079276746 ], [ 84.629860220287384, 19.317568062078738 ], [ 84.620557368555922, 19.318617763809449 ], [ 84.619042855730299, 19.320652979030164 ], [ 84.612345917333712, 19.322500896811302 ], [ 84.605639262053259, 19.321552710314478 ], [ 84.60331692256058, 19.317876653797157 ] ] } },
{ "type": "Feature", "properties": { "River_Name": "River / Nala", "Basin": "Bahuda" }, "geometry": { "type": "LineString", "coordinates": [ [ 84.517315634388751, 19.355096033767438 ], [ 84.527284202882413, 19.352615347591041 ], [ 84.529946370973875, 19.346343499993836 ], [ 84.531966025844525, 19.345574972681103 ] ] } },
{ "type": "Feature", "properties": { "River_Name": "River / Nala", "Basin": "Bahuda" }, "geometry": { "type": "LineString", "coordinates": [ [ 84.500325311932414, 19.284985667592746 ], [ 84.504402616421856, 19.27745520124563 ], [ 84.50850034163642, 19.278944770489687 ], [ 84.51290271811277, 19.272762518439674 ], [ 84.515629245773027, 19.265418390248279 ] ] } },
{ "type": "Feature", "properties": { "River_Name": "River / Nala", "Basin": "Bahuda" }, "geometry": { "type": "LineString", "coordinates": [ [ 84.404660555458477, 19.073446856544606 ], [ 84.410051629762037, 19.078241516690021 ], [ 84.419683922485589, 19.081004883584384 ], [ 84.433460182558534, 19.096190214778414 ], [ 84.434241944629022, 19.109272402344455 ] ] } },
{ "type": "Feature", "properties": { "River_Name": "River / Nala", "Basin": "Bahuda" }, "geometry": { "type": "LineString", "coordinates": [ [ 84.412319963309173, 19.093982864767124 ], [ 84.407798041904101, 19.093859523085356 ], [ 84.402993541579363, 19.099764960779648 ], [ 84.393244546085185, 19.104405637142747 ], [ 84.391347378836244, 19.109024417397034 ] ] } },
{ "type": "Feature", "properties": { "River_Name": "River / Nala", "Basin": "Bahuda" }, "geometry": { "type": "LineString", "coordinates": [ [ 84.331884388015396, 19.0492152592299 ], [ 84.334086279874015, 19.047226593143446 ], [ 84.334695211762622, 19.037415922279749 ], [ 84.332292433661848, 19.027418396942942 ], [ 84.337457101309482, 19.024912633581248 ], [ 84.337978823908543, 19.015817399179433 ], [ 84.335891009033261, 19.009694912786344 ], [ 84.341454525405993, 19.005761208029561 ] ] } },
{ "type": "Feature", "properties": { "River_Name": "River / Nala", "Basin": "Bahuda" }, "geometry": { "type": "LineString", "coordinates": [ [ 84.630453694732452, 19.228782308632255 ], [ 84.629291683093726, 19.225613051879389 ], [ 84.63109288522368, 19.221048419378178 ], [ 84.626733188744865, 19.219844979795681 ], [ 84.623485518979948, 19.214784809433308 ], [ 84.623214415894921, 19.207397586337756 ], [ 84.617166337439201, 19.19771306718221 ], [ 84.618036417898708, 19.194928609000772 ], [ 84.609972909191939, 19.189017086647969 ], [ 84.606194919082213, 19.189397918971583 ], [ 84.599466024820131, 19.185152180745185 ], [ 84.593991172169822, 19.18457708988916 ] ] } },
{ "type": "Feature", "properties": { "River_Name": "Batarha Nala", "Basin": "Bahuda" }, "geometry": { "type": "LineString", "coordinates": [ [ 84.345770369275215, 19.164148988359425 ], [ 84.349859722811161, 19.169416456685983 ], [ 84.350073023139302, 19.176515348903916 ], [ 84.357073989534229, 19.180558483946111 ], [ 84.363430631863892, 19.176134421803901 ], [ 84.374754801097367, 19.172378544793791 ], [ 84.382237747350445, 19.176188738831971 ], [ 84.39481399939892, 19.17593771105512 ], [ 84.39683447905945, 19.178570656147787 ], [ 84.399589763830818, 19.176242501797581 ], [ 84.405224818189609, 19.176051474049675 ], [ 84.407770841465918, 19.174385851345594 ], [ 84.418621183652633, 19.180477271520409 ], [ 84.419691941105143, 19.182928116356479 ], [ 84.426854118732834, 19.182785348696189 ], [ 84.428710098317254, 19.185545523463013 ], [ 84.43653852502645, 19.187725109744228 ], [ 84.443391372723269, 19.184983970665485 ], [ 84.461794124142358, 19.186497307865249 ], [ 84.464205526811583, 19.183651226270701 ] ] } },
{ "type": "Feature", "properties": { "River_Name": "River / Nala", "Basin": "Bahuda" }, "geometry": { "type": "LineString", "coordinates": [ [ 84.484269028534072, 19.101540064719497 ], [ 84.478700440653313, 19.095929958968014 ], [ 84.47108616543477, 19.091504161497095 ], [ 84.470086791812136, 19.08700698019614 ], [ 84.465474127337046, 19.083265198449126 ], [ 84.462590220597846, 19.077197572884096 ], [ 84.455194855791802, 19.075655682152394 ], [ 84.437306067949962, 19.063834519875396 ] ] } },
{ "type": "Feature", "properties": { "River_Name": "River / Nala", "Basin": "Bahuda" }, "geometry": { "type": "LineString", "coordinates": [ [ 84.365549315955619, 19.049894404598145 ], [ 84.365382753685154, 19.052559400924672 ], [ 84.368975739803915, 19.054486764339508 ], [ 84.372188012161899, 19.06053059529432 ], [ 84.37723246949416, 19.064218759853308 ], [ 84.379611930499976, 19.076163654102523 ], [ 84.378416361393676, 19.084501346877126 ] ] } },
{ "type": "Feature", "properties": { "River_Name": "River / Nala", "Basin": "Bahuda" }, "geometry": { "type": "LineString", "coordinates": [ [ 84.521329660287421, 19.185070736211625 ], [ 84.523441431930138, 19.180222584412309 ], [ 84.527397285852246, 19.179211313484693 ], [ 84.538223833428788, 19.183910748971304 ], [ 84.547444244826536, 19.193220390156522 ], [ 84.551697531374387, 19.192952700793413 ], [ 84.553006234927594, 19.194410120659441 ], [ 84.555484537662508, 19.192743086759222 ] ] } },
{ "type": "Feature", "properties": { "River_Name": "River / Nala", "Basin": "Bahuda" }, "geometry": { "type": "LineString", "coordinates": [ [ 84.601443026265102, 19.250014427188074 ], [ 84.595851292901287, 19.244898586025649 ], [ 84.588944907331893, 19.241632775795065 ], [ 84.580700074946705, 19.231995958721452 ], [ 84.577701954079188, 19.231210736589524 ], [ 84.577773337909605, 19.229211989344687 ], [ 84.573383232353748, 19.224108045487032 ], [ 84.573383232353748, 19.22053885397829 ], [ 84.575881451762299, 19.217329201415023 ] ] } },
{ "type": "Feature", "properties": { "River_Name": "River / Nala", "Basin": "Bahuda" }, "geometry": { "type": "LineString", "coordinates": [ [ 84.588932613450012, 19.26252840919463 ], [ 84.584887529740087, 19.273021832230345 ], [ 84.569432930507176, 19.277335795033895 ], [ 84.569789849658108, 19.280797910797354 ], [ 84.567791102413267, 19.283153577193186 ], [ 84.571146142431488, 19.286794152531986 ], [ 84.575910061128553, 19.288738642534071 ] ] } },
{ "type": "Feature", "properties": { "River_Name": "River / Nala", "Basin": "Bahuda" }, "geometry": { "type": "LineString", "coordinates": [ [ 84.628471794162223, 19.293982137955922 ], [ 84.617364975444985, 19.296101457048774 ] ] } },
{ "type": "Feature", "properties": { "River_Name": "River / Nala", "Basin": "Bahuda" }, "geometry": { "type": "LineString", "coordinates": [ [ 84.622757176047486, 19.309639684733312 ], [ 84.618015377305383, 19.312905683429484 ], [ 84.615902415932183, 19.312448826916334 ] ] } },
{ "type": "Feature", "properties": { "River_Name": "River / Nala", "Basin": "Bahuda" }, "geometry": { "type": "LineString", "coordinates": [ [ 84.593169362744035, 19.329630042370393 ], [ 84.593764227995464, 19.333972558706112 ], [ 84.592336551391853, 19.33730380411416 ], [ 84.589778630810741, 19.338701737455125 ], [ 84.577911069043978, 19.338523277879656 ], [ 84.573241376820135, 19.336560222549807 ], [ 84.573197999000229, 19.33328865545845 ] ] } },
{ "type": "Feature", "properties": { "River_Name": "Haladipani Nala", "Basin": "Baitarani" }, "geometry": { "type": "LineString", "coordinates": [ [ 85.570800608444102, 21.468867875706 ], [ 85.567231013268312, 21.468478846317328 ], [ 85.549156755020192, 21.480554954145397 ], [ 85.54060162152382, 21.482447423220844 ] ] } },
{ "type": "Feature", "properties": { "River_Name": "Ghagara Nala", "Basin": "Baitarani" }, "geometry": { "type": "LineString", "coordinates": [ [ 85.493738214987175, 21.449918538735496 ], [ 85.493399892915519, 21.453490168821116 ], [ 85.4970137275252, 21.466387561092013 ], [ 85.500733232380284, 21.472904338271182 ], [ 85.50424645896382, 21.475416578487838 ], [ 85.504415085574777, 21.479906416080382 ], [ 85.499043145700256, 21.489089874528876 ], [ 85.490937425160496, 21.494194985549161 ], [ 85.491009401455116, 21.497736529477802 ], [ 85.485646208433778, 21.506376499252561 ] ] } },
{ "type": "Feature", "properties": { "River_Name": "Minajhari Nala", "Basin": "Baitarani" }, "geometry": { "type": "LineString", "coordinates": [ [ 85.681985113382268, 21.327874290498297 ], [ 85.679083076830821, 21.328163081752223 ], [ 85.676923815946594, 21.324309953647184 ], [ 85.667594256414318, 21.323578992817474 ], [ 85.66558742791436, 21.319834496246649 ], [ 85.658656704537478, 21.320424683257741 ], [ 85.655203062707429, 21.318077895257684 ], [ 85.650703907819775, 21.320551466520236 ], [ 85.649087492124153, 21.31879371163701 ], [ 85.643775524053382, 21.319491884974944 ], [ 85.640300176024425, 21.317408334534175 ], [ 85.64381301501426, 21.312632595916988 ], [ 85.64551076798864, 21.297205097678955 ] ] } },
{ "type": "Feature", "properties": { "River_Name": "Dhobadhobani Nala", "Basin": "Baitarani" }, "geometry": { "type": "LineString", "coordinates": [ [ 85.672804025735118, 21.266270609324209 ], [ 85.664354145268149, 21.264696352087821 ], [ 85.664797391291827, 21.2636123554101 ], [ 85.661316720220768, 21.265042718514035 ], [ 85.641751362162637, 21.265937793687396 ], [ 85.635844810673888, 21.263571671116818 ] ] } },
{ "type": "Feature", "properties": { "River_Name": "Khandadhua Nadi", "Basin": "Baitarani" }, "geometry": { "type": "LineString", "coordinates": [ [ 85.853556077321713, 21.581983147521299 ], [ 85.860019611668434, 21.579768807682196 ], [ 85.869970031179349, 21.571925123513157 ], [ 85.875365668332194, 21.573073075175678 ], [ 85.877377691688125, 21.570624754303044 ], [ 85.8808444381485, 21.570062483798466 ], [ 85.883782850429967, 21.566747879789286 ], [ 85.882047359633304, 21.564812139307289 ], [ 85.884471638101516, 21.56021531216075 ], [ 85.882613913691657, 21.556560506245841 ] ] } },
{ "type": "Feature", "properties": { "River_Name": "Barai Nadi", "Basin": "Baitarani" }, "geometry": { "type": "LineString", "coordinates": [ [ 85.727011329933447, 21.553850923880251 ], [ 85.736845409631428, 21.552936234659828 ], [ 85.741634544857973, 21.550419823096512 ], [ 85.746885618460695, 21.552997674168289 ], [ 85.752282933161922, 21.552565568245218 ], [ 85.758971428885516, 21.550189527713499 ], [ 85.762908162995075, 21.54389691447976 ], [ 85.770106783098839, 21.544583548626765 ], [ 85.770838578589235, 21.542629039535019 ], [ 85.776369092079037, 21.541163929684654 ], [ 85.779624122737005, 21.544486166500999 ], [ 85.780962804523611, 21.543265039223623 ], [ 85.785728572061828, 21.544662189380961 ], [ 85.790003123495225, 21.543689403673664 ], [ 85.792999408596501, 21.541273172842743 ], [ 85.799895292635583, 21.539948605309814 ], [ 85.799141807936323, 21.536824038370806 ], [ 85.801616768231568, 21.533837382019307 ] ] } },
{ "type": "Feature", "properties": { "River_Name": "Chaturi nadi", "Basin": "Baitarani" }, "geometry": { "type": "LineString", "coordinates": [ [ 85.965831930103846, 21.52760451940134 ], [ 85.960943407977553, 21.518307152517494 ], [ 85.961963579003722, 21.512777676416963 ], [ 85.95855368935942, 21.509529600902237 ], [ 85.960324056215342, 21.504105197431095 ], [ 85.956614427169839, 21.49825265896936 ], [ 85.956079471292568, 21.489061514971183 ] ] } },
{ "type": "Feature", "properties": { "River_Name": "Tenuma River", "Basin": "Baitarani" }, "geometry": { "type": "LineString", "coordinates": [ [ 85.975093287345771, 21.546034046664715 ], [ 85.98008030026476, 21.536556191503088 ], [ 85.989671235440952, 21.532814043308726 ], [ 85.994018803826535, 21.529183210400166 ], [ 85.993865416157163, 21.526973679751869 ], [ 85.997452326437681, 21.526937902754288 ], [ 85.998459405349266, 21.523129080651422 ], [ 86.001661993845943, 21.520846416052784 ], [ 86.006424648418673, 21.521733938957638 ] ] } },
{ "type": "Feature", "properties": { "River_Name": "Suakata Nadi", "Basin": "Baitarani" }, "geometry": { "type": "LineString", "coordinates": [ [ 85.989111911241395, 21.621747465931765 ], [ 85.987538482776287, 21.616431565976903 ], [ 85.981282926530611, 21.611775431014344 ], [ 85.97680264455839, 21.612063442467178 ], [ 85.972551091761716, 21.608193742701534 ], [ 85.968320755467204, 21.607852051667816 ], [ 85.959389272815187, 21.602246319695528 ], [ 85.957614112327633, 21.599582057912549 ], [ 85.95844788108505, 21.596420608447911 ] ] } },
{ "type": "Feature", "properties": { "River_Name": "Dangadar Nadi", "Basin": "Baitarani" }, "geometry": { "type": "LineString", "coordinates": [ [ 85.978640013569176, 21.468051688945305 ], [ 85.969929890958255, 21.460357362990464 ], [ 85.963507725703593, 21.459824363725144 ], [ 85.95996232880502, 21.455041647103432 ], [ 85.95351161001814, 21.454748180246039 ], [ 85.947217935657633, 21.457722506503327 ], [ 85.942209170240446, 21.456152062239482 ], [ 85.93999627150508, 21.45698487359163 ], [ 85.933726391754561, 21.453891574284061 ], [ 85.930323762516295, 21.448859014256698 ], [ 85.925338791709166, 21.449501468728162 ] ] } },
{ "type": "Feature", "properties": { "River_Name": "Bhima Nadi", "Basin": "Baitarani" }, "geometry": { "type": "LineString", "coordinates": [ [ 85.863926840209189, 21.356740177465053 ], [ 85.86219915146458, 21.36003047108159 ], [ 85.855060768447089, 21.360772862915496 ], [ 85.848179367218364, 21.365826838091774 ], [ 85.845352567543472, 21.375449378399487 ] ] } },
{ "type": "Feature", "properties": { "River_Name": "Bhalu Nadi", "Basin": "Baitarani" }, "geometry": { "type": "LineString", "coordinates": [ [ 85.862384749423114, 21.359830596357192 ], [ 85.866018186379023, 21.36203457211376 ], [ 85.866170471883393, 21.372723110952112 ], [ 85.869399995333509, 21.375807487280827 ], [ 85.872909700317024, 21.384171292716303 ], [ 85.874872755646862, 21.386229526486375 ], [ 85.880309824045213, 21.385717942370146 ] ] } },
{ "type": "Feature", "properties": { "River_Name": "Dhodhua Nala", "Basin": "Baitarani" }, "geometry": { "type": "LineString", "coordinates": [ [ 86.039040566057309, 21.371249354530491 ], [ 86.035955658905436, 21.372177893295362 ], [ 86.032829901493599, 21.370180716599965 ], [ 86.027652556030631, 21.372818409246065 ], [ 86.01915002618783, 21.368886358607057 ], [ 86.013156956450629, 21.362985383516079 ], [ 86.005493095025841, 21.366525638020747 ], [ 85.997883763162918, 21.364226525643755 ], [ 85.994371678718281, 21.361414002734911 ], [ 85.992444315303629, 21.362170671334731 ], [ 85.990802487209493, 21.367367414171518 ], [ 85.981208500433965, 21.368609492816372 ], [ 85.974798232484233, 21.367667226258181 ], [ 85.969216016964552, 21.369980062355864 ], [ 85.958294290947805, 21.369423268480482 ], [ 85.948943009194778, 21.375419510215174 ] ] } },
{ "type": "Feature", "properties": { "River_Name": "Nimeigodi Nadi", "Basin": "Baitarani" }, "geometry": { "type": "LineString", "coordinates": [ [ 85.734655061921387, 21.153615731121601 ], [ 85.736990386831394, 21.155856073180018 ], [ 85.740611124123376, 21.154348543557091 ], [ 85.75393559341903, 21.154419138663307 ], [ 85.758040163654002, 21.152694029434077 ], [ 85.763441540137066, 21.153764786886768 ], [ 85.768700148960207, 21.150742871409289 ], [ 85.772519183874479, 21.152099164182648 ], [ 85.775386434386562, 21.151087893255024 ], [ 85.778908036675048, 21.152360904893165 ], [ 85.783357628756022, 21.158178687052509 ], [ 85.786236776573062, 21.159237547200114 ], [ 85.792209223697782, 21.173181188694162 ], [ 85.80418980986218, 21.182437292007002 ], [ 85.808627504637883, 21.182734724632734 ], [ 85.812922431753407, 21.180474236677117 ], [ 85.814826000558156, 21.182960773428174 ], [ 85.819929944415648, 21.183389076409192 ], [ 85.825533575084435, 21.180807361217884 ], [ 85.830286548443453, 21.185507540286078 ] ] } },
{ "type": "Feature", "properties": { "River_Name": "Ambdhara Nadi", "Basin": "Baitarani" }, "geometry": { "type": "LineString", "coordinates": [ [ 85.929931932989618, 21.188245566261052 ], [ 85.925354343739897, 21.192951961646486 ], [ 85.925175884164602, 21.191619463483274 ], [ 85.923581645290753, 21.19194069071904 ], [ 85.922165865992142, 21.194534303215402 ], [ 85.914028109352202, 21.195545574142844 ], [ 85.91365929289644, 21.199733425513227 ], [ 85.91088722082462, 21.201541815877572 ], [ 85.911029988484898, 21.203469179292259 ], [ 85.906454284970707, 21.201472811508427 ], [ 85.906287722700242, 21.204430481538559 ], [ 85.904039132049817, 21.203597670186646 ], [ 85.884218221871237, 21.21051000440859 ], [ 85.873125323378346, 21.209763993811123 ], [ 85.867373571262107, 21.215130074956054 ], [ 85.857579709762007, 21.218444664137337 ], [ 85.853382340547711, 21.224241031147528 ] ] } },
{ "type": "Feature", "properties": { "River_Name": "Khari Nala", "Basin": "Baitarani" }, "geometry": { "type": "LineString", "coordinates": [ [ 85.887044559291354, 21.120999987500394 ], [ 85.883630285451531, 21.120629233437054 ], [ 85.880989083735003, 21.117095733843311 ], [ 85.88226209537315, 21.112229736086416 ], [ 85.876503799739041, 21.104187157886763 ] ] } },
{ "type": "Feature", "properties": { "River_Name": "Bali Nala", "Basin": "Baitarani" }, "geometry": { "type": "LineString", "coordinates": [ [ 85.907422342065288, 21.125403908812316 ], [ 85.901684693693753, 21.128389845507581 ], [ 85.898600912230123, 21.127485650325379 ], [ 85.898305859065474, 21.130464735504674 ], [ 85.895583755674807, 21.130921592017788 ], [ 85.896288076132535, 21.133005999858774 ], [ 85.898210680625283, 21.133424784995828 ], [ 85.894765221088733, 21.136118334854388 ], [ 85.89434643595186, 21.140144382876272 ], [ 85.892071671230241, 21.142001552191303 ], [ 85.888802291808034, 21.150182139129345 ], [ 85.889558960408067, 21.153637116509916 ], [ 85.892828339829947, 21.156535300014859 ], [ 85.91130842373164, 21.164759906981502 ] ] } },
{ "type": "Feature", "properties": { "River_Name": "Kashia Nala", "Basin": "Baitarani" }, "geometry": { "type": "LineString", "coordinates": [ [ 85.966208462018557, 21.119602313587446 ], [ 85.965435137191591, 21.125634247237294 ], [ 85.969040020615552, 21.128787033070051 ], [ 85.971969137113717, 21.127763864837572 ], [ 85.975443150182215, 21.129941071657971 ], [ 85.978191427643964, 21.128656162714801 ], [ 85.979833255737915, 21.1312021859911 ], [ 85.981094370071077, 21.129108260305955 ], [ 85.983687982567332, 21.129869687827743 ], [ 85.992023651287312, 21.137738846612571 ] ] } },
{ "type": "Feature", "properties": { "River_Name": "Astoll Nala", "Basin": "Baitarani" }, "geometry": { "type": "LineString", "coordinates": [ [ 86.065338014401888, 21.992741614339536 ], [ 86.073092790398533, 21.985624215326425 ], [ 86.09594632362915, 21.985843125738938 ], [ 86.099501238371815, 21.982673683679195 ], [ 86.108909627188822, 21.981674310056743 ], [ 86.112050515716575, 21.978576251827231 ] ] } },
{ "type": "Feature", "properties": { "River_Name": "Gohira Nala", "Basin": "Baitarani" }, "geometry": { "type": "LineString", "coordinates": [ [ 86.108111029501089, 21.962940974985084 ], [ 86.111077554111418, 21.964003956735382 ], [ 86.108850378609972, 21.966859309942208 ], [ 86.112962087227999, 21.968244156247579 ], [ 86.117245117038436, 21.965731445425604 ], [ 86.117245117038436, 21.968643905696577 ], [ 86.12474041920693, 21.970000198469961 ], [ 86.124383500055941, 21.971542089201701 ], [ 86.126624952323453, 21.971299384179247 ], [ 86.125996774617917, 21.972455802228012 ], [ 86.130684312799346, 21.972279722113623 ], [ 86.13329696098387, 21.970523679891237 ], [ 86.135352815292933, 21.971637267641935 ], [ 86.138850622971447, 21.968496379114356 ], [ 86.146046113053089, 21.970181037506336 ], [ 86.147131147271793, 21.97246532007193 ], [ 86.156182616937869, 21.976234386305286 ], [ 86.158766711590246, 21.979960622240352 ], [ 86.166604656143349, 21.983201448130327 ], [ 86.170387999142775, 21.987077590108925 ] ] } },
{ "type": "Feature", "properties": { "River_Name": "Masin Nala", "Basin": "Baitarani" }, "geometry": { "type": "LineString", "coordinates": [ [ 86.21898676577689, 21.94164782560874 ], [ 86.22390524105387, 21.944599770287383 ], [ 86.229306617537247, 21.945147046318805 ], [ 86.236897098145718, 21.952137902753854 ], [ 86.240509119952719, 21.950738779682403 ], [ 86.245363220404428, 21.952451991606534 ], [ 86.247833100928545, 21.957163324398174 ], [ 86.254342398026765, 21.958849400099822 ], [ 86.260593998920996, 21.963921127674464 ], [ 86.262544890617875, 21.963260625289269 ], [ 86.273466570273058, 21.967205450499637 ], [ 86.278672194003448, 21.971554794826041 ] ] } },
{ "type": "Feature", "properties": { "River_Name": "River / Nala", "Basin": "Baitarani" }, "geometry": { "type": "LineString", "coordinates": [ [ 86.178160142874432, 21.993239780212885 ], [ 86.185712552107006, 21.991555121820912 ], [ 86.192908042188648, 21.986244164855865 ], [ 86.205600087193645, 21.988342849462924 ] ] } },
{ "type": "Feature", "properties": { "River_Name": "Burhi Nala", "Basin": "Baitarani" }, "geometry": { "type": "MultiLineString", "coordinates": [ [ [ 86.033624271885159, 21.773880031086904 ], [ 86.032149054456099, 21.774962373149783 ], [ 86.032177607988032, 21.779340581400518 ], [ 86.038840098804528, 21.784584913457479 ], [ 86.038154814034755, 21.787249909784013 ], [ 86.036279798762152, 21.787649659232848 ], [ 86.039477794354042, 21.791218850741583 ], [ 86.041143417058137, 21.790847654824759 ], [ 86.042409290313273, 21.79337940133497 ], [ 86.045502589620796, 21.7923134028043 ], [ 86.045083804483767, 21.793655418811564 ], [ 86.049128888193692, 21.796539325550555 ], [ 86.051594009795664, 21.794873702846651 ], [ 86.051213296034689, 21.798376269447179 ], [ 86.05365938194879, 21.79822398394278 ], [ 86.059884051940003, 21.804696117878748 ], [ 86.061844727808747, 21.804220225677518 ], [ 86.061159443039216, 21.805286224208047 ], [ 86.065214044593048, 21.806418847646821 ], [ 86.067774344635254, 21.813071820619168 ], [ 86.064795259456034, 21.813176516903539 ], [ 86.0647000810158, 21.817411957493825 ], [ 86.066917738673268, 21.81809724226347 ], [ 86.067860005231566, 21.821656915928166 ], [ 86.065623311886029, 21.824036376933993 ], [ 86.067764826791333, 21.825968499270765 ], [ 86.06495706280451, 21.82889047738588 ], [ 86.06552813344581, 21.831564991556537 ], [ 86.063767332301609, 21.833820720589983 ], [ 86.065090312620669, 21.839379141499649 ], [ 86.072409534674676, 21.850924286299801 ], [ 86.074798513524513, 21.853103872581258 ], [ 86.07713990315419, 21.852190159554965 ], [ 86.078586615445857, 21.854721906065166 ], [ 86.080642469754864, 21.853398925745861 ], [ 86.082926752320461, 21.856178136200697 ] ], [ [ 86.082926752320461, 21.856178136200697 ], [ 86.086656779808308, 21.856916404845798 ], [ 86.086882955029225, 21.853559395946583 ], [ 86.093303473486657, 21.850475585568194 ], [ 86.093315989811472, 21.848491766238396 ], [ 86.09596537269266, 21.846546324880414 ], [ 86.095015224998377, 21.844963562658684 ], [ 86.097772025288634, 21.842205999818031 ], [ 86.103680557169952, 21.841819674343835 ], [ 86.107899498629465, 21.83856792323953 ], [ 86.117147518998593, 21.844917154993549 ], [ 86.115518973992806, 21.847446862063475 ], [ 86.12632182082595, 21.856998488539936 ], [ 86.138303726358856, 21.855928578684971 ], [ 86.144250184756828, 21.858340240502766 ], [ 86.151510978367227, 21.856757183157555 ], [ 86.159408271457835, 21.851390882027626 ], [ 86.167565956180724, 21.848707371296314 ], [ 86.167929237746762, 21.844335025465558 ] ], [ [ 86.082926752320461, 21.856178136200697 ], [ 86.08325987686122, 21.863107126649737 ] ] ] } },
{ "type": "Feature", "properties": { "River_Name": "Nemia Nala", "Basin": "Baitarani" }, "geometry": { "type": "LineString", "coordinates": [ [ 86.235453338210576, 21.726355255704476 ], [ 86.230011341904984, 21.727435572144003 ], [ 86.222595159447124, 21.720976945940333 ], [ 86.214862362312189, 21.719954474565188 ], [ 86.205134862798531, 21.726989393824489 ], [ 86.191997494685779, 21.725999585622262 ], [ 86.171279268451926, 21.740133843557551 ] ] } },
{ "type": "Feature", "properties": { "River_Name": "Gobara Jhora", "Basin": "Baitarani" }, "geometry": { "type": "LineString", "coordinates": [ [ 86.234656287958373, 21.567572585688097 ], [ 86.23860522917235, 21.571560662590798 ], [ 86.249910813054115, 21.575532162350427 ] ] } },
{ "type": "Feature", "properties": { "River_Name": "Jora-am Nala", "Basin": "Baitarani" }, "geometry": { "type": "LineString", "coordinates": [ [ 86.223718022471701, 21.560632235151306 ], [ 86.226241562214284, 21.570144657277602 ], [ 86.224147501771682, 21.574676609087952 ], [ 86.229119223707343, 21.586531989373942 ], [ 86.234216974654814, 21.594013444475799 ], [ 86.238978902235857, 21.597381791956799 ], [ 86.243972681872393, 21.605364461170613 ], [ 86.25251097439488, 21.61309977065654 ], [ 86.25321295999855, 21.615780130776653 ], [ 86.265349438036182, 21.622010889333318 ], [ 86.2666729761374, 21.626199872045969 ], [ 86.264036506817391, 21.628870210612337 ] ] } },
{ "type": "Feature", "properties": { "River_Name": "Champai Nala", "Basin": "Baitarani" }, "geometry": { "type": "LineString", "coordinates": [ [ 86.028569473378553, 21.408172267817804 ], [ 86.031862753072872, 21.412350765031309 ], [ 86.037989779296225, 21.414580364180321 ], [ 86.038976251911379, 21.413625115430463 ], [ 86.042166128032619, 21.415335727374611 ], [ 86.045097361463021, 21.414434572847306 ], [ 86.057690323645488, 21.416327293279757 ], [ 86.065824048947263, 21.423429102596756 ], [ 86.074623491172474, 21.427106474159039 ] ] } },
{ "type": "Feature", "properties": { "River_Name": "Kathupakka Nala", "Basin": "Baitarani" }, "geometry": { "type": "LineString", "coordinates": [ [ 86.015121084846129, 21.436280942810335 ], [ 86.029646070764315, 21.431436157924725 ], [ 86.036004380562588, 21.438213566081966 ], [ 86.03394038197645, 21.442260417909122 ] ] } },
{ "type": "Feature", "properties": { "River_Name": "Gaugara Nala", "Basin": "Baitarani" }, "geometry": { "type": "LineString", "coordinates": [ [ 86.222856617640062, 21.444578917307851 ], [ 86.220646665208918, 21.448298093448297 ], [ 86.222456288487393, 21.453727930509661 ], [ 86.220223454379607, 21.459381180963337 ], [ 86.221376081357278, 21.461119585063738 ], [ 86.225743401398233, 21.46098448039162 ], [ 86.227328775198885, 21.467840292609008 ], [ 86.231661215955697, 21.471959781027543 ], [ 86.228452511021501, 21.479940868695387 ], [ 86.220514771469894, 21.488617002877191 ], [ 86.221675935653195, 21.493594416431215 ], [ 86.21956045306564, 21.49994296636072 ] ] } },
{ "type": "Feature", "properties": { "River_Name": "Mukuta Nala", "Basin": "Baitarani" }, "geometry": { "type": "LineString", "coordinates": [ [ 86.247314652944539, 21.33461051383637 ], [ 86.243182854408346, 21.334843926471493 ], [ 86.239725464663721, 21.332418762828002 ], [ 86.237897493260419, 21.334628809792857 ], [ 86.23317933669459, 21.331318113061091 ], [ 86.23488538202794, 21.325072505437838 ], [ 86.24234330269897, 21.319464836136042 ], [ 86.241679265574888, 21.313648287444334 ], [ 86.243107118206822, 21.313788583125831 ], [ 86.242693360660752, 21.310899064578948 ], [ 86.24455639206839, 21.309740903586878 ], [ 86.243224016639005, 21.306904628301034 ], [ 86.244159830513411, 21.30348571532728 ] ] } },
{ "type": "Feature", "properties": { "River_Name": "Pitahau Nala", "Basin": "Baitarani" }, "geometry": { "type": "LineString", "coordinates": [ [ 86.243658924575485, 21.303183463624695 ], [ 86.242871918610845, 21.294980688890099 ], [ 86.247428657148092, 21.283845479506109 ], [ 86.256875820418756, 21.284341367605837 ], [ 86.261202777677013, 21.286129345827387 ] ] } },
{ "type": "Feature", "properties": { "River_Name": "River / Nala", "Basin": "Baitarani" }, "geometry": { "type": "LineString", "coordinates": [ [ 85.997229167916487, 21.280955504599653 ], [ 86.006451514148168, 21.281590040926805 ], [ 86.009776007941582, 21.283287641531675 ], [ 86.017305430387282, 21.280879252215897 ], [ 86.036462343101618, 21.283428105898821 ], [ 86.047817519543742, 21.282115845656783 ] ] } },
{ "type": "Feature", "properties": { "River_Name": "Dhodhua Nala", "Basin": "Baitarani" }, "geometry": { "type": "LineString", "coordinates": [ [ 86.065976881238456, 21.33127970943217 ], [ 86.07141752212523, 21.333051538138541 ], [ 86.076581966185771, 21.339467037006031 ], [ 86.08970575102866, 21.342866031961403 ], [ 86.089777116468227, 21.347838379900224 ], [ 86.088105797018073, 21.350735998689867 ], [ 86.084544488815396, 21.35226558168069 ], [ 86.084462228489315, 21.355649884518733 ] ] } },
{ "type": "Feature", "properties": { "River_Name": "Petaisoni Nala", "Basin": "Baitarani" }, "geometry": { "type": "LineString", "coordinates": [ [ 86.084462228489272, 21.355649884518765 ], [ 86.085841140722422, 21.357519925449335 ], [ 86.08417902473137, 21.361368909190549 ], [ 86.08597303425131, 21.367519516717007 ], [ 86.084923646535302, 21.368842838228829 ], [ 86.089990202413318, 21.374870182511568 ], [ 86.088833847369656, 21.381102738651574 ], [ 86.089988522685815, 21.390001125861172 ], [ 86.091944703449968, 21.393123969203444 ], [ 86.095860009144872, 21.393948282786106 ], [ 86.103048383247454, 21.399647252421762 ], [ 86.104565048972248, 21.404173134943143 ] ] } },
{ "type": "Feature", "properties": { "River_Name": "Ainsa Nala", "Basin": "Baitarani" }, "geometry": { "type": "LineString", "coordinates": [ [ 86.053359178134897, 21.35540316712321 ], [ 86.053565329472207, 21.360308736661413 ], [ 86.055363066153149, 21.361695698431443 ], [ 86.054913335714389, 21.364179125075133 ], [ 86.056878266096447, 21.368158145526756 ], [ 86.061910650987144, 21.369471404040024 ], [ 86.062237336615382, 21.372269933414287 ], [ 86.066441415290768, 21.375329110650316 ], [ 86.068257039096196, 21.379986034463943 ], [ 86.075424057421117, 21.386364884758056 ] ] } },
{ "type": "Feature", "properties": { "River_Name": "Jatra Nala", "Basin": "Baitarani" }, "geometry": { "type": "LineString", "coordinates": [ [ 86.037792768193128, 21.391463424178614 ], [ 86.047910758438903, 21.390807593356922 ], [ 86.059971092728688, 21.398656171329606 ], [ 86.067037366728286, 21.399269320715469 ] ] } },
{ "type": "Feature", "properties": { "River_Name": "Kansibera Nala", "Basin": "Baitarani" }, "geometry": { "type": "LineString", "coordinates": [ [ 86.009260492070155, 21.374639738144328 ], [ 86.026696159973852, 21.383418644479367 ], [ 86.034750042568774, 21.384275053693177 ] ] } },
{ "type": "Feature", "properties": { "River_Name": "Bindhani Nala", "Basin": "Baitarani" }, "geometry": { "type": "LineString", "coordinates": [ [ 86.22067713614706, 21.552861415861734 ], [ 86.223755738246638, 21.549415343002831 ], [ 86.23345666675543, 21.544225305097722 ], [ 86.236759105103019, 21.537126688798935 ], [ 86.243663279207354, 21.535982068826463 ] ] } },
{ "type": "Feature", "properties": { "River_Name": "Kaliapal Nadi", "Basin": "Baitarani" }, "geometry": { "type": "LineString", "coordinates": [ [ 86.201634367281713, 21.058788676315213 ], [ 86.198884640180083, 21.059969481389313 ], [ 86.195917849206936, 21.057588872704091 ], [ 86.19233270300272, 21.057366134064111 ], [ 86.187258926066946, 21.061425039190674 ], [ 86.184287099706097, 21.060932694228256 ], [ 86.175093228775793, 21.065631009771309 ], [ 86.163369486143367, 21.067199178721044 ], [ 86.15844441572267, 21.069852172912352 ], [ 86.154095340760392, 21.0678990582845 ], [ 86.146369193623869, 21.068663589518547 ], [ 86.13922640902581, 21.063636233976904 ], [ 86.13625953640333, 21.06583952232781 ] ] } },
{ "type": "Feature", "properties": { "River_Name": "Baurijharan Nadi", "Basin": "Baitarani" }, "geometry": { "type": "LineString", "coordinates": [ [ 86.24077181653729, 21.931190101901496 ], [ 86.246209325871206, 21.933887971723514 ], [ 86.249937759913834, 21.945400032224036 ], [ 86.253328920992303, 21.947576279484149 ], [ 86.255954622076615, 21.947186624919926 ], [ 86.257209240718282, 21.950309213360818 ], [ 86.263142543804207, 21.952458492133314 ], [ 86.271649693413138, 21.958414746514514 ], [ 86.274740731688411, 21.958256324736954 ] ] } },
{ "type": "Feature", "properties": { "River_Name": "Daligora Nadi", "Basin": "Baitarani" }, "geometry": { "type": "LineString", "coordinates": [ [ 86.261142046759659, 21.800121274956542 ], [ 86.252872072534572, 21.786803503026821 ], [ 86.252217479494362, 21.782741788181866 ], [ 86.247122080954611, 21.777269736085255 ], [ 86.246812280410907, 21.768964367535897 ], [ 86.249216336885709, 21.764314177000667 ], [ 86.262146981126307, 21.757638415355867 ] ] } },
{ "type": "Feature", "properties": { "River_Name": "Gurandia Nadi", "Basin": "Baitarani" }, "geometry": { "type": "LineString", "coordinates": [ [ 86.300024876855801, 21.803046698595907 ], [ 86.302145339891936, 21.800948083721845 ], [ 86.301317405045424, 21.798554254670442 ], [ 86.305776683004552, 21.791000480234921 ], [ 86.311223546683735, 21.790908536532196 ], [ 86.322065517180178, 21.779957801507706 ], [ 86.326450033157982, 21.77928730399487 ], [ 86.339073036230033, 21.767902813169769 ], [ 86.365876591799051, 21.761984038202833 ], [ 86.368995613383632, 21.764979138381488 ] ] } },
{ "type": "Feature", "properties": { "River_Name": "Jamuna Nala", "Basin": "Baitarani" }, "geometry": { "type": "LineString", "coordinates": [ [ 86.331407897080368, 21.734516722284049 ], [ 86.332632812892086, 21.731391463068409 ], [ 86.331023130388459, 21.724304720611116 ], [ 86.331748691322261, 21.716763663505709 ], [ 86.329534015854151, 21.714416941768626 ], [ 86.329416019691138, 21.710070781672549 ], [ 86.324228765480299, 21.703423623901141 ], [ 86.323602954894355, 21.699405257770877 ], [ 86.325522629316211, 21.69252881862797 ], [ 86.330727803325644, 21.685264052430764 ], [ 86.335615639438188, 21.680163515865676 ], [ 86.338561320151214, 21.680275680227005 ] ] } },
{ "type": "Feature", "properties": { "River_Name": "Patuagura Nala", "Basin": "Baitarani" }, "geometry": { "type": "LineString", "coordinates": [ [ 86.302231323248691, 21.741687275236675 ], [ 86.305326089317973, 21.724622167089287 ], [ 86.30109177904987, 21.714122662276214 ] ] } },
{ "type": "Feature", "properties": { "River_Name": "santma Nala", "Basin": "Baitarani" }, "geometry": { "type": "LineString", "coordinates": [ [ 86.335420595111074, 21.733827784678329 ], [ 86.335860894776971, 21.745203207405471 ], [ 86.343542479593367, 21.751840692187571 ], [ 86.345295233566787, 21.758043443405125 ], [ 86.350030070613897, 21.76009869694991 ] ] } },
{ "type": "Feature", "properties": { "River_Name": "Barikocha Nala", "Basin": "Baitarani" }, "geometry": { "type": "LineString", "coordinates": [ [ 86.355148674826864, 21.733094772765163 ], [ 86.360263487322413, 21.730137391116262 ], [ 86.361846640604227, 21.72618504381985 ], [ 86.356200965980349, 21.715162708207469 ], [ 86.352054736912422, 21.698495203045173 ] ] } },
{ "type": "Feature", "properties": { "River_Name": "Tarinibala Nala", "Basin": "Baitarani" }, "geometry": { "type": "LineString", "coordinates": [ [ 86.28325414186628, 21.650559868996794 ], [ 86.288308906088602, 21.651357402338448 ], [ 86.288213489684651, 21.654129818282392 ], [ 86.291763215608327, 21.656095532590758 ], [ 86.295108827586219, 21.65377676717786 ], [ 86.295413580941883, 21.649991715532753 ], [ 86.299839580392074, 21.648404100370144 ], [ 86.305009120138905, 21.649573187552033 ], [ 86.310071093793042, 21.65469773839812 ], [ 86.316720548761694, 21.656604063424698 ], [ 86.321011162075152, 21.660996050424988 ], [ 86.329617591135516, 21.661174443460304 ], [ 86.333680246955183, 21.658523131163378 ], [ 86.340299007392716, 21.660543136853402 ], [ 86.348360578544828, 21.672722901564271 ], [ 86.349619035732445, 21.689766469341819 ], [ 86.352704095046832, 21.693077259769129 ], [ 86.355338517999897, 21.690778414331518 ] ] } },
{ "type": "Feature", "properties": { "River_Name": "Ginahaja Nala", "Basin": "Baitarani" }, "geometry": { "type": "LineString", "coordinates": [ [ 86.263417142510022, 21.636519973313248 ], [ 86.250845687138749, 21.649974062894394 ], [ 86.246279861678786, 21.650492246702257 ], [ 86.230902492024768, 21.666630435209058 ], [ 86.227313570061398, 21.668296567223461 ], [ 86.224858629625928, 21.672128782322844 ], [ 86.227690700697494, 21.681990166376 ], [ 86.226894485421511, 21.686584232036925 ] ] } },
{ "type": "Feature", "properties": { "River_Name": "Chanchali Nala", "Basin": "Baitarani" }, "geometry": { "type": "LineString", "coordinates": [ [ 86.249910813054115, 21.575532162350427 ], [ 86.258983741026853, 21.588380678253557 ], [ 86.257018246647704, 21.596910324086782 ], [ 86.259678420121546, 21.600291405052442 ], [ 86.259904902303518, 21.606017346779122 ], [ 86.264671698576223, 21.608620081622245 ], [ 86.267782690331629, 21.615195368287903 ], [ 86.275521009750634, 21.616070366975482 ] ] } },
{ "type": "Feature", "properties": { "River_Name": "Chaurakha Nadi", "Basin": "Baitarani" }, "geometry": { "type": "LineString", "coordinates": [ [ 86.267609828748078, 21.54895461697393 ], [ 86.264887508514192, 21.553131549106727 ], [ 86.267472266916755, 21.563526758607374 ], [ 86.271576857103014, 21.567488885175916 ], [ 86.275373583865914, 21.56865282521527 ], [ 86.279604479904904, 21.5750535023728 ], [ 86.280020584348463, 21.580835250456008 ], [ 86.284018799463581, 21.584767937264278 ], [ 86.282719494467244, 21.587042770774993 ], [ 86.284449584159404, 21.590721843056293 ], [ 86.291521763334146, 21.599629975730771 ], [ 86.293613330977109, 21.609481981166006 ] ] } },
{ "type": "Feature", "properties": { "River_Name": "Nekranacha Nala", "Basin": "Baitarani" }, "geometry": { "type": "LineString", "coordinates": [ [ 86.320075952937117, 21.565612329461462 ], [ 86.317909900517847, 21.571297926703153 ], [ 86.321678656871143, 21.576930756329606 ], [ 86.323025743580374, 21.584023771564308 ], [ 86.319498396025793, 21.58957901778756 ], [ 86.318896448186507, 21.59532545545617 ], [ 86.315980527403013, 21.601217766229524 ], [ 86.317258180326078, 21.609469859970975 ], [ 86.324047179488318, 21.61576598482311 ], [ 86.324891349903879, 21.618943851131281 ], [ 86.330605114090233, 21.621663309076315 ] ] } },
{ "type": "Feature", "properties": { "River_Name": "Niamdar Nala", "Basin": "Baitarani" }, "geometry": { "type": "LineString", "coordinates": [ [ 86.350952625486869, 21.587425521093188 ], [ 86.340629770201843, 21.587041339767609 ], [ 86.334796761338765, 21.597249052006617 ], [ 86.331195978157695, 21.598783599351009 ] ] } },
{ "type": "Feature", "properties": { "River_Name": "Suranga Nadi", "Basin": "Baitarani" }, "geometry": { "type": "LineString", "coordinates": [ [ 86.327613394150447, 21.326416962118799 ], [ 86.32970118069278, 21.327915616328912 ], [ 86.334905963375405, 21.327888477300725 ], [ 86.336500576025216, 21.330715538616889 ], [ 86.350458452779236, 21.341861867799288 ], [ 86.3593131315465, 21.341680718905938 ], [ 86.361985703232634, 21.343196890159113 ] ] } },
{ "type": "Feature", "properties": { "River_Name": "Bara Nadi", "Basin": "Baitarani" }, "geometry": { "type": "LineString", "coordinates": [ [ 86.291913042038772, 21.365010084970567 ], [ 86.295491920981249, 21.364096325273 ], [ 86.3000874768545, 21.366338666058262 ], [ 86.302667052705218, 21.365895214840574 ], [ 86.305570943056864, 21.370815329410643 ], [ 86.308562963268827, 21.369508150859776 ], [ 86.314391673855113, 21.380489901286488 ], [ 86.313801754520441, 21.388777575142722 ], [ 86.308650343577796, 21.396544499263662 ], [ 86.309662179171866, 21.402845101536972 ], [ 86.312603072054969, 21.406055601462523 ], [ 86.310711229543372, 21.411024736329587 ], [ 86.315114793358461, 21.424476120174432 ] ] } },
{ "type": "Feature", "properties": { "River_Name": "Baula Nadi", "Basin": "Baitarani" }, "geometry": { "type": "LineString", "coordinates": [ [ 86.269357562412026, 21.372428076758222 ], [ 86.268165496537392, 21.375047583075183 ], [ 86.265301537298654, 21.375149810622183 ], [ 86.264367298262798, 21.381313038467738 ], [ 86.268231901713548, 21.383251847329618 ], [ 86.26682627367272, 21.401044862182644 ], [ 86.269269750075509, 21.40244675966709 ], [ 86.269300258698593, 21.405424470754465 ], [ 86.272904516092424, 21.406981969940535 ], [ 86.273301113478709, 21.409374119158585 ], [ 86.270477912969682, 21.415015214987672 ], [ 86.272384837287078, 21.422748406590781 ], [ 86.269600633553779, 21.42818645526199 ], [ 86.270368041247224, 21.443292476735103 ], [ 86.26893464698199, 21.448105303718688 ], [ 86.264942081531117, 21.453021631025386 ] ] } },
{ "type": "Feature", "properties": { "River_Name": "Reba Nadi", "Basin": "Baitarani" }, "geometry": { "type": "LineString", "coordinates": [ [ 86.500209755060368, 20.948763464103795 ], [ 86.495395498375444, 20.950896134447458 ], [ 86.496420018291388, 20.95309301963016 ], [ 86.494224570301981, 20.955602193978418 ], [ 86.492379597589206, 20.953567181769809 ], [ 86.491561787056597, 20.954965749943575 ], [ 86.487228048191085, 20.954547105745959 ], [ 86.485418232931139, 20.952439310929222 ], [ 86.483291401268531, 20.953007345770569 ], [ 86.480334170680848, 20.957923670304783 ], [ 86.478909692226878, 20.954421711158933 ], [ 86.477032778388875, 20.95458778428916 ], [ 86.476757594049531, 20.956762598719784 ], [ 86.473850527853926, 20.956658366424453 ], [ 86.47402898883486, 20.959315533023506 ], [ 86.472685604683065, 20.958866793572589 ], [ 86.471815267970797, 20.96170628926118 ], [ 86.470565275681821, 20.958114387732536 ], [ 86.468272703962739, 20.961923296727502 ], [ 86.466163827580331, 20.962026674717713 ], [ 86.467395090965226, 20.963121893608008 ], [ 86.463932968792207, 20.962253555226635 ], [ 86.465321456197117, 20.963747209228771 ], [ 86.46413045011586, 20.965944710164752 ], [ 86.461787637802942, 20.964463257115494 ], [ 86.459090062003739, 20.966562947907178 ], [ 86.457939943468432, 20.964691576214204 ], [ 86.457276707021364, 20.967321083812681 ], [ 86.453220049706403, 20.965951661435351 ], [ 86.4486043079811, 20.969336541297587 ], [ 86.445780815718166, 20.968812483171273 ], [ 86.446324430971032, 20.96694862285818 ], [ 86.443636455629687, 20.967501679536706 ], [ 86.444683723945587, 20.971719964555117 ], [ 86.441390219888689, 20.967669405391373 ], [ 86.440319943319139, 20.970314220377425 ], [ 86.438029710378373, 20.969163435060313 ], [ 86.432621205418855, 20.97129331650779 ], [ 86.432032104396527, 20.972695048508502 ], [ 86.437174184569784, 20.973251130931288 ], [ 86.432973351204396, 20.9768223061232 ], [ 86.428861198365894, 20.975347359933551 ], [ 86.424087469357048, 20.977738656761964 ], [ 86.421349543541382, 20.980101090293775 ], [ 86.41979341964813, 20.984488639381286 ], [ 86.421088648734738, 20.985593720046854 ], [ 86.415932232467284, 20.989759477047922 ], [ 86.415219232248049, 20.98857306833947 ], [ 86.411095761963324, 20.988917864572787 ], [ 86.411105487189246, 20.990927510148797 ], [ 86.407198074744301, 20.992453496723297 ], [ 86.401476595812341, 20.99800789060691 ], [ 86.402711813284583, 21.003576894732323 ], [ 86.401310512407761, 21.002582268482513 ], [ 86.396014629994667, 21.005288829322332 ], [ 86.391023157434475, 21.004453464483571 ], [ 86.388458524755194, 21.007829335733724 ], [ 86.38746461115862, 21.004340291663656 ], [ 86.383602644859849, 21.00372392381729 ], [ 86.375267347171487, 21.009947290282458 ], [ 86.373378936533811, 21.008577718464032 ], [ 86.371661065090024, 21.010263913077392 ], [ 86.372623313420604, 21.013939388260674 ], [ 86.369944756561551, 21.015206057989495 ], [ 86.371015065011022, 21.018609414691213 ], [ 86.367236417912949, 21.019900654864113 ], [ 86.367852878919251, 21.022240926248159 ], [ 86.364213973242627, 21.022973222015747 ], [ 86.356201434019269, 21.0211931883766 ], [ 86.354153837060466, 21.024871680602995 ], [ 86.351944639319484, 21.023500654972235 ], [ 86.351381910016613, 21.026453248714308 ], [ 86.349152395981051, 21.026243923875683 ], [ 86.345803260238498, 21.03054842989139 ], [ 86.34496747446218, 21.029526833181198 ], [ 86.345202067828922, 21.031779645602043 ], [ 86.343536985243091, 21.031744538663439 ], [ 86.339298745978951, 21.036662235913607 ], [ 86.337766672145477, 21.034174876126141 ], [ 86.335431282811413, 21.037149178430923 ], [ 86.331839819027252, 21.037407624096058 ], [ 86.331583026610446, 21.040174876558719 ], [ 86.328811676948561, 21.041512228034396 ], [ 86.330671566185899, 21.042423191237312 ], [ 86.327386063287278, 21.045967361624243 ], [ 86.329522490154105, 21.046549536214489 ], [ 86.331287220908649, 21.051677050613158 ], [ 86.323995442821442, 21.059221448258214 ], [ 86.321477633524751, 21.068577559305524 ], [ 86.317790247102465, 21.069595497772912 ], [ 86.319505832721077, 21.072055077387454 ], [ 86.317615123799655, 21.074485838881476 ], [ 86.318613959507474, 21.07662699324338 ], [ 86.316170603764107, 21.076244243552654 ], [ 86.317923472628507, 21.077240979080106 ], [ 86.316811459454598, 21.079803944664381 ], [ 86.317751937216002, 21.081342452975534 ], [ 86.314990969886495, 21.083554529992014 ], [ 86.311003142310781, 21.083351924070648 ], [ 86.310574774745817, 21.086763866530156 ], [ 86.307628214991723, 21.086106424893476 ], [ 86.307693199792553, 21.088573719121047 ], [ 86.302744245019099, 21.087979725917432 ], [ 86.292920800135235, 21.093690676333612 ], [ 86.289252537397786, 21.093732718725864 ], [ 86.282930765477815, 21.098927008829939 ], [ 86.28301365478363, 21.10076327796591 ], [ 86.279794957097778, 21.102628585797301 ], [ 86.277789839870849, 21.106377948712797 ], [ 86.277531266248346, 21.109274151003923 ], [ 86.273812104737488, 21.11158422936224 ], [ 86.267390543744341, 21.121271624336039 ], [ 86.268122965997406, 21.127772185807014 ], [ 86.271802738815907, 21.131804093900687 ], [ 86.271761669303174, 21.137082152644538 ], [ 86.270210522296395, 21.138524120424847 ], [ 86.267722625930631, 21.137695828390324 ], [ 86.267827595018971, 21.141224663469316 ], [ 86.265168035346363, 21.141098398226482 ], [ 86.262601871267663, 21.143726353250369 ], [ 86.256017084933873, 21.145863334973352 ], [ 86.252242577940947, 21.148543182093661 ], [ 86.251963628352698, 21.150506934876798 ] ] } },
{ "type": "Feature", "properties": { "River_Name": "Belei Nadi", "Basin": "Baitarani" }, "geometry": { "type": "LineString", "coordinates": [ [ 86.282228736909317, 21.02540932168953 ], [ 86.281140846462435, 21.033280708582193 ], [ 86.272644211171311, 21.039546813994615 ], [ 86.274837086959394, 21.044181862412476 ], [ 86.27740816515292, 21.044348197840286 ] ] } },
{ "type": "Feature", "properties": { "River_Name": "Sarusagar Nadi", "Basin": "Baitarani" }, "geometry": { "type": "LineString", "coordinates": [ [ 86.398679365065377, 21.090636505232659 ], [ 86.398064787744502, 21.101554410241995 ], [ 86.392884975255143, 21.112417759256939 ], [ 86.394708069338705, 21.115178198722631 ], [ 86.391339108207063, 21.116657839588861 ], [ 86.391656787909923, 21.118724418181678 ], [ 86.384730870692351, 21.122430585651454 ], [ 86.380282807553229, 21.122952249449597 ], [ 86.376663048515681, 21.126261084319683 ], [ 86.373849198848561, 21.129841305929698 ], [ 86.373216063112082, 21.134988194057698 ], [ 86.370597312053846, 21.136054225910566 ], [ 86.369589890795694, 21.139292051548235 ], [ 86.361165542283075, 21.13938956867387 ], [ 86.359604853976123, 21.140870587140416 ] ] } },
{ "type": "Feature", "properties": { "River_Name": "Kani Nadi", "Basin": "Baitarani" }, "geometry": { "type": "LineString", "coordinates": [ [ 86.470913484236632, 21.005941726308993 ], [ 86.466902666043708, 21.002328100631853 ], [ 86.462426012055545, 21.002658270342884 ], [ 86.462635952710926, 21.003749050092782 ], [ 86.459492946595475, 21.002749388234182 ], [ 86.450308511900474, 21.003939186455348 ], [ 86.445108570266882, 21.001569962630647 ], [ 86.442288178800212, 21.004228657241661 ], [ 86.432375724486562, 21.003995081259358 ], [ 86.431216652070475, 21.007548420713086 ], [ 86.425502242582922, 21.007945191436793 ], [ 86.42150398190374, 21.010915108430272 ], [ 86.421541180928244, 21.013152829283413 ], [ 86.419308576259084, 21.013761997515573 ], [ 86.417283283247627, 21.012119909770938 ], [ 86.415792582423052, 21.014424108643855 ], [ 86.414073612613791, 21.012582225259056 ], [ 86.411178740419274, 21.014565983681734 ], [ 86.409245130959249, 21.018949116401451 ] ] } },
{ "type": "Feature", "properties": { "River_Name": "Kani Nadi", "Basin": "Baitarani" }, "geometry": { "type": "MultiLineString", "coordinates": [ [ [ 86.566518065727422, 20.847624412619709 ], [ 86.561366624309059, 20.845502719214661 ], [ 86.556879779023831, 20.845749362870748 ], [ 86.55739848392507, 20.851000627716662 ] ], [ [ 86.566518065727422, 20.847624412619709 ], [ 86.570611076982928, 20.848739978587666 ] ], [ [ 86.55739848392507, 20.851000627716662 ], [ 86.559523100574481, 20.856041863023677 ], [ 86.56172156141605, 20.855688903875592 ], [ 86.563506725483421, 20.850486572571779 ], [ 86.566518065727422, 20.847624412619709 ] ], [ [ 86.55739848392507, 20.851000627716662 ], [ 86.552020311757502, 20.853310376814019 ], [ 86.551858495415857, 20.856422608921712 ], [ 86.546194107912001, 20.857397425772525 ], [ 86.544443400676613, 20.856001406077183 ], [ 86.542041831137979, 20.857902753222241 ], [ 86.539501879292274, 20.855113201152701 ], [ 86.539818766766487, 20.851269855913319 ], [ 86.532392576867309, 20.855356905595954 ], [ 86.53006117834515, 20.852637114950497 ], [ 86.529229863134844, 20.854164858378279 ], [ 86.518089209993576, 20.854492464039271 ], [ 86.516481453295086, 20.852228753901027 ], [ 86.506742880281422, 20.855488136508139 ], [ 86.504386712076382, 20.852708166057539 ], [ 86.496946984975665, 20.857116194145167 ], [ 86.499273219848419, 20.859430520256414 ], [ 86.498843196835693, 20.864500852900878 ], [ 86.50074099422163, 20.865092252114469 ] ] ] } },
{ "type": "Feature", "properties": { "River_Name": "Nuanai Nala", "Basin": "Baitarani" }, "geometry": { "type": "LineString", "coordinates": [ [ 86.746739402729361, 20.917839930494843 ], [ 86.762282517705287, 20.903100600672925 ], [ 86.766717259823437, 20.903567924297828 ], [ 86.776322127644761, 20.922146826997011 ], [ 86.781974997172171, 20.943120409485417 ], [ 86.785446119436898, 20.947918589700627 ], [ 86.800355540440819, 20.960704286378821 ] ] } },
{ "type": "Feature", "properties": { "River_Name": "Terojoria Jhor", "Basin": "Baitarani" }, "geometry": { "type": "LineString", "coordinates": [ [ 86.835092942367112, 20.91084524431724 ], [ 86.824787276916979, 20.903122232041451 ], [ 86.821473747158507, 20.905937696591387 ], [ 86.816741136658806, 20.906541536427934 ], [ 86.802942359558116, 20.903118341807371 ], [ 86.801854904799384, 20.901307088727897 ], [ 86.798749914920947, 20.901596368587921 ], [ 86.797749481377807, 20.899175415333229 ], [ 86.780489418009282, 20.899678948620881 ] ] } },
{ "type": "Feature", "properties": { "River_Name": "Bhekta jjhor", "Basin": "Baitarani" }, "geometry": { "type": "LineString", "coordinates": [ [ 86.91439904349005, 20.747999233958161 ], [ 86.912217510016319, 20.743690009658962 ], [ 86.915827194798041, 20.740604334352465 ], [ 86.910805728256733, 20.736000027972644 ], [ 86.90941961512668, 20.730136936329757 ], [ 86.899364291946299, 20.725677332494467 ], [ 86.897704792663149, 20.720775690362832 ], [ 86.889720230520112, 20.711787867284553 ], [ 86.887893300878204, 20.697301622732574 ] ] } },
{ "type": "Feature", "properties": { "River_Name": "Banigand Jhor", "Basin": "Baitarani" }, "geometry": { "type": "LineString", "coordinates": [ [ 86.865099389897765, 20.821241689627147 ], [ 86.859373252377225, 20.822200892347762 ], [ 86.858618666850646, 20.819033727650876 ], [ 86.851902566142797, 20.818195393610054 ], [ 86.855201003944515, 20.809043188128708 ], [ 86.853966438911129, 20.805383963940677 ], [ 86.856323890682944, 20.798479906258297 ], [ 86.859418634455992, 20.798012239804855 ], [ 86.860885749290006, 20.791951793361804 ], [ 86.865007252271681, 20.792487923916287 ] ] } },
{ "type": "Feature", "properties": { "River_Name": "Kali Nala", "Basin": "Baitarani" }, "geometry": { "type": "LineString", "coordinates": [ [ 86.906657969421701, 20.829569713120428 ], [ 86.913143019400607, 20.827512811633934 ], [ 86.911220547058718, 20.821871091961622 ], [ 86.912187946555861, 20.81966458827543 ], [ 86.915773259874427, 20.820290939049546 ], [ 86.917413485485284, 20.812362459732132 ], [ 86.92705224912855, 20.814186094623761 ], [ 86.933788784687266, 20.813302193067862 ], [ 86.930804816294597, 20.806491318083218 ], [ 86.932057793580839, 20.802533497397626 ], [ 86.93108837518281, 20.80103226154603 ], [ 86.933581233268114, 20.798151253953467 ], [ 86.933935960596003, 20.790757747973881 ] ] } },
{ "type": "Feature", "properties": { "River_Name": "Sorta Nala", "Basin": "Baitarani" }, "geometry": { "type": "LineString", "coordinates": [ [ 86.37926772362313, 20.8753111641246 ], [ 86.378340708221543, 20.878135730128015 ], [ 86.359080215527726, 20.880010258334291 ], [ 86.356226857453024, 20.882342447976722 ], [ 86.350738461788069, 20.89748491769129 ], [ 86.346243168562822, 20.900962543490884 ], [ 86.343524294973548, 20.908903975116619 ], [ 86.345423342552124, 20.917226663825197 ], [ 86.34023782153217, 20.919321473110692 ], [ 86.338490288518784, 20.924714890319446 ], [ 86.3356895087109, 20.925903148796593 ], [ 86.33543151901047, 20.928957753138718 ], [ 86.331275344485576, 20.929396680144471 ] ] } },
{ "type": "Feature", "properties": { "River_Name": "kerduana Nala", "Basin": "Baitarani" }, "geometry": { "type": "LineString", "coordinates": [ [ 86.36623803772774, 20.856798439986431 ], [ 86.370983940498235, 20.853448257994671 ], [ 86.37620942988022, 20.852836015866956 ], [ 86.379698953384164, 20.847758744049521 ], [ 86.39914548398292, 20.838378157717287 ], [ 86.410929308414154, 20.821612378739854 ], [ 86.415829551381819, 20.820078872138104 ], [ 86.421629373644052, 20.821994085675072 ], [ 86.43066195652311, 20.821447855085307 ], [ 86.432951766365818, 20.818831518740097 ], [ 86.433657785851139, 20.810089895884239 ], [ 86.442976700036638, 20.80768671699693 ], [ 86.449774153757659, 20.811523656131531 ], [ 86.456957221025817, 20.811996821833151 ], [ 86.469908293778388, 20.807933917572914 ], [ 86.472332435284954, 20.80847084141902 ], [ 86.477513488643226, 20.80544111034288 ], [ 86.480334206808777, 20.80621038369965 ], [ 86.483172472358788, 20.804543416273482 ], [ 86.484976841007182, 20.806758861573602 ], [ 86.487922184555117, 20.804269618048174 ], [ 86.491798612987409, 20.805455623709051 ], [ 86.497830451832769, 20.800928270260947 ], [ 86.49644145744459, 20.796071588278448 ], [ 86.498605270859628, 20.795761748903779 ], [ 86.50058250017355, 20.79788142582327 ], [ 86.503770970498238, 20.794401767028965 ], [ 86.502637966995508, 20.792452593007404 ], [ 86.500013574870522, 20.7920460941539 ], [ 86.500153389598211, 20.787165137296046 ], [ 86.502145114413707, 20.786168469857259 ], [ 86.500091810292489, 20.784253936030975 ], [ 86.502062914269288, 20.782039136435714 ], [ 86.49985113358143, 20.776709830603199 ] ] } },
{ "type": "Feature", "properties": { "River_Name": "Benga Nala", "Basin": "Baitarani" }, "geometry": { "type": "LineString", "coordinates": [ [ 86.418220286443983, 20.813931733748749 ], [ 86.421481161175763, 20.812367819119633 ], [ 86.420481259499439, 20.804154703025379 ], [ 86.427721355382857, 20.802871624366638 ], [ 86.429023148038098, 20.800111443764344 ], [ 86.432930378449726, 20.79976591816575 ], [ 86.437104378450442, 20.796727281619432 ], [ 86.439285816462231, 20.791336812257047 ], [ 86.441645866965757, 20.792647306283015 ], [ 86.442816171344646, 20.791105087238655 ], [ 86.44623070939052, 20.791020334910705 ], [ 86.446569317751795, 20.792877239358624 ], [ 86.448640321074095, 20.790987357696874 ], [ 86.454859067542984, 20.795464287264746 ], [ 86.456978775618097, 20.790563649035239 ], [ 86.458547426299845, 20.792158005561472 ], [ 86.459001515250947, 20.79028574997373 ], [ 86.463702105342634, 20.788099845097772 ], [ 86.475600005808772, 20.786512015062424 ], [ 86.479027644512783, 20.784435473950293 ], [ 86.480427274654616, 20.779912130034223 ], [ 86.484395183096098, 20.77821961656436 ], [ 86.48297682297266, 20.775664950581177 ], [ 86.4838902953001, 20.774406503288152 ], [ 86.487458064392811, 20.772675765822381 ], [ 86.491385237853208, 20.774018379709304 ], [ 86.490409930674545, 20.771181019318401 ], [ 86.491816227880577, 20.768147673869745 ], [ 86.490034235941295, 20.765074514957288 ], [ 86.494672595917436, 20.767082254276193 ], [ 86.494770860221692, 20.770697686788367 ], [ 86.498015581342074, 20.768074152458279 ], [ 86.497535769713295, 20.766176207202861 ], [ 86.500007453733602, 20.765025044561192 ] ] } },
{ "type": "Feature", "properties": { "River_Name": "Janadih Nala", "Basin": "Baitarani" }, "geometry": { "type": "LineString", "coordinates": [ [ 86.464873197633068, 20.912819308026336 ], [ 86.460655318512423, 20.915653934957813 ], [ 86.455025001381429, 20.916722025298931 ], [ 86.455165320182971, 20.919689938451551 ], [ 86.453244924044256, 20.921795822105654 ], [ 86.443684116404526, 20.921441490502747 ], [ 86.43896261286126, 20.926197524667362 ], [ 86.439295184369357, 20.927719246246216 ], [ 86.426227424128939, 20.935832781005775 ], [ 86.424682153829764, 20.938388262827303 ], [ 86.417603017280683, 20.939830764155019 ], [ 86.407988385943753, 20.951346493160017 ], [ 86.387977071596666, 20.96179890636601 ] ] } },
{ "type": "Feature", "properties": { "River_Name": "Balichaturi Nala", "Basin": "Baitarani" }, "geometry": { "type": "LineString", "coordinates": [ [ 86.45369203439374, 20.893052969094278 ], [ 86.458446500689149, 20.903505262009254 ], [ 86.460320659591957, 20.903763011186861 ], [ 86.463359917786775, 20.908029896875362 ], [ 86.467845884295798, 20.918578540108292 ], [ 86.479573495444654, 20.919125673459057 ], [ 86.477906030483211, 20.910683195939523 ], [ 86.484409095603823, 20.909319442115763 ], [ 86.489686138424062, 20.909952533494796 ], [ 86.492284346086763, 20.915592257419476 ], [ 86.496503997794093, 20.912370428060225 ], [ 86.500830463305732, 20.912355320290082 ], [ 86.499528674289536, 20.917253048051567 ] ] } },
{ "type": "Feature", "properties": { "River_Name": "Doharajorhi Nala", "Basin": "Baitarani" }, "geometry": { "type": "LineString", "coordinates": [ [ 86.698507811857084, 20.871430843876308 ], [ 86.700079473773158, 20.871974889903598 ], [ 86.699360507105055, 20.875368418525365 ], [ 86.695012576359773, 20.885947446200205 ] ] } },
{ "type": "Feature", "properties": { "River_Name": "kumbha Nala", "Basin": "Baitarani" }, "geometry": { "type": "LineString", "coordinates": [ [ 86.733090750152229, 20.878332820616045 ], [ 86.718301879344537, 20.88229747390676 ], [ 86.718882147919047, 20.884880382272677 ] ] } },
{ "type": "Feature", "properties": { "River_Name": "Kandur Mahara", "Basin": "Baitarani" }, "geometry": { "type": "LineString", "coordinates": [ [ 86.678109115724936, 20.928415382625282 ], [ 86.69162011583208, 20.954046728660654 ], [ 86.695111818460688, 20.957842224201702 ] ] } },
{ "type": "Feature", "properties": { "River_Name": "Saria Jore", "Basin": "Baitarani" }, "geometry": { "type": "LineString", "coordinates": [ [ 86.613218055599475, 20.891253616989015 ], [ 86.607423289857906, 20.891783259933327 ], [ 86.59848636366884, 20.898330048720162 ], [ 86.590177235589806, 20.900846300659108 ], [ 86.585114534833238, 20.901944110133297 ], [ 86.579594740526659, 20.900509959357684 ], [ 86.577148817620966, 20.901840241499507 ] ] } },
{ "type": "Feature", "properties": { "River_Name": "Sheulia Nala", "Basin": "Baitarani" }, "geometry": { "type": "LineString", "coordinates": [ [ 86.670318481290792, 20.927113516553707 ], [ 86.666798890616022, 20.911989168250894 ], [ 86.662532209645292, 20.906757100166054 ], [ 86.663175998597552, 20.900038584490435 ], [ 86.6602786378361, 20.891519421508917 ], [ 86.658457615103288, 20.890341616431471 ], [ 86.659405647233029, 20.888473963553864 ], [ 86.656387905578754, 20.880957992498395 ], [ 86.652435054589233, 20.883770877315712 ] ] } },
{ "type": "Feature", "properties": { "River_Name": "River / Nala", "Basin": "Baitarani" }, "geometry": { "type": "LineString", "coordinates": [ [ 86.500464805038618, 20.880248911901152 ], [ 86.500787920004441, 20.885183257649835 ] ] } },
{ "type": "Feature", "properties": { "River_Name": "Genguti Nala", "Basin": "Baitarani" }, "geometry": { "type": "LineString", "coordinates": [ [ 86.495228359767978, 20.900088384631886 ], [ 86.498630330018614, 20.905294382406016 ], [ 86.51019534021853, 20.903418145781036 ], [ 86.514453113945066, 20.912389548112827 ], [ 86.522586358195838, 20.909476518834083 ], [ 86.533961723288229, 20.902694076979596 ], [ 86.542609385955032, 20.901092552163249 ], [ 86.54344225037687, 20.898884739128551 ], [ 86.547230872866677, 20.900845126938467 ], [ 86.54907251281324, 20.903973633561019 ], [ 86.552370807831338, 20.904738780751128 ], [ 86.553271672790075, 20.908541798761497 ], [ 86.556125004020842, 20.907246326344641 ], [ 86.559273179151262, 20.909513648850979 ], [ 86.564509463739512, 20.90754117113844 ], [ 86.564076862078352, 20.911709791016811 ], [ 86.572225521113424, 20.909244101357022 ], [ 86.576473349856158, 20.909613283629863 ], [ 86.579610701930392, 20.906764188374275 ], [ 86.58577730415783, 20.907878955156548 ], [ 86.592315293211328, 20.904934776102547 ], [ 86.593555525374612, 20.90938422492912 ] ] } },
{ "type": "Feature", "properties": { "River_Name": "Paikuncha Nala", "Basin": "Baitarani" }, "geometry": { "type": "LineString", "coordinates": [ [ 85.206889194422715, 21.746446860735457 ], [ 85.200082345061958, 21.761439491418159 ], [ 85.202510220576684, 21.767786416417966 ], [ 85.201658541140574, 21.775567277111637 ] ] } },
{ "type": "Feature", "properties": { "River_Name": "Phulamanali Nala", "Basin": "Baitarani" }, "geometry": { "type": "LineString", "coordinates": [ [ 85.203866051935265, 21.753708408780632 ], [ 85.193164036224758, 21.76266041247338 ], [ 85.194319701106792, 21.770475981796832 ], [ 85.189426193783319, 21.773906494895055 ], [ 85.187769137418414, 21.778734432583107 ], [ 85.187603671735147, 21.783349309812028 ], [ 85.189880241945346, 21.785424533460873 ] ] } },
{ "type": "Feature", "properties": { "River_Name": "Salgapani Nala", "Basin": "Baitarani" }, "geometry": { "type": "LineString", "coordinates": [ [ 85.17045782777943, 21.756819446876406 ], [ 85.175938580295224, 21.757912277925268 ], [ 85.186644059400734, 21.756065741253355 ], [ 85.19028576740304, 21.756951541607446 ], [ 85.193863431588866, 21.755599895290743 ], [ 85.201955608265919, 21.747479629260347 ], [ 85.206605634482628, 21.746606504845428 ] ] } },
{ "type": "Feature", "properties": { "River_Name": "Garhgi Nala", "Basin": "Baitarani" }, "geometry": { "type": "LineString", "coordinates": [ [ 85.202410381485436, 21.789004135182882 ], [ 85.204572905806927, 21.784238877671825 ], [ 85.207403163476727, 21.782549085138303 ], [ 85.212259686543007, 21.769712101160714 ], [ 85.22037079540263, 21.762960493662625 ], [ 85.224691910171188, 21.763551773064922 ], [ 85.231098510259187, 21.760552129280757 ] ] } },
{ "type": "Feature", "properties": { "River_Name": "Raikirhia Munibi Nala", "Basin": "Baitarani" }, "geometry": { "type": "LineString", "coordinates": [ [ 85.26463594038006, 21.774408735379154 ], [ 85.264348649674062, 21.773202884793964 ], [ 85.258338306933297, 21.774385729077 ], [ 85.256318126171209, 21.778642620102172 ], [ 85.253725921818031, 21.779856349492938 ], [ 85.248736261717355, 21.779168734102889 ], [ 85.244531760650958, 21.776514636697296 ], [ 85.240373504162861, 21.777631789612531 ], [ 85.238160923803605, 21.776547219638729 ], [ 85.234918978526423, 21.778046780345559 ], [ 85.230413365510529, 21.777439429536546 ], [ 85.22494824307968, 21.781209013699282 ], [ 85.222932549294725, 21.784083577475151 ], [ 85.222005406730219, 21.790798003757363 ], [ 85.228262810388827, 21.808773083399782 ], [ 85.230864562423648, 21.811955288585409 ], [ 85.235188074732719, 21.8124747125946 ], [ 85.239806908928927, 21.805168732884983 ] ] } },
{ "type": "Feature", "properties": { "River_Name": "Malijore Nala", "Basin": "Baitarani" }, "geometry": { "type": "LineString", "coordinates": [ [ 85.605798958366435, 21.696704734777335 ], [ 85.602956572845244, 21.693541260998959 ], [ 85.603471213046376, 21.69188456672094 ], [ 85.599389139852718, 21.689579670153751 ], [ 85.598965975571886, 21.685740196719124 ], [ 85.596948849709605, 21.684109918302909 ], [ 85.599330368390227, 21.682433166422438 ], [ 85.598852766623708, 21.677613342991371 ], [ 85.601641185972838, 21.672175777338307 ] ] } },
{ "type": "Feature", "properties": { "River_Name": "Balijori Nala", "Basin": "Baitarani" }, "geometry": { "type": "LineString", "coordinates": [ [ 85.601641185972838, 21.672175777338307 ], [ 85.602709758392805, 21.669769349214548 ], [ 85.599814742084916, 21.666131309255736 ], [ 85.601753184697415, 21.660784541401107 ], [ 85.601194367471521, 21.656692972004493 ], [ 85.593504937081519, 21.645722564721058 ] ] } },
{ "type": "Feature", "properties": { "River_Name": "Ranima Nala", "Basin": "Baitarani" }, "geometry": { "type": "LineString", "coordinates": [ [ 85.239895788435248, 21.640045884682181 ], [ 85.24708945289288, 21.641225979178454 ], [ 85.254568950351029, 21.637207055627396 ], [ 85.261404836083614, 21.635669305070454 ], [ 85.265846105614628, 21.641246061219004 ], [ 85.269896724338977, 21.641134106506698 ], [ 85.27389379599397, 21.643451915927653 ], [ 85.28037756032208, 21.642003126190104 ], [ 85.283955722861378, 21.643347683364372 ], [ 85.28726901719125, 21.647101843268281 ], [ 85.289061297977099, 21.645898652506254 ], [ 85.290701865152556, 21.64712345896579 ], [ 85.296702115535524, 21.643921785136836 ], [ 85.299156244934068, 21.63942242963757 ], [ 85.299939249279845, 21.640693456098134 ], [ 85.30342380398713, 21.638638783802673 ], [ 85.30514274141666, 21.635248833721008 ] ] } },
{ "type": "Feature", "properties": { "River_Name": "Jokanal Nala", "Basin": "Baitarani" }, "geometry": { "type": "LineString", "coordinates": [ [ 85.262167555046858, 21.855150274022769 ], [ 85.263464508206056, 21.84887043420656 ], [ 85.267532090170818, 21.846311052372712 ], [ 85.273449506814785, 21.837999049157393 ] ] } },
{ "type": "Feature", "properties": { "River_Name": "Raura Nala", "Basin": "Baitarani" }, "geometry": { "type": "LineString", "coordinates": [ [ 85.263780010132706, 21.848395850197548 ], [ 85.260952598519793, 21.845881935379705 ], [ 85.262324016311183, 21.844871113260727 ], [ 85.261066846033415, 21.835734489495287 ], [ 85.262451139496605, 21.830330327070893 ], [ 85.267195677764775, 21.824390506054574 ], [ 85.268160628307456, 21.817613202117005 ] ] } },
{ "type": "Feature", "properties": { "River_Name": "Khuntachira Nala", "Basin": "Baitarani" }, "geometry": { "type": "MultiLineString", "coordinates": [ [ [ 85.279955278440838, 21.84565035561571 ], [ 85.28203156474116, 21.841184096363722 ], [ 85.287000494994928, 21.836344358140618 ] ], [ [ 85.279955278440838, 21.84565035561571 ], [ 85.282736217427114, 21.844322830012189 ], [ 85.283314469005944, 21.841945957064837 ], [ 85.289023435587481, 21.839119333432592 ] ], [ [ 85.279955278440838, 21.84565035561571 ], [ 85.276421439294651, 21.854005676653713 ], [ 85.270940479101782, 21.858873488945537 ], [ 85.268096398257953, 21.865504413481162 ] ] ] } },
{ "type": "Feature", "properties": { "River_Name": "Boream Nala", "Basin": "Baitarani" }, "geometry": { "type": "LineString", "coordinates": [ [ 85.270940479101782, 21.858873488945541 ], [ 85.270896292995531, 21.853007968488438 ], [ 85.275864914445791, 21.844940490022708 ], [ 85.276559343061905, 21.839315289636414 ] ] } },
{ "type": "Feature", "properties": { "River_Name": "Kundra Nala", "Basin": "Baitarani" }, "geometry": { "type": "LineString", "coordinates": [ [ 85.252665663768113, 21.814579478171989 ], [ 85.257292553018999, 21.828497832810946 ], [ 85.255081988946998, 21.831903250271026 ], [ 85.256428053109204, 21.835653149218953 ], [ 85.253089354726029, 21.841819759730011 ], [ 85.254569448990665, 21.842516050105669 ], [ 85.254149488381074, 21.844473353518126 ], [ 85.252064996729985, 21.844939596513093 ], [ 85.254765416185847, 21.847047186946973 ], [ 85.259329845807798, 21.855877371343084 ], [ 85.262167555046901, 21.855150274022758 ], [ 85.261827471134936, 21.856787897781608 ], [ 85.264161016450785, 21.858568879878899 ], [ 85.263375810009322, 21.859994393220394 ], [ 85.268437202040104, 21.86590228707011 ], [ 85.270074723444509, 21.873411029597229 ], [ 85.273803529419439, 21.87424938694193 ] ] } },
{ "type": "Feature", "properties": { "River_Name": "Khajurdihi Nala", "Basin": "Baitarani" }, "geometry": { "type": "LineString", "coordinates": [ [ 85.315871672054854, 21.886297972427649 ], [ 85.311886183805811, 21.887582455960583 ], [ 85.306196884147511, 21.884620815057588 ], [ 85.304710827693469, 21.880640277971025 ], [ 85.298705496019622, 21.876602172802858 ], [ 85.299618317598927, 21.872199211655563 ], [ 85.295652529498838, 21.86719505112406 ], [ 85.286204672669157, 21.862294618261295 ], [ 85.283007088678559, 21.863097182041777 ], [ 85.282671090400768, 21.859820433119058 ] ] } },
{ "type": "Feature", "properties": { "River_Name": "Archanda Nala", "Basin": "Baitarani" }, "geometry": { "type": "LineString", "coordinates": [ [ 85.315986234422056, 21.875797520012529 ], [ 85.318277452829221, 21.873674236146215 ], [ 85.317058314464177, 21.872298465349466 ], [ 85.320786685917, 21.870063174271756 ], [ 85.320861271580085, 21.862971562119441 ], [ 85.322171137117806, 21.861414379639466 ], [ 85.320084357969037, 21.856121731075117 ], [ 85.313316060325505, 21.849307181443404 ], [ 85.312093115706972, 21.840356205979742 ], [ 85.308520674577977, 21.835582633221975 ], [ 85.30534508962414, 21.834469535993072 ], [ 85.308320573974612, 21.828099526139923 ] ] } },
{ "type": "Feature", "properties": { "River_Name": "Suna Nala", "Basin": "Baitarani" }, "geometry": { "type": "LineString", "coordinates": [ [ 85.321647013326924, 21.859716115814532 ], [ 85.324062749291883, 21.857730885397231 ], [ 85.323063138790531, 21.855642970667372 ], [ 85.325427584054353, 21.85035003165606 ], [ 85.323488791190456, 21.844004522112773 ], [ 85.321572948916895, 21.842755973504069 ], [ 85.324276104121324, 21.838655156498291 ], [ 85.323526212448058, 21.835010810445795 ], [ 85.319801771526002, 21.829527769939165 ], [ 85.318861951313565, 21.823793197725461 ], [ 85.315227840118936, 21.821356219456522 ], [ 85.315854518006347, 21.815599904028833 ], [ 85.317419322830091, 21.814434840176663 ] ] } },
{ "type": "Feature", "properties": { "River_Name": "Porhadihi Nala", "Basin": "Baitarani" }, "geometry": { "type": "LineString", "coordinates": [ [ 85.299790761079379, 21.830171922086624 ], [ 85.299193422296668, 21.839648334980851 ], [ 85.301883046148831, 21.85074653758226 ], [ 85.300192607894388, 21.855243480692021 ], [ 85.301143634663433, 21.859834439438377 ], [ 85.300018039385733, 21.866099931806165 ], [ 85.306033382257795, 21.875197760601264 ], [ 85.306703523510592, 21.879592783782773 ], [ 85.305098641268501, 21.881481102743141 ] ] } },
{ "type": "Feature", "properties": { "River_Name": "Sarani Nala", "Basin": "Baitarani" }, "geometry": { "type": "LineString", "coordinates": [ [ 85.274754079174784, 21.749828789538515 ], [ 85.274805015674943, 21.756445068139104 ], [ 85.271473229120247, 21.760862812682081 ], [ 85.271827196892758, 21.769129955053764 ], [ 85.267411724600464, 21.773320064105633 ], [ 85.267598214563094, 21.775267612714487 ], [ 85.26463594038006, 21.774408735379154 ] ] } },
{ "type": "Feature", "properties": { "River_Name": "Champajhar Nala", "Basin": "Baitarani" }, "geometry": { "type": "LineString", "coordinates": [ [ 85.26463594038006, 21.774408735379154 ], [ 85.257943422854169, 21.778638752042291 ], [ 85.258747786114554, 21.789528494241665 ], [ 85.256735905363882, 21.791915046271011 ], [ 85.256367755850107, 21.796548401768359 ], [ 85.25180062023054, 21.799420930429793 ], [ 85.248834254372994, 21.807723181846104 ] ] } },
{ "type": "Feature", "properties": { "River_Name": "Anka Nala", "Basin": "Baitarani" }, "geometry": { "type": "LineString", "coordinates": [ [ 85.242935442493305, 21.767947854602259 ], [ 85.25181947922988, 21.761164083050563 ], [ 85.272945896017106, 21.757907341451617 ] ] } },
{ "type": "Feature", "properties": { "River_Name": "Rakmo Nala", "Basin": "Baitarani" }, "geometry": { "type": "LineString", "coordinates": [ [ 85.296903260755968, 21.754676243786953 ], [ 85.297004739387788, 21.756398884623149 ], [ 85.293556111376418, 21.758664787103431 ], [ 85.287115132030721, 21.760644825692815 ], [ 85.285049441681323, 21.766773394214486 ], [ 85.283011299304036, 21.766683448420789 ], [ 85.281758906606896, 21.77475146786082 ], [ 85.282775512221846, 21.782568571744054 ], [ 85.285500296718297, 21.785854993538493 ], [ 85.292495394674305, 21.786451369021048 ], [ 85.297388810276587, 21.789477733076058 ], [ 85.303027411536547, 21.787715722013512 ] ] } },
{ "type": "Feature", "properties": { "River_Name": "Badamgarh Nala", "Basin": "Baitarani" }, "geometry": { "type": "LineString", "coordinates": [ [ 85.283914310733735, 21.784771593619311 ], [ 85.279879891806843, 21.789672624573114 ], [ 85.26918383808956, 21.793288522001212 ], [ 85.264299439764045, 21.799721029452478 ], [ 85.260181346811237, 21.80226981516104 ], [ 85.259680985715221, 21.807133678654331 ], [ 85.255963922697163, 21.810503485341126 ], [ 85.256641208106288, 21.814317514198738 ] ] } },
{ "type": "Feature", "properties": { "River_Name": "Juruli Nala", "Basin": "Baitarani" }, "geometry": { "type": "LineString", "coordinates": [ [ 85.280646441328187, 21.788588114199097 ], [ 85.282642384287087, 21.794138874690375 ], [ 85.284508125499784, 21.794751199753133 ], [ 85.284204647731713, 21.797776780879587 ], [ 85.287170161481797, 21.801141204896222 ], [ 85.288576989686064, 21.808709895795996 ], [ 85.2912731965841, 21.811286651843677 ], [ 85.288286184153819, 21.825837339589995 ], [ 85.278329137707203, 21.838047223998107 ] ] } },
{ "type": "Feature", "properties": { "River_Name": "Khandadhar Nala", "Basin": "Baitarani" }, "geometry": { "type": "LineString", "coordinates": [ [ 85.313970428702504, 21.792841187997162 ], [ 85.314421004101575, 21.786609336575353 ], [ 85.32077081073534, 21.784704877607055 ], [ 85.324642300627048, 21.776848258063431 ], [ 85.322889830668871, 21.776389959667704 ], [ 85.320917641221016, 21.771236360857245 ], [ 85.323199279195535, 21.766903936550161 ], [ 85.321392231109343, 21.756656794724133 ], [ 85.323260281870915, 21.750693997849368 ], [ 85.321214099984743, 21.746377165098398 ], [ 85.322284527545662, 21.745105388341944 ] ] } },
{ "type": "Feature", "properties": { "River_Name": "Kunduru Nala", "Basin": "Baitarani" }, "geometry": { "type": "LineString", "coordinates": [ [ 85.342803398526883, 21.96895564536106 ], [ 85.34893334388579, 21.968785306565579 ], [ 85.349583708127838, 21.970950903571644 ], [ 85.353612313511661, 21.973792797331392 ], [ 85.36062587035191, 21.973393179393657 ], [ 85.366580390831459, 21.979173323801206 ], [ 85.371428771700707, 21.981529169661087 ] ] } },
{ "type": "Feature", "properties": { "River_Name": "Tapaikiri Nala", "Basin": "Baitarani" }, "geometry": { "type": "MultiLineString", "coordinates": [ [ [ 85.484178700453171, 21.944609503218402 ], [ 85.488616854839378, 21.939973633991261 ], [ 85.487959357251768, 21.933541238524533 ] ], [ [ 85.484178700453171, 21.944609503218402 ], [ 85.493811668335482, 21.946117970556674 ], [ 85.497643386817956, 21.942865582541106 ] ], [ [ 85.484178700453171, 21.944609503218402 ], [ 85.473317670065768, 21.947552094911902 ], [ 85.473861521569361, 21.949367943595828 ], [ 85.469622905396704, 21.950449381133343 ], [ 85.467322105391958, 21.953943447478558 ], [ 85.464746808056717, 21.953957386634862 ], [ 85.462401038358365, 21.957619625952571 ], [ 85.459074953173143, 21.958777782088049 ], [ 85.460139336250194, 21.960802721199467 ], [ 85.456981426171552, 21.961669470228856 ], [ 85.456624454076888, 21.964729917055259 ], [ 85.452430841249893, 21.96469032413895 ] ] ] } },
{ "type": "Feature", "properties": { "River_Name": "Kakarpani Nala", "Basin": "Baitarani" }, "geometry": { "type": "LineString", "coordinates": [ [ 85.372065609045265, 21.897713950712404 ], [ 85.365287649261049, 21.89998040500776 ], [ 85.358649916233588, 21.9057984230671 ], [ 85.358329335999017, 21.911597137013274 ], [ 85.362573811359198, 21.921463748479706 ], [ 85.362120272606361, 21.926580750109412 ], [ 85.36048524989198, 21.928077379403479 ], [ 85.361407244017187, 21.930519947870401 ], [ 85.35460662826523, 21.933670723514464 ], [ 85.352618552289144, 21.93969510227878 ], [ 85.349019437652956, 21.943356365241687 ], [ 85.349843358595763, 21.949411845858506 ] ] } },
{ "type": "Feature", "properties": { "River_Name": "Kalmanga Nala", "Basin": "Baitarani" }, "geometry": { "type": "LineString", "coordinates": [ [ 85.299804097487751, 21.943785937928006 ], [ 85.306547957385305, 21.947609176911389 ], [ 85.304889528728197, 21.950425867571614 ], [ 85.307286407278994, 21.952025754784557 ], [ 85.322309618116833, 21.953258365087475 ] ] } },
{ "type": "Feature", "properties": { "River_Name": "Barhgarhia Nala", "Basin": "Baitarani" }, "geometry": { "type": "LineString", "coordinates": [ [ 85.481973703375388, 21.784010257031397 ], [ 85.484876957469368, 21.795689230623513 ], [ 85.48976410715845, 21.800640896070288 ], [ 85.496736818715448, 21.802207981332568 ], [ 85.50035345494274, 21.805049951021765 ] ] } },
{ "type": "Feature", "properties": { "River_Name": "Gahirajala Nala", "Basin": "Baitarani" }, "geometry": { "type": "LineString", "coordinates": [ [ 85.317248587550012, 21.888280770528805 ], [ 85.319929270752482, 21.885199285700569 ], [ 85.323891830127849, 21.886703408691361 ], [ 85.330681026050769, 21.876062822896525 ], [ 85.336398382684493, 21.874139416389745 ], [ 85.337133410432997, 21.866028518373007 ], [ 85.339763854286673, 21.865133688209461 ], [ 85.343571321331495, 21.857685846193078 ], [ 85.345758519662198, 21.857615171569734 ], [ 85.348262931660074, 21.862953377720405 ], [ 85.35107544338841, 21.865220617905635 ] ] } },
{ "type": "Feature", "properties": { "River_Name": "Patarpagi Nala", "Basin": "Baitarani" }, "geometry": { "type": "LineString", "coordinates": [ [ 85.481806654631782, 21.643410865301611 ], [ 85.480348958263605, 21.646067834297668 ], [ 85.476857008536527, 21.646516017424698 ], [ 85.472328436953916, 21.655534187400601 ], [ 85.468866002083388, 21.657581790316733 ], [ 85.459631374692307, 21.670965101082921 ], [ 85.459641813326357, 21.673165486728781 ], [ 85.457161126173261, 21.6716891231214 ], [ 85.453216071725791, 21.674519245290519 ], [ 85.443329871986052, 21.674871245809324 ], [ 85.443115575392213, 21.673663538247343 ], [ 85.441196395947401, 21.675684084352721 ], [ 85.43900563387821, 21.673828651239564 ] ] } },
{ "type": "Feature", "properties": { "River_Name": "Tantei Nala", "Basin": "Baitarani" }, "geometry": { "type": "LineString", "coordinates": [ [ 85.258476131400769, 21.715571776240651 ], [ 85.26846684899472, 21.713099510710268 ], [ 85.272112699941218, 21.714496688251891 ], [ 85.281723896819514, 21.71090748059234 ] ] } },
{ "type": "Feature", "properties": { "River_Name": "Sian Nala", "Basin": "Baitarani" }, "geometry": { "type": "LineString", "coordinates": [ [ 85.239801661414901, 21.699578972821413 ], [ 85.244781001280415, 21.705209254225881 ], [ 85.250364026932075, 21.70393026660523 ], [ 85.265621051074888, 21.696315370058027 ], [ 85.275947495048911, 21.695788111199686 ], [ 85.27893870213083, 21.696993940027536 ] ] } },
{ "type": "Feature", "properties": { "River_Name": "Bainga Nala", "Basin": "Baitarani" }, "geometry": { "type": "LineString", "coordinates": [ [ 85.277005604786524, 21.691222069981848 ], [ 85.278744203770586, 21.697972070627774 ], [ 85.280418148040226, 21.698833730783477 ], [ 85.279480460596361, 21.704832518555275 ], [ 85.281783280613695, 21.711131907520233 ], [ 85.285695072268737, 21.712103435343593 ], [ 85.285646751632427, 21.714975562049094 ], [ 85.288957599973642, 21.715620911262835 ], [ 85.290999766993522, 21.718143021883602 ], [ 85.297940517681184, 21.719022549670189 ], [ 85.296892927922414, 21.721014102173854 ], [ 85.29889847242076, 21.721278924915044 ], [ 85.299724747225255, 21.723711006122038 ], [ 85.3022412218684, 21.723673626605482 ], [ 85.304091237456134, 21.726387457714011 ], [ 85.303379477895163, 21.732499030782375 ], [ 85.306870325879771, 21.731815851989374 ], [ 85.316294695344965, 21.735488011112079 ], [ 85.31669836782963, 21.734360249743577 ], [ 85.319696170128992, 21.734878884920256 ], [ 85.32264364366236, 21.731954517188253 ], [ 85.324926442209062, 21.732653185247027 ], [ 85.326289904992649, 21.736311296141331 ], [ 85.329949237818184, 21.737389084871648 ] ] } },
{ "type": "Feature", "properties": { "River_Name": "Dalki Nala", "Basin": "Baitarani" }, "geometry": { "type": "LineString", "coordinates": [ [ 85.26636327283596, 21.727578090205562 ], [ 85.275651558371251, 21.723512360743527 ], [ 85.278543664262685, 21.724230501076342 ], [ 85.285646751632427, 21.714975562049084 ] ] } },
{ "type": "Feature", "properties": { "River_Name": "Ghoramundia Nala", "Basin": "Baitarani" }, "geometry": { "type": "LineString", "coordinates": [ [ 85.265846105614642, 21.641246061219036 ], [ 85.262736418258896, 21.643462917248765 ], [ 85.257569528873333, 21.652238028805019 ], [ 85.253042760321108, 21.652237850331833 ], [ 85.246406542170348, 21.655784866413423 ], [ 85.235997177987898, 21.652018401985185 ], [ 85.230376855274713, 21.652794985133848 ], [ 85.228181485316128, 21.651505052110913 ], [ 85.22777482247669, 21.647127626542442 ] ] } },
{ "type": "Feature", "properties": { "River_Name": "Maljor nala", "Basin": "Baitarani" }, "geometry": { "type": "LineString", "coordinates": [ [ 85.302063414788691, 21.723686515075176 ], [ 85.312348668710072, 21.71363334195842 ], [ 85.321161167722394, 21.715662226044675 ], [ 85.326234592217574, 21.715166280490198 ], [ 85.331739502564631, 21.718038937323279 ] ] } },
{ "type": "Feature", "properties": { "River_Name": "Ganijora Nala", "Basin": "Baitarani" }, "geometry": { "type": "LineString", "coordinates": [ [ 85.555657252778957, 21.528889692795495 ], [ 85.554657835367053, 21.533087396613553 ], [ 85.555929762321242, 21.540077143521156 ], [ 85.554078756880642, 21.543761082274653 ], [ 85.545979559448725, 21.550286957363113 ], [ 85.539689153004545, 21.548320002946827 ], [ 85.536914931527591, 21.552382506876299 ], [ 85.534401678516474, 21.553340309478521 ], [ 85.532521676064434, 21.552296088115686 ], [ 85.53171838101656, 21.554690916762176 ], [ 85.525634483869311, 21.549988760296937 ], [ 85.524998126216616, 21.559865562626879 ], [ 85.522294767539094, 21.563175582892985 ], [ 85.511523504912191, 21.560904865951958 ], [ 85.505852455900168, 21.563327689153706 ], [ 85.506427174109305, 21.564587555277164 ], [ 85.499932969300971, 21.564550720374587 ], [ 85.498829609795536, 21.566905469922105 ], [ 85.486627070726442, 21.568675753414887 ], [ 85.483712176002769, 21.571700834159092 ], [ 85.482192095505681, 21.569690534662513 ], [ 85.479078381891284, 21.571173977927657 ], [ 85.477723869033611, 21.569146291382339 ], [ 85.476087274998946, 21.569807232545948 ], [ 85.468952401764511, 21.566325288470441 ], [ 85.465875812345018, 21.567438115577104 ], [ 85.465146712415304, 21.56640207874857 ], [ 85.46639298225611, 21.565896906044404 ], [ 85.464314550447597, 21.564886185332892 ] ] } },
{ "type": "Feature", "properties": { "River_Name": "Hira Nala", "Basin": "Baitarani" }, "geometry": { "type": "LineString", "coordinates": [ [ 85.446826720121422, 21.585531894446795 ], [ 85.447810388551702, 21.583081949778144 ], [ 85.445826979084089, 21.578044819510783 ], [ 85.447356157532056, 21.573421973366354 ], [ 85.444408105607621, 21.567601653646609 ], [ 85.446345393319277, 21.564866202597585 ], [ 85.445922865266624, 21.562593451959103 ], [ 85.441721022241495, 21.558638305981059 ], [ 85.436502860814244, 21.557436073773623 ], [ 85.432933570593619, 21.558771538132078 ], [ 85.431047285384608, 21.561919645718 ], [ 85.431962721473056, 21.565624613255828 ] ] } },
{ "type": "Feature", "properties": { "River_Name": "Damal nala", "Basin": "Baitarani" }, "geometry": { "type": "LineString", "coordinates": [ [ 85.402810179551196, 21.573125305953379 ], [ 85.40095479063838, 21.561318163339703 ], [ 85.395791205633799, 21.549865803775901 ], [ 85.396855604326376, 21.545901296092982 ], [ 85.399694561744425, 21.543065739492526 ] ] } },
{ "type": "Feature", "properties": { "River_Name": "Jalpa Nala", "Basin": "Baitarani" }, "geometry": { "type": "MultiLineString", "coordinates": [ [ [ 85.399867963749017, 21.576958523592019 ], [ 85.404632303930214, 21.571601533662857 ], [ 85.411106547979387, 21.569391315623488 ], [ 85.413077297876811, 21.561907970287336 ], [ 85.411353116225484, 21.555068219790201 ], [ 85.413297631509906, 21.55246642862765 ], [ 85.414035303676428, 21.546602198485502 ], [ 85.416868979560306, 21.543633193321021 ], [ 85.421975426599815, 21.542953345964989 ], [ 85.425367588628319, 21.538517984247214 ], [ 85.432454221135316, 21.534477219452636 ], [ 85.43809627219629, 21.518993312248796 ], [ 85.43803875808824, 21.515260505603187 ] ], [ [ 85.399867963749017, 21.576958523592019 ], [ 85.403141772666601, 21.576076249977245 ], [ 85.411339765588622, 21.577659379356795 ], [ 85.418629117190847, 21.575984569662197 ] ], [ [ 85.399867963749017, 21.576958523592019 ], [ 85.393382301733112, 21.579864764998931 ], [ 85.392873747532747, 21.578904583459725 ], [ 85.380582718195683, 21.582135300721198 ], [ 85.375675581659294, 21.581471453801644 ], [ 85.367435668944083, 21.587810449238525 ], [ 85.357627816410243, 21.600773122320899 ], [ 85.359562299545289, 21.601925877218545 ], [ 85.358947668884298, 21.607436186210212 ], [ 85.360161603897282, 21.613995428459262 ], [ 85.361132960486572, 21.61364265586829 ], [ 85.359918470713779, 21.615372902854276 ], [ 85.360890145247595, 21.617795178893974 ], [ 85.358201002135999, 21.618715258436271 ], [ 85.358728358695785, 21.621568671335925 ], [ 85.355966033952541, 21.622586361282952 ], [ 85.354620422210715, 21.627345996440035 ], [ 85.35274583956577, 21.627132223464201 ], [ 85.351766694176177, 21.629700523097494 ], [ 85.34625145752085, 21.627149924785204 ], [ 85.34504904764789, 21.628867815890501 ], [ 85.344925481177285, 21.627597368071097 ], [ 85.34301681467862, 21.628601712192712 ] ] ] } },
{ "type": "Feature", "properties": { "River_Name": "Tandijora Nala", "Basin": "Baitarani" }, "geometry": { "type": "LineString", "coordinates": [ [ 85.472476564879457, 21.552129616764855 ], [ 85.477159729020173, 21.54218981677278 ], [ 85.490375839479242, 21.537463663416503 ], [ 85.492836458810913, 21.534810764083542 ], [ 85.506245762653208, 21.532293339120699 ], [ 85.513034502494847, 21.521575340414213 ], [ 85.521693244531292, 21.520460280945535 ], [ 85.535656885780611, 21.512808035622914 ] ] } },
{ "type": "Feature", "properties": { "River_Name": "Ghumura Nala", "Basin": "Baitarani" }, "geometry": { "type": "LineString", "coordinates": [ [ 85.476025649731341, 21.525912102737653 ], [ 85.465971630902587, 21.515238558244185 ], [ 85.464404654417834, 21.503700171278577 ], [ 85.46263771206705, 21.500728199741406 ], [ 85.446782808691253, 21.497150492184829 ], [ 85.445238669537702, 21.494385381769291 ], [ 85.442235866076814, 21.49319670877756 ], [ 85.439353942986457, 21.493604624513093 ] ] } },
{ "type": "Feature", "properties": { "River_Name": "Pansuan Nala", "Basin": "Baitarani" }, "geometry": { "type": "LineString", "coordinates": [ [ 85.346670566537085, 21.722272169676508 ], [ 85.346073106506182, 21.72939390243894 ], [ 85.349553905667179, 21.739513996655262 ], [ 85.352870671329455, 21.741606426632352 ] ] } },
{ "type": "Feature", "properties": { "River_Name": "Phulbari Nala", "Basin": "Baitarani" }, "geometry": { "type": "LineString", "coordinates": [ [ 85.312348668710072, 21.71363334195842 ], [ 85.312220872199333, 21.708488222284842 ], [ 85.315940623278294, 21.700279586459306 ], [ 85.313089797450303, 21.687877439209359 ], [ 85.313860042632271, 21.683779363303252 ], [ 85.31153003768118, 21.679265684974183 ], [ 85.31238013336025, 21.675250826111526 ] ] } },
{ "type": "Feature", "properties": { "River_Name": "Jok Jorhi", "Basin": "Baitarani" }, "geometry": { "type": "LineString", "coordinates": [ [ 85.299716713184026, 21.601511463205497 ], [ 85.300597128317023, 21.605457017794457 ], [ 85.307940682731513, 21.61288476209938 ], [ 85.314357611186594, 21.61342378721875 ], [ 85.328545504452094, 21.623790978298846 ], [ 85.336119588482546, 21.624906687337869 ], [ 85.338994061752501, 21.626854474405015 ] ] } },
{ "type": "Feature", "properties": { "River_Name": "Jiani Nala", "Basin": "Baitarani" }, "geometry": { "type": "LineString", "coordinates": [ [ 85.282719157793423, 21.610125387318011 ], [ 85.284653291324531, 21.613387384475768 ], [ 85.291585631751758, 21.618384784290914 ], [ 85.295399620465005, 21.625360389540461 ], [ 85.300086066613176, 21.626812392266689 ], [ 85.303444230887422, 21.6305362131362 ], [ 85.309654655312016, 21.630024171168444 ], [ 85.315210321259826, 21.632695905503375 ] ] } },
{ "type": "Feature", "properties": { "River_Name": "River / Nala", "Basin": "Baitarani" }, "geometry": { "type": "LineString", "coordinates": [ [ 85.581393982375957, 21.816904431448553 ], [ 85.586062127407715, 21.812255336388873 ], [ 85.588009067993355, 21.813594705692534 ], [ 85.590114978168117, 21.812440165981197 ], [ 85.591183752067067, 21.808653481417018 ] ] } },
{ "type": "Feature", "properties": { "River_Name": "Barha Balia Nadi", "Basin": "Baitarani" }, "geometry": { "type": "LineString", "coordinates": [ [ 85.630671636668168, 21.469004361173699 ], [ 85.634736287005325, 21.465463630638112 ], [ 85.639882334409862, 21.466712542601535 ], [ 85.643670354472391, 21.465727533484795 ] ] } },
{ "type": "Feature", "properties": { "River_Name": "Barha Balia Nadi", "Basin": "Baitarani" }, "geometry": { "type": "LineString", "coordinates": [ [ 85.649555946275797, 21.463917408181512 ], [ 85.655616784646085, 21.460258121517974 ], [ 85.657523317768494, 21.454202647437828 ], [ 85.66459191350387, 21.451785485225589 ], [ 85.673302888206635, 21.451233359937504 ] ] } },
{ "type": "Feature", "properties": { "River_Name": "Tendra Nala", "Basin": "Baitarani" }, "geometry": { "type": "LineString", "coordinates": [ [ 86.165704920067597, 21.399103694296134 ], [ 86.154934501253422, 21.405303426806903 ], [ 86.154868459150961, 21.409291662488112 ], [ 86.158458487193485, 21.414500169566352 ], [ 86.157013358278959, 21.417665535557035 ], [ 86.16117736997046, 21.42339546971581 ], [ 86.157862576601985, 21.425829761629934 ], [ 86.15316232313269, 21.437223915489387 ], [ 86.147580827366426, 21.442253895659146 ], [ 86.144893044817422, 21.447220859741243 ], [ 86.137171611990979, 21.452159891347751 ], [ 86.133629606254644, 21.456322713785063 ], [ 86.124922807120853, 21.458555914431464 ], [ 86.124782725030613, 21.461916390643832 ] ] } },
{ "type": "Feature", "properties": { "River_Name": "River / Nala", "Basin": "Baitarani" }, "geometry": { "type": "LineString", "coordinates": [ [ 85.841176390154601, 21.601176600802539 ], [ 85.844567722821239, 21.604243235151102 ], [ 85.845904547391342, 21.61266658315553 ], [ 85.853093187219386, 21.614605794981475 ] ] } },
{ "type": "Feature", "properties": { "River_Name": "Janai Nala", "Basin": "Baitarani" }, "geometry": { "type": "MultiLineString", "coordinates": [ [ [ 85.713959227524185, 21.79698293316828 ], [ 85.719684253773465, 21.799814189522717 ], [ 85.724883572381714, 21.806517727168348 ] ], [ [ 85.724883572381714, 21.806517727168348 ], [ 85.736901473940591, 21.818530716943378 ], [ 85.745761610210891, 21.822237956009914 ], [ 85.752323592548834, 21.82987986739025 ], [ 85.763865139714966, 21.832538081202991 ], [ 85.763522731103606, 21.835168917140429 ], [ 85.767541634944578, 21.838302656555705 ], [ 85.766418171600478, 21.845389032463927 ], [ 85.77145462848442, 21.847703879106881 ], [ 85.772461696689021, 21.858201475840456 ], [ 85.778574018809209, 21.859359500487756 ], [ 85.777813080786373, 21.862338254956509 ], [ 85.788654191534633, 21.870206315853448 ], [ 85.793277322267869, 21.878348523429974 ], [ 85.798630949683201, 21.879722654976586 ], [ 85.797675299089406, 21.876118400062975 ], [ 85.799346885708744, 21.876215889545925 ] ], [ [ 85.715542590352996, 21.807270174593011 ], [ 85.724883572381714, 21.806517727168348 ] ] ] } },
{ "type": "Feature", "properties": { "River_Name": "Bhirol Nadi", "Basin": "Baitarani" }, "geometry": { "type": "MultiLineString", "coordinates": [ [ [ 86.078691557840585, 21.694103947798098 ], [ 86.093116143560479, 21.687572168997217 ], [ 86.099835786186532, 21.690979257358158 ], [ 86.105598026385024, 21.69855079663672 ], [ 86.106425532829306, 21.702504181789003 ], [ 86.104501349391128, 21.703474285391604 ], [ 86.105014685266738, 21.706896610138376 ], [ 86.111898337044167, 21.708828664284361 ], [ 86.11485212149681, 21.706792612393393 ], [ 86.119440616903461, 21.707823408869839 ], [ 86.12127861741007, 21.710611501148758 ], [ 86.122033966536037, 21.718636676000049 ], [ 86.126701694682723, 21.721520439147845 ], [ 86.12754523449162, 21.725829945900866 ], [ 86.131609276460679, 21.731612612307845 ] ], [ [ 86.131609276460679, 21.731612612307845 ], [ 86.134567025325495, 21.730740485313255 ], [ 86.139106313172391, 21.722425077890581 ], [ 86.156465232340736, 21.715158960525933 ] ], [ [ 86.131609276460679, 21.731612612307845 ], [ 86.132090078016219, 21.735557222690861 ], [ 86.129875781743124, 21.740179293175107 ], [ 86.124279231259877, 21.742555792046307 ] ] ] } },
{ "type": "Feature", "properties": { "River_Name": "Kantimuli Nala", "Basin": "Baitarani" }, "geometry": { "type": "MultiLineString", "coordinates": [ [ [ 86.121092195134509, 21.499129995990778 ], [ 86.123929174262756, 21.499752284565893 ], [ 86.12566228435935, 21.49782095965957 ], [ 86.130386074435833, 21.49743427493112 ], [ 86.132354228435631, 21.500539184181267 ], [ 86.139216319707572, 21.504202763779791 ], [ 86.142504426235504, 21.508853580314437 ], [ 86.146939953413423, 21.508911491038493 ] ], [ [ 86.146939953413423, 21.508911491038493 ], [ 86.150460371596822, 21.511683718217512 ], [ 86.151059951463523, 21.51620452570592 ], [ 86.147678768954748, 21.526549439704144 ], [ 86.142787091497738, 21.535165460305393 ] ], [ [ 86.146939953413423, 21.508911491038493 ], [ 86.148369509076204, 21.508187341561069 ], [ 86.150980793082525, 21.50982129567857 ], [ 86.152425914289907, 21.509054164072669 ], [ 86.155892700797182, 21.511180015023168 ], [ 86.158925481185463, 21.516831768868457 ], [ 86.169215050227933, 21.521329354998006 ], [ 86.176835294851287, 21.531779502734814 ], [ 86.186243639388209, 21.537906727532789 ] ] ] } },
{ "type": "Feature", "properties": { "River_Name": "Kundia Nadi", "Basin": "Baitarani" }, "geometry": { "type": "MultiLineString", "coordinates": [ [ [ 85.690108888317454, 21.743701227716144 ], [ 85.693203912974838, 21.744457849938311 ], [ 85.698650481269155, 21.741877376998296 ], [ 85.707133087313039, 21.744611000734693 ], [ 85.707827998868822, 21.749551530839131 ], [ 85.717118317762072, 21.763255195560447 ] ], [ [ 85.690263182639171, 21.743719754869137 ], [ 85.685997680807034, 21.743131201901718 ], [ 85.685766893376098, 21.741504158626629 ], [ 85.677929050014484, 21.736986763264952 ], [ 85.673438039581995, 21.728516493591435 ] ] ] } },
{ "type": "Feature", "properties": { "River_Name": "Kalkam Nala", "Basin": "Baitarani" }, "geometry": { "type": "MultiLineString", "coordinates": [ [ [ 86.212638258834858, 21.750153151074642 ], [ 86.214532506448279, 21.746232482884768 ], [ 86.220660878257618, 21.742805057882471 ], [ 86.227175035555547, 21.741817322030638 ], [ 86.230312523410547, 21.729182365927137 ] ], [ [ 86.212638258834858, 21.750153151074642 ], [ 86.216467174601561, 21.750143790879751 ] ], [ [ 86.172582832360192, 21.757277379113876 ], [ 86.17783717069571, 21.7535091775936 ], [ 86.181473914683608, 21.75378801305737 ], [ 86.186907216180373, 21.756912420922763 ], [ 86.195797232171316, 21.757195165744339 ], [ 86.200804688351553, 21.752211433910812 ], [ 86.204906295033084, 21.751515876888604 ], [ 86.208020238682892, 21.748898869637326 ], [ 86.212638258834858, 21.750153151074642 ] ] ] } },
{ "type": "Feature", "properties": { "River_Name": "Sana Kalinjara Nadi", "Basin": "Baitarani" }, "geometry": { "type": "LineString", "coordinates": [ [ 85.618490858870146, 21.446677362753299 ], [ 85.613397877336851, 21.446033235921551 ], [ 85.612686207090633, 21.443461401196824 ], [ 85.610508514003058, 21.443617478445468 ], [ 85.608142117988649, 21.440184050678997 ], [ 85.595392331407439, 21.439704172669305 ], [ 85.591436290996995, 21.436763902275118 ], [ 85.585423867325005, 21.438487916562902 ], [ 85.58513484086032, 21.436937720569119 ], [ 85.578304413548096, 21.432949511669211 ], [ 85.577021112493057, 21.427419617573584 ] ] } },
{ "type": "Feature", "properties": { "River_Name": "River / Nala", "Basin": "Baitarani" }, "geometry": { "type": "LineString", "coordinates": [ [ 85.705039526399645, 21.384197461713025 ], [ 85.709981670775548, 21.379646489475821 ], [ 85.715472961763041, 21.377463724682599 ] ] } },
{ "type": "Feature", "properties": { "River_Name": "River / Nala", "Basin": "Baitarani" }, "geometry": { "type": "LineString", "coordinates": [ [ 85.746617441655175, 21.260513345920334 ], [ 85.736858945263648, 21.261478116075608 ], [ 85.730648820897088, 21.264901993481772 ], [ 85.728073487545473, 21.261928317048515 ], [ 85.728065006354569, 21.255790279313906 ], [ 85.720724324654654, 21.250184746811286 ] ] } },
{ "type": "Feature", "properties": { "River_Name": "Kharkhai Nala", "Basin": "Baitarani" }, "geometry": { "type": "LineString", "coordinates": [ [ 85.822917146606656, 21.760425909530678 ], [ 85.826283885694195, 21.760910944942125 ], [ 85.827668528587708, 21.763693284920318 ], [ 85.836534674093798, 21.765237755994281 ], [ 85.841550841342084, 21.758724056145763 ], [ 85.854062426904548, 21.760328922618427 ], [ 85.860658373260634, 21.754518674025508 ], [ 85.874098716773318, 21.753487313645227 ] ] } },
{ "type": "Feature", "properties": { "River_Name": "Pitalsil Nadi", "Basin": "Baitarani" }, "geometry": { "type": "LineString", "coordinates": [ [ 86.263280790541103, 21.817756529488015 ], [ 86.268373704929658, 21.811536385170076 ], [ 86.274292328797472, 21.81042949280539 ], [ 86.275549466712178, 21.807824786568329 ], [ 86.281541053322073, 21.804365873922798 ], [ 86.286720577502578, 21.803570832141624 ], [ 86.28785187872738, 21.801510474025822 ], [ 86.290890101973645, 21.80515205674282 ], [ 86.292749217224838, 21.80498792463553 ], [ 86.294622304329891, 21.801969782119588 ], [ 86.295151879496771, 21.803592683832395 ], [ 86.302941653126737, 21.802894300368887 ], [ 86.309474904704231, 21.804800541646539 ], [ 86.313555112385828, 21.803702060871398 ], [ 86.32457721426529, 21.808552074599458 ], [ 86.336626987857031, 21.809975361644238 ], [ 86.345664421532007, 21.806832262349506 ], [ 86.358118673329244, 21.806546486338735 ] ] } },
{ "type": "Feature", "properties": { "River_Name": "Champa Jharan", "Basin": "Baitarani" }, "geometry": { "type": "LineString", "coordinates": [ [ 86.217164307960928, 21.878603314590169 ], [ 86.21796017080149, 21.876936851316266 ], [ 86.222714120858612, 21.876768129081228 ], [ 86.228259205348266, 21.8742509426236 ], [ 86.22916828760728, 21.877592825590089 ], [ 86.235895195347425, 21.879153946214693 ], [ 86.239938404920508, 21.886988874030074 ], [ 86.241640920620796, 21.887104285970167 ], [ 86.243313863060592, 21.890398619028048 ], [ 86.248891350519671, 21.891511735535719 ], [ 86.263209648158224, 21.908353436751128 ] ] } },
{ "type": "Feature", "properties": { "River_Name": "Mahadeba Nala", "Basin": "Baitarani" }, "geometry": { "type": "LineString", "coordinates": [ [ 85.482097406530812, 22.04912000741832 ], [ 85.479874820204898, 22.053620907289798 ], [ 85.481183766972634, 22.059239477847793 ], [ 85.478295193477621, 22.061807933791105 ], [ 85.479693615057599, 22.066251575563367 ], [ 85.478018552824352, 22.070140885912419 ], [ 85.479573802634704, 22.0699976258174 ], [ 85.478499899902431, 22.072597269500321 ], [ 85.48319724501664, 22.077860168882172 ], [ 85.48269388579827, 22.080336082493609 ], [ 85.485015836933371, 22.086207778724614 ], [ 85.485168942733821, 22.092045019898563 ], [ 85.483226060384666, 22.095324880804874 ], [ 85.483894909317868, 22.100406955356149 ], [ 85.481807571495523, 22.104230315143333 ], [ 85.474472291446887, 22.108119419244748 ], [ 85.471597141097149, 22.107906139587922 ], [ 85.468972758362099, 22.112971734781283 ], [ 85.466119301778861, 22.113590190732094 ], [ 85.460423916439865, 22.109507484418771 ], [ 85.457916929216253, 22.105153615902463 ], [ 85.450698384892021, 22.101113563682507 ], [ 85.449913034015353, 22.097768244331686 ] ] } },
{ "type": "Feature", "properties": { "River_Name": "Kaptipinchha Nala", "Basin": "Baitarani" }, "geometry": { "type": "LineString", "coordinates": [ [ 85.231098510259187, 21.760552129280757 ], [ 85.236765162144351, 21.753188011486721 ], [ 85.238604781878109, 21.75336293509746 ], [ 85.248945160410841, 21.743903516569631 ], [ 85.253490455758609, 21.742130705288304 ], [ 85.258133894128107, 21.742376597895731 ] ] } },
{ "type": "Feature", "properties": { "River_Name": "River / Nala", "Basin": "Baitarani" }, "geometry": { "type": "LineString", "coordinates": [ [ 85.594057965077667, 21.81135496448421 ], [ 85.596617767277678, 21.809182261304446 ], [ 85.60048061527003, 21.80942089244046 ] ] } },
{ "type": "Feature", "properties": { "River_Name": "Hanumantia Nala", "Basin": "Baitarani" }, "geometry": { "type": "MultiLineString", "coordinates": [ [ [ 85.703149360091246, 21.599039865712783 ], [ 85.69916314871432, 21.601674868735994 ], [ 85.69419101988278, 21.601815176556105 ], [ 85.693439378935736, 21.600136233928872 ], [ 85.691262674225811, 21.602043125258572 ], [ 85.681756743785897, 21.603306512007578 ], [ 85.680422385539757, 21.605191431595944 ] ], [ [ 85.680422385539757, 21.605191431595944 ], [ 85.680190756785052, 21.607052689081357 ] ], [ [ 85.680422385539757, 21.605191431595944 ], [ 85.67504801987873, 21.605637293323106 ], [ 85.673622433852103, 21.607260724075918 ], [ 85.673932585661788, 21.610245971923039 ], [ 85.671334640060053, 21.61149674231622 ], [ 85.66852618455988, 21.608376791920623 ], [ 85.658216608930701, 21.609147193848532 ] ], [ [ 85.680190756785052, 21.607052689081357 ], [ 85.680200299706371, 21.607063281005352 ], [ 85.680169805775918, 21.607043918681292 ], [ 85.680190756785052, 21.607052689081357 ] ], [ [ 85.680190756785052, 21.607052689081357 ], [ 85.68033275813174, 21.607112132816688 ] ] ] } },
{ "type": "Feature", "properties": { "River_Name": "River / Nala", "Basin": "Baitarani" }, "geometry": { "type": "LineString", "coordinates": [ [ 85.836398193047216, 21.302444912752133 ], [ 85.837130479200667, 21.305153928533283 ], [ 85.834979304821204, 21.308822967009792 ], [ 85.837811435885826, 21.313962455066761 ] ] } },
{ "type": "Feature", "properties": { "River_Name": "Patabil Nala", "Basin": "Baitarani" }, "geometry": { "type": "LineString", "coordinates": [ [ 86.235731151022108, 21.684033901480394 ], [ 86.237778908476471, 21.687109911770481 ], [ 86.25394135177072, 21.691309160103518 ], [ 86.258540052446889, 21.695288190547181 ], [ 86.264023520427941, 21.695283362488599 ] ] } },
{ "type": "Feature", "properties": { "River_Name": "Taradiha Nala", "Basin": "Baitarani" }, "geometry": { "type": "LineString", "coordinates": [ [ 86.109264722321612, 21.306820798903765 ], [ 86.104607185450789, 21.301137544997804 ], [ 86.105160964428606, 21.298737791788572 ], [ 86.106661829165489, 21.296532291747319 ], [ 86.109305362711723, 21.296284487028359 ], [ 86.108435076400326, 21.292527381074002 ], [ 86.114394524106487, 21.283734289093303 ], [ 86.11244172037766, 21.276513374593637 ], [ 86.113629882653214, 21.273909863744628 ], [ 86.124405834225414, 21.269831688825867 ], [ 86.125740078045268, 21.266328099768248 ], [ 86.123982836089894, 21.263821617358978 ], [ 86.125483627890304, 21.263101007310908 ], [ 86.124437507462929, 21.259991044450835 ] ] } },
{ "type": "Feature", "properties": { "River_Name": "River / Nala", "Basin": "Baitarani" }, "geometry": { "type": "LineString", "coordinates": [ [ 85.808289047811826, 21.125868147180785 ], [ 85.802538328844278, 21.123629643100113 ], [ 85.801254356630054, 21.125601816658616 ], [ 85.788882398253108, 21.125966164871571 ], [ 85.78479361600553, 21.123062639200519 ], [ 85.779236490677903, 21.125651352118908 ], [ 85.772794275045754, 21.125141580834764 ] ] } },
{ "type": "Feature", "properties": { "River_Name": "River / Nala", "Basin": "Baitarani" }, "geometry": { "type": "LineString", "coordinates": [ [ 86.129699907615162, 21.930605401802499 ], [ 86.128644029512373, 21.927344221356652 ], [ 86.126771566110392, 21.926414217093782 ], [ 86.126979541615455, 21.920814194215772 ], [ 86.124459011808938, 21.91851604700032 ], [ 86.125306524568586, 21.914677090073209 ], [ 86.123802378566182, 21.909115006665065 ] ] } },
{ "type": "Feature", "properties": { "River_Name": "River / Nala", "Basin": "Baitarani" }, "geometry": { "type": "LineString", "coordinates": [ [ 86.117676151674488, 21.906620913650887 ], [ 86.11273189031769, 21.902662563212459 ], [ 86.114810532371195, 21.897945184237713 ], [ 86.130541160915129, 21.89191315342978 ], [ 86.134521458325821, 21.88674442717457 ] ] } },
{ "type": "Feature", "properties": { "River_Name": "River / Nala", "Basin": "Baitarani" }, "geometry": { "type": "LineString", "coordinates": [ [ 86.518997430471742, 20.888494736645693 ], [ 86.522354501795519, 20.892671453524617 ], [ 86.528388038105462, 20.888755977471334 ], [ 86.531794206407767, 20.891004836725919 ], [ 86.535868554650648, 20.891058023932494 ], [ 86.537060852996731, 20.886285877390947 ], [ 86.542963671132696, 20.88157234808401 ], [ 86.545796689272606, 20.885269670405485 ], [ 86.550570016549912, 20.882635238168522 ] ] } },
{ "type": "Feature", "properties": { "River_Name": "Kundi Nala", "Basin": "Baitarani" }, "geometry": { "type": "LineString", "coordinates": [ [ 86.653806860564984, 21.029631116753727 ], [ 86.65002796251737, 21.028605584215509 ], [ 86.642894450680103, 21.03088035227124 ], [ 86.637495207827371, 21.027475650367695 ], [ 86.631029557844499, 21.027583875373182 ], [ 86.630017312354383, 21.02429401308563 ], [ 86.628150526075046, 21.023557886155341 ], [ 86.628596708634632, 21.0186895756969 ], [ 86.621799245399387, 21.017050529320432 ], [ 86.614806724280754, 21.022505154798267 ], [ 86.612119983625618, 21.021657868018934 ], [ 86.610131862317033, 21.02278105998716 ], [ 86.606974754590155, 21.027421328654061 ], [ 86.604262308622097, 21.027145650030086 ], [ 86.603249601362904, 21.031893286466008 ], [ 86.601219752671099, 21.03092535172188 ], [ 86.588825518809088, 21.032925542488609 ], [ 86.589091868741633, 21.034342128299464 ], [ 86.585846689652598, 21.031232994751313 ], [ 86.584460579722716, 21.032727528981315 ], [ 86.578171957193987, 21.032232462936843 ], [ 86.575392015946676, 21.035050511529917 ], [ 86.570750801593491, 21.031471538920798 ], [ 86.571061222985506, 21.033314564753109 ], [ 86.566631552178862, 21.033960454168952 ], [ 86.560114048510059, 21.039847072720246 ], [ 86.554429182492996, 21.040921403031213 ], [ 86.554950621374871, 21.042352107175606 ], [ 86.547303280862394, 21.050374628717869 ], [ 86.543611619587836, 21.056818480255632 ], [ 86.536495062161592, 21.055473840029396 ], [ 86.531220768436469, 21.052560095777018 ] ] } },
{ "type": "Feature", "properties": { "River_Name": "Dhola Nadi", "Basin": "Baitarani" }, "geometry": { "type": "LineString", "coordinates": [ [ 86.608924039623318, 21.060114283526548 ], [ 86.606221067009145, 21.062242009172017 ], [ 86.606571395843545, 21.063821733197347 ], [ 86.604390155829677, 21.064048814105231 ], [ 86.605345874284993, 21.06491549090077 ], [ 86.598361953635489, 21.069466092637931 ], [ 86.59891449864341, 21.071584982652801 ], [ 86.595665147370397, 21.070711803863727 ], [ 86.591930774820383, 21.07442320805507 ], [ 86.589923677268729, 21.073406809457204 ], [ 86.590928559222846, 21.075960115638761 ], [ 86.58730212983555, 21.076932489608797 ], [ 86.587942903183176, 21.07816814179678 ], [ 86.585763065509767, 21.079584036454271 ], [ 86.581963935871158, 21.087602224269169 ], [ 86.57957484409944, 21.087171219492799 ], [ 86.579202984925161, 21.089135630646965 ], [ 86.577139361822191, 21.088573132435922 ], [ 86.576296679414384, 21.090841080289177 ], [ 86.570328364415985, 21.093615772026482 ], [ 86.56996241024811, 21.096293415311507 ], [ 86.566709319255253, 21.099962223521345 ], [ 86.568236671096372, 21.100497922740924 ], [ 86.568141139503965, 21.102951118462315 ], [ 86.565975781879203, 21.104128507762077 ], [ 86.563834137672018, 21.102379796290077 ] ] } },
{ "type": "Feature", "properties": { "River_Name": "River / Nala", "Basin": "Baitarani" }, "geometry": { "type": "LineString", "coordinates": [ [ 86.540407298839909, 20.771250449198803 ], [ 86.54674606797154, 20.77158100238654 ], [ 86.548246151501914, 20.768371682239678 ] ] } },
{ "type": "Feature", "properties": { "River_Name": "River / Nala", "Basin": "Baitarani" }, "geometry": { "type": "LineString", "coordinates": [ [ 86.540208728114195, 20.771350326895579 ], [ 86.541652401952405, 20.774693125979919 ] ] } },
{ "type": "Feature", "properties": { "River_Name": "River / Nala", "Basin": "Baitarani" }, "geometry": { "type": "LineString", "coordinates": [ [ 86.529954015515287, 20.769924018251618 ], [ 86.53571968817684, 20.770530198664726 ] ] } },
{ "type": "Feature", "properties": { "River_Name": "Kendua Nadi", "Basin": "Baitarani" }, "geometry": { "type": "LineString", "coordinates": [ [ 86.49985113358143, 20.776709830603188 ], [ 86.493176305694092, 20.780562286804695 ], [ 86.49288424967115, 20.783237093646001 ], [ 86.488797713308529, 20.785793014025192 ], [ 86.486803594817033, 20.790291876660653 ], [ 86.479131283910462, 20.791674289940605 ], [ 86.477374443526699, 20.79518904154483 ], [ 86.479447666110318, 20.796680952783472 ], [ 86.475963841412167, 20.797882112466556 ], [ 86.473655452031906, 20.802773305329577 ], [ 86.463107376921087, 20.80354005844292 ], [ 86.464148433032861, 20.807896522499036 ], [ 86.456659969196778, 20.808367443738074 ], [ 86.452892715284861, 20.805444931062915 ], [ 86.443011150174399, 20.804192315619375 ], [ 86.440866698441596, 20.801333927079764 ], [ 86.43935638104719, 20.807669838801836 ], [ 86.432880750302118, 20.807316958940103 ], [ 86.431136491608768, 20.813542687888209 ], [ 86.432636779858512, 20.814128924922727 ], [ 86.431884506441421, 20.817368147443872 ], [ 86.42795846906445, 20.82134425705717 ], [ 86.419595797190041, 20.820894888822547 ], [ 86.412959544867419, 20.816674562141603 ] ] } },
{ "type": "Feature", "properties": { "River_Name": "River / Nala", "Basin": "Baitarani" }, "geometry": { "type": "LineString", "coordinates": [ [ 86.656122696229033, 20.761015358739972 ], [ 86.654348300592048, 20.773273629230772 ], [ 86.655383432368154, 20.775992017976058 ], [ 86.65414952289953, 20.776848040172776 ], [ 86.655874898967582, 20.776757756126965 ], [ 86.658646410488601, 20.784830585717934 ], [ 86.659980736139175, 20.784190746936876 ] ] } },
{ "type": "Feature", "properties": { "River_Name": "River / Nala", "Basin": "Baitarani" }, "geometry": { "type": "LineString", "coordinates": [ [ 86.649075692871278, 20.796117911036927 ], [ 86.649569864127002, 20.789668708018741 ], [ 86.640468997287954, 20.78322031531815 ] ] } },
{ "type": "Feature", "properties": { "River_Name": "River / Nala", "Basin": "Baitarani" }, "geometry": { "type": "LineString", "coordinates": [ [ 86.584758238248938, 20.766952328324038 ], [ 86.584174233843584, 20.762521087387601 ], [ 86.578328123124521, 20.761759298089789 ], [ 86.578633035952222, 20.758594320044335 ], [ 86.576472813516261, 20.75627943306954 ], [ 86.571544249858661, 20.753099538236572 ], [ 86.568944674194114, 20.753312535908481 ], [ 86.566778522234841, 20.75085501411861 ] ] } },
{ "type": "Feature", "properties": { "River_Name": "River / Nala", "Basin": "Baitarani" }, "geometry": { "type": "LineString", "coordinates": [ [ 86.584174233843584, 20.762521087387601 ], [ 86.583489457975347, 20.754177275996163 ], [ 86.589152439828126, 20.754220558258325 ] ] } },
{ "type": "Feature", "properties": { "River_Name": "River / Nala", "Basin": "Baitarani" }, "geometry": { "type": "LineString", "coordinates": [ [ 86.566730875729434, 20.76168872559062 ], [ 86.568872192607017, 20.758826241549809 ] ] } },
{ "type": "Feature", "properties": { "River_Name": "River / Nala", "Basin": "Baitarani" }, "geometry": { "type": "LineString", "coordinates": [ [ 86.717951590453154, 20.83488065103063 ], [ 86.718204563369852, 20.837445735176807 ], [ 86.71091106207632, 20.844720281239709 ], [ 86.700777979121185, 20.848491168834958 ], [ 86.698679570145757, 20.850653290934698 ] ] } },
{ "type": "Feature", "properties": { "River_Name": "River / Nala", "Basin": "Baitarani" }, "geometry": { "type": "LineString", "coordinates": [ [ 86.715361931022713, 20.814927292701842 ], [ 86.715028402111628, 20.816539545120644 ], [ 86.712941309800982, 20.816228517743248 ], [ 86.705928728188638, 20.819853920878565 ], [ 86.704778606809228, 20.823167936212332 ], [ 86.708584527999932, 20.830949273249281 ], [ 86.717951590453154, 20.83488065103063 ] ] } },
{ "type": "Feature", "properties": { "River_Name": "River / Nala", "Basin": "Baitarani" }, "geometry": { "type": "LineString", "coordinates": [ [ 86.68016895893615, 20.795191517695606 ], [ 86.684715377254861, 20.802973456637144 ], [ 86.68921779715113, 20.801714668749863 ], [ 86.691679508887802, 20.803540369324832 ], [ 86.693206059406393, 20.801712132569385 ], [ 86.696835407299432, 20.801875610535216 ], [ 86.707792053338835, 20.813984825592446 ], [ 86.708064114218843, 20.819247753021713 ] ] } },
{ "type": "Feature", "properties": { "River_Name": "River / Nala", "Basin": "Baitarani" }, "geometry": { "type": "LineString", "coordinates": [ [ 86.577176603703393, 20.81278138144571 ], [ 86.586762831807633, 20.81256567898085 ] ] } },
{ "type": "Feature", "properties": { "River_Name": "River / Nala", "Basin": "Baitarani" }, "geometry": { "type": "LineString", "coordinates": [ [ 86.589776745508615, 20.811040517703333 ], [ 86.594568725995828, 20.810787367496545 ], [ 86.596288404526646, 20.818645933353977 ] ] } },
{ "type": "Feature", "properties": { "River_Name": "River / Nala", "Basin": "Baitarani" }, "geometry": { "type": "LineString", "coordinates": [ [ 86.592977681724435, 20.819155781245254 ], [ 86.596288404526646, 20.818645933353977 ] ] } },
{ "type": "Feature", "properties": { "River_Name": "Kapali Nadi", "Basin": "Baitarani" }, "geometry": { "type": "LineString", "coordinates": [ [ 86.426450550939208, 21.041044464334639 ], [ 86.423036255021159, 21.043791756034771 ], [ 86.424726802534622, 21.047553069264485 ], [ 86.419353920045666, 21.054834087691081 ], [ 86.417955937503265, 21.060709681793675 ], [ 86.41226669489042, 21.064206130167968 ], [ 86.410955690237728, 21.067490436564832 ], [ 86.40645102028472, 21.067612044642846 ], [ 86.407143527481679, 21.077196108903973 ], [ 86.400451099702892, 21.080373227216036 ], [ 86.40159637232297, 21.083303679783828 ], [ 86.398679365065433, 21.090636505232673 ], [ 86.394591618298946, 21.090488718202444 ], [ 86.393471954196229, 21.08874662854836 ], [ 86.389758502984989, 21.09009902404312 ], [ 86.390660372932516, 21.092110976581246 ], [ 86.387578820039678, 21.093344505288119 ], [ 86.385209784628145, 21.096930106007086 ], [ 86.38335644012902, 21.096499977835634 ], [ 86.379380372734545, 21.104213511084779 ], [ 86.37491122310422, 21.104594873842906 ], [ 86.371951472947487, 21.102731138984282 ], [ 86.369213595307684, 21.103666100652692 ], [ 86.367071189041638, 21.102437792878643 ], [ 86.365189230746253, 21.103721329839932 ], [ 86.358710135737383, 21.101798450172975 ], [ 86.354167483919738, 21.104037559738764 ], [ 86.354080775646153, 21.105587086882984 ], [ 86.352361653450146, 21.105912873830903 ], [ 86.353440281907908, 21.107894731636126 ], [ 86.352081276167326, 21.109491707779323 ], [ 86.347262564579026, 21.111241423180534 ], [ 86.348311769072723, 21.112534525810798 ], [ 86.346473153326571, 21.11483924686862 ], [ 86.347059175451591, 21.116625401126367 ], [ 86.342812002905276, 21.119828699702282 ], [ 86.34012478207066, 21.119571932925073 ], [ 86.334415304484892, 21.124352068152316 ], [ 86.336581765752229, 21.127935066371219 ], [ 86.335956440727344, 21.129409518617667 ], [ 86.333559756368544, 21.13118779431359 ], [ 86.329417517027508, 21.127297588919134 ], [ 86.328774473943625, 21.130152508631809 ], [ 86.326335199237221, 21.130933103342628 ], [ 86.326822183087302, 21.1333891695106 ], [ 86.321888715954643, 21.1342624236066 ], [ 86.323151686280539, 21.139377975543749 ], [ 86.321050909306791, 21.145118120833526 ], [ 86.319302797689062, 21.145373393298755 ], [ 86.320188769573804, 21.14821910515046 ], [ 86.318423939109181, 21.149878629806395 ], [ 86.319013930175245, 21.151759938339957 ], [ 86.316375882732856, 21.152072053892073 ], [ 86.312068541596304, 21.157489703861064 ], [ 86.295329268775632, 21.169149432711787 ] ] } },
{ "type": "Feature", "properties": { "River_Name": "Kantijharia nala", "Basin": "Brahmani" }, "geometry": { "type": "MultiLineString", "coordinates": [ [ [ 84.432232142697941, 22.227774967100306 ], [ 84.433864110566915, 22.232404915673776 ], [ 84.433934592299579, 22.233060544019224 ], [ 84.43400613801353, 22.234190148698936 ], [ 84.43400281242431, 22.234190096195821 ] ], [ [ 84.434001373109524, 22.234185559572015 ], [ 84.43400281242431, 22.234190096195821 ] ], [ [ 84.43400281242431, 22.234190096195821 ], [ 84.434001290912903, 22.234190072174762 ] ], [ [ 84.43400281242431, 22.234190096195821 ], [ 84.43306913716377, 22.240377447067992 ], [ 84.435773660937031, 22.247624332801138 ], [ 84.433970432881878, 22.249996980934689 ] ], [ [ 84.43394787646973, 22.250037339934185 ], [ 84.437861290226465, 22.263591250205874 ], [ 84.440423365140049, 22.264994497959933 ], [ 84.440556489609705, 22.269708478707518 ], [ 84.444680471097172, 22.270415688793115 ], [ 84.448481076965891, 22.274310861151868 ], [ 84.448205828584321, 22.276826022244393 ], [ 84.452514222794051, 22.277284615784289 ], [ 84.456611820982232, 22.282281084793208 ], [ 84.462271089374283, 22.285669211706647 ] ] ] } },
{ "type": "Feature", "properties": { "River_Name": "Kalosihiria Nala", "Basin": "Brahmani" }, "geometry": { "type": "MultiLineString", "coordinates": [ [ [ 84.783134003871695, 22.342712969959198 ], [ 84.78215319618873, 22.343209065988425 ], [ 84.784033993375672, 22.339611425033901 ], [ 84.782006617895675, 22.337352611218716 ], [ 84.783114098889428, 22.336165695385759 ], [ 84.780940304229205, 22.335152994449707 ], [ 84.778294483161474, 22.329109959775316 ], [ 84.78085409924357, 22.319249948898165 ], [ 84.782033349692327, 22.319259680499158 ], [ 84.781372821451399, 22.31284755523939 ], [ 84.786353247080214, 22.310488811625273 ], [ 84.789778797398085, 22.303424164916603 ], [ 84.789547703415934, 22.300443926628908 ], [ 84.791056619316421, 22.30070656440396 ], [ 84.795987298607386, 22.291159180924421 ], [ 84.799510729201828, 22.289494661439072 ], [ 84.79801680346219, 22.288690273959062 ], [ 84.799591541812831, 22.283701544559786 ], [ 84.797199729749138, 22.283411393930582 ], [ 84.797275034438812, 22.278977321929389 ], [ 84.803118102270872, 22.275607068233818 ], [ 84.803582837238793, 22.269114462119912 ] ], [ [ 84.785409193805421, 22.344817150569181 ], [ 84.783153467772607, 22.34272199487916 ] ] ] } },
{ "type": "Feature", "properties": { "River_Name": "Jhiria Nala", "Basin": "Brahmani" }, "geometry": { "type": "LineString", "coordinates": [ [ 84.857608663130321, 22.325815035874321 ], [ 84.852339031852864, 22.319822540582027 ], [ 84.854241962148407, 22.316422788824763 ], [ 84.853335285332534, 22.311636341957726 ], [ 84.850089705719427, 22.306759301288341 ], [ 84.854292975049646, 22.300438390190475 ], [ 84.859053277127884, 22.299441120418603 ], [ 84.864056526570906, 22.293892124314556 ], [ 84.864682676329011, 22.291038479777072 ], [ 84.859841031081032, 22.285159086638618 ], [ 84.852015127721572, 22.284191813341575 ], [ 84.848891318854129, 22.280380359322045 ], [ 84.854155567079388, 22.279274919201296 ] ] } },
{ "type": "Feature", "properties": { "River_Name": "River / Nala", "Basin": "Brahmani" }, "geometry": { "type": "MultiLineString", "coordinates": [ [ [ 84.969389492617992, 22.435940084987305 ], [ 84.965730543838347, 22.433531039342817 ], [ 84.965309598993414, 22.428392887657743 ], [ 84.957020890370416, 22.423263302635664 ], [ 84.956664231699619, 22.419574550465629 ], [ 84.954420026285106, 22.418677096561389 ], [ 84.954190745684613, 22.416925263554667 ], [ 84.949683883504335, 22.416602277367101 ], [ 84.945330500944038, 22.41247724781552 ], [ 84.944095273266171, 22.408991951880058 ], [ 84.936806127430017, 22.408854881606405 ], [ 84.933947505722983, 22.401094156451478 ], [ 84.929601129656177, 22.400079739555359 ], [ 84.929837070114743, 22.394692896104253 ], [ 84.936931908658607, 22.385321113428645 ], [ 84.931349508647031, 22.37626546055472 ], [ 84.931692610587675, 22.37204347269012 ], [ 84.93346437380815, 22.371532624533241 ], [ 84.93193846785698, 22.366331740635431 ] ], [ [ 84.981559455744218, 22.439842821454608 ], [ 84.96948185177304, 22.436021343218822 ] ] ] } },
{ "type": "Feature", "properties": { "River_Name": "River / Nala", "Basin": "Brahmani" }, "geometry": { "type": "MultiLineString", "coordinates": [ [ [ 84.747905670296305, 22.256612852647237 ], [ 84.748525965566259, 22.254837988985475 ] ], [ [ 84.747901110796306, 22.25661287972175 ], [ 84.746009461788717, 22.256844606774827 ], [ 84.744731183948133, 22.259640560720804 ], [ 84.744981665058745, 22.263216554487229 ], [ 84.742237122129197, 22.264731178193209 ], [ 84.736623728286702, 22.263953899816027 ], [ 84.73466640005735, 22.26712502213277 ], [ 84.730933924608181, 22.264671139463708 ], [ 84.73099537625508, 22.268956167873615 ], [ 84.725312144021103, 22.27254040481861 ], [ 84.726721301086499, 22.275650646230449 ], [ 84.726361079623501, 22.280744185709136 ], [ 84.724813376403233, 22.280731614611341 ], [ 84.725571814788125, 22.282916555537355 ], [ 84.724036138191508, 22.28633557879316 ], [ 84.718308557356494, 22.290145420195429 ], [ 84.717844640100225, 22.292949746203995 ], [ 84.719475624222952, 22.293978255767044 ], [ 84.717521244471584, 22.295577811768183 ], [ 84.718963995476955, 22.298155240874237 ], [ 84.716257391866449, 22.299574628350488 ], [ 84.717448287144123, 22.302806925714609 ], [ 84.715372309804707, 22.304135575357883 ], [ 84.714472115018722, 22.307951580093221 ], [ 84.710504427831168, 22.310861554984118 ], [ 84.708775927702277, 22.309385985917196 ], [ 84.706010227175128, 22.309960759826502 ], [ 84.707866645160436, 22.314493232194327 ], [ 84.707025099690611, 22.319541832798247 ], [ 84.703351931274497, 22.320573122422687 ], [ 84.705255338428202, 22.322382866292596 ], [ 84.702640390267916, 22.324005076155803 ], [ 84.703743466708673, 22.326515156776829 ], [ 84.70321027267714, 22.327594511276772 ], [ 84.702078827871233, 22.326579137802824 ], [ 84.701222221030733, 22.33105873212763 ], [ 84.704330776400283, 22.33528360462698 ], [ 84.703239498594016, 22.336652279863202 ], [ 84.701627660232575, 22.335826737815427 ], [ 84.700707651729616, 22.340035453688511 ], [ 84.698800663778542, 22.341011667132811 ], [ 84.699574277295739, 22.344519671358334 ] ] ] } },
{ "type": "Feature", "properties": { "River_Name": "River / Nala", "Basin": "Brahmani" }, "geometry": { "type": "LineString", "coordinates": [ [ 84.967422583586838, 22.339575712311337 ], [ 84.962301777410872, 22.339438496481833 ], [ 84.956351271681172, 22.331169448053089 ], [ 84.950332562149498, 22.330463389626058 ], [ 84.944875321007913, 22.326293717293918 ], [ 84.945198201915971, 22.321624671722848 ], [ 84.943508778362713, 22.320550701625173 ] ] } },
{ "type": "Feature", "properties": { "River_Name": "River / Nala", "Basin": "Brahmani" }, "geometry": { "type": "MultiLineString", "coordinates": [ [ [ 84.939923417220186, 22.237380662811958 ], [ 84.938104785294357, 22.24499706878801 ], [ 84.933869461346063, 22.250036239221227 ] ], [ [ 84.93380957513547, 22.250038547907778 ], [ 84.928342017327779, 22.252830459582892 ], [ 84.925491705919498, 22.258290489818155 ], [ 84.9196946620429, 22.257777309981186 ], [ 84.916096021528844, 22.26046040687952 ], [ 84.915534191324937, 22.263494858173637 ], [ 84.91254561992227, 22.262204194686195 ], [ 84.910765480523949, 22.263337952974261 ], [ 84.908345607776226, 22.26659849349376 ], [ 84.910272375020014, 22.270129182419517 ], [ 84.904729005911776, 22.274553924402067 ] ] ] } },
{ "type": "Feature", "properties": { "River_Name": "Samtha Nala", "Basin": "Brahmani" }, "geometry": { "type": "LineString", "coordinates": [ [ 85.094222702936378, 22.314628416668636 ], [ 85.101754591446124, 22.307072319000319 ], [ 85.100124838271512, 22.301639345909642 ], [ 85.101906116798858, 22.300170138842656 ], [ 85.100803930731431, 22.297709923302438 ], [ 85.105237064480391, 22.28849174970604 ], [ 85.107145057829754, 22.288044420270687 ], [ 85.107282073966218, 22.283634513530373 ], [ 85.10947766926904, 22.282720908060675 ], [ 85.1108502343331, 22.276979796068485 ], [ 85.108979904126841, 22.275720809505341 ], [ 85.112078602117151, 22.270767386824236 ] ] } },
{ "type": "Feature", "properties": { "River_Name": "Judia Nala", "Basin": "Brahmani" }, "geometry": { "type": "LineString", "coordinates": [ [ 85.067595754776022, 22.374438348167704 ], [ 85.064090174111442, 22.370955828362309 ], [ 85.063695186385047, 22.366169467899063 ], [ 85.065371490755069, 22.362198044555626 ], [ 85.057385660046975, 22.35592104230756 ], [ 85.052041489640885, 22.347521724764231 ], [ 85.051954889498859, 22.344323904535507 ], [ 85.033181657074692, 22.331097758703073 ] ] } },
{ "type": "Feature", "properties": { "River_Name": "River / Nala", "Basin": "Brahmani" }, "geometry": { "type": "MultiLineString", "coordinates": [ [ [ 85.051979428363765, 22.446200013624221 ], [ 85.049622086163964, 22.448935183803364 ], [ 85.052437286673424, 22.45324415376259 ], [ 85.052229213784088, 22.460965200300564 ], [ 85.047407495636563, 22.465708407294812 ] ], [ [ 85.051977282670137, 22.44620061984623 ], [ 85.052074266276037, 22.439605118232116 ] ] ] } },
{ "type": "Feature", "properties": { "River_Name": "Kanti Jor", "Basin": "Brahmani" }, "geometry": { "type": "MultiLineString", "coordinates": [ [ [ 84.419746633103912, 22.20214612087381 ], [ 84.419751479049268, 22.202146197717827 ] ], [ [ 84.419751479049268, 22.202146197717827 ], [ 84.434210759379482, 22.20456860395651 ] ], [ [ 84.449926061150038, 22.203511138631555 ], [ 84.448751856500792, 22.201696178946843 ], [ 84.44135866889691, 22.200943631154232 ], [ 84.434215687531818, 22.204564167758033 ] ], [ [ 84.416561190427871, 22.203774736451095 ], [ 84.419751479049268, 22.202146197717827 ] ] ] } },
{ "type": "Feature", "properties": { "River_Name": "Gentijoria Nala", "Basin": "Brahmani" }, "geometry": { "type": "MultiLineString", "coordinates": [ [ [ 84.506415707538665, 22.166116095020605 ], [ 84.507281559274119, 22.17005662260696 ], [ 84.512108544409699, 22.172816313557799 ], [ 84.511537176701651, 22.174987906522173 ], [ 84.513510914831699, 22.178227591610462 ], [ 84.516062479258935, 22.177277932800603 ], [ 84.518437692020498, 22.181399433108357 ], [ 84.52093768655952, 22.182561531939218 ], [ 84.52445186152319, 22.190848798469442 ] ], [ [ 84.52446147429481, 22.190853458795591 ], [ 84.529744429785381, 22.195316957150052 ], [ 84.531352538562743, 22.194555891313453 ], [ 84.539203918908584, 22.199085132600306 ], [ 84.543463571087273, 22.198327903413723 ], [ 84.544341196288954, 22.200544072637904 ], [ 84.547289213177507, 22.200227395325843 ], [ 84.547379729012803, 22.198924156520047 ], [ 84.550185703390881, 22.200085941757735 ], [ 84.551156586754516, 22.198610866057706 ], [ 84.55627392057103, 22.199829882889528 ], [ 84.559106897011191, 22.198035108408892 ] ] ] } },
{ "type": "Feature", "properties": { "River_Name": "Ladamu Jhariya", "Basin": "Brahmani" }, "geometry": { "type": "MultiLineString", "coordinates": [ [ [ 84.524884094505069, 22.10076614862632 ], [ 84.524665762316346, 22.102451145073346 ], [ 84.532023644025173, 22.106932256315293 ], [ 84.534840138446725, 22.107101201348392 ], [ 84.53511028501012, 22.110788873660244 ], [ 84.536610910059878, 22.111971675697013 ] ], [ [ 84.536497318063681, 22.112096359479434 ], [ 84.533152086642843, 22.116135710464583 ], [ 84.536512650680208, 22.124312036258896 ], [ 84.530303225053302, 22.126985372757357 ] ] ] } },
{ "type": "Feature", "properties": { "River_Name": "Jharia Nala", "Basin": "Brahmani" }, "geometry": { "type": "LineString", "coordinates": [ [ 84.547950980337475, 22.087377258804189 ], [ 84.558497404172527, 22.09179214760676 ], [ 84.561933448461005, 22.095639971601518 ], [ 84.563410209734442, 22.094551492811579 ], [ 84.565442377762508, 22.096098592757727 ], [ 84.564557561752864, 22.101926886632356 ], [ 84.568085114466797, 22.103004198657391 ], [ 84.568009172783789, 22.104890041116484 ], [ 84.570827936251533, 22.10690925928996 ], [ 84.570468356356173, 22.108668998574469 ], [ 84.575195329199516, 22.111294365277576 ], [ 84.575706393797404, 22.113987966623871 ], [ 84.573628951627299, 22.115347505538946 ], [ 84.577095951135448, 22.118856962281871 ], [ 84.578576219391778, 22.118422984943443 ], [ 84.578810865922875, 22.121419452901595 ], [ 84.580718936088857, 22.123172217035464 ], [ 84.580105782129166, 22.126165142065624 ], [ 84.590245919494521, 22.131624064526335 ], [ 84.594364945112076, 22.129030422120849 ] ] } },
{ "type": "Feature", "properties": { "River_Name": "Dumari Nala", "Basin": "Brahmani" }, "geometry": { "type": "LineString", "coordinates": [ [ 84.622413845739445, 22.12820914304341 ], [ 84.620126019333441, 22.126528031514376 ], [ 84.617881812854719, 22.127154386467534 ], [ 84.610883860328414, 22.122063678360281 ], [ 84.608725074141759, 22.123372831339839 ], [ 84.610486094222409, 22.125538444087717 ], [ 84.602277010393735, 22.124470010119641 ], [ 84.599190569671848, 22.125332015819527 ], [ 84.599755788361449, 22.129719255959827 ], [ 84.594364945112076, 22.129030422120849 ] ] } },
{ "type": "Feature", "properties": { "River_Name": "Shukha Nala", "Basin": "Brahmani" }, "geometry": { "type": "LineString", "coordinates": [ [ 84.590055726602714, 22.098075206238711 ], [ 84.592671120824619, 22.099531280741168 ], [ 84.591857482409537, 22.103798888868493 ], [ 84.597161140644644, 22.107574273677418 ], [ 84.599848747475193, 22.115080559383724 ], [ 84.605449837511131, 22.117347775916876 ], [ 84.610874172513064, 22.122063536535904 ] ] } },
{ "type": "Feature", "properties": { "River_Name": "Bahirapasha Nala", "Basin": "Brahmani" }, "geometry": { "type": "LineString", "coordinates": [ [ 84.613759989755053, 22.094829766792913 ], [ 84.616641996965782, 22.093404656798569 ], [ 84.62349813866139, 22.083180036802251 ], [ 84.631382435576555, 22.078910965641654 ], [ 84.638658344008036, 22.079160703867323 ], [ 84.643080826515742, 22.073021637210925 ] ] } },
{ "type": "Feature", "properties": { "River_Name": "Baghabindha Nala", "Basin": "Brahmani" }, "geometry": { "type": "LineString", "coordinates": [ [ 84.58674794487996, 22.069820743230835 ], [ 84.58782662326216, 22.060487430264047 ], [ 84.584999360802627, 22.058147903582089 ], [ 84.587380006267267, 22.05570013792186 ], [ 84.580194288420429, 22.052515220066418 ], [ 84.579154528246846, 22.047881666438883 ], [ 84.582446025678195, 22.046824314067436 ], [ 84.58341378487674, 22.039742042863317 ], [ 84.594604425715573, 22.033139819447669 ], [ 84.597856249402113, 22.028095326213606 ] ] } },
{ "type": "Feature", "properties": { "River_Name": "Kalijharan Nala", "Basin": "Brahmani" }, "geometry": { "type": "LineString", "coordinates": [ [ 84.585801410198528, 22.038576456634647 ], [ 84.585147324963742, 22.032607849516893 ], [ 84.587429895401414, 22.023919735764199 ], [ 84.585884399099783, 22.020551812733896 ] ] } },
{ "type": "Feature", "properties": { "River_Name": "Beham Nala", "Basin": "Brahmani" }, "geometry": { "type": "LineString", "coordinates": [ [ 84.550901159781375, 22.017924286686188 ], [ 84.555118678774434, 22.017603575047787 ], [ 84.563574003443776, 22.021151409620817 ], [ 84.57013543945996, 22.029027076798148 ], [ 84.585259283245335, 22.036853002331249 ] ] } },
{ "type": "Feature", "properties": { "River_Name": "Demulajharan Nala", "Basin": "Brahmani" }, "geometry": { "type": "LineString", "coordinates": [ [ 84.561889119225469, 22.055624657559207 ], [ 84.565843575264921, 22.059136993114056 ], [ 84.575899584260625, 22.057868839451594 ], [ 84.579598708471821, 22.062465042518383 ], [ 84.587718261103916, 22.064873786598845 ] ] } },
{ "type": "Feature", "properties": { "River_Name": "Jaijali Nala", "Basin": "Brahmani" }, "geometry": { "type": "LineString", "coordinates": [ [ 84.616623333021607, 22.047754551285443 ], [ 84.616620509350241, 22.040698450124431 ], [ 84.608350431634292, 22.034036424242156 ], [ 84.605594715515863, 22.02629906754294 ] ] } },
{ "type": "Feature", "properties": { "River_Name": "Silikudar Nala", "Basin": "Brahmani" }, "geometry": { "type": "MultiLineString", "coordinates": [ [ [ 84.568451977503884, 22.125107095853405 ], [ 84.566185924275686, 22.122766517298722 ], [ 84.56347620948091, 22.122563568294449 ], [ 84.558883288928826, 22.127054330385011 ], [ 84.562168315426263, 22.136059744356029 ], [ 84.559590666922631, 22.139424947141464 ], [ 84.561577085911892, 22.144221714764246 ], [ 84.564074731714911, 22.145789379756796 ], [ 84.560571476404817, 22.148585499646448 ], [ 84.565229093160127, 22.150514997989106 ], [ 84.563997191772785, 22.15198178657975 ], [ 84.567350054586726, 22.155115097970292 ], [ 84.565539172738539, 22.159809978285789 ], [ 84.571537001896004, 22.164151906711364 ] ], [ [ 84.571537001896004, 22.164151906711364 ], [ 84.571536924373518, 22.164156419827648 ] ], [ [ 84.571537001896004, 22.164151906711364 ], [ 84.57505347542002, 22.166249244129325 ], [ 84.570034080644362, 22.168693425360907 ], [ 84.568346827590773, 22.172392516865887 ], [ 84.571883776813664, 22.184868534838579 ], [ 84.568189739725312, 22.204594849376903 ] ] ] } },
{ "type": "Feature", "properties": { "River_Name": "Paradha Nala", "Basin": "Brahmani" }, "geometry": { "type": "MultiLineString", "coordinates": [ [ [ 84.624874599714886, 22.015578086033717 ], [ 84.621135708265456, 22.018841962373251 ], [ 84.622497010405809, 22.021403366664032 ], [ 84.621202834434158, 22.033659371448913 ], [ 84.624210042684879, 22.03857413593537 ] ], [ [ 84.607192872342239, 22.072897584526928 ], [ 84.609192470782162, 22.065171091402622 ], [ 84.607127242679823, 22.060978605505134 ], [ 84.610978137052044, 22.059784407942445 ], [ 84.611889386970759, 22.055703139624228 ], [ 84.615545662309373, 22.056284662721652 ], [ 84.616233354095314, 22.053107499116404 ], [ 84.613887350583724, 22.051213357158357 ], [ 84.614202301521487, 22.049759790728867 ], [ 84.619139041651678, 22.043850068876317 ], [ 84.621626014148433, 22.045710066222249 ], [ 84.624214356225067, 22.038605799723097 ] ], [ [ 84.606602247226533, 22.074893330959238 ], [ 84.60718787805051, 22.072906540225748 ] ], [ [ 84.605003656192196, 22.08036393212954 ], [ 84.606877341774478, 22.078400529594738 ], [ 84.606602095099333, 22.074902357524028 ] ] ] } },
{ "type": "Feature", "properties": { "River_Name": "Jharadaben Nala", "Basin": "Brahmani" }, "geometry": { "type": "MultiLineString", "coordinates": [ [ [ 84.719610255189579, 22.1242196016136 ], [ 84.720638721686385, 22.12805786720191 ], [ 84.723897164653408, 22.130031104911133 ], [ 84.723317187338253, 22.132650533935827 ], [ 84.725446531750919, 22.132522222502814 ] ], [ [ 84.725441687089372, 22.13252215495903 ], [ 84.725446531750919, 22.132522222502814 ] ], [ [ 84.725446531750919, 22.132522222502814 ], [ 84.729390606003207, 22.136775789697385 ], [ 84.735066257520359, 22.135495780784034 ], [ 84.739914906295866, 22.139572060401775 ], [ 84.741320454149772, 22.146544130883363 ], [ 84.747993482006549, 22.150216572841 ], [ 84.748022113115212, 22.155724885165736 ] ] ] } },
{ "type": "Feature", "properties": { "River_Name": "Gothenberna Nala", "Basin": "Brahmani" }, "geometry": { "type": "MultiLineString", "coordinates": [ [ [ 84.696115907098459, 22.066576820930912 ], [ 84.693115756492617, 22.067897935332418 ], [ 84.690890113987464, 22.072819032530663 ], [ 84.693830289836541, 22.074901131541544 ], [ 84.693085564116885, 22.083174907989459 ], [ 84.695883216141695, 22.089873407854821 ], [ 84.69823433173039, 22.090069071487623 ], [ 84.700514683880115, 22.099712775511563 ] ], [ [ 84.70050976725237, 22.099717220897059 ], [ 84.699204236309143, 22.101653657763261 ], [ 84.701766771595558, 22.106154680750603 ], [ 84.70966690318518, 22.106861605384889 ], [ 84.713722327573038, 22.114954474210212 ], [ 84.717040732675187, 22.117091190146979 ], [ 84.713756586436617, 22.118237086966513 ], [ 84.715671271119163, 22.120891407633231 ], [ 84.717076020548049, 22.119412204808576 ], [ 84.716574988594601, 22.122240384048869 ], [ 84.719610255189579, 22.1242196016136 ] ] ] } },
{ "type": "Feature", "properties": { "River_Name": "Pitamahul Nala", "Basin": "Brahmani" }, "geometry": { "type": "MultiLineString", "coordinates": [ [ [ 84.723224576910951, 22.152567811757834 ], [ 84.722096679261711, 22.15459266781453 ], [ 84.725174114899488, 22.15550245082478 ], [ 84.72675437527586, 22.160007529283767 ] ], [ [ 84.72675430272065, 22.160012042906803 ], [ 84.730942118553415, 22.164223870778798 ], [ 84.731008676986363, 22.173967391337865 ], [ 84.732828218726624, 22.177175546540663 ] ] ] } },
{ "type": "Feature", "properties": { "River_Name": "Kichimiri Nadi", "Basin": "Brahmani" }, "geometry": { "type": "LineString", "coordinates": [ [ 84.658124669581383, 22.054222657400498 ], [ 84.660972084728911, 22.057473225424882 ], [ 84.656890179518911, 22.067707912938225 ], [ 84.65815538565171, 22.069992326611118 ], [ 84.663193156866271, 22.071134347329647 ], [ 84.662291921425052, 22.078511744652943 ], [ 84.665686995747933, 22.077946288344467 ], [ 84.666345054507275, 22.080935277137758 ], [ 84.672883219823973, 22.082179709168859 ], [ 84.671389939660514, 22.085806191338698 ], [ 84.674527610472865, 22.08706528616527 ], [ 84.672197451877011, 22.090914616016875 ], [ 84.676489613124716, 22.093860510369165 ], [ 84.682723648779131, 22.093303472805712 ], [ 84.682970831784573, 22.09685542713045 ] ] } },
{ "type": "Feature", "properties": { "River_Name": "Haladipani Nala", "Basin": "Brahmani" }, "geometry": { "type": "MultiLineString", "coordinates": [ [ [ 84.682970831784573, 22.09685542713045 ], [ 84.681042415225093, 22.103098784395911 ], [ 84.68488716223618, 22.104995275070813 ], [ 84.684475142861487, 22.10738215223445 ], [ 84.686389847051103, 22.107616962652841 ], [ 84.687038246929561, 22.111526735323487 ], [ 84.691811730252255, 22.112939635310099 ], [ 84.689431873497341, 22.11923991319459 ], [ 84.691657965919845, 22.118810924342515 ], [ 84.693020605042008, 22.123204814125199 ], [ 84.696696272575963, 22.121238713306287 ], [ 84.694365477094166, 22.127801601487391 ], [ 84.697166566338723, 22.127479990816994 ], [ 84.696873264504504, 22.130915962352191 ], [ 84.698801005899028, 22.130369811412688 ], [ 84.699318160732929, 22.132837554069621 ], [ 84.703919556282514, 22.134157437343717 ], [ 84.703021829213981, 22.137819677770079 ], [ 84.704892410908414, 22.139010774505088 ], [ 84.702754521279388, 22.140854232518112 ], [ 84.709908691487698, 22.143157971738038 ], [ 84.708634047461359, 22.146458299289836 ], [ 84.712501684790467, 22.150331960136338 ] ], [ [ 84.712501757765068, 22.150327446552915 ], [ 84.712501684790467, 22.150331960136338 ] ], [ [ 84.712501684790467, 22.150331960136338 ], [ 84.718656238107968, 22.148847105510782 ], [ 84.723224576910951, 22.152567811757834 ] ] ] } },
{ "type": "Feature", "properties": { "River_Name": "Mandira Nala", "Basin": "Brahmani" }, "geometry": { "type": "LineString", "coordinates": [ [ 84.585878356651563, 22.181420040824793 ], [ 84.591935288346534, 22.183807502196178 ], [ 84.593093090406228, 22.186406807340418 ], [ 84.597833376669044, 22.188706887452916 ], [ 84.606317959768091, 22.190037182028107 ], [ 84.614439770423985, 22.203378952296848 ], [ 84.614008378325963, 22.207101483967381 ], [ 84.622431052557047, 22.210457072123344 ] ] } },
{ "type": "Feature", "properties": { "River_Name": "Sirigirha Nala", "Basin": "Brahmani" }, "geometry": { "type": "LineString", "coordinates": [ [ 84.620962311511818, 22.030378386033874 ], [ 84.61860849455995, 22.02867833849913 ], [ 84.616613887824812, 22.029240710053266 ], [ 84.611015951649904, 22.025240608627872 ], [ 84.611086849623931, 22.023900857267268 ], [ 84.607692608712284, 22.022758821118114 ], [ 84.599636159915178, 22.021602630733014 ], [ 84.595776440086311, 22.025098846929549 ] ] } },
{ "type": "Feature", "properties": { "River_Name": "Kadalikucha Nala", "Basin": "Brahmani" }, "geometry": { "type": "LineString", "coordinates": [ [ 84.81173233131527, 22.037892595080329 ], [ 84.81219359927627, 22.039388670955372 ], [ 84.815144470444693, 22.038967564070727 ], [ 84.821094630383811, 22.042550432768778 ], [ 84.824384335295733, 22.051642058930298 ], [ 84.829018128086759, 22.050132416100478 ], [ 84.831939079722872, 22.051051551867086 ], [ 84.837804824885779, 22.055151968669069 ], [ 84.836971832923595, 22.056739241854995 ], [ 84.839202387943686, 22.057206666588694 ], [ 84.839650234733313, 22.059289449570748 ], [ 84.844011296076999, 22.059802994673159 ], [ 84.845484008925581, 22.057867427984004 ], [ 84.854605031155316, 22.059423056885958 ], [ 84.854833947807009, 22.056771260312551 ], [ 84.85717056390871, 22.058883282881776 ], [ 84.858893073029392, 22.057072758315961 ] ] } },
{ "type": "Feature", "properties": { "River_Name": "Betana Nala", "Basin": "Brahmani" }, "geometry": { "type": "LineString", "coordinates": [ [ 84.995210800071447, 22.168881271137955 ], [ 84.98236700108184, 22.161584256621779 ], [ 84.980305511120264, 22.163716978060922 ], [ 84.973700640004594, 22.16492181618305 ], [ 84.97246248411507, 22.172839543145891 ], [ 84.967184343103057, 22.171085111602178 ], [ 84.964289841009801, 22.177176012660301 ], [ 84.959102935076757, 22.176822144228737 ], [ 84.956090213726384, 22.17898774949759 ], [ 84.954933526624359, 22.176507979141785 ], [ 84.952686417998592, 22.177355685656014 ], [ 84.950605639246234, 22.17609238237122 ], [ 84.945254647105088, 22.179695750862997 ], [ 84.944076609137483, 22.178696596177076 ], [ 84.941704752942414, 22.1797818694033 ], [ 84.936963714785193, 22.174457309459775 ], [ 84.934244902858921, 22.174738913297674 ], [ 84.934997941143919, 22.172635404510288 ], [ 84.933441382050987, 22.170678702022201 ], [ 84.928075916115674, 22.170958223041239 ], [ 84.925310422875839, 22.166827875204536 ], [ 84.919057194182614, 22.168481921497804 ], [ 84.917761600121821, 22.167584937637244 ], [ 84.915566083182526, 22.169204857685141 ] ] } },
{ "type": "Feature", "properties": { "River_Name": "Gungujhar Nala", "Basin": "Brahmani" }, "geometry": { "type": "LineString", "coordinates": [ [ 84.911585998113267, 22.171524285514714 ], [ 84.918454157112961, 22.178818180548742 ], [ 84.915670459889242, 22.181848291823663 ], [ 84.915167577262508, 22.184388332795876 ], [ 84.916869402510699, 22.186676656488384 ], [ 84.908219248744444, 22.194616040429217 ], [ 84.904370873256653, 22.204007413581312 ], [ 84.902167359448853, 22.20187503692431 ], [ 84.900891538608136, 22.202897035392965 ] ] } },
{ "type": "Feature", "properties": { "River_Name": "Sapadarn Nala", "Basin": "Brahmani" }, "geometry": { "type": "MultiLineString", "coordinates": [ [ [ 84.96606037459928, 22.126524605143359 ], [ 84.971715401411672, 22.127904386094134 ], [ 84.97139015183437, 22.124220477462725 ], [ 84.972798541818449, 22.1233304262113 ], [ 84.977580446729874, 22.127141868040681 ] ], [ [ 84.97757566589577, 22.12713729360868 ], [ 84.977580446729874, 22.127141868040681 ] ], [ [ 84.977580446729874, 22.127141868040681 ], [ 84.982224227233417, 22.127059379753536 ], [ 84.983050341631795, 22.130984265673796 ], [ 84.98655737216653, 22.128033999153512 ], [ 84.988565519379208, 22.12961199412128 ] ], [ [ 84.988559648293105, 22.129684165038579 ], [ 84.990404510092802, 22.134917445007058 ], [ 84.988692146375811, 22.139122573269404 ], [ 84.995420959004377, 22.141052121879007 ], [ 84.997223181193476, 22.145214713247466 ], [ 85.000781704453445, 22.143112612759904 ], [ 85.003961024668925, 22.14415038740762 ], [ 85.004251136992167, 22.141764623576343 ], [ 85.007061750915341, 22.14251578375384 ], [ 85.00855359895435, 22.136739905605634 ], [ 85.013204339782817, 22.134287818847351 ], [ 85.022820775428229, 22.134344904291904 ], [ 85.02886653259003, 22.132984451568124 ], [ 85.029981219297412, 22.131205906197856 ] ] ] } },
{ "type": "Feature", "properties": { "River_Name": "Pathalmara Nala", "Basin": "Brahmani" }, "geometry": { "type": "LineString", "coordinates": [ [ 84.991426788487928, 22.194318382481345 ], [ 84.987906158874637, 22.196744708653426 ], [ 84.984808161866084, 22.196728963843299 ], [ 84.983754825934227, 22.199528867488223 ], [ 84.979509602611131, 22.200392803842355 ], [ 84.975945274021171, 22.204827543756842 ], [ 84.976425225313449, 22.207538083534025 ], [ 84.974171551988547, 22.213542266375807 ], [ 84.976133040192124, 22.215061189888644 ], [ 84.975309239149098, 22.21806253558583 ], [ 84.9764418888047, 22.220234865427646 ], [ 84.973912799721873, 22.224127030855726 ], [ 84.976192116365397, 22.227162490227354 ], [ 84.976179258037746, 22.23042225593332 ], [ 84.974086156682858, 22.23332199196593 ], [ 84.976083666807597, 22.236064978889896 ], [ 84.976968806773499, 22.241972755247659 ], [ 84.97459783794703, 22.250016262547987 ] ] } },
{ "type": "Feature", "properties": { "River_Name": "River / Nala", "Basin": "Brahmani" }, "geometry": { "type": "MultiLineString", "coordinates": [ [ [ 84.770763201976564, 22.188868559568437 ], [ 84.768626952420661, 22.193060554992211 ] ], [ [ 84.768617115986984, 22.193069449594734 ], [ 84.769912965613742, 22.200649351946481 ], [ 84.772525365313726, 22.200698670967874 ], [ 84.775842514212016, 22.204635728782165 ], [ 84.777777034354429, 22.210174638644094 ], [ 84.784068998262924, 22.212427530375681 ], [ 84.784812693739568, 22.217557371585059 ], [ 84.788042107033803, 22.2203327400712 ], [ 84.793461527601934, 22.220749476797337 ], [ 84.798005518646747, 22.223199372240458 ] ] ] } },
{ "type": "Feature", "properties": { "River_Name": "Manussamundi Nala", "Basin": "Brahmani" }, "geometry": { "type": "MultiLineString", "coordinates": [ [ [ 84.657876118091551, 22.000000845027529 ], [ 84.654009736245499, 21.997714016713534 ], [ 84.651910622816516, 21.993485441874459 ], [ 84.652621948996995, 21.990561174992859 ], [ 84.650291270096432, 21.989819010936909 ], [ 84.648176286380163, 21.985978424157185 ], [ 84.642895907270585, 21.988575213482832 ], [ 84.64129264312821, 21.995075635941291 ], [ 84.639348385674111, 21.997015978281691 ], [ 84.633584741860574, 22.000000840892966 ] ], [ [ 84.633586624452761, 21.999998249664905 ], [ 84.629731496714072, 22.00068292439844 ], [ 84.625758792699784, 22.004936751407325 ], [ 84.620953291894949, 22.005702238513138 ] ], [ [ 84.660189739026848, 22.001075394710266 ], [ 84.657883690607505, 21.999999598861027 ] ] ] } },
{ "type": "Feature", "properties": { "River_Name": "Barh nala", "Basin": "Brahmani" }, "geometry": { "type": "MultiLineString", "coordinates": [ [ [ 84.758632225276529, 21.953840325831106 ], [ 84.757226660845475, 21.959211802442915 ], [ 84.758196033949815, 21.963748870258225 ], [ 84.754516864795804, 21.968412017847545 ], [ 84.751452096367245, 21.967855370411389 ], [ 84.749993974164497, 21.971311763623142 ] ], [ [ 84.750000161112382, 21.971281599462984 ], [ 84.749063840062206, 21.972283227817979 ], [ 84.750000184258809, 21.974123921163422 ] ], [ [ 84.687482228781661, 21.972221486904104 ], [ 84.696196599030074, 21.969996451300371 ], [ 84.700125437133352, 21.974286314264674 ], [ 84.702174639418288, 21.974477553771045 ] ], [ [ 84.749996337421322, 21.974232855049582 ], [ 84.750000468748468, 21.975199073228083 ] ], [ [ 84.750000208247812, 21.975191033359302 ], [ 84.743518929807436, 21.97949840522136 ], [ 84.724899553727127, 21.981182563144834 ], [ 84.718540988820621, 21.978033282227813 ], [ 84.711779588921601, 21.978291258548879 ], [ 84.702175220122655, 21.974477561903765 ] ] ] } },
{ "type": "Feature", "properties": { "River_Name": "Sapalata Nala", "Basin": "Brahmani" }, "geometry": { "type": "LineString", "coordinates": [ [ 84.667345499684004, 21.907364121651494 ], [ 84.674534114874874, 21.912463616755375 ], [ 84.677218811422961, 21.918754330293183 ], [ 84.68289875830753, 21.918771277227403 ], [ 84.685167517468003, 21.92238787042016 ], [ 84.689820764948706, 21.923672290482131 ], [ 84.689857406141499, 21.928295816442226 ], [ 84.691461573170329, 21.929636638858806 ], [ 84.695935471916371, 21.927654278590484 ], [ 84.696214789585781, 21.923829750677669 ], [ 84.700154553801383, 21.924358963324632 ], [ 84.703246730697074, 21.927052322600218 ], [ 84.707783979082791, 21.923819933776802 ], [ 84.712086813951558, 21.931604548752244 ], [ 84.722010301855477, 21.931670176536816 ], [ 84.737645893814403, 21.941696760381369 ], [ 84.740924206034251, 21.940030779767721 ], [ 84.740793236550104, 21.937600032749657 ], [ 84.742741464263659, 21.93557710338947 ], [ 84.751999704565861, 21.93920299925254 ] ] } },
{ "type": "Feature", "properties": { "River_Name": "Sukha Nala", "Basin": "Brahmani" }, "geometry": { "type": "LineString", "coordinates": [ [ 84.667345499684004, 21.907364121651494 ], [ 84.665999950098751, 21.902947798878788 ], [ 84.656083472232993, 21.902003199350403 ], [ 84.648629501203487, 21.898272971649021 ] ] } },
{ "type": "Feature", "properties": { "River_Name": "Similidudar Nala", "Basin": "Brahmani" }, "geometry": { "type": "MultiLineString", "coordinates": [ [ [ 84.635411930180595, 21.928370213806051 ], [ 84.637295695406195, 21.925345480710934 ], [ 84.636223895626458, 21.922860619283412 ], [ 84.640307417133087, 21.921984780590961 ], [ 84.64118181685545, 21.919130592296252 ], [ 84.644828100018458, 21.918650152099875 ], [ 84.647881494437996, 21.915678136516242 ], [ 84.650506631516734, 21.917273197372314 ], [ 84.659407573705536, 21.917359524626022 ], [ 84.665906096235943, 21.916720545394703 ], [ 84.668915193514579, 21.91436146114421 ], [ 84.675970134490754, 21.914903761485576 ] ], [ [ 84.63240449225782, 21.932918184219563 ], [ 84.635380593141477, 21.928509713375153 ] ] ] } },
{ "type": "Feature", "properties": { "River_Name": "Kundapani Nala", "Basin": "Brahmani" }, "geometry": { "type": "MultiLineString", "coordinates": [ [ [ 84.701773683353267, 21.941468693393659 ], [ 84.703860320392991, 21.94338600463001 ] ], [ [ 84.699738264276547, 21.942314876985208 ], [ 84.701773586591585, 21.941468692039901 ] ], [ [ 84.699738262824141, 21.942314967258305 ], [ 84.698293838200598, 21.94557446133178 ], [ 84.691513859856784, 21.942070020392052 ], [ 84.692843041308208, 21.947181950640445 ], [ 84.690769815954312, 21.946705862389859 ], [ 84.688931517096009, 21.950856052985205 ], [ 84.678924733047111, 21.951974495183713 ], [ 84.677119537029981, 21.955253667978283 ], [ 84.677433293299899, 21.960662101767984 ], [ 84.675388715326974, 21.963770813977781 ], [ 84.667789592482876, 21.964100927875901 ], [ 84.662861949206345, 21.954676622653182 ], [ 84.658877336061153, 21.952416742478373 ] ], [ [ 84.703865158549206, 21.943386072262108 ], [ 84.706126118226493, 21.940890700602882 ], [ 84.708437025917291, 21.942858493341859 ], [ 84.710913714068781, 21.936409915381965 ], [ 84.712638207365259, 21.937973447519351 ], [ 84.714920942590666, 21.936716985711374 ], [ 84.715818860046028, 21.932130512215174 ] ] ] } },
{ "type": "Feature", "properties": { "River_Name": "Similighera Nala", "Basin": "Brahmani" }, "geometry": { "type": "MultiLineString", "coordinates": [ [ [ 84.645025881540889, 21.905154447488073 ], [ 84.638887537645019, 21.896886078702352 ], [ 84.63280754116731, 21.895670079326621 ], [ 84.63009462133158, 21.892398619651225 ], [ 84.623007591504361, 21.888919540650026 ] ], [ [ 84.648283967772244, 21.915681907286796 ], [ 84.64846533147913, 21.912828766034806 ], [ 84.645025807333113, 21.905158960989798 ] ] ] } },
{ "type": "Feature", "properties": { "River_Name": "Chutia Jharan", "Basin": "Brahmani" }, "geometry": { "type": "MultiLineString", "coordinates": [ [ [ 84.652350631741811, 21.88653265619935 ], [ 84.652773323127604, 21.886714753720518 ] ], [ [ 84.652773323127604, 21.886714753720518 ], [ 84.65448868621796, 21.887714359898183 ] ], [ [ 84.64625519606561, 21.887452351980816 ], [ 84.652773323127604, 21.886714753720518 ] ], [ [ 84.65469575275074, 21.88777148581471 ], [ 84.659415839138859, 21.891391672558861 ], [ 84.667047031701273, 21.893012431938686 ], [ 84.668141877808793, 21.894996326149844 ], [ 84.666665996951409, 21.903340990313204 ] ] ] } },
{ "type": "Feature", "properties": { "River_Name": "Silikata nala", "Basin": "Brahmani" }, "geometry": { "type": "MultiLineString", "coordinates": [ [ [ 84.714480024903835, 21.859537618600662 ], [ 84.728696679582825, 21.866420601962897 ], [ 84.731105196212994, 21.868878232390724 ], [ 84.730482931150902, 21.87152434853785 ], [ 84.736180188377062, 21.871255123162054 ], [ 84.750000170789704, 21.876744910351043 ] ], [ [ 84.750019939833962, 21.876718091572581 ], [ 84.754791949561664, 21.879022584800914 ], [ 84.761095578745653, 21.876494330073992 ], [ 84.767300600691826, 21.87966674541018 ], [ 84.770657646586614, 21.879355561477617 ], [ 84.768926487410241, 21.884293941952428 ], [ 84.777171554655382, 21.886965417694121 ] ], [ [ 84.777186274087853, 21.886952071846459 ], [ 84.781791918936378, 21.887555989934732 ], [ 84.78108249609781, 21.889009249866252 ], [ 84.783271923910689, 21.890077176544747 ], [ 84.783810968787947, 21.894323915132627 ], [ 84.785572102180566, 21.892433310480698 ], [ 84.788205715955201, 21.894504945711748 ], [ 84.78978352201166, 21.893519322884512 ], [ 84.797961376768143, 21.895276901017787 ] ] ] } },
{ "type": "Feature", "properties": { "River_Name": "Arjur Nala", "Basin": "Brahmani" }, "geometry": { "type": "MultiLineString", "coordinates": [ [ [ 84.750000131788497, 21.847209461391806 ], [ 84.742687784285437, 21.847750048205206 ], [ 84.737865128367432, 21.841674725963809 ], [ 84.71209130753158, 21.835215129550782 ], [ 84.696774939727149, 21.828703885518721 ], [ 84.694907023516208, 21.832113489683238 ], [ 84.690178743173092, 21.835374671064283 ], [ 84.691225974347617, 21.839718936591346 ] ], [ [ 84.749998150199431, 21.847249526056661 ], [ 84.757947770214997, 21.848549766897474 ], [ 84.757526645699883, 21.852291361961836 ], [ 84.76006703584558, 21.851585472943171 ], [ 84.76930671650382, 21.861395189734395 ], [ 84.77259802564329, 21.862175645029676 ], [ 84.773223755453628, 21.865177467210668 ], [ 84.777522267381585, 21.86557864866359 ], [ 84.777656228739971, 21.869734150214995 ], [ 84.784783941863779, 21.872679071991708 ] ] ] } },
{ "type": "Feature", "properties": { "River_Name": "Kansari Nala", "Basin": "Brahmani" }, "geometry": { "type": "MultiLineString", "coordinates": [ [ [ 84.98343828412149, 21.788387891631977 ], [ 84.981903926210663, 21.789895346077266 ], [ 84.98297435554008, 21.792518295620916 ], [ 84.981905880083247, 21.79355280727129 ], [ 84.98643057243963, 21.793603511881852 ], [ 84.987389905293185, 21.799340684749069 ], [ 84.990577539674831, 21.802016477158585 ], [ 84.995579997032422, 21.801458669866175 ], [ 84.99999491963564, 21.805255456001799 ] ], [ [ 85.000000957008254, 21.805865106050305 ], [ 84.999999816790066, 21.805250999938263 ] ], [ [ 85.03376716875529, 21.821704485425037 ], [ 85.029531496331956, 21.819545250720626 ], [ 85.023733391483319, 21.820952459878466 ], [ 85.022065480414639, 21.817753618857871 ], [ 85.01799789606099, 21.817456470503735 ], [ 85.017572521992548, 21.815338147410817 ], [ 85.018784165364238, 21.814788269179466 ], [ 85.016063257303756, 21.812922328241939 ], [ 85.005826529181078, 21.812216486008762 ], [ 85.006043561619592, 21.809464717449845 ], [ 85.003809600884864, 21.809464811542142 ], [ 84.999998009530103, 21.806077293410244 ] ] ] } },
{ "type": "Feature", "properties": { "River_Name": "Phatanagar Nala", "Basin": "Brahmani" }, "geometry": { "type": "LineString", "coordinates": [ [ 84.971062059328148, 21.83603556971693 ], [ 84.971584730028439, 21.839437513566942 ], [ 84.975282054239813, 21.839613897048899 ], [ 84.977787841989183, 21.843699405200212 ], [ 84.982199826154172, 21.844999691294081 ], [ 84.98355965500086, 21.847702951158567 ], [ 84.984789957218851, 21.847230339544286 ], [ 84.987871657141298, 21.85028422911946 ], [ 84.990412845445988, 21.849457314325516 ], [ 84.994605643022297, 21.853314817549656 ], [ 84.996393445485324, 21.850672501306086 ], [ 84.999996601550464, 21.852079899147309 ] ] } },
{ "type": "Feature", "properties": { "River_Name": "Jumri or Banda Jor", "Basin": "Brahmani" }, "geometry": { "type": "LineString", "coordinates": [ [ 84.798748670000435, 21.810790360369005 ], [ 84.80307405167882, 21.812184418039397 ], [ 84.807457266273417, 21.819308639071952 ], [ 84.811363634867163, 21.819663002428925 ], [ 84.818622680792757, 21.827872573870483 ], [ 84.822844896823952, 21.830380000300522 ], [ 84.819704384289537, 21.834347832114709 ], [ 84.825013606653528, 21.842052806995621 ], [ 84.831262607866719, 21.839760226895933 ], [ 84.833541997242918, 21.841578139768927 ], [ 84.834875099649466, 21.839762551791797 ], [ 84.836871958105561, 21.842682892897173 ], [ 84.837365811604997, 21.840395737270189 ], [ 84.841948702690217, 21.841476182128616 ], [ 84.844378311725251, 21.838771848264898 ], [ 84.847406639725278, 21.839353215311853 ], [ 84.848650863352745, 21.837324134043303 ], [ 84.852283596435925, 21.838558948641229 ] ] } },
{ "type": "Feature", "properties": { "River_Name": "Joram Nala", "Basin": "Brahmani" }, "geometry": { "type": "LineString", "coordinates": [ [ 84.830729451799129, 21.885291544243426 ], [ 84.834757864389559, 21.886979011810958 ], [ 84.844428666505067, 21.884287842621976 ], [ 84.851933974839369, 21.884558242109225 ] ] } },
{ "type": "Feature", "properties": { "River_Name": "Ambadaha Nala", "Basin": "Brahmani" }, "geometry": { "type": "MultiLineString", "coordinates": [ [ [ 84.79131951056894, 21.982975250231515 ], [ 84.790102887805716, 21.978701350905038 ], [ 84.779846278481472, 21.984567601352651 ], [ 84.775153894233867, 21.984982589690681 ] ], [ [ 84.791328770908564, 21.983002464092184 ], [ 84.795389903778997, 21.983648545520396 ], [ 84.796945892769472, 21.986021700473408 ] ], [ [ 84.766810135047237, 21.98455767429223 ], [ 84.77178392013144, 21.983171548257491 ], [ 84.774952664025449, 21.984848930009665 ] ], [ [ 84.752523918051097, 21.993843559902203 ], [ 84.753215537193228, 21.988661049738521 ], [ 84.757458188568037, 21.984529401282096 ], [ 84.766742237072407, 21.984565779423932 ] ], [ [ 84.752610021669071, 22.001894572478442 ], [ 84.752522637549831, 21.993924808213979 ] ] ] } },
{ "type": "Feature", "properties": { "River_Name": "Baghalata Nala", "Basin": "Brahmani" }, "geometry": { "type": "MultiLineString", "coordinates": [ [ [ 84.796945892769472, 21.986021700473408 ], [ 84.797835340587255, 21.996137928898559 ], [ 84.809656119185064, 21.996558140977776 ], [ 84.81097731137784, 22.000688857889134 ] ], [ [ 84.810982151831567, 22.000688922527267 ], [ 84.807061067195406, 22.003489923175852 ], [ 84.807156333572536, 22.007997053455853 ], [ 84.813750449205301, 22.009277087268007 ], [ 84.814116250503062, 22.013521456240206 ], [ 84.820560840072986, 22.021747686237493 ], [ 84.814668997404098, 22.028617607385179 ], [ 84.817858095826423, 22.030646688594128 ], [ 84.818577672071257, 22.032985963590185 ], [ 84.82282785056654, 22.031507464413007 ], [ 84.825314348790897, 22.031991997634702 ], [ 84.825989416595135, 22.033766293180939 ], [ 84.823945919080586, 22.036294585160213 ], [ 84.825907502043975, 22.039444964482197 ], [ 84.821094630383811, 22.042550432768731 ] ] ] } },
{ "type": "Feature", "properties": { "River_Name": "Phuluchi Nala", "Basin": "Brahmani" }, "geometry": { "type": "LineString", "coordinates": [ [ 84.971302463263925, 21.830308594448013 ], [ 84.978376055304921, 21.832138354874395 ], [ 84.982669344878971, 21.838426597866533 ] ] } },
{ "type": "Feature", "properties": { "River_Name": "jhampipheri Nala", "Basin": "Brahmani" }, "geometry": { "type": "LineString", "coordinates": [ [ 84.795500809084615, 21.781332063694418 ], [ 84.817721660450943, 21.776935928365127 ], [ 84.82354492421598, 21.767276796468046 ] ] } },
{ "type": "Feature", "properties": { "River_Name": "Tentua Nala", "Basin": "Brahmani" }, "geometry": { "type": "MultiLineString", "coordinates": [ [ [ 84.749999015767386, 21.895314327152139 ], [ 84.755338747680028, 21.89260612435389 ], [ 84.757899823049456, 21.895264153063891 ], [ 84.763310825379747, 21.894800527198889 ], [ 84.769215051524412, 21.899011765360754 ], [ 84.776195681236672, 21.900912212816255 ], [ 84.777129477872137, 21.904649598216785 ], [ 84.781026763030539, 21.907916808265629 ], [ 84.785315168807102, 21.904362701178439 ], [ 84.785884503002336, 21.906654897529396 ], [ 84.788249694766634, 21.90763936041672 ], [ 84.792250431819056, 21.906415393997509 ], [ 84.794571303093363, 21.907453352543186 ], [ 84.799126196882554, 21.903852768435552 ], [ 84.799470217382222, 21.901929501287427 ] ], [ [ 84.749413296952653, 21.895644927741081 ], [ 84.750000169841144, 21.89532093455589 ] ], [ [ 84.749320549042992, 21.895697836850641 ], [ 84.748172945406964, 21.896688937415611 ] ] ] } },
{ "type": "Feature", "properties": { "River_Name": "Ghagi Nala", "Basin": "Brahmani" }, "geometry": { "type": "MultiLineString", "coordinates": [ [ [ 84.814807372804353, 21.941201728238248 ], [ 84.813592128299902, 21.939654997542931 ], [ 84.815687038386969, 21.938423197090387 ], [ 84.815403979612611, 21.932559046021581 ], [ 84.818608406951839, 21.929960371151196 ], [ 84.821659809258136, 21.93104831356068 ], [ 84.823269090339437, 21.928008496434423 ], [ 84.826129974181612, 21.931125565117043 ], [ 84.82693819439028, 21.926977971810388 ], [ 84.83037663270882, 21.927434257985801 ], [ 84.833229776352638, 21.924681638116454 ], [ 84.835755795524022, 21.919874849740705 ], [ 84.83605547541697, 21.912853469521398 ] ], [ [ 84.810862304311357, 21.951059457504787 ], [ 84.815135396275039, 21.947287704305381 ], [ 84.815059465103531, 21.941489522087128 ] ], [ [ 84.802786957542352, 21.95563807709733 ], [ 84.809290632820705, 21.953503642505893 ], [ 84.81056962479019, 21.951525107197018 ] ] ] } },
{ "type": "Feature", "properties": { "River_Name": "Bhulikucha Nala", "Basin": "Brahmani" }, "geometry": { "type": "LineString", "coordinates": [ [ 84.842169458664188, 21.952440021544788 ], [ 84.857446418979279, 21.966812690446588 ], [ 84.864000858730549, 21.970013489124977 ] ] } },
{ "type": "Feature", "properties": { "River_Name": "Kulijhar Nala", "Basin": "Brahmani" }, "geometry": { "type": "MultiLineString", "coordinates": [ [ [ 84.815147492158545, 21.962006527007329 ], [ 84.81479773480207, 21.964936570795182 ], [ 84.819783738210134, 21.965851682045685 ], [ 84.822463504981002, 21.968505919627102 ], [ 84.822175826201956, 21.976258758828237 ], [ 84.828579509132226, 21.984244786252034 ], [ 84.833345460184233, 21.985675841113245 ], [ 84.845069736959886, 21.985717425422827 ], [ 84.849127221750081, 21.98117442781124 ] ], [ [ 84.849158302377191, 21.981039385683658 ], [ 84.850818037714902, 21.974333798763055 ], [ 84.861951002141097, 21.979540575127224 ] ] ] } },
{ "type": "Feature", "properties": { "River_Name": "Lui Jor", "Basin": "Brahmani" }, "geometry": { "type": "LineString", "coordinates": [ [ 84.816209709844401, 21.84760724736628 ], [ 84.817717337008702, 21.850557436920404 ], [ 84.823522079388937, 21.852720118383829 ], [ 84.831068915247059, 21.858996140783365 ], [ 84.837412700744906, 21.860732020994288 ], [ 84.840892892254431, 21.864421289779475 ], [ 84.845156556147074, 21.865231125746337 ], [ 84.850081538606645, 21.86871787741936 ], [ 84.855208038710714, 21.869741902222732 ] ] } },
{ "type": "Feature", "properties": { "River_Name": "Jhilimili Nala", "Basin": "Brahmani" }, "geometry": { "type": "LineString", "coordinates": [ [ 84.779555658997793, 21.775858668424441 ], [ 84.787627513209458, 21.768648183351878 ], [ 84.788647932458474, 21.758837288421436 ], [ 84.790005583827082, 21.755396975028219 ], [ 84.792815739793625, 21.754626320797456 ], [ 84.792906159059896, 21.750925250134049 ] ] } },
{ "type": "Feature", "properties": { "River_Name": "Kudarkucha Nala", "Basin": "Brahmani" }, "geometry": { "type": "LineString", "coordinates": [ [ 84.836753314229441, 21.991116198149946 ], [ 84.82959667940456, 21.995342430878608 ], [ 84.826070921379412, 22.000189905312507 ], [ 84.821778680761923, 21.99719822981163 ], [ 84.816674584395997, 21.996335712488481 ], [ 84.812425602625794, 21.996856981674416 ], [ 84.810991750522433, 21.999117866680862 ] ] } },
{ "type": "Feature", "properties": { "River_Name": "Bara Nala", "Basin": "Brahmani" }, "geometry": { "type": "MultiLineString", "coordinates": [ [ [ 85.535221457264527, 21.281706514039229 ], [ 85.531994759247823, 21.28927529015192 ], [ 85.529087307631812, 21.291363663692021 ], [ 85.524358573190284, 21.291954593886043 ], [ 85.524685991257257, 21.305019341573527 ], [ 85.528723685975649, 21.306590329592524 ], [ 85.526585672511104, 21.308328557145131 ], [ 85.528536038358453, 21.309461218144879 ] ], [ [ 85.528540812764035, 21.309465776465206 ], [ 85.531974357678919, 21.32431008347697 ], [ 85.529888402468444, 21.32563778755587 ], [ 85.530438641598906, 21.328469958477882 ], [ 85.527145678651408, 21.327081657253256 ], [ 85.525797582270272, 21.332227730255688 ] ] ] } },
{ "type": "Feature", "properties": { "River_Name": "Rambhai Nala", "Basin": "Brahmani" }, "geometry": { "type": "LineString", "coordinates": [ [ 85.546000692291059, 21.296971166062516 ], [ 85.539264412320989, 21.307567432552876 ], [ 85.533171620964723, 21.31151157482897 ], [ 85.53383528729448, 21.317971526543815 ], [ 85.535823399212106, 21.31823274339455 ], [ 85.534948036002049, 21.319498789169515 ], [ 85.536738562068777, 21.321217124177213 ], [ 85.536349606459268, 21.328358935857565 ], [ 85.535328369435234, 21.32974565617371 ], [ 85.531785170826964, 21.329759909083119 ], [ 85.529741178632975, 21.332673280906082 ], [ 85.525959255828511, 21.332450458764875 ] ] } },
{ "type": "Feature", "properties": { "River_Name": "Sindhuria Nala", "Basin": "Brahmani" }, "geometry": { "type": "LineString", "coordinates": [ [ 85.540512917875304, 21.386916515348453 ], [ 85.549750665452095, 21.377335293106505 ], [ 85.55418732814428, 21.374844309596448 ], [ 85.555134765036343, 21.363795919444474 ], [ 85.55816400889843, 21.358248513422613 ] ] } },
{ "type": "Feature", "properties": { "River_Name": "Budhalaharini Nala", "Basin": "Brahmani" }, "geometry": { "type": "LineString", "coordinates": [ [ 85.558740260943324, 21.3870556184294 ], [ 85.561530087090375, 21.380882838839309 ], [ 85.559884551164728, 21.365720145658351 ], [ 85.561094646947808, 21.360306114447869 ] ] } },
{ "type": "Feature", "properties": { "River_Name": "Jamudiha Nala", "Basin": "Brahmani" }, "geometry": { "type": "MultiLineString", "coordinates": [ [ [ 85.591585973204957, 21.377465855311847 ], [ 85.593173676943536, 21.380365292470884 ], [ 85.591408253867726, 21.387468656631651 ], [ 85.594703452266401, 21.387821494909669 ], [ 85.593706250281798, 21.391747104269868 ], [ 85.587696431696017, 21.394849184680083 ], [ 85.581258563035831, 21.403800911636612 ] ], [ [ 85.574242963731223, 21.419020945279446 ], [ 85.572622140209035, 21.414567357859426 ], [ 85.575604859486859, 21.408400519314554 ], [ 85.581258519447402, 21.40380542785325 ] ] ] } },
{ "type": "Feature", "properties": { "River_Name": "River / Nala", "Basin": "Brahmani" }, "geometry": { "type": "LineString", "coordinates": [ [ 84.458161752249325, 21.446979558367175 ], [ 84.457997627182095, 21.450326679190418 ], [ 84.463636111130555, 21.458881143739681 ], [ 84.46462036426891, 21.464426110770937 ], [ 84.4617831171159, 21.467299296217362 ], [ 84.456170542553863, 21.467796313251057 ], [ 84.455526741482103, 21.469321372326515 ], [ 84.456398907170851, 21.47519419887583 ], [ 84.459107595559729, 21.476409127828038 ], [ 84.459079252196901, 21.483320082688767 ], [ 84.455852517864855, 21.494692104390598 ], [ 84.456904889734133, 21.498527219026002 ], [ 84.460296475054719, 21.500718621928169 ] ] } },
{ "type": "Feature", "properties": { "River_Name": "Rangimunda Nala", "Basin": "Brahmani" }, "geometry": { "type": "LineString", "coordinates": [ [ 84.414425093209772, 21.482043509157286 ], [ 84.416313459000989, 21.483810687481608 ], [ 84.421618533867886, 21.484651046897955 ], [ 84.427773926195428, 21.488980282056417 ], [ 84.434579252966827, 21.490376029730935 ], [ 84.445274503604153, 21.488973798323414 ], [ 84.448418073299834, 21.490068911298525 ], [ 84.450453673513394, 21.491445252903869 ], [ 84.45140291764217, 21.501187990992957 ], [ 84.457726691437841, 21.49925750657497 ] ] } },
{ "type": "Feature", "properties": { "River_Name": "Phutughara Nala", "Basin": "Brahmani" }, "geometry": { "type": "LineString", "coordinates": [ [ 85.476128049813028, 21.358246640688215 ], [ 85.476900874393067, 21.36137452115058 ], [ 85.483095552525413, 21.368480800206207 ], [ 85.497285582304684, 21.374168233991984 ], [ 85.505983855086598, 21.374836210044379 ], [ 85.508283526971752, 21.38185858505928 ], [ 85.512448381875757, 21.382482713201181 ], [ 85.516823693264186, 21.386649446208015 ], [ 85.520031241832626, 21.386560441288445 ], [ 85.524325153532303, 21.391164466263508 ], [ 85.525432120639977, 21.395713294939728 ] ] } },
{ "type": "Feature", "properties": { "River_Name": "Pechamundi Nala", "Basin": "Brahmani" }, "geometry": { "type": "LineString", "coordinates": [ [ 85.541126495476732, 21.248267213372131 ], [ 85.546075627450421, 21.237339106002672 ], [ 85.556350936471233, 21.232928795770427 ], [ 85.556379342248164, 21.231000435388154 ], [ 85.565436149805493, 21.225991938491621 ], [ 85.570074430206446, 21.218560748995017 ], [ 85.567254609844682, 21.217263140068223 ], [ 85.570983095542275, 21.214738312354712 ], [ 85.571200998939418, 21.212617323373067 ] ] } },
{ "type": "Feature", "properties": { "River_Name": "Ramiala Nadi", "Basin": "Brahmani" }, "geometry": { "type": "MultiLineString", "coordinates": [ [ [ 85.543230369255539, 21.213109992127094 ], [ 85.53852958033724, 21.216014200220137 ], [ 85.539792660580162, 21.219331295109466 ], [ 85.533825664974245, 21.219704130050502 ], [ 85.532982487907674, 21.217777245445756 ], [ 85.530489608283517, 21.221928903069553 ], [ 85.527691979179252, 21.221339946008118 ], [ 85.524563935267153, 21.222979252597192 ], [ 85.5242211094764, 21.225482963434406 ], [ 85.525871680949251, 21.226622021968591 ], [ 85.522617608044442, 21.230261031779104 ], [ 85.519700249613322, 21.230072863777696 ], [ 85.521990751852314, 21.231773114067124 ], [ 85.518481955853858, 21.232437891184723 ], [ 85.519490011208958, 21.233761065451759 ], [ 85.515222644678559, 21.240417119286221 ], [ 85.515859824013177, 21.243177835473045 ], [ 85.511341884520192, 21.245956347733234 ], [ 85.511802289080194, 21.250002733903944 ] ], [ [ 85.511744526289505, 21.249997617116172 ], [ 85.511712771621504, 21.250760725704051 ] ], [ [ 85.497372031195496, 21.269079035934116 ], [ 85.496320233233561, 21.267317238734684 ], [ 85.501596685713992, 21.253048625482247 ], [ 85.504848456201913, 21.251124543115012 ], [ 85.511664324955461, 21.250787397364146 ] ] ] } },
{ "type": "Feature", "properties": { "River_Name": "Sankoi Nala", "Basin": "Brahmani" }, "geometry": { "type": "LineString", "coordinates": [ [ 85.522428913484831, 21.26899353714273 ], [ 85.515901417770323, 21.27172287623539 ], [ 85.511197542547592, 21.27087001575098 ], [ 85.507985931463963, 21.267759692104036 ], [ 85.508400325986145, 21.263454575595514 ], [ 85.506522697743463, 21.258528458462784 ], [ 85.500409266372245, 21.255122901624294 ] ] } },
{ "type": "Feature", "properties": { "River_Name": "Sankhpak Nala", "Basin": "Brahmani" }, "geometry": { "type": "LineString", "coordinates": [ [ 85.613168522244834, 21.188983412585301 ], [ 85.615829458026994, 21.189750491617442 ], [ 85.61574943954507, 21.191619767467106 ], [ 85.62101185719095, 21.195425247625515 ], [ 85.624059440321531, 21.196064373407534 ], [ 85.636370382634553, 21.209122789416913 ] ] } },
{ "type": "Feature", "properties": { "River_Name": "Duhujori Nala", "Basin": "Brahmani" }, "geometry": { "type": "MultiLineString", "coordinates": [ [ [ 85.597125246797688, 21.226321592820081 ], [ 85.596119145351764, 21.218101867841398 ], [ 85.597529051740864, 21.216726960097127 ], [ 85.590738751695085, 21.213522273635594 ], [ 85.592297306122802, 21.210694273012887 ], [ 85.588600655721166, 21.207890162964276 ] ], [ [ 85.599311443244943, 21.228449052604287 ], [ 85.597125246797688, 21.226321592820081 ] ], [ [ 85.599946224435129, 21.239791232698852 ], [ 85.598576033154373, 21.239490784829897 ], [ 85.598891275521694, 21.236720153503228 ], [ 85.596899515978905, 21.233379311505743 ], [ 85.597125246797688, 21.226321592820081 ] ] ] } },
{ "type": "Feature", "properties": { "River_Name": "Bhimakhanda nala", "Basin": "Brahmani" }, "geometry": { "type": "LineString", "coordinates": [ [ 85.611465183535856, 21.155283537030062 ], [ 85.613910961108743, 21.154788679427163 ], [ 85.616360166107043, 21.157550398096593 ], [ 85.623836945806687, 21.160777632920862 ], [ 85.628951002938379, 21.159689963009665 ], [ 85.631108829471501, 21.161188940148278 ], [ 85.637222912874819, 21.158686318711773 ], [ 85.64082030034271, 21.162848122327826 ] ] } },
{ "type": "Feature", "properties": { "River_Name": "Ghantia Nala", "Basin": "Brahmani" }, "geometry": { "type": "LineString", "coordinates": [ [ 85.525972541301087, 21.221803696967054 ], [ 85.521382614999482, 21.223190788987317 ], [ 85.518688500629978, 21.222367727745503 ], [ 85.515666490676409, 21.226397063632 ], [ 85.506179671442013, 21.228029640784019 ], [ 85.499997831733012, 21.232938488680929 ] ] } },
{ "type": "Feature", "properties": { "River_Name": "Debidai Nala", "Basin": "Brahmani" }, "geometry": { "type": "MultiLineString", "coordinates": [ [ [ 85.499999567564515, 21.149743263619513 ], [ 85.495827000197124, 21.141472490401128 ], [ 85.48991130874758, 21.138515663402742 ], [ 85.490857856579325, 21.135845768851802 ], [ 85.488846207794822, 21.132932698616425 ], [ 85.489546301120072, 21.131303940894806 ], [ 85.484372163412957, 21.126009450841693 ], [ 85.485642394431238, 21.123225047240403 ] ], [ [ 85.511872066474339, 21.176256657017365 ], [ 85.504107021680397, 21.162141540116142 ], [ 85.501863496522944, 21.160680893346559 ], [ 85.499999658533469, 21.149734231242164 ] ] ] } },
{ "type": "Feature", "properties": { "River_Name": "Budhikutuni Nala", "Basin": "Brahmani" }, "geometry": { "type": "LineString", "coordinates": [ [ 85.529761049363529, 21.124119549151018 ], [ 85.527132175103034, 21.118812235848416 ], [ 85.521340046349096, 21.114091581314838 ], [ 85.504054970548239, 21.111690608450154 ], [ 85.500141774676464, 21.107374275391273 ] ] } },
{ "type": "Feature", "properties": { "River_Name": "Ambili Jhara", "Basin": "Brahmani" }, "geometry": { "type": "MultiLineString", "coordinates": [ [ [ 85.493688714388455, 21.05518175614619 ], [ 85.499998997052771, 21.063584345272844 ] ], [ [ 85.499999268741661, 21.063557247865674 ], [ 85.507392651686743, 21.071508460699658 ], [ 85.510530383353284, 21.071481822561232 ], [ 85.512278704639385, 21.07519628966644 ], [ 85.516007096855404, 21.074817914929138 ] ] ] } },
{ "type": "Feature", "properties": { "River_Name": "Phuljhar Nala", "Basin": "Brahmani" }, "geometry": { "type": "MultiLineString", "coordinates": [ [ [ 85.533331408681107, 21.021730246955428 ], [ 85.533988262058912, 21.023429675215123 ], [ 85.524949412657222, 21.031233141474015 ], [ 85.512534732205594, 21.035397744437436 ], [ 85.507101265389878, 21.035594010680235 ], [ 85.500464783187809, 21.039663811107431 ] ], [ [ 85.481917970829542, 21.03780090877828 ], [ 85.49042961853128, 21.034827991814169 ], [ 85.497460561272206, 21.036999558207647 ], [ 85.500001184971282, 21.039357104756029 ] ] ] } },
{ "type": "Feature", "properties": { "River_Name": "Khai Nala", "Basin": "Brahmani" }, "geometry": { "type": "MultiLineString", "coordinates": [ [ [ 85.627843584056635, 21.071747980045885 ], [ 85.628464561003099, 21.071201946442187 ] ], [ [ 85.627843584056635, 21.071747980045885 ], [ 85.640438926467809, 21.075273087130636 ] ], [ [ 85.579253808063058, 21.07385505279861 ], [ 85.584493043208838, 21.073993678335366 ], [ 85.584616497261706, 21.077219671110392 ], [ 85.587347477864682, 21.075950632178888 ], [ 85.591601189440325, 21.079057383924408 ], [ 85.591438312023712, 21.080510429791538 ], [ 85.595193065479293, 21.081426841901315 ], [ 85.599950137034654, 21.081181601606065 ], [ 85.604747978136075, 21.077598660045656 ] ], [ [ 85.604743166092902, 21.077598620484199 ], [ 85.610276430474457, 21.07511913457769 ], [ 85.615617771107097, 21.075158268408089 ], [ 85.627843584056635, 21.071747980045885 ] ] ] } },
{ "type": "Feature", "properties": { "River_Name": "Jamujori Nala", "Basin": "Brahmani" }, "geometry": { "type": "LineString", "coordinates": [ [ 85.545990398809195, 21.145135667936504 ], [ 85.550458637172881, 21.141632920603154 ], [ 85.552228226908753, 21.137885672413226 ], [ 85.560977763248857, 21.132693799451097 ], [ 85.564343724980503, 21.126602240966523 ], [ 85.565446823161295, 21.120523070576109 ], [ 85.568594836734619, 21.120039307236969 ], [ 85.568039217758596, 21.118245995450884 ], [ 85.572941633893265, 21.116516801192173 ], [ 85.573061932642148, 21.114507874504181 ], [ 85.577663296107971, 21.111014475540912 ], [ 85.579069126512323, 21.104915130005583 ], [ 85.57584142335088, 21.102688399561217 ], [ 85.583758323196008, 21.096173822042928 ], [ 85.584198302550845, 21.0929164057079 ], [ 85.587358899503243, 21.090526297070824 ], [ 85.585763800356546, 21.086167891568415 ] ] } },
{ "type": "Feature", "properties": { "River_Name": "Godi Nala", "Basin": "Brahmani" }, "geometry": { "type": "LineString", "coordinates": [ [ 85.555636333199971, 21.030868792349729 ], [ 85.557250467271288, 21.031108334459923 ], [ 85.560726973112523, 21.03779999346493 ], [ 85.564851686359205, 21.038634334642119 ], [ 85.567433269360862, 21.03632547091798 ], [ 85.57606075183817, 21.038719578886337 ], [ 85.578872578856505, 21.038494690665299 ], [ 85.57934053478391, 21.034808404068389 ], [ 85.580863633609937, 21.036542015513682 ], [ 85.584933182752195, 21.033549703173975 ], [ 85.58591313032943, 21.034217307006617 ], [ 85.586134901859694, 21.032638279171422 ], [ 85.590651597638399, 21.032720950692479 ], [ 85.592761501478449, 21.030895578967939 ], [ 85.591498033689135, 21.029168737017063 ], [ 85.594504537230989, 21.030223444870707 ], [ 85.59747348589967, 21.028612881575093 ], [ 85.606794571542636, 21.028861150993968 ], [ 85.606981398374515, 21.031017200262912 ], [ 85.614722568035347, 21.032015432706981 ], [ 85.616148730806586, 21.033869910742794 ], [ 85.619090679423252, 21.032041935201153 ], [ 85.618766735295551, 21.034826184940179 ], [ 85.622988958680423, 21.039219179859305 ], [ 85.630356999378975, 21.03741325999685 ], [ 85.635178201785095, 21.038951633259089 ], [ 85.637191687151457, 21.038159273647938 ], [ 85.639846090661123, 21.042019859667516 ], [ 85.644854085791408, 21.04527586935281 ], [ 85.644317452047815, 21.046622128540108 ], [ 85.64703429932878, 21.048400841138491 ], [ 85.649656241171854, 21.054307168055281 ] ] } },
{ "type": "Feature", "properties": { "River_Name": "Sahala Nala", "Basin": "Brahmani" }, "geometry": { "type": "MultiLineString", "coordinates": [ [ [ 85.573038494217741, 20.996850900751927 ], [ 85.57421583792221, 20.999999926362978 ] ], [ [ 85.574249504340159, 21.000000208356052 ], [ 85.576649656994036, 21.003547900620763 ], [ 85.576025161882825, 21.007011562136039 ], [ 85.568601680443322, 21.020779608896898 ], [ 85.564030467835352, 21.021910915193843 ], [ 85.558565056294185, 21.020974883226202 ], [ 85.556274977110462, 21.023001542653038 ], [ 85.550717384415989, 21.023143975158465 ], [ 85.547918858442401, 21.025500418300975 ] ] ] } },
{ "type": "Feature", "properties": { "River_Name": "Pichhuli Nala", "Basin": "Brahmani" }, "geometry": { "type": "LineString", "coordinates": [ [ 85.696140224806783, 21.162045947164678 ], [ 85.692459103447675, 21.160657958996584 ], [ 85.693948371411949, 21.158307142075213 ], [ 85.691768447726133, 21.158154794417058 ], [ 85.690562746953788, 21.155087551332993 ], [ 85.685910565749722, 21.156275554839478 ], [ 85.684995361094536, 21.15467851136825 ], [ 85.686785020268147, 21.151575776874331 ], [ 85.681719162693426, 21.144566883855425 ], [ 85.674374226309567, 21.142147213747734 ], [ 85.674430603101072, 21.134726470562292 ], [ 85.670950997481711, 21.130814707958589 ], [ 85.671883325370217, 21.129376629223255 ], [ 85.670477614888682, 21.126673558420325 ], [ 85.669178096350464, 21.12772029651752 ], [ 85.664977515131611, 21.12532944979969 ], [ 85.662654059098827, 21.12674747851171 ], [ 85.655383721763116, 21.126333094438777 ], [ 85.653875790425602, 21.123791694191524 ], [ 85.650641531232154, 21.123178777211383 ], [ 85.649002819341305, 21.120207197924284 ], [ 85.642188440446986, 21.116281815214311 ], [ 85.629427330332874, 21.124661630539929 ], [ 85.623442809527859, 21.125787471659805 ] ] } },
{ "type": "Feature", "properties": { "River_Name": "Tepadihi Nala", "Basin": "Brahmani" }, "geometry": { "type": "MultiLineString", "coordinates": [ [ [ 85.293632377564464, 21.999998290077922 ], [ 85.292447775686298, 22.008920976480042 ] ], [ [ 85.293584591790392, 22.000001586058485 ], [ 85.297166283936548, 21.996900314371576 ], [ 85.29713881481436, 21.993928605505005 ], [ 85.302601594196872, 21.991424748933078 ], [ 85.308669211834072, 21.98526457044338 ], [ 85.308773805560762, 21.971532889371613 ], [ 85.316707656669436, 21.966308280986325 ], [ 85.325530536020324, 21.968204873419104 ] ] ] } },
{ "type": "Feature", "properties": { "River_Name": "Lekerapani Nala", "Basin": "Brahmani" }, "geometry": { "type": "MultiLineString", "coordinates": [ [ [ 85.250000787720452, 21.927479443058935 ], [ 85.246303009450301, 21.933017033024925 ], [ 85.243423803729357, 21.933753968957085 ], [ 85.242211397835533, 21.935917610824323 ], [ 85.243723725502079, 21.940074748232181 ], [ 85.242373384455007, 21.941247958138295 ], [ 85.24270297635033, 21.94633172838348 ] ], [ [ 85.250000677293954, 21.927488473471588 ], [ 85.252822497657235, 21.924303239325774 ], [ 85.260388214725211, 21.92261778311363 ], [ 85.263880943701551, 21.926737001286327 ], [ 85.268215932675744, 21.928065219058094 ] ], [ [ 85.271039005724973, 21.927950428736974 ], [ 85.274967426677648, 21.925675074455611 ] ], [ [ 85.271039005724973, 21.927950428736974 ], [ 85.268215932675744, 21.928065219058094 ] ], [ [ 85.273813979145032, 21.929415626759898 ], [ 85.271039005724973, 21.927950428736974 ] ], [ [ 85.269287797436149, 21.929480929629545 ], [ 85.268215932675744, 21.928065219058094 ] ] ] } },
{ "type": "Feature", "properties": { "River_Name": "Rukura Nala", "Basin": "Brahmani" }, "geometry": { "type": "MultiLineString", "coordinates": [ [ [ 84.708852757117739, 21.735100343184893 ], [ 84.715082865608508, 21.735931411592887 ], [ 84.716517370521856, 21.735057277698974 ], [ 84.716188461724954, 21.732325795549652 ], [ 84.723539158338909, 21.731650500973512 ], [ 84.725284962640004, 21.732482655167125 ], [ 84.725854612272315, 21.735280647390052 ], [ 84.72928337389871, 21.735418020415931 ], [ 84.73656015417636, 21.740086725187407 ], [ 84.739604535205373, 21.736385519347504 ], [ 84.741598119388556, 21.739306762716989 ], [ 84.744586915235999, 21.740394973571384 ], [ 84.763073361392614, 21.740573662392816 ], [ 84.775180736937017, 21.743190948143795 ], [ 84.780610749196697, 21.741202599000815 ], [ 84.794395595113826, 21.751816506352412 ], [ 84.796269494262518, 21.748419126254095 ], [ 84.800270590395115, 21.747185603002254 ] ], [ [ 84.708769052413601, 21.73519850983174 ], [ 84.703319804102847, 21.73905535418556 ], [ 84.689489344872968, 21.735752172517831 ], [ 84.686674950112661, 21.737992801452386 ], [ 84.683418551376732, 21.737355820000417 ], [ 84.676331015338604, 21.742678627593307 ], [ 84.665702498115323, 21.743106904140475 ], [ 84.661043195516925, 21.741072706007259 ] ] ] } },
{ "type": "Feature", "properties": { "River_Name": "Madhuali Nala", "Basin": "Brahmani" }, "geometry": { "type": "MultiLineString", "coordinates": [ [ [ 84.858581467861001, 21.475942544597793 ], [ 84.859230227182124, 21.477761469908202 ], [ 84.862760549862415, 21.477490590641118 ], [ 84.865501559172543, 21.482718170569711 ], [ 84.864541092434891, 21.4863858292386 ], [ 84.866051256047058, 21.48703726262686 ], [ 84.863490811227507, 21.489262160221504 ], [ 84.860227728145503, 21.488394102083337 ], [ 84.85964457674639, 21.491980762510703 ], [ 84.863925772643583, 21.498460768255761 ], [ 84.861809331446494, 21.500000469076166 ] ], [ [ 84.857650371275099, 21.500001341058152 ], [ 84.859938858233221, 21.498906394463997 ], [ 84.860720073321943, 21.501241752826012 ], [ 84.861818979179617, 21.50000059262333 ] ], [ [ 84.857742024493106, 21.500002517015179 ], [ 84.856342939017267, 21.501641649407496 ], [ 84.857661394381978, 21.505505548366166 ], [ 84.85611654295046, 21.506880920267641 ], [ 84.856414648331139, 21.509255241899925 ], [ 84.852913904379037, 21.511729737270414 ], [ 84.85491064598753, 21.514089781613237 ], [ 84.855181630157318, 21.518310478956074 ], [ 84.851748222388224, 21.524063837747882 ], [ 84.853078420617521, 21.526474023664687 ], [ 84.853039529485741, 21.540931212699192 ], [ 84.850739593031051, 21.544391825262846 ], [ 84.853316909198696, 21.550615375498371 ], [ 84.852239659029635, 21.55264687966579 ], [ 84.856484316900023, 21.559722673501273 ], [ 84.856320633762493, 21.562976026796353 ], [ 84.859616136979511, 21.565032185707022 ], [ 84.853434011170151, 21.575111807457208 ], [ 84.854413946380006, 21.583631051658774 ], [ 84.856583688307268, 21.58610623897788 ], [ 84.852360828207239, 21.587654690544849 ], [ 84.850983857315072, 21.586747425871209 ], [ 84.849930308664, 21.591072900506052 ], [ 84.848124719173356, 21.5887874612974 ], [ 84.841068316407032, 21.599089948271207 ], [ 84.832335018895961, 21.599053135831298 ], [ 84.832283725047276, 21.596338873702607 ], [ 84.829123127538523, 21.597521261424951 ], [ 84.827660585667473, 21.59620633036343 ], [ 84.825884884063314, 21.5990502344257 ], [ 84.825694622030738, 21.597566789583343 ], [ 84.822629961479691, 21.59814076199218 ], [ 84.818548958854009, 21.595658173472376 ], [ 84.815982790725599, 21.599046948890361 ], [ 84.812156117845205, 21.600847850065048 ], [ 84.811029822575193, 21.598692882835373 ], [ 84.808072920097189, 21.601083059376062 ], [ 84.807066906527055, 21.597037837751287 ], [ 84.803378570020769, 21.596388674839677 ], [ 84.801941257545806, 21.599173545984225 ], [ 84.799598424785913, 21.59798220255702 ], [ 84.799950426386076, 21.596095047946186 ], [ 84.796601971175264, 21.597554247118602 ], [ 84.795047993235187, 21.595285163165393 ], [ 84.793329417649147, 21.598142976984111 ], [ 84.787769376833779, 21.597716958950475 ], [ 84.785998945526174, 21.601115797433359 ], [ 84.782813517374578, 21.601682895495205 ], [ 84.780246872729919, 21.597449699015531 ], [ 84.778972607345111, 21.59901294586961 ], [ 84.77377560263615, 21.5985280964155 ], [ 84.771430163648859, 21.600361384788137 ], [ 84.764265415084225, 21.598802386628435 ], [ 84.762080070768491, 21.595869872347187 ], [ 84.755675682342172, 21.597932720746773 ], [ 84.752445444222857, 21.596087643102592 ], [ 84.749998626231175, 21.599156338193474 ] ], [ [ 84.663949809244912, 21.595857285033521 ], [ 84.664378028597881, 21.597750462982138 ], [ 84.669992532364475, 21.597142955069316 ], [ 84.671465427656372, 21.599524801047984 ], [ 84.685173061558899, 21.599702582630368 ], [ 84.697544597846587, 21.603779613727198 ], [ 84.702506959039923, 21.602597629315142 ], [ 84.704167837396753, 21.604119490489538 ], [ 84.704702041112242, 21.603002668585198 ], [ 84.713675227066304, 21.602805706431148 ], [ 84.715631318988343, 21.601216261929242 ], [ 84.727275871357179, 21.602766366437955 ], [ 84.731929017748911, 21.601276757559376 ], [ 84.738382712394497, 21.603211235631132 ], [ 84.749958825162281, 21.599232553933593 ] ] ] } },
{ "type": "Feature", "properties": { "River_Name": "Jaituk Nala", "Basin": "Brahmani" }, "geometry": { "type": "LineString", "coordinates": [ [ 84.489008415264948, 21.53071749141705 ], [ 84.493632686192853, 21.528349306635356 ], [ 84.497939290725498, 21.523393992599551 ], [ 84.509429531547283, 21.526626725437122 ], [ 84.513605557911873, 21.523357398656451 ], [ 84.517363960593727, 21.52307480000529 ], [ 84.518116076909465, 21.519131354495027 ], [ 84.522243012509222, 21.519016638077748 ], [ 84.521262969435369, 21.516780976304958 ], [ 84.524700698608797, 21.511495939450633 ], [ 84.524568518680198, 21.506482940500739 ], [ 84.52733390648045, 21.506699996497805 ], [ 84.53061313093977, 21.503344639250663 ], [ 84.532821734018128, 21.497675518162623 ] ] } },
{ "type": "Feature", "properties": { "River_Name": "Baraghat Nala", "Basin": "Brahmani" }, "geometry": { "type": "LineString", "coordinates": [ [ 84.549275687955102, 21.499999042416086 ], [ 84.550230363948288, 21.505209261632402 ], [ 84.554262074336606, 21.50759336595582 ], [ 84.545484838262809, 21.512304057677703 ], [ 84.550723903390278, 21.514620236424353 ], [ 84.552931002753368, 21.520530519590924 ], [ 84.556608130105346, 21.521929747232392 ], [ 84.55485371339536, 21.525280898943073 ], [ 84.556750589505043, 21.528410172680911 ], [ 84.561269102961703, 21.530869011407752 ], [ 84.56144275097229, 21.532894060500702 ], [ 84.559502984615733, 21.533764071034554 ], [ 84.561419674666979, 21.534564098946472 ], [ 84.561050159407955, 21.537041684315966 ], [ 84.556419537351672, 21.538097991155364 ], [ 84.554108662044527, 21.541526731076829 ], [ 84.553770471027093, 21.545580309444993 ], [ 84.551209462420786, 21.545213141394822 ], [ 84.546088790790193, 21.548704268630416 ], [ 84.538575618389075, 21.547830518107087 ], [ 84.535987960359719, 21.552469257300153 ], [ 84.5323812196186, 21.552014094317418 ], [ 84.53134832434705, 21.554021266105988 ], [ 84.524749510707892, 21.556984142618035 ], [ 84.52066334543224, 21.561731232481304 ] ] } },
{ "type": "Feature", "properties": { "River_Name": "Jarikela Nala", "Basin": "Brahmani" }, "geometry": { "type": "MultiLineString", "coordinates": [ [ [ 84.678887016523802, 21.571271139516174 ], [ 84.674278945700678, 21.576322091078694 ], [ 84.670074467757757, 21.576642542936913 ] ], [ [ 84.632551639538903, 21.57065943232104 ], [ 84.62860112072832, 21.568138204166871 ], [ 84.627734101094106, 21.56447348222715 ], [ 84.61777746579962, 21.558268186346254 ], [ 84.619917864389379, 21.552501953794494 ], [ 84.61633546855785, 21.548464302722728 ], [ 84.619553510833242, 21.543778931191586 ], [ 84.623351119206163, 21.543196554733452 ], [ 84.625915801648674, 21.54009088423998 ] ], [ [ 84.669899079315741, 21.576743927982228 ], [ 84.662077286582957, 21.579293456642116 ], [ 84.646468237410318, 21.576834200255405 ], [ 84.645780297552236, 21.579379801366866 ], [ 84.643850258195997, 21.578142551879424 ], [ 84.64193723641263, 21.579731728621102 ], [ 84.63642364577538, 21.577730272459476 ], [ 84.636140423679819, 21.574362805377994 ], [ 84.632622554220617, 21.570750734276938 ] ] ] } },
{ "type": "Feature", "properties": { "River_Name": "Champai Nala", "Basin": "Brahmani" }, "geometry": { "type": "MultiLineString", "coordinates": [ [ [ 84.438462741165509, 21.138328260451537 ], [ 84.445655451782329, 21.143718831076736 ], [ 84.45332110503044, 21.155531250275491 ], [ 84.453202293489866, 21.170905562908633 ], [ 84.450294196338689, 21.179949214273556 ], [ 84.450196936740923, 21.187581596360261 ] ], [ [ 84.449905665412601, 21.188285959732539 ], [ 84.449825616189528, 21.189864789938966 ], [ 84.453019954898679, 21.190815870094358 ], [ 84.456015608577715, 21.194657637725186 ], [ 84.453851271689203, 21.198200426965364 ], [ 84.459841355119138, 21.206263107464554 ] ] ] } },
{ "type": "Feature", "properties": { "River_Name": "Phatang Nala", "Basin": "Brahmani" }, "geometry": { "type": "LineString", "coordinates": [ [ 84.774809697903294, 21.682592870592465 ], [ 84.77789173788868, 21.684476305016087 ], [ 84.788448570098083, 21.684996693937144 ], [ 84.792302271640509, 21.687296516480895 ], [ 84.791935429580761, 21.691395766219408 ], [ 84.794460948191414, 21.692418170203187 ], [ 84.794239366588755, 21.69744944935918 ], [ 84.798536995579255, 21.707435089463768 ], [ 84.805186242225716, 21.712142169254577 ], [ 84.818101244939982, 21.715035350773682 ], [ 84.821192828483262, 21.719898120180883 ] ] } },
{ "type": "Feature", "properties": { "River_Name": "Barha jor", "Basin": "Brahmani" }, "geometry": { "type": "LineString", "coordinates": [ [ 84.898351624159062, 21.711575849514475 ], [ 84.899075559797311, 21.713630426793181 ], [ 84.893708620926134, 21.720172537510333 ], [ 84.894773606288936, 21.721369063045689 ], [ 84.893107956991656, 21.723921546780979 ], [ 84.894360930434118, 21.724488339157606 ], [ 84.892128854688053, 21.727439972847961 ], [ 84.885871096693847, 21.730069298677726 ], [ 84.884386516190759, 21.728817689280103 ], [ 84.878705977596454, 21.732275866050536 ], [ 84.873824396858694, 21.730682601048944 ], [ 84.872495127166573, 21.731690464073061 ], [ 84.87238135568542, 21.730555697865046 ], [ 84.867186322010454, 21.732529696032852 ] ] } },
{ "type": "Feature", "properties": { "River_Name": "Barha jor", "Basin": "Brahmani" }, "geometry": { "type": "LineString", "coordinates": [ [ 84.781478211129382, 21.719009670775833 ], [ 84.79046496896629, 21.717779831436754 ], [ 84.795515373193453, 21.714853689339915 ], [ 84.7991336523353, 21.717123186550698 ], [ 84.800343977514473, 21.722367639764144 ], [ 84.803319331557418, 21.724353104583933 ], [ 84.81012296421838, 21.724032356976046 ], [ 84.827795684244293, 21.718133680089998 ], [ 84.832698097792957, 21.723426360926201 ], [ 84.836254261489742, 21.722800119753039 ], [ 84.838395481351583, 21.726638816039568 ], [ 84.846262005212566, 21.725368738876664 ], [ 84.846427351463419, 21.723027551114281 ], [ 84.850376205640913, 21.723611642521981 ], [ 84.859544671415307, 21.715982440803465 ], [ 84.866451976004697, 21.718437494480433 ], [ 84.865139443795101, 21.716352644330581 ], [ 84.868669903437223, 21.71450174520357 ], [ 84.871556458251206, 21.709775363758581 ], [ 84.878538638816352, 21.712393416079355 ], [ 84.88021218989249, 21.709967610738065 ], [ 84.882278226439837, 21.710102396757829 ], [ 84.884628279269549, 21.713284022360909 ], [ 84.888411961872464, 21.712271223799647 ], [ 84.891590645935182, 21.708672453661144 ], [ 84.894767136860025, 21.708866362604617 ], [ 84.898351624159076, 21.711575849514496 ], [ 84.900635282858971, 21.709703894298197 ], [ 84.904994246638466, 21.709325607915368 ] ] } },
{ "type": "Feature", "properties": { "River_Name": "Nagra Jor", "Basin": "Brahmani" }, "geometry": { "type": "LineString", "coordinates": [ [ 84.863680860195629, 21.681278198684414 ], [ 84.876579311496215, 21.693129140948315 ], [ 84.881357674967376, 21.692449785384778 ], [ 84.885949292291244, 21.694300936003092 ], [ 84.8881153182882, 21.692865617653563 ], [ 84.89026731679742, 21.695705994326548 ], [ 84.89480230922949, 21.696815696748072 ], [ 84.90334994035392, 21.695086333411219 ], [ 84.911555856850512, 21.698278353255603 ] ] } },
{ "type": "Feature", "properties": { "River_Name": "Narhia Jor", "Basin": "Brahmani" }, "geometry": { "type": "LineString", "coordinates": [ [ 84.975460623451099, 21.65762441580473 ], [ 84.972116084006601, 21.666058992514145 ], [ 84.966223996211241, 21.666321026359086 ], [ 84.96124437296109, 21.669023331812479 ], [ 84.953680622214762, 21.666216497074078 ], [ 84.952660186286494, 21.664248762132569 ], [ 84.947383563806923, 21.664034578029124 ], [ 84.941328726766102, 21.659435217303475 ], [ 84.931705699344022, 21.657486887147506 ], [ 84.924566063287699, 21.65922195834311 ], [ 84.916019266999299, 21.659038114681838 ], [ 84.907236593574012, 21.662819773645552 ] ] } },
{ "type": "Feature", "properties": { "River_Name": "Bali Jor", "Basin": "Brahmani" }, "geometry": { "type": "MultiLineString", "coordinates": [ [ [ 84.882225595251469, 21.632033835311518 ], [ 84.888965067150707, 21.632178297185664 ], [ 84.890360990619158, 21.633821513358328 ], [ 84.898566809330077, 21.632760569466313 ], [ 84.904410547561014, 21.628720965383245 ], [ 84.913123352878941, 21.631675243710568 ], [ 84.91617342787994, 21.630805949032332 ], [ 84.917481601896924, 21.634886116973043 ], [ 84.920948107643142, 21.634140455963458 ] ], [ [ 84.86201424400123, 21.633277024518335 ], [ 84.86202138653853, 21.633274126245023 ] ], [ [ 84.86201424400123, 21.633277024518335 ], [ 84.862437415831153, 21.63322529710404 ], [ 84.862662219096208, 21.633372674964892 ], [ 84.864284332051326, 21.63570530835818 ], [ 84.866811849241984, 21.634925048229196 ], [ 84.868430968874549, 21.636151386205476 ], [ 84.874476354822178, 21.633573903570863 ] ], [ [ 84.861972837938794, 21.633291562221615 ], [ 84.86201424400123, 21.633277024518335 ] ], [ [ 84.920916326025122, 21.634138956964733 ], [ 84.920948107643142, 21.634140455963458 ] ], [ [ 84.920948107643142, 21.634140455963458 ], [ 84.920964610935727, 21.634139561184391 ] ], [ [ 84.920948107643142, 21.634140455963458 ], [ 84.927308357306501, 21.634620685699524 ], [ 84.939916065047626, 21.632027650325199 ], [ 84.945076898202842, 21.629418465358349 ], [ 84.944618974110014, 21.631747240520735 ], [ 84.947682896057458, 21.631938634930165 ], [ 84.953123281726903, 21.624903060329085 ], [ 84.957864122454268, 21.626717863372619 ], [ 84.962600120837607, 21.624409924329793 ], [ 84.965293498278456, 21.625535645480078 ], [ 84.968142197398919, 21.622463896688078 ], [ 84.974139483377513, 21.620762539293803 ], [ 84.97524031105587, 21.616269558724898 ], [ 84.981665794293221, 21.618135800321923 ], [ 84.981643329974631, 21.61453672366833 ], [ 84.986582269191715, 21.609724434447699 ], [ 84.99038613405736, 21.608758982506416 ], [ 84.989819060772334, 21.611357547985268 ], [ 84.993528482567413, 21.609889667329234 ] ], [ [ 84.87443799246968, 21.633555351963505 ], [ 84.874476354822178, 21.633573903570863 ] ], [ [ 84.874476354822178, 21.633573903570863 ], [ 84.876898317741606, 21.635383863692169 ], [ 84.882302782251116, 21.632039334332571 ] ], [ [ 84.826987951838277, 21.634426993010884 ], [ 84.830497751624463, 21.63417035104775 ], [ 84.830187940202009, 21.632604077072436 ], [ 84.833633181234447, 21.630197325734365 ], [ 84.835304931538218, 21.631108592232945 ], [ 84.838477606835767, 21.628838149532712 ], [ 84.843571346698909, 21.628570209801644 ], [ 84.845420494407051, 21.631524524886576 ], [ 84.850046807274495, 21.632501027720185 ], [ 84.850626701711406, 21.630842438263286 ], [ 84.853630373265773, 21.632804724429828 ], [ 84.854561420030521, 21.631236442327417 ], [ 84.857251721930695, 21.631203430579504 ], [ 84.857206069566175, 21.633315940990485 ], [ 84.860463330345283, 21.633809436188294 ], [ 84.860947821755985, 21.633702795262842 ], [ 84.86201424400123, 21.633277024518335 ] ], [ [ 84.793608329209931, 21.636705088134661 ], [ 84.806614319399401, 21.63727465006334 ], [ 84.810878092395299, 21.634739245996283 ], [ 84.81910296614241, 21.635646591703747 ], [ 84.821070597769989, 21.633893465782052 ], [ 84.826013826867836, 21.635303723496602 ] ] ] } },
{ "type": "Feature", "properties": { "River_Name": "Kumbhadak Nala", "Basin": "Brahmani" }, "geometry": { "type": "LineString", "coordinates": [ [ 84.94948687857476, 21.527167755668142 ], [ 84.952879008413632, 21.527200388865992 ], [ 84.960469059702092, 21.531077299342247 ], [ 84.960748343625454, 21.529048768245296 ], [ 84.963235452730643, 21.528577943126443 ], [ 84.964962454444759, 21.530012356634312 ], [ 84.96733129636425, 21.528677576634031 ], [ 84.969542422981476, 21.530352648308273 ], [ 84.969643598144259, 21.528976666398663 ], [ 84.975387609778608, 21.528897476703047 ], [ 84.97582011371783, 21.532162892794748 ] ] } },
{ "type": "Feature", "properties": { "River_Name": "Barh Nala", "Basin": "Brahmani" }, "geometry": { "type": "MultiLineString", "coordinates": [ [ [ 84.915723874586533, 21.547212814270971 ], [ 84.915915421090077, 21.549007796908281 ], [ 84.907721946752034, 21.550891880475291 ], [ 84.906292545167119, 21.554305565693557 ], [ 84.895477712275166, 21.559538006288548 ] ], [ [ 84.915919766237593, 21.549009179201253 ], [ 84.921388547179163, 21.545630936089488 ], [ 84.922281807562399, 21.547299205274541 ], [ 84.92973525238915, 21.54278176122121 ], [ 84.931449104882802, 21.53900109443455 ], [ 84.938020896477255, 21.537059604958049 ], [ 84.938923916422837, 21.533946120851585 ], [ 84.943763367140932, 21.531283076675592 ], [ 84.944919346896484, 21.528014626557283 ], [ 84.94948687857476, 21.527167755668096 ] ] ] } },
{ "type": "Feature", "properties": { "River_Name": "River / Nala", "Basin": "Brahmani" }, "geometry": { "type": "LineString", "coordinates": [ [ 84.866529341176857, 21.575180783812858 ], [ 84.866227994377184, 21.569718025518178 ], [ 84.864378665964651, 21.567450259031869 ], [ 84.865661596585738, 21.557302944486391 ], [ 84.864323932875521, 21.55734901659978 ], [ 84.865086071066983, 21.555733304333227 ], [ 84.863984817686344, 21.555457307826238 ], [ 84.865248070042895, 21.550601570938557 ], [ 84.864258039288828, 21.549324623955478 ], [ 84.866726141545669, 21.546890918720326 ], [ 84.860323527175296, 21.541494440086502 ], [ 84.860132087069047, 21.532168053778026 ], [ 84.856914754861762, 21.527792132714694 ], [ 84.858980797762058, 21.525443658621921 ], [ 84.857475966615766, 21.52506311978604 ], [ 84.857992953131003, 21.521728495135864 ], [ 84.85603993079495, 21.521640195538513 ], [ 84.855014337059956, 21.518859184938417 ] ] } },
{ "type": "Feature", "properties": { "River_Name": "Kalajira Nala", "Basin": "Brahmani" }, "geometry": { "type": "LineString", "coordinates": [ [ 84.855014337059984, 21.518859184938417 ], [ 84.856039930794978, 21.521640195538513 ], [ 84.857992953131003, 21.521728495135882 ], [ 84.85747596661578, 21.525063119786076 ], [ 84.858980797762058, 21.525443658621921 ], [ 84.856914754861762, 21.527792132714708 ], [ 84.860132087069061, 21.532168053778044 ], [ 84.860323527175296, 21.541494440086502 ], [ 84.866726141545669, 21.54689091872034 ], [ 84.864258039288842, 21.54932462395546 ], [ 84.865248070042909, 21.550601570938557 ], [ 84.863984817686358, 21.555457307826238 ], [ 84.865086071066983, 21.555733304333252 ], [ 84.864323932875521, 21.557349016599819 ], [ 84.865661596585738, 21.557302944486423 ], [ 84.864378665964637, 21.56745025903189 ], [ 84.866227994377198, 21.569718025518178 ], [ 84.867581962401175, 21.576810716088829 ], [ 84.869768452550574, 21.579471080054539 ], [ 84.872424095244881, 21.579432796737301 ], [ 84.873852656944877, 21.581771875341911 ], [ 84.880129924484066, 21.5843217703883 ], [ 84.879092602179895, 21.586268169226376 ], [ 84.881720544309303, 21.591792170937637 ], [ 84.885212727426634, 21.59101481429526 ], [ 84.89811824761648, 21.59431192528848 ], [ 84.906179943189684, 21.590692968157374 ] ] } },
{ "type": "Feature", "properties": { "River_Name": "Bhagadanta Nala", "Basin": "Brahmani" }, "geometry": { "type": "MultiLineString", "coordinates": [ [ [ 84.845200826016907, 21.466694965892003 ], [ 84.842808226186975, 21.470958078041924 ], [ 84.832242210604434, 21.478912598536283 ], [ 84.831426697440961, 21.484139629239124 ], [ 84.827246545326531, 21.485602415231348 ], [ 84.825127096654526, 21.49187800755282 ], [ 84.82284078007433, 21.493144070576495 ], [ 84.82095696595151, 21.497183140569881 ], [ 84.817738377613566, 21.499809559643428 ], [ 84.817026253250972, 21.49774134537007 ], [ 84.815535458965059, 21.500001994895726 ] ], [ [ 84.79578146869224, 21.534350526622458 ], [ 84.798686785333459, 21.532736383913736 ], [ 84.801897496934245, 21.5275005892994 ], [ 84.800657474185158, 21.523325840835206 ], [ 84.8015622597175, 21.513544515381799 ], [ 84.809904187182937, 21.507147909885528 ], [ 84.816606233375907, 21.506806771505001 ], [ 84.817738939621407, 21.504297619437168 ], [ 84.815545106402709, 21.50000212111534 ] ] ] } },
{ "type": "Feature", "properties": { "River_Name": "Kemang Jor", "Basin": "Brahmani" }, "geometry": { "type": "LineString", "coordinates": [ [ 84.918320196391107, 21.729821266961991 ], [ 84.91253318679891, 21.73400627312953 ], [ 84.905614830433024, 21.734867080838875 ], [ 84.903363332235941, 21.737827652451426 ], [ 84.904848886086981, 21.745693915779857 ], [ 84.900638255848108, 21.751749620305567 ], [ 84.90190730927948, 21.756881450546722 ], [ 84.908750004523327, 21.761983715773763 ], [ 84.907479258740764, 21.767594454918989 ] ] } },
{ "type": "Feature", "properties": { "River_Name": "Bauli Nala", "Basin": "Brahmani" }, "geometry": { "type": "MultiLineString", "coordinates": [ [ [ 84.956532252559171, 20.683676694193537 ], [ 84.957272679285168, 20.687153624488037 ], [ 84.950636592718212, 20.694611688378352 ], [ 84.947340749122276, 20.70308922543407 ], [ 84.950908606787991, 20.709006779285971 ] ], [ [ 84.953001936946066, 20.707162144795568 ], [ 84.950908606787991, 20.709006779285971 ] ], [ [ 84.950908606787991, 20.709006779285971 ], [ 84.951663131297195, 20.713215451337483 ], [ 84.956753322235429, 20.714806818493553 ] ], [ [ 84.956901238964889, 20.714871795974396 ], [ 84.962148430799061, 20.713705710278557 ] ] ] } },
{ "type": "Feature", "properties": { "River_Name": "Nigra Jor", "Basin": "Brahmani" }, "geometry": { "type": "MultiLineString", "coordinates": [ [ [ 84.754524546886174, 20.912947387448121 ], [ 84.757672292337134, 20.912288887723534 ], [ 84.760068262726463, 20.914036142646498 ], [ 84.768794167360085, 20.913120909436081 ], [ 84.770600399510485, 20.914462972180981 ] ], [ [ 84.770724384212102, 20.914527805370327 ], [ 84.778354039957179, 20.917891833618718 ], [ 84.78701522509381, 20.915582052183545 ] ] ] } },
{ "type": "Feature", "properties": { "River_Name": "Makarkanda Nala", "Basin": "Brahmani" }, "geometry": { "type": "MultiLineString", "coordinates": [ [ [ 84.828330991702956, 20.843226239175117 ], [ 84.82649840738766, 20.846408963325345 ], [ 84.82005179990945, 20.847099135112202 ], [ 84.817706556203376, 20.849841734775023 ], [ 84.817401845588307, 20.853314737792214 ], [ 84.819955339765883, 20.857456336740725 ], [ 84.818970557360544, 20.858455246208425 ], [ 84.820303768660168, 20.861610466750964 ], [ 84.817102467432676, 20.86539873912222 ], [ 84.816301777692232, 20.869610446471839 ], [ 84.812728995033723, 20.871827018967227 ], [ 84.81087421120499, 20.869197892063738 ], [ 84.807238461523156, 20.868135352200916 ], [ 84.792801062196602, 20.878727854575423 ], [ 84.788441405469584, 20.878210950411319 ] ], [ [ 84.865456272821447, 20.845982497018444 ], [ 84.86166858910326, 20.838340086678457 ], [ 84.858696597068345, 20.837232767880973 ], [ 84.857350940447574, 20.83898151110002 ], [ 84.854761167011119, 20.835986900316929 ], [ 84.8544583313668, 20.832614521393275 ], [ 84.852022375574577, 20.831653792792277 ], [ 84.835600807354751, 20.832991378694061 ], [ 84.832138363418039, 20.835634301267493 ], [ 84.832212704040302, 20.838827685901784 ], [ 84.828399458069541, 20.843141313705051 ] ], [ [ 84.873760589531841, 20.848108810683208 ], [ 84.865493866479724, 20.846041667883174 ] ] ] } },
{ "type": "Feature", "properties": { "River_Name": "Nuabanda Nala", "Basin": "Brahmani" }, "geometry": { "type": "LineString", "coordinates": [ [ 84.910257953359832, 20.987873965705202 ], [ 84.906223363635348, 20.986876126907873 ], [ 84.906984998988918, 20.985011527292972 ], [ 84.90453511828882, 20.983816378663512 ], [ 84.901672223230321, 20.979148153580578 ], [ 84.888153382045004, 20.976687167086276 ] ] } },
{ "type": "Feature", "properties": { "River_Name": "Gundijeri Nala", "Basin": "Brahmani" }, "geometry": { "type": "MultiLineString", "coordinates": [ [ [ 84.937992903556676, 20.967828501000653 ], [ 84.936341511410319, 20.958894617506914 ], [ 84.933224592360986, 20.957624081279988 ], [ 84.931069402411765, 20.953890595018283 ], [ 84.926435161321919, 20.95424973061127 ], [ 84.922154345272006, 20.950946360109437 ] ], [ [ 84.937997648450505, 20.967833074071621 ], [ 84.937992903556676, 20.967828501000653 ] ], [ [ 84.942689033739839, 20.971759702605127 ], [ 84.94236655779514, 20.969678605289062 ], [ 84.941404791392515, 20.970046302744166 ], [ 84.939458986332696, 20.968898383794251 ], [ 84.938272481243899, 20.968125401408287 ], [ 84.937992903556676, 20.967828501000653 ] ], [ [ 84.942693778901912, 20.971764275565334 ], [ 84.942689033739839, 20.971759702605127 ] ], [ [ 84.947412665850138, 20.980030676469607 ], [ 84.946193266504949, 20.978137460344843 ], [ 84.94704361003609, 20.976075021455184 ], [ 84.944943087164546, 20.976036145501997 ], [ 84.943306536919152, 20.973713407554484 ], [ 84.944457731705995, 20.972503557834042 ], [ 84.944377680180637, 20.972380669062286 ], [ 84.942888948769038, 20.97190661771122 ], [ 84.942783813434971, 20.971860191613224 ], [ 84.942689033739839, 20.971759702605127 ] ] ] } },
{ "type": "Feature", "properties": { "River_Name": "Banksal Nala", "Basin": "Brahmani" }, "geometry": { "type": "LineString", "coordinates": [ [ 85.02304728907346, 21.71650192408794 ], [ 85.019751202958318, 21.716887007139388 ], [ 85.013471927518239, 21.721611746772115 ], [ 85.012938882495604, 21.724883568747689 ], [ 85.004025418689778, 21.731341806284721 ], [ 84.999869963097566, 21.731987029464452 ], [ 84.99700759062425, 21.729992732660239 ], [ 84.98853122879845, 21.734143471492398 ] ] } },
{ "type": "Feature", "properties": { "River_Name": "River / Nala", "Basin": "Brahmani" }, "geometry": { "type": "LineString", "coordinates": [ [ 84.902818099002502, 21.531418928264181 ], [ 84.898615340430979, 21.523328780361915 ], [ 84.89889908160454, 21.517692731079769 ], [ 84.911972932870043, 21.510144639273779 ], [ 84.911770297407756, 21.508792016592722 ], [ 84.924859081390935, 21.504850777022174 ], [ 84.924953512249772, 21.502616840818824 ], [ 84.926248775939101, 21.502804518356132 ] ] } },
{ "type": "Feature", "properties": { "River_Name": "Sabalgura Nala", "Basin": "Brahmani" }, "geometry": { "type": "LineString", "coordinates": [ [ 85.022360632992729, 21.625881316638079 ], [ 85.014234700445442, 21.624691676246115 ], [ 85.011345955831118, 21.619107594388922 ], [ 85.004559308044875, 21.613964413709613 ], [ 85.00228147724799, 21.608590731253539 ], [ 84.998991301390475, 21.60802286545016 ] ] } },
{ "type": "Feature", "properties": { "River_Name": "Aksharpat Nala", "Basin": "Brahmani" }, "geometry": { "type": "LineString", "coordinates": [ [ 85.030280813844385, 21.614826517847654 ], [ 85.021890473821301, 21.614297935537589 ], [ 85.015732487396264, 21.606241140423087 ], [ 85.01458708492963, 21.601716476772875 ], [ 85.011053140422575, 21.598147651529558 ], [ 85.004472512578801, 21.595300853526606 ] ] } },
{ "type": "Feature", "properties": { "River_Name": "Korapani Nala", "Basin": "Brahmani" }, "geometry": { "type": "LineString", "coordinates": [ [ 85.110337629785533, 21.704484046677955 ], [ 85.118631165342521, 21.71104935009404 ], [ 85.119978533554658, 21.714090138369226 ], [ 85.119077228564564, 21.717624700809878 ], [ 85.123395512467681, 21.732674713283199 ], [ 85.122807133196886, 21.736298631770627 ], [ 85.124547826523695, 21.74368791733669 ], [ 85.12693878668243, 21.745674793277804 ], [ 85.124374030299506, 21.74999883312347 ] ] } },
{ "type": "Feature", "properties": { "River_Name": "Belijhor Nala", "Basin": "Brahmani" }, "geometry": { "type": "MultiLineString", "coordinates": [ [ [ 85.178852655770427, 21.616402789480649 ], [ 85.176947423806951, 21.620066816025048 ] ], [ [ 85.195081648964106, 21.616593300484151 ], [ 85.190245979411799, 21.62175653167526 ], [ 85.189502324540911, 21.624850813481267 ], [ 85.186700622221309, 21.626441455835373 ], [ 85.181652660105826, 21.626133421106534 ], [ 85.176947423806951, 21.620066816025048 ] ], [ [ 85.176947423806951, 21.620066816025048 ], [ 85.168654349846136, 21.623592822598201 ], [ 85.163525946323432, 21.622402779629976 ], [ 85.153173115517717, 21.626081328310072 ], [ 85.139291373597132, 21.627335413100138 ] ], [ [ 85.139108106668019, 21.627315298255137 ], [ 85.128467999428949, 21.63148124171687 ] ] ] } },
{ "type": "Feature", "properties": { "River_Name": "Kerunjai Nala", "Basin": "Brahmani" }, "geometry": { "type": "MultiLineString", "coordinates": [ [ [ 85.210095386335453, 21.633906885426025 ], [ 85.208931971680727, 21.638166357471054 ], [ 85.200250116331546, 21.644968232718039 ] ], [ [ 85.194277867973469, 21.640857224048826 ], [ 85.192121163620612, 21.644545780061712 ] ], [ [ 85.192121163620612, 21.644545780061712 ], [ 85.186856137155033, 21.644935456041857 ], [ 85.182628803117851, 21.643073898426003 ], [ 85.180388672870862, 21.644914403188405 ], [ 85.180455646971041, 21.646893060953179 ], [ 85.165514241577526, 21.650431635100706 ], [ 85.157204041436884, 21.656286881596614 ] ], [ [ 85.200250116331546, 21.644968232718039 ], [ 85.192121163620612, 21.644545780061712 ] ], [ [ 85.201987190579231, 21.645506368438333 ], [ 85.200250116331546, 21.644968232718039 ] ] ] } },
{ "type": "Feature", "properties": { "River_Name": "Bar Nala", "Basin": "Brahmani" }, "geometry": { "type": "LineString", "coordinates": [ [ 85.143940016592268, 21.595352608878063 ], [ 85.13089183692999, 21.599604883572923 ], [ 85.12626513986757, 21.5981710266276 ], [ 85.121766800787057, 21.599145375085481 ], [ 85.116287836103908, 21.596044356997773 ], [ 85.105759288715902, 21.594375947911487 ], [ 85.101996908457011, 21.597417289213187 ], [ 85.096710295134812, 21.598847070727142 ], [ 85.093971199349781, 21.601895398721563 ] ] } },
{ "type": "Feature", "properties": { "River_Name": "Kainanda Nala", "Basin": "Brahmani" }, "geometry": { "type": "LineString", "coordinates": [ [ 85.143940016592268, 21.595352608878063 ], [ 85.148459847913912, 21.592670919885691 ], [ 85.156801397166191, 21.590925592658831 ], [ 85.162647752886812, 21.59214176905591 ], [ 85.167891157074308, 21.590632589828811 ], [ 85.174499715268254, 21.594223034771218 ], [ 85.174960811092006, 21.598653598340658 ] ] } },
{ "type": "Feature", "properties": { "River_Name": "Dalki Nala", "Basin": "Brahmani" }, "geometry": { "type": "MultiLineString", "coordinates": [ [ [ 85.122567779997553, 21.575600374153602 ], [ 85.118594325106571, 21.57635932687764 ], [ 85.115729635865918, 21.580228516873138 ] ], [ [ 85.115670657151156, 21.580309132305548 ], [ 85.113795302167759, 21.583453412437635 ], [ 85.111742761374174, 21.595040026698474 ] ] ] } },
{ "type": "Feature", "properties": { "River_Name": "Barjor Nala", "Basin": "Brahmani" }, "geometry": { "type": "LineString", "coordinates": [ [ 85.159149052395335, 21.573272219574402 ], [ 85.153718826462182, 21.572805684720198 ], [ 85.150864133398116, 21.570638043824022 ], [ 85.147910510669988, 21.565244986969514 ], [ 85.143922740178098, 21.561849893763256 ], [ 85.14069524120066, 21.553360370815302 ], [ 85.132284728027656, 21.551604525841636 ], [ 85.130235855017773, 21.55365880277029 ], [ 85.125211313640094, 21.553620417733772 ], [ 85.120125164690805, 21.551996161161963 ], [ 85.107125276326869, 21.542375045053713 ], [ 85.094013950659999, 21.538834383148313 ], [ 85.094707006930776, 21.534547873054997 ], [ 85.091748272334172, 21.532712281824402 ] ] } },
{ "type": "Feature", "properties": { "River_Name": "Tasrapani Nala", "Basin": "Brahmani" }, "geometry": { "type": "MultiLineString", "coordinates": [ [ [ 85.102290950087095, 21.72851909917982 ], [ 85.098826417960296, 21.724794612858421 ], [ 85.092870674027068, 21.72456356936279 ], [ 85.090200687777269, 21.71815225344 ], [ 85.082944370647681, 21.709240448640546 ] ], [ [ 85.112298446080715, 21.745278130822875 ], [ 85.107235443889493, 21.736604483537338 ], [ 85.104221857016142, 21.736059731709393 ], [ 85.104354455589899, 21.729635517702679 ], [ 85.102323174924067, 21.728641390299757 ] ] ] } },
{ "type": "Feature", "properties": { "River_Name": "Burhgar Nala", "Basin": "Brahmani" }, "geometry": { "type": "MultiLineString", "coordinates": [ [ [ 85.160060446382488, 21.733361719341101 ], [ 85.163777639888437, 21.726475850233264 ], [ 85.161241338865565, 21.721837141504654 ], [ 85.158047314366456, 21.720663686392186 ], [ 85.1581190930291, 21.718063423387033 ], [ 85.154400618645226, 21.720126362114666 ], [ 85.152365579709553, 21.718649611738119 ], [ 85.149319465498465, 21.719902584958778 ], [ 85.144250252026751, 21.718373747459999 ], [ 85.140869439710784, 21.714831653051899 ] ], [ [ 85.158341451257868, 21.737027436427987 ], [ 85.160060446382488, 21.733361719341101 ] ], [ [ 85.163374084885817, 21.742258379862257 ], [ 85.164236901310062, 21.737120017471337 ], [ 85.160060446382488, 21.733361719341101 ] ] ] } },
{ "type": "Feature", "properties": { "River_Name": "Jautuk Nala", "Basin": "Brahmani" }, "geometry": { "type": "LineString", "coordinates": [ [ 85.193401154172179, 21.599866403002142 ], [ 85.196114107748997, 21.593700078899655 ], [ 85.198835053173354, 21.591941267875352 ], [ 85.200388429234692, 21.583852080435513 ], [ 85.199690339877819, 21.573141905337106 ], [ 85.204426442811837, 21.568446837034877 ], [ 85.203685098444609, 21.562789465473017 ], [ 85.211382441462092, 21.558677003702076 ], [ 85.212748057340704, 21.555571162666919 ], [ 85.212139156817997, 21.55129257925033 ], [ 85.208648799606209, 21.547777854576903 ], [ 85.207184612113522, 21.541620480810266 ], [ 85.208149560016949, 21.538903243751822 ] ] } },
{ "type": "Feature", "properties": { "River_Name": "Murgu Nala", "Basin": "Brahmani" }, "geometry": { "type": "LineString", "coordinates": [ [ 85.210370043477454, 21.585689272204455 ], [ 85.208851009751328, 21.582787280257769 ], [ 85.210082051729131, 21.579657458308379 ], [ 85.206033028654574, 21.571670431378827 ], [ 85.211382441462078, 21.558677003702076 ] ] } },
{ "type": "Feature", "properties": { "River_Name": "Kathipinja Nala", "Basin": "Brahmani" }, "geometry": { "type": "LineString", "coordinates": [ [ 85.217274076319995, 21.612533598534839 ], [ 85.21831413375223, 21.608841711529671 ], [ 85.217103408819568, 21.599665985665219 ], [ 85.214905115305612, 21.59858117894834 ], [ 85.214907504965552, 21.596418091038469 ], [ 85.210723466259608, 21.591505023814133 ], [ 85.209411035341219, 21.587503378721042 ], [ 85.210370043477468, 21.585689272204455 ] ] } },
{ "type": "Feature", "properties": { "River_Name": "Rantan Nala", "Basin": "Brahmani" }, "geometry": { "type": "LineString", "coordinates": [ [ 85.229606058398943, 21.544763814999271 ], [ 85.228557415118388, 21.538498089958189 ], [ 85.234944759007249, 21.522005782312554 ], [ 85.234524296929322, 21.518858220601178 ], [ 85.240277617533721, 21.51280435148335 ] ] } },
{ "type": "Feature", "properties": { "River_Name": "Pitalunima Nala", "Basin": "Brahmani" }, "geometry": { "type": "LineString", "coordinates": [ [ 85.269606085728228, 21.511110370212773 ], [ 85.261089534204402, 21.530869752959237 ], [ 85.260931492051952, 21.534413171953648 ], [ 85.256227315192717, 21.538699412646359 ], [ 85.25311455852794, 21.544700196221363 ], [ 85.254248510393552, 21.547155224685028 ], [ 85.250000942511889, 21.555578151475899 ] ] } },
{ "type": "Feature", "properties": { "River_Name": "Barha Nadi", "Basin": "Brahmani" }, "geometry": { "type": "LineString", "coordinates": [ [ 85.250001149875942, 21.603786091399911 ], [ 85.256108863102966, 21.601050332801726 ], [ 85.258521359425274, 21.60121559829803 ], [ 85.26073448107077, 21.603921238043714 ], [ 85.263647126311199, 21.602646547461944 ], [ 85.268508414706645, 21.603586864743864 ], [ 85.268467463159169, 21.601752947683305 ], [ 85.271532584831391, 21.601861593079978 ], [ 85.271589500486826, 21.599509351705976 ], [ 85.2758858823439, 21.593917956678336 ], [ 85.280181530688481, 21.591221186042073 ], [ 85.28253017498244, 21.591877681582282 ], [ 85.285895489586025, 21.589031153315471 ], [ 85.286383106811329, 21.584113705533483 ], [ 85.289584394690152, 21.582466662738792 ], [ 85.289430266553893, 21.580378671438865 ], [ 85.295486712042148, 21.574041545610598 ], [ 85.303362826707328, 21.57143039780361 ], [ 85.302743500426914, 21.566984797772356 ], [ 85.311279841745232, 21.569433461952247 ] ] } },
{ "type": "Feature", "properties": { "River_Name": "Buduni Nala", "Basin": "Brahmani" }, "geometry": { "type": "LineString", "coordinates": [ [ 85.331196165096571, 21.552495530975232 ], [ 85.317533864630278, 21.554638807518273 ], [ 85.314732867732687, 21.545953157167901 ], [ 85.307088133198164, 21.542904120732778 ], [ 85.305372167829546, 21.53936414533818 ] ] } },
{ "type": "Feature", "properties": { "River_Name": "Kathkadali Nala", "Basin": "Brahmani" }, "geometry": { "type": "LineString", "coordinates": [ [ 85.321427501813361, 21.547276174622269 ], [ 85.319274519599162, 21.540990646331544 ], [ 85.312102537180607, 21.535891788207184 ], [ 85.311229546826695, 21.533746837859539 ], [ 85.30784759721611, 21.53152225715526 ], [ 85.301781118347435, 21.531045125371193 ] ] } },
{ "type": "Feature", "properties": { "River_Name": "Kakharua Nala", "Basin": "Brahmani" }, "geometry": { "type": "LineString", "coordinates": [ [ 85.414435059814906, 21.521170428368748 ], [ 85.396074257678862, 21.530890043953431 ], [ 85.37756906468033, 21.546002953667859 ], [ 85.366062253673178, 21.561810101507366 ], [ 85.358001619889464, 21.562074088337894 ], [ 85.354220010600159, 21.569041329363138 ], [ 85.346959492297358, 21.57279460363122 ], [ 85.338265643803922, 21.570106801785215 ], [ 85.33024172092388, 21.579347803321152 ], [ 85.327574867581262, 21.576963633760837 ], [ 85.322759742462793, 21.578337773967306 ] ] } },
{ "type": "Feature", "properties": { "River_Name": "Bakra Nala", "Basin": "Brahmani" }, "geometry": { "type": "LineString", "coordinates": [ [ 85.357485243261948, 21.545765649883759 ], [ 85.355484334170015, 21.545122694108585 ], [ 85.34899859280317, 21.550482492062237 ], [ 85.338899080350842, 21.552224735240451 ], [ 85.332980359916874, 21.550133388436567 ], [ 85.331196165096557, 21.552495530975211 ] ] } },
{ "type": "Feature", "properties": { "River_Name": "Mundia Jor", "Basin": "Brahmani" }, "geometry": { "type": "LineString", "coordinates": [ [ 85.261216514026259, 21.574075641106131 ], [ 85.263867367354308, 21.56838153200589 ], [ 85.266940602970791, 21.566123922165701 ], [ 85.274628318691356, 21.565968890324157 ], [ 85.279183029083981, 21.561703198026166 ], [ 85.285991384041012, 21.559948897257325 ], [ 85.290594233412847, 21.56265161647503 ], [ 85.29434452791655, 21.561899743167015 ], [ 85.302864867162313, 21.56692732545682 ] ] } },
{ "type": "Feature", "properties": { "River_Name": "Phuldihi Nala", "Basin": "Brahmani" }, "geometry": { "type": "LineString", "coordinates": [ [ 85.297967283245796, 21.597681323639378 ], [ 85.305244144818417, 21.574890793339559 ], [ 85.310335602354712, 21.569256791459217 ] ] } },
{ "type": "Feature", "properties": { "River_Name": "Jamadhara Nala", "Basin": "Brahmani" }, "geometry": { "type": "LineString", "coordinates": [ [ 84.426061693220717, 21.463195811828943 ], [ 84.436493700751555, 21.460656596480582 ], [ 84.442908435620055, 21.463088708002687 ], [ 84.448095641237813, 21.462084548645429 ], [ 84.455526741482103, 21.469321372326498 ] ] } },
{ "type": "Feature", "properties": { "River_Name": "Bamni Nala", "Basin": "Brahmani" }, "geometry": { "type": "LineString", "coordinates": [ [ 84.445205839321602, 21.443893041549693 ], [ 84.45164004189003, 21.443232779403495 ], [ 84.453370783246555, 21.447136914652376 ], [ 84.452682689635253, 21.450105869928443 ], [ 84.461110399893329, 21.455470619601826 ] ] } },
{ "type": "Feature", "properties": { "River_Name": "Brahmanidei Nala", "Basin": "Brahmani" }, "geometry": { "type": "LineString", "coordinates": [ [ 84.514171003819499, 21.450055957736552 ], [ 84.511650948752319, 21.451643683350188 ], [ 84.509129637163426, 21.450748408234087 ], [ 84.502829439738477, 21.452017814596861 ], [ 84.49999714167852, 21.454657060298839 ], [ 84.493930278524772, 21.454846143237937 ], [ 84.489891055664827, 21.453011838653417 ], [ 84.486028056895364, 21.449714514666713 ], [ 84.484703016303399, 21.445114667648198 ], [ 84.480508401178227, 21.442127583427311 ], [ 84.47053416661214, 21.442557972618367 ], [ 84.465645956171414, 21.430769305287033 ], [ 84.468082789219764, 21.428977878645249 ] ] } },
{ "type": "Feature", "properties": { "River_Name": "Kansa Nala", "Basin": "Brahmani" }, "geometry": { "type": "LineString", "coordinates": [ [ 84.514171003819484, 21.450055957736524 ], [ 84.524018974384106, 21.45399870515293 ], [ 84.52967742170091, 21.451319521571392 ], [ 84.538875707000614, 21.46038482793811 ] ] } },
{ "type": "Feature", "properties": { "River_Name": "Chimna Nala", "Basin": "Brahmani" }, "geometry": { "type": "LineString", "coordinates": [ [ 84.477001738568518, 21.401240837963499 ], [ 84.473134638562627, 21.406906778402384 ], [ 84.473896438082164, 21.41026341130452 ], [ 84.469688734971555, 21.419725181254073 ], [ 84.468082789219764, 21.428977878645249 ] ] } },
{ "type": "Feature", "properties": { "River_Name": "Sindirkhol Nala", "Basin": "Brahmani" }, "geometry": { "type": "MultiLineString", "coordinates": [ [ [ 84.467357892419528, 21.401962103980651 ], [ 84.463948971555027, 21.405639387150536 ] ], [ [ 84.463740101606504, 21.405731026280186 ], [ 84.461339850424537, 21.42355335746803 ], [ 84.466053108998523, 21.428969736038514 ] ] ] } },
{ "type": "Feature", "properties": { "River_Name": "River / Nala", "Basin": "Brahmani" }, "geometry": { "type": "LineString", "coordinates": [ [ 84.470470436340889, 21.356639724302131 ], [ 84.477962764111211, 21.349398519681341 ], [ 84.479088034112891, 21.344183225611363 ], [ 84.482739387468328, 21.341150142371145 ], [ 84.4818560883853, 21.33869911640479 ], [ 84.483419987859307, 21.336564664339175 ], [ 84.477708113898089, 21.332176759962454 ], [ 84.481504673193683, 21.327394263087655 ], [ 84.479679515897004, 21.324802708811681 ], [ 84.481224934675438, 21.323178116993063 ], [ 84.479240524108619, 21.311577911249397 ], [ 84.480239350151251, 21.309791629254025 ] ] } },
{ "type": "Feature", "properties": { "River_Name": "Jingir Jharan", "Basin": "Brahmani" }, "geometry": { "type": "LineString", "coordinates": [ [ 84.474206297728557, 21.392517588899761 ], [ 84.471106607351089, 21.38608753777303 ], [ 84.471432781886477, 21.380011602638209 ], [ 84.469975157836103, 21.376486468312343 ], [ 84.471971494791731, 21.359592173542438 ], [ 84.470470436340889, 21.356639724302131 ] ] } },
{ "type": "Feature", "properties": { "River_Name": "Champakhal Nala", "Basin": "Brahmani" }, "geometry": { "type": "LineString", "coordinates": [ [ 84.5117447381039, 21.344453619264378 ], [ 84.507313061004538, 21.344929629059806 ], [ 84.500594249759331, 21.340184374975426 ], [ 84.494857447608183, 21.32502514991933 ], [ 84.49194072720293, 21.322295546559413 ], [ 84.495689227013813, 21.30922791058585 ], [ 84.490689938778431, 21.304896249552737 ], [ 84.488348548948551, 21.289602457699669 ], [ 84.488934539455371, 21.286582004312429 ], [ 84.490036571370268, 21.287776718112877 ], [ 84.491387977357121, 21.286483161290022 ], [ 84.49102500366908, 21.283462089823534 ], [ 84.493063395130733, 21.280567088881924 ], [ 84.491933103911222, 21.279335859805414 ], [ 84.497383102975547, 21.266944811677966 ] ] } },
{ "type": "Feature", "properties": { "River_Name": "Koili Nala", "Basin": "Brahmani" }, "geometry": { "type": "MultiLineString", "coordinates": [ [ [ 84.353095990046882, 21.250784427471835 ], [ 84.352564361777951, 21.251701468530285 ], [ 84.357356942901148, 21.255672390399745 ], [ 84.361061934975083, 21.256105138983852 ], [ 84.370504872790733, 21.261809717218785 ], [ 84.371175942366193, 21.263612312567318 ], [ 84.368163970364876, 21.265086541196851 ], [ 84.371205107423293, 21.2660368696597 ], [ 84.371450515107242, 21.267945674041151 ], [ 84.369565464083095, 21.268602389740128 ], [ 84.372428814859674, 21.271161479560789 ], [ 84.370679516554276, 21.275558039894836 ], [ 84.371924588508904, 21.280294770943069 ], [ 84.374244045354359, 21.280949410427663 ], [ 84.375625320315692, 21.279106604641896 ], [ 84.37956919506415, 21.278599262519055 ], [ 84.37965270047529, 21.280681596005671 ], [ 84.382381305645751, 21.281080673503876 ], [ 84.383708681233671, 21.285272415917056 ] ], [ [ 84.388694535940459, 21.280591894194828 ], [ 84.383708681233671, 21.285272415917056 ] ], [ [ 84.383708681233671, 21.285272415917056 ], [ 84.384133616476973, 21.287116293711833 ], [ 84.390267032393169, 21.290552033616134 ], [ 84.388761270224563, 21.292627770411571 ], [ 84.391117344768617, 21.295589522246214 ], [ 84.393887865879492, 21.293357307835951 ], [ 84.397238565938835, 21.296356599858054 ] ] ] } },
{ "type": "Feature", "properties": { "River_Name": "Sankh Nala", "Basin": "Brahmani" }, "geometry": { "type": "MultiLineString", "coordinates": [ [ [ 84.259569605432191, 21.257143437768963 ], [ 84.268344383242393, 21.255498463054622 ], [ 84.273995479945285, 21.258740698636167 ], [ 84.277043818918798, 21.258726808890025 ], [ 84.278401433846938, 21.265551202898482 ], [ 84.285391645312046, 21.276154378693548 ], [ 84.287200428385248, 21.282038093899114 ], [ 84.29283661920546, 21.281438217824036 ], [ 84.294887266202991, 21.284125387765407 ], [ 84.297390991813074, 21.280211397052799 ], [ 84.298090338344835, 21.282791063043661 ], [ 84.300229638547179, 21.281421555114211 ], [ 84.30193311991755, 21.283082926166411 ], [ 84.306427116973367, 21.28120487797138 ], [ 84.307453714440442, 21.282485218000101 ], [ 84.303584172968812, 21.283131957721782 ], [ 84.307505592373289, 21.288891377871614 ], [ 84.30980378791979, 21.286996155538365 ], [ 84.314802894199715, 21.290190660512902 ], [ 84.322464559751737, 21.284945601281066 ], [ 84.325455675800441, 21.285467138951297 ], [ 84.32819467036559, 21.289279864400697 ], [ 84.333972969262447, 21.286690178673712 ], [ 84.33708417246882, 21.287502317796424 ], [ 84.342897628531091, 21.284285404574955 ], [ 84.347979010856264, 21.283471769061173 ], [ 84.35257073600296, 21.284717729723759 ], [ 84.347315961859636, 21.297603935010951 ] ], [ [ 84.347315961859636, 21.297603935010951 ], [ 84.349150347762901, 21.301406627271369 ] ], [ [ 84.349150347762901, 21.301406627271369 ], [ 84.349524119757859, 21.299367638750432 ], [ 84.347315961859636, 21.297603935010951 ] ], [ [ 84.349150347762901, 21.301406627271369 ], [ 84.349791317138852, 21.30380467874506 ] ] ] } },
{ "type": "Feature", "properties": { "River_Name": "Thukpathar Nala", "Basin": "Brahmani" }, "geometry": { "type": "LineString", "coordinates": [ [ 84.289070729272254, 21.254352694610471 ], [ 84.287780568457023, 21.258015298482551 ], [ 84.288757781365547, 21.260134522958644 ], [ 84.292118522574938, 21.261998676408709 ], [ 84.292921325871504, 21.264706406046745 ], [ 84.300733051632932, 21.272839564792779 ], [ 84.303126725638066, 21.27230013764823 ], [ 84.302813216686545, 21.275495517735056 ], [ 84.30818803978876, 21.275482241066836 ], [ 84.310180243582735, 21.277423501094134 ], [ 84.317480632206653, 21.27560349150329 ], [ 84.321433322486655, 21.278596027961072 ], [ 84.32202901113898, 21.285060549083855 ] ] } },
{ "type": "Feature", "properties": { "River_Name": "katang Jharan", "Basin": "Brahmani" }, "geometry": { "type": "LineString", "coordinates": [ [ 84.350960037471538, 21.43990835600286 ], [ 84.340981883654194, 21.432338074968261 ], [ 84.337130641724627, 21.424851316235269 ], [ 84.339390906151678, 21.410528203092046 ], [ 84.335918065722993, 21.406392343021913 ], [ 84.333713890351859, 21.393180913151486 ], [ 84.337130993802887, 21.389466041841537 ] ] } },
{ "type": "Feature", "properties": { "River_Name": "Bijadungri Nala", "Basin": "Brahmani" }, "geometry": { "type": "MultiLineString", "coordinates": [ [ [ 84.352982208397265, 21.402103668824473 ], [ 84.343595901745999, 21.393112133410483 ], [ 84.339427319999018, 21.392278627088906 ], [ 84.336513707119536, 21.387357219349646 ], [ 84.334502455725953, 21.386639122066939 ], [ 84.33386348167231, 21.382272946040381 ], [ 84.331196277371973, 21.382383988030597 ], [ 84.32907760347706, 21.379890124049634 ] ], [ [ 84.355245874685465, 21.408364298008991 ], [ 84.35331757706706, 21.402217304237674 ] ] ] } },
{ "type": "Feature", "properties": { "River_Name": "Malti Jor", "Basin": "Brahmani" }, "geometry": { "type": "LineString", "coordinates": [ [ 84.299648674253248, 21.422738720609885 ], [ 84.304327878683651, 21.420471414258905 ], [ 84.315108802477965, 21.420107493342307 ], [ 84.320674635110777, 21.417844886386824 ], [ 84.323557273950726, 21.411503729276824 ], [ 84.322146330496125, 21.407987368404413 ], [ 84.322843040384697, 21.404671712379535 ], [ 84.327362782464462, 21.395485706129243 ], [ 84.322986334779202, 21.385160105112366 ], [ 84.325079232497032, 21.380589250525276 ], [ 84.32907760347706, 21.379890124049634 ] ] } },
{ "type": "Feature", "properties": { "River_Name": "Kotasagar Nala", "Basin": "Brahmani" }, "geometry": { "type": "LineString", "coordinates": [ [ 84.402999950253957, 21.384780042437193 ], [ 84.399246712721791, 21.384974656448229 ], [ 84.393826774944884, 21.394361206381248 ], [ 84.395897260209381, 21.397747416219339 ], [ 84.395491990667054, 21.403207769558264 ], [ 84.39854044635787, 21.407724159832103 ], [ 84.395171499276202, 21.410136536455592 ], [ 84.395291547314585, 21.414783471596984 ], [ 84.39772350846161, 21.41900590827283 ], [ 84.392123411715701, 21.426231694907756 ], [ 84.393009957777068, 21.436335261271573 ], [ 84.388720813593721, 21.441066254917938 ], [ 84.380197283677646, 21.445325223062348 ], [ 84.377242933928244, 21.45009997944987 ] ] } },
{ "type": "Feature", "properties": { "River_Name": "Kokara Nala", "Basin": "Brahmani" }, "geometry": { "type": "MultiLineString", "coordinates": [ [ [ 84.514788358963472, 21.48813090484612 ], [ 84.51809806120761, 21.488369727153245 ], [ 84.521570373508055, 21.485274718455244 ], [ 84.528349768297005, 21.484558053407632 ] ], [ [ 84.507727922800811, 21.489194929545018 ], [ 84.51473133485645, 21.488080397548593 ] ] ] } },
{ "type": "Feature", "properties": { "River_Name": "Benjiam nala", "Basin": "Brahmani" }, "geometry": { "type": "LineString", "coordinates": [ [ 84.500178152787441, 21.412625998951221 ], [ 84.507129909776879, 21.422571101910549 ], [ 84.502643591660942, 21.426684606105795 ], [ 84.501432182632954, 21.431853604111939 ], [ 84.507003432508313, 21.440798521133321 ], [ 84.512141656363866, 21.444892860698193 ], [ 84.511893310742678, 21.447024499440957 ], [ 84.514171003819499, 21.450055957736502 ] ] } },
{ "type": "Feature", "properties": { "River_Name": "Andhari Nala", "Basin": "Brahmani" }, "geometry": { "type": "MultiLineString", "coordinates": [ [ [ 84.511876378965198, 21.372603369387971 ], [ 84.512810434538196, 21.366956063587342 ], [ 84.511788646504243, 21.361826007431123 ], [ 84.509097391450922, 21.359668792516398 ], [ 84.510052141571919, 21.357926828662048 ] ], [ [ 84.558048221332982, 21.398527452136605 ], [ 84.566284447974084, 21.397794005663631 ], [ 84.575223302478875, 21.399467579045094 ] ], [ [ 84.558043326839638, 21.398531895396449 ], [ 84.553353132677273, 21.398513145926501 ] ], [ [ 84.582862460887938, 21.399573425628635 ], [ 84.585659626935325, 21.401266109794648 ] ], [ [ 84.575228047608846, 21.399472162327935 ], [ 84.581267430748952, 21.398069610051579 ], [ 84.582857715493432, 21.399568842539416 ] ], [ [ 84.587769756881585, 21.400763770601433 ], [ 84.589288698473993, 21.400740482784812 ], [ 84.59059194862877, 21.400935298307136 ], [ 84.592985527881183, 21.40490648527129 ], [ 84.599355288578707, 21.406600585786034 ], [ 84.600351823660489, 21.408163397994414 ] ], [ [ 84.585664446627547, 21.401266179237624 ], [ 84.587774576564868, 21.400763839982194 ] ], [ [ 84.600361463601672, 21.408163536077822 ], [ 84.611156068920579, 21.410823472955144 ] ], [ [ 84.611160815610646, 21.410828055353306 ], [ 84.620111508074544, 21.41573204209028 ], [ 84.623005591825319, 21.414165897427829 ], [ 84.622851186592271, 21.415960569454739 ], [ 84.625939946993441, 21.418753858085552 ], [ 84.634113939510499, 21.420156245847135 ], [ 84.635901959003306, 21.424696259030995 ], [ 84.63837628358354, 21.424947888017446 ], [ 84.635928422634848, 21.429938266965177 ] ], [ [ 84.635928349918316, 21.429942780695203 ], [ 84.635608648137833, 21.432127921767449 ] ] ] } },
{ "type": "Feature", "properties": { "River_Name": "Kedar Nala", "Basin": "Brahmani" }, "geometry": { "type": "LineString", "coordinates": [ [ 84.510052141571919, 21.357926828662031 ], [ 84.508607350146292, 21.352740827604418 ], [ 84.497422306571593, 21.35303041215473 ], [ 84.489868473616923, 21.351477524258321 ], [ 84.481895940534343, 21.352441583866778 ], [ 84.477962764111254, 21.349398519681358 ] ] } },
{ "type": "Feature", "properties": { "River_Name": "Ranjankhol Nala", "Basin": "Brahmani" }, "geometry": { "type": "MultiLineString", "coordinates": [ [ [ 84.512215709788762, 21.311960735456736 ], [ 84.503453381896605, 21.309618753935197 ], [ 84.502704063661369, 21.311765547958032 ], [ 84.499999964572183, 21.311562839500827 ], [ 84.494927607053185, 21.307266317963709 ] ], [ [ 84.515906562171679, 21.317085105851923 ], [ 84.511851468398334, 21.314420263635011 ], [ 84.512409231916493, 21.31219835313145 ] ], [ [ 84.51616817019999, 21.355900155171014 ], [ 84.518860650619402, 21.342820827618542 ], [ 84.515692038537921, 21.333830755508064 ], [ 84.519021375642524, 21.326968239413578 ], [ 84.515911302895248, 21.31708969042111 ] ] ] } },
{ "type": "Feature", "properties": { "River_Name": "Bauns Nala", "Basin": "Brahmani" }, "geometry": { "type": "MultiLineString", "coordinates": [ [ [ 84.622728303932448, 21.311007814383004 ], [ 84.613989721799697, 21.307968523593836 ], [ 84.616045415050166, 21.306571013721836 ], [ 84.611768476645679, 21.307684165776475 ], [ 84.610609196889541, 21.306083020301529 ], [ 84.611831831629274, 21.304660180457347 ], [ 84.608773812904502, 21.299822066422404 ], [ 84.599328792742995, 21.29494255681195 ], [ 84.599054623822681, 21.291358464808514 ], [ 84.595709667857491, 21.290579318158947 ], [ 84.592446731166888, 21.287133084977786 ], [ 84.589628802009983, 21.286537439434909 ], [ 84.590007585016792, 21.28546384850755 ], [ 84.587283570419558, 21.285609922892878 ], [ 84.588390254235946, 21.283323284284496 ], [ 84.575735512949521, 21.278658418945554 ], [ 84.57148959541631, 21.278800381507104 ], [ 84.568482564380261, 21.275953371449432 ] ], [ [ 84.624384367129949, 21.310806501325203 ], [ 84.637203002516543, 21.321768489010015 ], [ 84.644075475051778, 21.323788277043157 ], [ 84.645078654413993, 21.325540544762458 ], [ 84.648213375835425, 21.324464764049505 ], [ 84.65102574492002, 21.325777281300226 ], [ 84.651935133481388, 21.328887171145094 ], [ 84.655537814365715, 21.331113633508743 ], [ 84.657075004694647, 21.334448976679163 ] ], [ [ 84.657069613225332, 21.334485020289957 ], [ 84.65732099763953, 21.337770822044234 ], [ 84.660835500338706, 21.340713824110587 ], [ 84.66037573337384, 21.344784333768558 ], [ 84.663300300754642, 21.346346561545186 ], [ 84.662631850799343, 21.34807999352461 ], [ 84.669817232733962, 21.352053624618215 ], [ 84.671266745389303, 21.357613488558378 ], [ 84.675430552671656, 21.361910679839319 ], [ 84.675284326837939, 21.36628808821013 ] ] ] } },
{ "type": "Feature", "properties": { "River_Name": "Ankhai Nala", "Basin": "Brahmani" }, "geometry": { "type": "LineString", "coordinates": [ [ 84.518575794015931, 21.400597625652463 ], [ 84.526525228991943, 21.389699768763677 ], [ 84.546003210858984, 21.373575617666589 ], [ 84.542273990365857, 21.367435399474658 ], [ 84.543994099527566, 21.361975396803832 ], [ 84.549684543932898, 21.356550798345257 ], [ 84.552285333829758, 21.345044945610862 ], [ 84.556071281306501, 21.340788646118632 ], [ 84.55537764405841, 21.33554161412896 ], [ 84.557800682614555, 21.33442111949401 ], [ 84.565556456452782, 21.32374824251724 ], [ 84.563961081759913, 21.319111173204966 ], [ 84.561903807323546, 21.317650208486537 ], [ 84.562847946181734, 21.309198968278391 ], [ 84.564249210538136, 21.310117684867848 ], [ 84.565591741074016, 21.308755648224615 ], [ 84.564101295810374, 21.301560305620093 ], [ 84.568907029937662, 21.294957180032771 ], [ 84.567120608012488, 21.294908783195876 ], [ 84.567829203202422, 21.292539807349439 ], [ 84.565144066790808, 21.292365532214941 ], [ 84.567003001654697, 21.290640738611884 ], [ 84.564466636765616, 21.28757923375171 ], [ 84.566247970479978, 21.286760765188109 ], [ 84.565339712162128, 21.280779261424442 ], [ 84.56788365814559, 21.28073928772103 ], [ 84.565048870307038, 21.278842784160585 ], [ 84.565817358942368, 21.27575684579481 ], [ 84.568449840719381, 21.276174094675333 ] ] } },
{ "type": "Feature", "properties": { "River_Name": "Shargarhia Nala", "Basin": "Brahmani" }, "geometry": { "type": "MultiLineString", "coordinates": [ [ [ 84.543663747194387, 21.441155659008878 ], [ 84.554215648754862, 21.448596725035046 ], [ 84.559237875579541, 21.449333725376391 ], [ 84.562267968419278, 21.451553936177522 ], [ 84.575051614219618, 21.447220660061433 ], [ 84.581469771454564, 21.44870408018399 ], [ 84.584486577237627, 21.444142755431145 ], [ 84.586980220254688, 21.44323066836963 ], [ 84.592539444123958, 21.44827235153647 ], [ 84.595106608323135, 21.446702064114906 ], [ 84.595062015331663, 21.443834619452833 ], [ 84.598809390717477, 21.445572414349702 ], [ 84.598749128244876, 21.443657333276253 ], [ 84.599323877359353, 21.443602376282968 ], [ 84.599888431224869, 21.444170294605204 ] ], [ [ 84.599878862801816, 21.444165642670203 ], [ 84.600848399417032, 21.444739367705559 ], [ 84.602990058452349, 21.444115439883408 ], [ 84.608257897420373, 21.446068941202032 ] ] ] } },
{ "type": "Feature", "properties": { "River_Name": "Bankdar Nala", "Basin": "Brahmani" }, "geometry": { "type": "LineString", "coordinates": [ [ 84.607933860456157, 21.479797957887243 ], [ 84.617770605656119, 21.476733072053275 ], [ 84.625519520305048, 21.477172939766454 ], [ 84.627664040843257, 21.474611953252371 ], [ 84.631392005280318, 21.474046317229863 ], [ 84.63402515094802, 21.470787862220302 ], [ 84.638895858752576, 21.475023851013152 ], [ 84.640723337526651, 21.47266587436939 ], [ 84.64277322972768, 21.473566147599641 ], [ 84.650312369654159, 21.471148560595275 ], [ 84.6527508317116, 21.467670326002828 ], [ 84.660687831744553, 21.46507722621795 ], [ 84.66299028642733, 21.461335051177659 ] ] } },
{ "type": "Feature", "properties": { "River_Name": "Jharmunda Nala", "Basin": "Brahmani" }, "geometry": { "type": "MultiLineString", "coordinates": [ [ [ 84.607933860456129, 21.479797957887186 ], [ 84.608324503603328, 21.488065389784001 ], [ 84.609845253895998, 21.489464132649246 ], [ 84.607261450653738, 21.492600942443172 ] ], [ [ 84.607261376819338, 21.492605456045215 ], [ 84.608011762309673, 21.494801302003822 ], [ 84.610756275855081, 21.495707410113717 ] ], [ [ 84.610756202116761, 21.495711923725654 ], [ 84.610531221699702, 21.49708116287913 ] ], [ [ 84.610531074198775, 21.497090190099957 ], [ 84.609762236645849, 21.497201081497856 ] ], [ [ 84.609738048215405, 21.497205249888768 ], [ 84.60116558251471, 21.5016240388093 ] ] ] } },
{ "type": "Feature", "properties": { "River_Name": "Siaria Nala", "Basin": "Brahmani" }, "geometry": { "type": "LineString", "coordinates": [ [ 84.679095625075647, 21.421336551783504 ], [ 84.681520152447007, 21.426882792985744 ], [ 84.680860629272928, 21.428950495862459 ], [ 84.678720738542779, 21.427968201191394 ], [ 84.678288611550812, 21.429375359375868 ], [ 84.680618493271368, 21.432066911509619 ], [ 84.676880490531502, 21.437604459790919 ], [ 84.674744225503858, 21.437908888853958 ], [ 84.676371729579216, 21.443236442145071 ], [ 84.673181946855266, 21.445499194560139 ], [ 84.673876851680092, 21.448813720701711 ], [ 84.672297472177775, 21.451089801317508 ], [ 84.676429526507718, 21.4557162752571 ], [ 84.683117357010005, 21.454590052374023 ], [ 84.685125753350562, 21.458121396767911 ], [ 84.687845475151889, 21.457842984238301 ] ] } },
{ "type": "Feature", "properties": { "River_Name": "Gainta Nala", "Basin": "Brahmani" }, "geometry": { "type": "LineString", "coordinates": [ [ 84.639564564262329, 21.411018517558112 ], [ 84.645435345781252, 21.41292060106948 ], [ 84.648719296959896, 21.409269114097487 ], [ 84.650983892667924, 21.411165497041328 ], [ 84.658902503897579, 21.411041582873015 ], [ 84.660043384637746, 21.409639869086735 ], [ 84.663138567692982, 21.410251943246188 ], [ 84.663505944115045, 21.408979370307037 ], [ 84.666395090535815, 21.411028743890675 ], [ 84.66565306438622, 21.412819824684455 ], [ 84.66837124403591, 21.412889287935666 ], [ 84.670884281878671, 21.415253912101377 ], [ 84.672012331223769, 21.414353080820838 ], [ 84.673569779753961, 21.416781137422124 ], [ 84.674732857071376, 21.415799506700903 ], [ 84.674776669415934, 21.418513542960284 ], [ 84.676671869669605, 21.417885192042995 ], [ 84.676232370861825, 21.419454779692604 ], [ 84.679095625075647, 21.421336551783504 ] ] } },
{ "type": "Feature", "properties": { "River_Name": "Makar Jhor", "Basin": "Brahmani" }, "geometry": { "type": "LineString", "coordinates": [ [ 84.684805091404314, 21.429862921176426 ], [ 84.690831042586012, 21.429964215395092 ], [ 84.696203884259518, 21.438494649701383 ], [ 84.703923493152345, 21.439481155607091 ], [ 84.705593112346179, 21.441878902924948 ], [ 84.704121018797437, 21.441958038362319 ], [ 84.70299994734772, 21.446412412090591 ], [ 84.7048560539465, 21.449223587556517 ], [ 84.70793640343831, 21.450236531314687 ] ] } },
{ "type": "Feature", "properties": { "River_Name": "Jamu Jhor", "Basin": "Brahmani" }, "geometry": { "type": "MultiLineString", "coordinates": [ [ [ 84.722376960766709, 21.432771279086989 ], [ 84.719317160287972, 21.423934483867129 ], [ 84.71515716453365, 21.420441892715015 ] ], [ [ 84.718155321692251, 21.449960872688081 ], [ 84.719807422718773, 21.448236117602228 ], [ 84.716440815322443, 21.447639371759561 ], [ 84.714720159804642, 21.444477994639243 ], [ 84.715856540175153, 21.437468265373589 ], [ 84.722376890697646, 21.432775793092908 ] ] ] } },
{ "type": "Feature", "properties": { "River_Name": "Reghra Nala", "Basin": "Brahmani" }, "geometry": { "type": "MultiLineString", "coordinates": [ [ [ 84.727731689638375, 21.469663584176374 ], [ 84.732130386810582, 21.466878894877997 ], [ 84.735309796609968, 21.461210554734208 ] ], [ [ 84.711232294963452, 21.485299363649993 ], [ 84.714154433406648, 21.484138406682025 ], [ 84.717905995127978, 21.485467420989401 ], [ 84.720586628336434, 21.484014092629177 ], [ 84.722612616815695, 21.479987309720514 ], [ 84.72700660062759, 21.479396990094532 ], [ 84.727726797171215, 21.469668032621886 ] ] ] } },
{ "type": "Feature", "properties": { "River_Name": "Masantia Jhor", "Basin": "Brahmani" }, "geometry": { "type": "MultiLineString", "coordinates": [ [ [ 84.694406744922958, 21.487122254116262 ], [ 84.679938583925562, 21.489328332960579 ] ], [ [ 84.69457398149396, 21.487223889517725 ], [ 84.709693101716795, 21.484397861198207 ], [ 84.711232294963452, 21.485299363649993 ] ], [ [ 84.679943478422175, 21.489323886113688 ], [ 84.670039987409481, 21.489316955847364 ] ] ] } },
{ "type": "Feature", "properties": { "River_Name": "Purunapani Nala", "Basin": "Brahmani" }, "geometry": { "type": "MultiLineString", "coordinates": [ [ [ 84.686557329465344, 21.472223061040211 ], [ 84.684793745491575, 21.468753805681931 ], [ 84.690524726582836, 21.463803521655155 ], [ 84.695152015832974, 21.462151723959085 ], [ 84.694104434525912, 21.45914842799333 ] ], [ [ 84.686557329465344, 21.472223061040211 ], [ 84.683969228609911, 21.473311414149681 ] ], [ [ 84.686562151840519, 21.472223127792333 ], [ 84.686557329465344, 21.472223061040211 ] ], [ [ 84.683964406207792, 21.473311347319573 ], [ 84.657245336745092, 21.481882723712928 ], [ 84.654004522103236, 21.484848602664155 ] ] ] } },
{ "type": "Feature", "properties": { "River_Name": "debikhol Nala", "Basin": "Brahmani" }, "geometry": { "type": "LineString", "coordinates": [ [ 84.534273417266363, 21.342966578326152 ], [ 84.543686821093814, 21.334152135796629 ], [ 84.556457018314688, 21.335250325702351 ] ] } },
{ "type": "Feature", "properties": { "River_Name": "Juani Bhanga nala", "Basin": "Brahmani" }, "geometry": { "type": "MultiLineString", "coordinates": [ [ [ 84.721990657403182, 21.402967251283286 ], [ 84.713310107646507, 21.399399594219894 ] ], [ [ 84.726089391093737, 21.40479279427225 ], [ 84.721990587429332, 21.402971765304031 ] ], [ [ 84.744491100257605, 21.415868532815331 ], [ 84.743904895986589, 21.411968692464878 ], [ 84.737503881067568, 21.406514019034788 ], [ 84.726094211387618, 21.404792859688477 ] ], [ [ 84.744531228308745, 21.416081279048836 ], [ 84.745208462706515, 21.424416090176724 ], [ 84.747219233928035, 21.425987293421894 ] ], [ [ 84.747223985706967, 21.425991872378969 ], [ 84.751133485020077, 21.426699109984998 ], [ 84.750475014486398, 21.432221170020348 ], [ 84.751965377753052, 21.4359796347802 ], [ 84.75662202760293, 21.438304151845653 ], [ 84.762395572705174, 21.437920914366149 ], [ 84.762244667390348, 21.440542139363082 ], [ 84.769630247623908, 21.450226219472402 ] ] ] } },
{ "type": "Feature", "properties": { "River_Name": "Samandu Nala", "Basin": "Brahmani" }, "geometry": { "type": "LineString", "coordinates": [ [ 84.699057283883946, 21.334126240525617 ], [ 84.697511064863207, 21.330380225204095 ], [ 84.699165902193286, 21.326854141128297 ], [ 84.697348597675557, 21.325352861111288 ], [ 84.691677010896882, 21.325049308624408 ], [ 84.689757632876066, 21.317762921323322 ], [ 84.686725623568222, 21.314461446772302 ], [ 84.687956737436792, 21.311227629570819 ], [ 84.686674948695483, 21.298933895228078 ], [ 84.682065505249525, 21.296098280873391 ], [ 84.679965597864381, 21.286854376822681 ], [ 84.676174474889578, 21.281637006860368 ], [ 84.669603820344761, 21.279807933390213 ], [ 84.676472848510215, 21.265707960268966 ], [ 84.67618642808263, 21.26278285107032 ], [ 84.683777309611642, 21.253545968827652 ], [ 84.683298250551601, 21.249995148080124 ] ] } },
{ "type": "Feature", "properties": { "River_Name": "Madelia Nala", "Basin": "Brahmani" }, "geometry": { "type": "LineString", "coordinates": [ [ 84.703089491894218, 21.359252953779556 ], [ 84.697532419973967, 21.355546805323254 ], [ 84.693921261878003, 21.343925468019552 ], [ 84.695668878258118, 21.342188630922021 ], [ 84.693864473704693, 21.336773031629221 ], [ 84.699057283883931, 21.334126240525595 ] ] } },
{ "type": "Feature", "properties": { "River_Name": "Athashila Nala", "Basin": "Brahmani" }, "geometry": { "type": "MultiLineString", "coordinates": [ [ [ 84.711448734385641, 21.249995977364936 ], [ 84.713957750769481, 21.256874799667553 ], [ 84.71069881704851, 21.261431348674801 ], [ 84.71542390344257, 21.265486769738938 ] ], [ [ 84.715423833761861, 21.265491283812704 ], [ 84.717217153115939, 21.269141160155371 ] ], [ [ 84.717221899310886, 21.269145739508399 ], [ 84.719633947479139, 21.270785765461294 ], [ 84.724633221363305, 21.270203220244579 ], [ 84.72609839918978, 21.272029026104988 ] ], [ [ 84.741838884645446, 21.269911055348018 ], [ 84.742721101985381, 21.269548130521986 ] ], [ [ 84.726136788097378, 21.272038574550187 ], [ 84.734200777890635, 21.269496928047499 ], [ 84.741612190925323, 21.269930590978895 ] ] ] } },
{ "type": "Feature", "properties": { "River_Name": "Kararhi Nala", "Basin": "Brahmani" }, "geometry": { "type": "MultiLineString", "coordinates": [ [ [ 84.622728547390807, 21.311008837812938 ], [ 84.623688079729703, 21.313356542640228 ], [ 84.622179916433694, 21.319046409235686 ], [ 84.624156750303641, 21.319859933348159 ], [ 84.622499080169817, 21.32136700265119 ], [ 84.62375632666928, 21.322883687724353 ], [ 84.620635157584445, 21.329087966194358 ] ], [ [ 84.620630048894782, 21.329105952912165 ], [ 84.620521973143028, 21.331623660885366 ] ], [ [ 84.620531462575741, 21.331632824808072 ], [ 84.623091316555602, 21.332757118990319 ], [ 84.619431720019932, 21.341251741435826 ], [ 84.619697892078889, 21.348641654426018 ], [ 84.617537140053798, 21.3517306992334 ], [ 84.614673023070779, 21.351820956972457 ], [ 84.615181164173791, 21.354072002443566 ], [ 84.611298243358007, 21.352197357846887 ] ], [ [ 84.611288680185169, 21.352192707043233 ], [ 84.609591800618375, 21.353708076162196 ] ], [ [ 84.60957507552817, 21.353847794546464 ], [ 84.608051307281187, 21.354494268478181 ] ], [ [ 84.608051380570217, 21.354489754799285 ], [ 84.605722124547697, 21.358140557312705 ] ], [ [ 84.60570299789056, 21.358131255035651 ], [ 84.602858527642994, 21.358487948276824 ] ] ] } },
{ "type": "Feature", "properties": { "River_Name": "Garda Nala", "Basin": "Brahmani" }, "geometry": { "type": "LineString", "coordinates": [ [ 84.847294406072081, 21.413121559560807 ], [ 84.839932343821133, 21.411419365033865 ], [ 84.838794067885615, 21.412425126366106 ], [ 84.837145105149233, 21.410453265839116 ], [ 84.829665187751445, 21.409241273381113 ], [ 84.827338196931422, 21.410091577808537 ], [ 84.821550620354387, 21.405966290307294 ], [ 84.815851823639164, 21.405946283863045 ] ] } },
{ "type": "Feature", "properties": { "River_Name": "Minjali jhor", "Basin": "Brahmani" }, "geometry": { "type": "LineString", "coordinates": [ [ 84.875965625211848, 21.250456358898905 ], [ 84.874187011969383, 21.253901749166154 ], [ 84.868241137431639, 21.256720993045715 ], [ 84.866847219984834, 21.260193729036388 ], [ 84.86342340721788, 21.26079152659975 ], [ 84.862397927502982, 21.263090379266696 ], [ 84.859679004209241, 21.263904742983382 ], [ 84.85847422349444, 21.270599228678943 ], [ 84.847608689401525, 21.272772558678703 ], [ 84.845007789846633, 21.277042384694706 ], [ 84.837595253218183, 21.28023899724592 ], [ 84.831588632996116, 21.280513930721934 ], [ 84.829467739728941, 21.282893239187715 ], [ 84.829351514556848, 21.281293334886634 ], [ 84.826934966145927, 21.28215166616577 ], [ 84.825524633595933, 21.285673419356467 ], [ 84.821148816477745, 21.28609544896219 ], [ 84.816701749698851, 21.28938361558485 ], [ 84.81552890093117, 21.292136235488829 ], [ 84.808178692800965, 21.29493942913269 ], [ 84.801704859004673, 21.301320741672768 ], [ 84.802855387089423, 21.303331492270356 ], [ 84.801270725403697, 21.304268007411181 ], [ 84.802066863214705, 21.312608951983172 ], [ 84.794261512467443, 21.316764554557057 ], [ 84.797599661016861, 21.324267398699519 ], [ 84.796022016687843, 21.327619554280201 ], [ 84.791500589407377, 21.328991502091178 ], [ 84.78851631086053, 21.326830130058525 ], [ 84.787070273607753, 21.329745945479832 ], [ 84.784540664732376, 21.329401067804664 ], [ 84.77841231577689, 21.33538849721845 ], [ 84.775380856553085, 21.335402564006714 ], [ 84.775192996799944, 21.336993915127625 ] ] } },
{ "type": "Feature", "properties": { "River_Name": "Kushakhalia or Chordhara Nala", "Basin": "Brahmani" }, "geometry": { "type": "MultiLineString", "coordinates": [ [ [ 85.000001123385985, 21.271549121050079 ], [ 85.003699019119679, 21.270626644385413 ], [ 85.010917696450292, 21.265103596823014 ], [ 85.01625046360185, 21.264751035143593 ], [ 85.017144672291465, 21.262729507830777 ], [ 85.025133217620066, 21.262263390388927 ], [ 85.02627636396565, 21.259987327752484 ], [ 85.029252152883501, 21.261169147226564 ] ], [ [ 85.000000574171509, 21.271589755271858 ], [ 84.997895758022267, 21.273691610910955 ], [ 84.993826327409408, 21.274293432719688 ], [ 84.991021199492067, 21.272611791408444 ], [ 84.983408898169586, 21.275830751129675 ], [ 84.974676024688407, 21.275012482293029 ], [ 84.970558572229649, 21.279108209384237 ], [ 84.961198106357415, 21.283271353895508 ], [ 84.96106631989268, 21.285491409358066 ], [ 84.958024588627424, 21.288398673333162 ], [ 84.952854825323357, 21.287356003132338 ], [ 84.95285139770445, 21.288647403924369 ], [ 84.945006553492419, 21.29253900466226 ], [ 84.937253832651365, 21.292218379355415 ], [ 84.931072934526625, 21.294919527353002 ] ] ] } },
{ "type": "Feature", "properties": { "River_Name": "River / Nala", "Basin": "Brahmani" }, "geometry": { "type": "LineString", "coordinates": [ [ 85.063470594602094, 21.491939657229572 ], [ 85.064439115909309, 21.489119562194084 ], [ 85.06971528048291, 21.48709436982395 ], [ 85.069035093606729, 21.485257661375524 ], [ 85.071767548305019, 21.480737412357438 ], [ 85.07011100076825, 21.474278928575714 ], [ 85.074460210963665, 21.471524844483699 ], [ 85.072273491880068, 21.47015848210312 ], [ 85.072461165578986, 21.463594832446145 ], [ 85.069452411471033, 21.461288731617948 ], [ 85.070048517870219, 21.457782406198461 ], [ 85.067792613751934, 21.456925472959792 ], [ 85.065054001905892, 21.452441350473489 ] ] } },
{ "type": "Feature", "properties": { "River_Name": "Jhumpei Nala", "Basin": "Brahmani" }, "geometry": { "type": "LineString", "coordinates": [ [ 85.182580554748313, 21.244042994274491 ], [ 85.184181908807858, 21.24898269700299 ], [ 85.18123880215677, 21.252033538784659 ], [ 85.177250279799352, 21.252994136749805 ], [ 85.172051149113813, 21.26115844016714 ], [ 85.172456580550829, 21.266567672067442 ], [ 85.169142665242447, 21.269586423915111 ], [ 85.169875893316657, 21.273837465460328 ], [ 85.168195858195162, 21.275666230883527 ], [ 85.169366383599609, 21.276232234788807 ], [ 85.167420089299029, 21.276927976919552 ], [ 85.16629490958195, 21.281312776923553 ], [ 85.167191459643789, 21.285179464370312 ], [ 85.163728940341244, 21.286733319590152 ], [ 85.164389970906214, 21.290994187636869 ], [ 85.161486165193523, 21.294894275682172 ], [ 85.154082273874778, 21.299675491358922 ], [ 85.150246160145912, 21.308714137266819 ], [ 85.156204061824781, 21.322370090914681 ], [ 85.162049261568725, 21.323372824063686 ], [ 85.165286411549062, 21.326064144941967 ] ] } },
{ "type": "Feature", "properties": { "River_Name": "Neta Nala", "Basin": "Brahmani" }, "geometry": { "type": "LineString", "coordinates": [ [ 85.198817968395943, 21.389889903155325 ], [ 85.188216385945381, 21.391320144441163 ], [ 85.176914926379155, 21.386180452175264 ], [ 85.17646042984093, 21.384725898109174 ], [ 85.167222653022307, 21.381590510179894 ], [ 85.159014407310053, 21.382137361892877 ], [ 85.157104002215092, 21.379528775558292 ], [ 85.148957835173903, 21.381665410470912 ], [ 85.14896063980467, 21.380292614415911 ], [ 85.146118274420843, 21.379728351497075 ], [ 85.145534820797025, 21.374758957113535 ], [ 85.13965720596444, 21.370602514072999 ], [ 85.135628509820634, 21.370083636259604 ], [ 85.127901065823181, 21.37078336045051 ], [ 85.123268506991636, 21.37603771634922 ], [ 85.109974569364226, 21.383307943303933 ] ] } },
{ "type": "Feature", "properties": { "River_Name": "Kanjia Nala", "Basin": "Brahmani" }, "geometry": { "type": "LineString", "coordinates": [ [ 85.135870654723504, 21.454369936949284 ], [ 85.148313361770818, 21.458798186291816 ], [ 85.149534513532984, 21.457980786951762 ], [ 85.150558157721449, 21.459816510194209 ], [ 85.156567698028397, 21.461833707971323 ], [ 85.15854697195212, 21.463643793933848 ], [ 85.162927015135125, 21.477903385893665 ], [ 85.171808314272667, 21.484548788137911 ] ] } },
{ "type": "Feature", "properties": { "River_Name": "Andhari Jora", "Basin": "Brahmani" }, "geometry": { "type": "MultiLineString", "coordinates": [ [ [ 85.179469391515852, 21.238107015389048 ], [ 85.181154884601497, 21.240103212554555 ], [ 85.187297333697359, 21.2384577801168 ], [ 85.203699623284095, 21.241180334046145 ], [ 85.206499690420756, 21.249822246232039 ] ], [ [ 85.215484644274099, 21.274548184177092 ], [ 85.216069741056458, 21.27357439897326 ], [ 85.213997313526903, 21.272829867090667 ], [ 85.216434472522749, 21.270096382684969 ], [ 85.214431896834881, 21.266760383212468 ], [ 85.216039496023043, 21.266090973567582 ], [ 85.213738002304197, 21.263975653967677 ], [ 85.216909993250752, 21.262618306541789 ], [ 85.213732285182985, 21.26165434090818 ], [ 85.214484497472768, 21.258803648753318 ], [ 85.210942425072645, 21.256106126719196 ], [ 85.207861810681834, 21.256290167071128 ], [ 85.205077146653693, 21.25312188255711 ], [ 85.206444575008987, 21.249997785722119 ] ], [ [ 85.215484644274099, 21.274548184177092 ], [ 85.21623401526206, 21.279930225673159 ], [ 85.218188184636475, 21.281301216238226 ], [ 85.215779614175744, 21.288040751120253 ], [ 85.216457835635381, 21.294131053353887 ], [ 85.214966854195936, 21.296689389349957 ], [ 85.216143011674063, 21.301050810379163 ], [ 85.223291033989895, 21.306139264471224 ], [ 85.223665442792722, 21.311472158915684 ], [ 85.227086611829819, 21.313125006282014 ], [ 85.226173091522355, 21.318159803710738 ], [ 85.232425495230501, 21.324078463515971 ], [ 85.237145845791758, 21.335224003508504 ] ], [ [ 85.208123356423101, 21.279654436481241 ], [ 85.210381351373627, 21.279402971500126 ], [ 85.215484644274099, 21.274548184177092 ] ] ] } },
{ "type": "Feature", "properties": { "River_Name": "Gundijorha Nala", "Basin": "Brahmani" }, "geometry": { "type": "MultiLineString", "coordinates": [ [ [ 85.21623401526206, 21.279930225673159 ], [ 85.211880425086093, 21.282810188320266 ], [ 85.213529618481104, 21.287619475556063 ], [ 85.211539523394464, 21.28881767411422 ], [ 85.20915404394097, 21.294807667452137 ], [ 85.209838489569492, 21.303941847406069 ], [ 85.207806136223027, 21.305821454649422 ], [ 85.208071996819655, 21.311713180648752 ], [ 85.203723821360299, 21.312204200931284 ], [ 85.200588784746913, 21.315571239672416 ], [ 85.20268038036771, 21.31992897690467 ], [ 85.212447121425427, 21.324120104048824 ], [ 85.212987392376107, 21.329256050526894 ] ], [ [ 85.212875236259563, 21.329363242492089 ], [ 85.21103443333655, 21.328932700834944 ], [ 85.210106445128886, 21.330733743176438 ], [ 85.20246322689519, 21.329843801740747 ], [ 85.196713031775175, 21.331426022811577 ], [ 85.194609318853125, 21.333182734699005 ], [ 85.193400216348749, 21.339026969694945 ], [ 85.187860733117077, 21.3391163380645 ], [ 85.184101426749393, 21.344169753235899 ], [ 85.171320689234051, 21.347833517076744 ] ] ] } },
{ "type": "Feature", "properties": { "River_Name": "Mankarha Nala", "Basin": "Brahmani" }, "geometry": { "type": "MultiLineString", "coordinates": [ [ [ 85.249998226602287, 21.452983565817931 ], [ 85.253714016266017, 21.454901065287853 ], [ 85.256266553385643, 21.453229662252291 ], [ 85.259355803866512, 21.456765416701057 ], [ 85.263244103891125, 21.457136374081465 ], [ 85.267439008004914, 21.454461211683114 ], [ 85.269986634762333, 21.456054652055652 ], [ 85.269467342953362, 21.453457061064594 ], [ 85.272845338934729, 21.454589375572024 ], [ 85.274690345180346, 21.451943932612863 ], [ 85.279238980448781, 21.451159821161525 ], [ 85.279424279832782, 21.449757225662669 ], [ 85.279935793369916, 21.45262116484307 ], [ 85.282922746486236, 21.452137015252141 ], [ 85.285096238776347, 21.453559296939552 ], [ 85.287054369150695, 21.449469713116557 ], [ 85.289016018806834, 21.448789789516514 ], [ 85.289768245408453, 21.450057471846872 ], [ 85.290214505337545, 21.448192367210357 ], [ 85.293606625210927, 21.449360538024322 ], [ 85.293928653829326, 21.446559319130291 ], [ 85.29969292125763, 21.447001860507974 ], [ 85.301693674162962, 21.448769917815508 ], [ 85.30363239585995, 21.447981198546326 ], [ 85.308284600696155, 21.4540889464561 ], [ 85.310441842244359, 21.458202363706608 ], [ 85.30827375426837, 21.461716576091508 ], [ 85.31170528285196, 21.462017704757667 ], [ 85.312836299889511, 21.464781264894057 ], [ 85.320739242703269, 21.464879933304292 ], [ 85.322333953474711, 21.467882754568606 ] ], [ [ 85.245783754915308, 21.453241998976811 ], [ 85.249998496095984, 21.452960988496226 ] ], [ [ 85.358427904255947, 21.473872728352763 ], [ 85.356925391148508, 21.474047647330305 ], [ 85.354877672823605, 21.47894564626699 ], [ 85.344244293219106, 21.478849674287417 ], [ 85.342391325727988, 21.476731285401225 ], [ 85.339540196916445, 21.47924559029655 ], [ 85.337948380809806, 21.477080071924565 ], [ 85.339565396243358, 21.475321287955712 ], [ 85.329516934367305, 21.473888903822605 ], [ 85.327143329508857, 21.470911603543232 ], [ 85.326249094331189, 21.471900722747247 ], [ 85.323565727215765, 21.470704153497863 ], [ 85.322333901763741, 21.467887270196336 ] ], [ [ 85.422517019698873, 21.482483664276362 ], [ 85.419330115740436, 21.479111488806179 ], [ 85.417934339291165, 21.472531581423642 ], [ 85.41438662817778, 21.47131921684311 ], [ 85.41201408761907, 21.468081096862676 ], [ 85.399757057389536, 21.469147503469873 ], [ 85.397167999588646, 21.470739528270791 ], [ 85.388923682394676, 21.469734453746302 ], [ 85.383026977101537, 21.473299558412265 ], [ 85.375451128717643, 21.474666786751815 ], [ 85.367881084514778, 21.473337537135102 ], [ 85.358363244552777, 21.474906304097725 ], [ 85.358432678034106, 21.473877291435809 ] ] ] } },
{ "type": "Feature", "properties": { "River_Name": "Kankara Nala", "Basin": "Brahmani" }, "geometry": { "type": "LineString", "coordinates": [ [ 85.253286891868441, 21.436082792941246 ], [ 85.259142005973075, 21.444263645348919 ], [ 85.255774453358072, 21.453233564202407 ] ] } },
{ "type": "Feature", "properties": { "River_Name": "Bariha Nala", "Basin": "Brahmani" }, "geometry": { "type": "LineString", "coordinates": [ [ 85.276172335191617, 21.489984480661821 ], [ 85.273583540874839, 21.486918444591364 ], [ 85.273114796436062, 21.479615657038956 ], [ 85.270114770572079, 21.475438895668663 ], [ 85.272150630572256, 21.47300321802097 ], [ 85.270077922545255, 21.469134887153004 ], [ 85.270220815370706, 21.462781488294883 ], [ 85.268346776964833, 21.460924058363279 ], [ 85.269955883026114, 21.459477508275718 ], [ 85.267163426517953, 21.454512549911158 ] ] } },
{ "type": "Feature", "properties": { "River_Name": "Ghurghuria Nala", "Basin": "Brahmani" }, "geometry": { "type": "MultiLineString", "coordinates": [ [ [ 85.310878695537099, 21.332869714809373 ], [ 85.313911116227075, 21.332403385103557 ], [ 85.316225465612831, 21.328967177010046 ], [ 85.317563526169664, 21.329558650691268 ], [ 85.31993800635837, 21.327179778522446 ], [ 85.321997980173606, 21.324052553038388 ], [ 85.320832969760474, 21.321809909860736 ], [ 85.32298546366799, 21.321560421516114 ], [ 85.322308223815725, 21.319232328156748 ] ], [ [ 85.305633419285954, 21.332947880906431 ], [ 85.310878695537099, 21.332869714809373 ] ], [ [ 85.308302292443685, 21.337283211761491 ], [ 85.310878695537099, 21.332869714809373 ] ] ] } },
{ "type": "Feature", "properties": { "River_Name": "Ghururhia Nala", "Basin": "Brahmani" }, "geometry": { "type": "LineString", "coordinates": [ [ 85.430905226130633, 21.261531337105687 ], [ 85.426569308638278, 21.256509294092346 ], [ 85.416612315378515, 21.251849958662056 ], [ 85.402081691252846, 21.25232707746332 ], [ 85.401136056339723, 21.2546846960098 ], [ 85.395987790011063, 21.255837138129809 ], [ 85.393326819929442, 21.259086161100289 ], [ 85.389622368861595, 21.260365064769847 ], [ 85.387460178313034, 21.265574329817273 ], [ 85.384269656190511, 21.266099274714048 ], [ 85.381123381018924, 21.270066036835502 ], [ 85.379630887529601, 21.269518759046605 ], [ 85.377325774958891, 21.274094200564598 ], [ 85.374282827550005, 21.276079139631779 ], [ 85.366686759469374, 21.274966891307557 ], [ 85.363238678364851, 21.277408355608223 ], [ 85.362460276997709, 21.276339456035931 ], [ 85.357268065003893, 21.282661387769103 ], [ 85.35445288868209, 21.281459662080447 ], [ 85.350540107270021, 21.281466540904656 ], [ 85.349618922701794, 21.283268544401331 ], [ 85.340509324905085, 21.282189941675881 ], [ 85.335057630210315, 21.287063360161689 ], [ 85.329400565461242, 21.287477005980243 ], [ 85.324998230016561, 21.290703017306008 ] ] } },
{ "type": "Feature", "properties": { "River_Name": "Baliadhar Nala", "Basin": "Brahmani" }, "geometry": { "type": "MultiLineString", "coordinates": [ [ [ 85.368435523147454, 21.305563787792938 ], [ 85.367137573737295, 21.307009960060153 ] ], [ [ 85.367137573737295, 21.307009960060153 ], [ 85.361743995784039, 21.30967181075842 ], [ 85.351985624920644, 21.310430058837714 ], [ 85.351810218845415, 21.311896129024841 ], [ 85.342335372176848, 21.308849378391876 ], [ 85.33818470223558, 21.311089129361772 ], [ 85.33434883380616, 21.30976405566771 ], [ 85.333207121276118, 21.313135410937047 ], [ 85.329709059052945, 21.310919363802977 ], [ 85.328750281801504, 21.312169869006958 ], [ 85.326389458257822, 21.311252179271037 ], [ 85.320280862092062, 21.312722281898044 ] ], [ [ 85.37648595533652, 21.312398080827148 ], [ 85.373107739246947, 21.312365436572836 ], [ 85.370181640834502, 21.307613051422983 ], [ 85.367137573737295, 21.307009960060153 ] ] ] } },
{ "type": "Feature", "properties": { "River_Name": "Tenar Nala", "Basin": "Brahmani" }, "geometry": { "type": "LineString", "coordinates": [ [ 85.460998427332228, 21.339347381557836 ], [ 85.455094418674619, 21.339681611648562 ], [ 85.446916896380685, 21.332971604972496 ], [ 85.442687183252005, 21.331351719500947 ], [ 85.432931023660203, 21.332232061579163 ], [ 85.43025840763579, 21.327446841721759 ], [ 85.426257792733125, 21.326473637721421 ], [ 85.420387283359815, 21.330082262082286 ], [ 85.412729969653697, 21.331638063012218 ], [ 85.410014486818056, 21.335851206231041 ], [ 85.405919050633415, 21.334976828782949 ], [ 85.403349755313613, 21.338339747568444 ], [ 85.400135049593317, 21.335801345537359 ], [ 85.393163721911165, 21.34057307015377 ], [ 85.389006115780646, 21.336908129422699 ], [ 85.388720075487228, 21.338807740565034 ], [ 85.382009909527198, 21.342674498930432 ], [ 85.381276641405918, 21.346235316967299 ], [ 85.3768231746552, 21.346151693456704 ], [ 85.376221565888514, 21.348250472966988 ], [ 85.378090755943163, 21.348805973077127 ], [ 85.377049361855526, 21.349289360272014 ] ] } },
{ "type": "Feature", "properties": { "River_Name": "Baunsa Jor", "Basin": "Brahmani" }, "geometry": { "type": "LineString", "coordinates": [ [ 85.354030074468781, 21.396669930669841 ], [ 85.35698468751896, 21.394214980274207 ], [ 85.3572797960272, 21.391539740069813 ], [ 85.355999297877375, 21.391342024767958 ], [ 85.358475418173668, 21.387676509659496 ], [ 85.358347494354291, 21.383583536903874 ], [ 85.354981509737243, 21.381450505872973 ], [ 85.35623525412764, 21.380582128049326 ], [ 85.353001058365365, 21.378314865881173 ], [ 85.353239515635551, 21.375964243823859 ], [ 85.349021397380966, 21.375457617757487 ], [ 85.350003656309298, 21.372567854374648 ], [ 85.342199408297219, 21.368119224787119 ], [ 85.342434102489108, 21.36568729470622 ], [ 85.339818795169336, 21.361172316350515 ], [ 85.338215367299398, 21.361847434215662 ], [ 85.337647629776555, 21.360035322957177 ], [ 85.339996398861942, 21.359530165114222 ], [ 85.339145471345134, 21.357177826268959 ], [ 85.336672271326108, 21.357604965720725 ], [ 85.335401823664427, 21.356120085877695 ], [ 85.336960848997094, 21.353394184791384 ], [ 85.334763552430758, 21.35116849165124 ], [ 85.336021914445496, 21.348168640556828 ] ] } },
{ "type": "Feature", "properties": { "River_Name": "Kutiri Jor", "Basin": "Brahmani" }, "geometry": { "type": "MultiLineString", "coordinates": [ [ [ 85.326311272823276, 21.390732197040141 ], [ 85.326091272129332, 21.388453840503839 ], [ 85.329561002301531, 21.384821284365778 ], [ 85.330000648093019, 21.377098440036981 ], [ 85.342336094947697, 21.366684413761984 ] ], [ [ 85.326252848584062, 21.390781291996348 ], [ 85.325020580545498, 21.390588340073414 ], [ 85.323039155537899, 21.395622147046794 ], [ 85.323386785493611, 21.400236646528249 ], [ 85.321266651745631, 21.405996133462491 ] ] ] } },
{ "type": "Feature", "properties": { "River_Name": "Manda Nala", "Basin": "Brahmani" }, "geometry": { "type": "LineString", "coordinates": [ [ 85.332759683805165, 21.424207238885721 ], [ 85.337767725463792, 21.410861977715587 ], [ 85.34131563579227, 21.410156478310348 ], [ 85.34972983949811, 21.398700604737872 ], [ 85.354030074468781, 21.396669930669841 ] ] } },
{ "type": "Feature", "properties": { "River_Name": "Debatadaraha Nala", "Basin": "Brahmani" }, "geometry": { "type": "MultiLineString", "coordinates": [ [ [ 85.367424908122231, 21.450620986175117 ], [ 85.355553205997751, 21.44454784011938 ], [ 85.356062471780191, 21.442150216951372 ], [ 85.351400672922566, 21.432877743040724 ], [ 85.351986461503401, 21.424523994488311 ], [ 85.3579764986616, 21.418097525876469 ], [ 85.356573363450096, 21.412890101451342 ], [ 85.354376061593157, 21.413577582131474 ], [ 85.350933007158858, 21.409664293591945 ], [ 85.35151143752303, 21.405822160876323 ], [ 85.353372398250485, 21.405013985466418 ], [ 85.353286247902076, 21.400650459947361 ], [ 85.3548774999106, 21.400666084530503 ], [ 85.354030074468781, 21.396669930669862 ] ], [ [ 85.367448573879429, 21.450661863174435 ], [ 85.367424908122231, 21.450620986175117 ] ], [ [ 85.373062300139992, 21.452112063401678 ], [ 85.367424908122231, 21.450620986175117 ] ] ] } },
{ "type": "Feature", "properties": { "River_Name": "Hanumantia Nala", "Basin": "Brahmani" }, "geometry": { "type": "MultiLineString", "coordinates": [ [ [ 85.411278875290577, 21.429509397856496 ], [ 85.408040845837846, 21.426972093179398 ], [ 85.406978887303978, 21.423488953436117 ], [ 85.403577635872011, 21.424892752412735 ], [ 85.401061000289417, 21.422127350421484 ], [ 85.400793305071801, 21.409944326222412 ], [ 85.394945223627573, 21.406221179318305 ], [ 85.394632020657824, 21.404429725419675 ], [ 85.393211629575489, 21.404659994361097 ], [ 85.392005175569722, 21.40164508777875 ], [ 85.388876795538707, 21.401949253383652 ], [ 85.390344167761782, 21.399628427475321 ], [ 85.387783928074242, 21.392982940865576 ], [ 85.387992483831098, 21.389353845500604 ], [ 85.386811917418655, 21.39059350620818 ], [ 85.385543401454029, 21.388860591406932 ], [ 85.383240739028338, 21.389086803717156 ], [ 85.381290406297808, 21.391037089306565 ], [ 85.378246586975109, 21.389377302652434 ], [ 85.377891195184503, 21.38574729306055 ], [ 85.376211530060019, 21.385017467889856 ], [ 85.37997778787242, 21.384119016877538 ], [ 85.378977860726664, 21.382966736501299 ], [ 85.381392031654045, 21.378293109606581 ], [ 85.379391899885917, 21.373829773662973 ], [ 85.376215168572031, 21.37332485226959 ], [ 85.374632180925659, 21.370839120218339 ], [ 85.376761340621414, 21.36839383634296 ], [ 85.3765866454263, 21.365433978354886 ], [ 85.372483447112913, 21.360652145876561 ], [ 85.370713625852758, 21.361998895554283 ], [ 85.371151452246664, 21.365132926459953 ], [ 85.362716264084838, 21.360597819321455 ], [ 85.36258579018623, 21.358022274058168 ] ], [ [ 85.416748823447421, 21.43755509306062 ], [ 85.416281509497992, 21.433476953594898 ], [ 85.411278435424734, 21.429550040500079 ] ], [ [ 85.41687096580084, 21.437858841552718 ], [ 85.416748823447421, 21.43755509306062 ] ], [ [ 85.421506545860012, 21.44100984953154 ], [ 85.421086151680839, 21.440179397155848 ] ], [ [ 85.445093551189643, 21.468965565181271 ], [ 85.437638867128499, 21.456313553672953 ], [ 85.431509017225096, 21.453415416390758 ], [ 85.427706685904809, 21.443583804994731 ], [ 85.416748823447421, 21.43755509306062 ] ], [ [ 85.442530534097131, 21.475865261968064 ], [ 85.445090508521773, 21.472434090924089 ], [ 85.445164767433127, 21.469074619787492 ] ], [ [ 85.441100084884198, 21.477432645817807 ], [ 85.442530534097131, 21.475865261968064 ] ], [ [ 85.440909918574988, 21.478072191878915 ], [ 85.441100084884198, 21.477432645817807 ] ], [ [ 85.438173272973856, 21.479952534298661 ], [ 85.441100084884198, 21.477432645817807 ] ], [ [ 85.448715416375705, 21.484607710311742 ], [ 85.442530534097131, 21.475865261968064 ] ] ] } },
{ "type": "Feature", "properties": { "River_Name": "Jhalakmajha Nala", "Basin": "Brahmani" }, "geometry": { "type": "LineString", "coordinates": [ [ 85.285671479800115, 21.420430576710888 ], [ 85.287576857987176, 21.416683630823368 ], [ 85.292877970328263, 21.413300967089452 ], [ 85.302867760253491, 21.411898582799434 ], [ 85.306730846051636, 21.407710552626877 ], [ 85.307712425694532, 21.401203659505175 ], [ 85.304476088852056, 21.396645771802213 ], [ 85.305884239420351, 21.387013498486549 ], [ 85.309099625299183, 21.385411096663777 ], [ 85.309929496756254, 21.380749744385422 ], [ 85.311879188901187, 21.381022281908095 ], [ 85.319621740931751, 21.371417315488006 ], [ 85.322979596532406, 21.370809606768756 ], [ 85.322934415936189, 21.365886500928514 ], [ 85.326952738815464, 21.357205808081005 ], [ 85.32675530286167, 21.35463863372955 ], [ 85.33297266284309, 21.347966786724704 ] ] } },
{ "type": "Feature", "properties": { "River_Name": "Girakara Nala", "Basin": "Brahmani" }, "geometry": { "type": "MultiLineString", "coordinates": [ [ [ 85.330502101518121, 21.49538659785394 ], [ 85.328284263075204, 21.493950862409605 ], [ 85.328910897661089, 21.491053250961528 ], [ 85.327736722362914, 21.489926013670591 ], [ 85.331510195030631, 21.486115980920243 ], [ 85.332075168076884, 21.481844822694718 ], [ 85.329523696722362, 21.476679955278467 ], [ 85.327630286561316, 21.477279734321936 ], [ 85.326451221351789, 21.474901470477626 ], [ 85.328467262592866, 21.473277762545298 ] ], [ [ 85.329411911405828, 21.500000228931473 ], [ 85.330716295654142, 21.499028752579282 ], [ 85.330502101518121, 21.49538659785394 ] ], [ [ 85.327766370127875, 21.499997308091789 ], [ 85.330502101518121, 21.49538659785394 ] ] ] } },
{ "type": "Feature", "properties": { "River_Name": "Khajuria Nala", "Basin": "Brahmani" }, "geometry": { "type": "LineString", "coordinates": [ [ 85.42554936927263, 21.279474778431378 ], [ 85.422077234883687, 21.277016969904977 ], [ 85.416230909494317, 21.278497667019099 ], [ 85.409067397716271, 21.276989418038987 ], [ 85.404418283047079, 21.27378848705289 ], [ 85.403238717301662, 21.269680953784491 ], [ 85.396721200928113, 21.262410923617903 ], [ 85.390348237571061, 21.260516523285549 ] ] } },
{ "type": "Feature", "properties": { "River_Name": "Churgunia Nala", "Basin": "Brahmani" }, "geometry": { "type": "LineString", "coordinates": [ [ 85.451217385962082, 21.314995255996063 ], [ 85.444197538376841, 21.311994785292221 ], [ 85.441173139593673, 21.313136534412614 ], [ 85.437786000962646, 21.318037028435022 ], [ 85.430114133834493, 21.31653839633395 ] ] } },
{ "type": "Feature", "properties": { "River_Name": "Baisunia Nala", "Basin": "Brahmani" }, "geometry": { "type": "MultiLineString", "coordinates": [ [ [ 85.500000960310018, 21.398698915830703 ], [ 85.492993904315298, 21.393022116353055 ], [ 85.479200286317422, 21.386619729107124 ], [ 85.470527654474068, 21.374305853523737 ], [ 85.458361331098544, 21.367017929742719 ] ], [ [ 85.515128188886379, 21.410314495094187 ], [ 85.5117411932533, 21.405525884333972 ], [ 85.500297085089841, 21.398792346140588 ] ] ] } },
{ "type": "Feature", "properties": { "River_Name": "Ghantla Nala", "Basin": "Brahmani" }, "geometry": { "type": "LineString", "coordinates": [ [ 85.477791717418, 21.302614334846574 ], [ 85.482535845515955, 21.298221995603082 ], [ 85.483814285535175, 21.293396353696696 ], [ 85.485868769703359, 21.291838590161465 ], [ 85.486099276782213, 21.287211250136803 ], [ 85.491414881271922, 21.281992714270036 ], [ 85.497372031195496, 21.269079035934116 ] ] } },
{ "type": "Feature", "properties": { "River_Name": "River / Nala", "Basin": "Brahmani" }, "geometry": { "type": "LineString", "coordinates": [ [ 85.478478507037025, 21.470243725830123 ], [ 85.473069736457404, 21.457273014779041 ], [ 85.466547073942422, 21.450339403986838 ], [ 85.461718112936566, 21.431917897655183 ] ] } },
{ "type": "Feature", "properties": { "River_Name": "Mankarhachua Nala", "Basin": "Brahmani" }, "geometry": { "type": "MultiLineString", "coordinates": [ [ [ 85.596397631747578, 21.223289354894401 ], [ 85.594209958688594, 21.228447277450048 ], [ 85.587355677839966, 21.236465857511746 ], [ 85.586440812306307, 21.239954100993113 ], [ 85.58821398950947, 21.244476596599679 ], [ 85.585718637310492, 21.250002158760235 ] ], [ [ 85.61975586861216, 21.259511898886821 ], [ 85.613548380214155, 21.26378794949866 ], [ 85.595981819715718, 21.26210682918181 ], [ 85.587390583856987, 21.258579781699225 ], [ 85.585723694151056, 21.249997323177045 ] ] ] } },
{ "type": "Feature", "properties": { "River_Name": "Tankapani Nala", "Basin": "Brahmani" }, "geometry": { "type": "LineString", "coordinates": [ [ 85.607346843488031, 21.270466681282254 ], [ 85.604057390733615, 21.279481856078618 ], [ 85.607423563090776, 21.286889986432474 ], [ 85.605816398317515, 21.294807971381925 ] ] } },
{ "type": "Feature", "properties": { "River_Name": "Gurudia Nala", "Basin": "Brahmani" }, "geometry": { "type": "MultiLineString", "coordinates": [ [ [ 85.630690470315244, 21.27442498544389 ], [ 85.625998819357847, 21.276816772280654 ], [ 85.622772972680238, 21.281691052907568 ], [ 85.613634048793884, 21.28807493072587 ] ], [ [ 85.61336829064939, 21.288149525756261 ], [ 85.606967682618688, 21.290264692083113 ] ] ] } },
{ "type": "Feature", "properties": { "River_Name": "Sambarabindha Nala", "Basin": "Brahmani" }, "geometry": { "type": "MultiLineString", "coordinates": [ [ [ 85.666178213152165, 21.385699633869223 ], [ 85.663724372236246, 21.387202234355492 ] ], [ [ 85.663622417005357, 21.387192298292074 ], [ 85.660407759024395, 21.387058343704485 ], [ 85.659318880259789, 21.389592547292509 ], [ 85.655688995660128, 21.391532770464575 ], [ 85.650377417379019, 21.39067710331793 ], [ 85.648087192046106, 21.393242200890505 ] ], [ [ 85.640344170337158, 21.394037765046996 ], [ 85.648077671819436, 21.393228574081995 ] ], [ [ 85.640343669306091, 21.394091961071581 ], [ 85.629820370026948, 21.394616050898449 ], [ 85.626522936166239, 21.390858316061269 ], [ 85.619158338186097, 21.396556559945967 ] ] ] } },
{ "type": "Feature", "properties": { "River_Name": "Khuntapani Nala", "Basin": "Brahmani" }, "geometry": { "type": "LineString", "coordinates": [ [ 85.580356644135279, 21.267020754709357 ], [ 85.577413189762595, 21.274001518542274 ], [ 85.583743862969257, 21.278652819157497 ], [ 85.597997489837866, 21.2817877733237 ], [ 85.604057390733615, 21.279481856078636 ] ] } },
{ "type": "Feature", "properties": { "River_Name": "Jharihari nala", "Basin": "Brahmani" }, "geometry": { "type": "MultiLineString", "coordinates": [ [ [ 84.604088382576919, 21.020804008836866 ], [ 84.607001623237139, 21.024763942241407 ], [ 84.612117708152596, 21.025689197443942 ], [ 84.615071919858892, 21.030719618367527 ], [ 84.622093898631519, 21.034592468014203 ] ], [ [ 84.622472005525452, 21.034706116269909 ], [ 84.623977708404567, 21.03558500815295 ] ] ] } },
{ "type": "Feature", "properties": { "River_Name": "Jogidhar Nala", "Basin": "Brahmani" }, "geometry": { "type": "LineString", "coordinates": [ [ 84.655829455410569, 21.018292551924446 ], [ 84.645211976399366, 21.024733173469944 ], [ 84.641966163086167, 21.030228024818193 ], [ 84.641450920769614, 21.038212329738926 ] ] } },
{ "type": "Feature", "properties": { "River_Name": "Amba Nala", "Basin": "Brahmani" }, "geometry": { "type": "LineString", "coordinates": [ [ 84.680176664906327, 21.072210888816237 ], [ 84.679595789234796, 21.060355525024995 ] ] } },
{ "type": "Feature", "properties": { "River_Name": "Hatakola Nala", "Basin": "Brahmani" }, "geometry": { "type": "LineString", "coordinates": [ [ 84.576655921785985, 21.095333410659631 ], [ 84.57028951284552, 21.101052759079742 ], [ 84.56630766023406, 21.112160556091411 ], [ 84.561358995544964, 21.115556695741731 ] ] } },
{ "type": "Feature", "properties": { "River_Name": "Khalbal Nala", "Basin": "Brahmani" }, "geometry": { "type": "LineString", "coordinates": [ [ 84.574350135337227, 21.140678130109119 ], [ 84.579753192006365, 21.136010486316422 ], [ 84.579239229752886, 21.133583230953864 ], [ 84.585385306922234, 21.129955358987214 ], [ 84.585206491017004, 21.1288150874806 ], [ 84.59076053775668, 21.128749738385043 ], [ 84.602152320133953, 21.135214127198207 ], [ 84.607264317547575, 21.134225483417417 ] ] } },
{ "type": "Feature", "properties": { "River_Name": "Suagi Jharan Nala", "Basin": "Brahmani" }, "geometry": { "type": "LineString", "coordinates": [ [ 84.575956109043474, 21.208372334000167 ], [ 84.58437627339282, 21.209581094784635 ], [ 84.58690099216588, 21.220122992422073 ] ] } },
{ "type": "Feature", "properties": { "River_Name": "Dhaulimunda Nala", "Basin": "Brahmani" }, "geometry": { "type": "MultiLineString", "coordinates": [ [ [ 84.693910931903559, 21.196240776302965 ], [ 84.694819225022812, 21.200998442139554 ] ], [ [ 84.694887223815044, 21.201270270424168 ], [ 84.696340885081369, 21.20749823638203 ], [ 84.69985518800263, 21.211569029160803 ], [ 84.699424829565245, 21.213861301398627 ], [ 84.702120804866425, 21.216065234890525 ], [ 84.70366986687587, 21.220199497221582 ], [ 84.706249234730549, 21.219990770582488 ] ] ] } },
{ "type": "Feature", "properties": { "River_Name": "Badibahal Nala", "Basin": "Brahmani" }, "geometry": { "type": "MultiLineString", "coordinates": [ [ [ 84.709370462246881, 21.159346536453619 ], [ 84.717437026659283, 21.160945572847929 ] ], [ [ 84.717595487243202, 21.160970286918651 ], [ 84.728325999475373, 21.162758264314128 ], [ 84.73320102256308, 21.168192144075697 ], [ 84.740102704677767, 21.167309272977651 ], [ 84.74620722826208, 21.171698195522747 ], [ 84.749997852983867, 21.170082333307644 ] ], [ [ 84.749997852983867, 21.170082333307644 ], [ 84.749996020048897, 21.170082579821244 ] ], [ [ 84.749997852983867, 21.170082333307644 ], [ 84.752321041763679, 21.169445266244733 ], [ 84.755575842740058, 21.171628691184679 ], [ 84.76083616990654, 21.170104596767878 ], [ 84.763770810635947, 21.173421456204398 ], [ 84.76931484834725, 21.172880644146645 ], [ 84.773692223670508, 21.176311202425047 ], [ 84.776071432770394, 21.181386000536371 ], [ 84.784558480343307, 21.186572582491745 ], [ 84.784823443329245, 21.191727914603774 ], [ 84.79876539695745, 21.194709622184373 ], [ 84.801988961195605, 21.200066049937654 ], [ 84.802660111875312, 21.207095992902083 ] ] ] } },
{ "type": "Feature", "properties": { "River_Name": "Bagdal Nala", "Basin": "Brahmani" }, "geometry": { "type": "LineString", "coordinates": [ [ 84.688030043995795, 21.151818599669323 ], [ 84.690415779653776, 21.147570956399175 ], [ 84.705328451193708, 21.140224698186664 ] ] } },
{ "type": "Feature", "properties": { "River_Name": "Kantiali Nala", "Basin": "Brahmani" }, "geometry": { "type": "LineString", "coordinates": [ [ 84.597176143883431, 21.176973037753516 ], [ 84.600630219640507, 21.181275037531432 ], [ 84.599903608753138, 21.183644006891434 ], [ 84.604657557892864, 21.185264559685908 ], [ 84.603812259224398, 21.189920862166769 ], [ 84.607124667868661, 21.189597605334043 ], [ 84.611138591165329, 21.193248201385892 ], [ 84.615691216571634, 21.199940276084231 ], [ 84.614846070616977, 21.204000696093907 ], [ 84.621353878079745, 21.207690824688683 ], [ 84.622421816859813, 21.211353846365892 ] ] } },
{ "type": "Feature", "properties": { "River_Name": "Aunli Jor", "Basin": "Brahmani" }, "geometry": { "type": "LineString", "coordinates": [ [ 84.511594000740445, 21.087618986705252 ], [ 84.516611106102886, 21.078947729416292 ], [ 84.527907209443796, 21.079708663118875 ], [ 84.53967502975857, 21.076371855729089 ], [ 84.541890749378638, 21.074431059060682 ], [ 84.546443401394413, 21.074582737898815 ], [ 84.550485871063117, 21.071526004545348 ] ] } },
{ "type": "Feature", "properties": { "River_Name": "Barakhol Nala", "Basin": "Brahmani" }, "geometry": { "type": "LineString", "coordinates": [ [ 84.700398705430032, 21.088519145429782 ], [ 84.696984230833209, 21.086251402037153 ], [ 84.697501957051088, 21.077630153979026 ], [ 84.702694702614423, 21.072797179142256 ], [ 84.705941154751812, 21.072208989203492 ], [ 84.706473430770231, 21.070437240898343 ] ] } },
{ "type": "Feature", "properties": { "River_Name": "Mochikhol Nala", "Basin": "Brahmani" }, "geometry": { "type": "MultiLineString", "coordinates": [ [ [ 84.704566572230775, 21.022262522736991 ], [ 84.707127753058572, 21.02081612715865 ], [ 84.71412135280876, 21.032058133807247 ], [ 84.720739260290458, 21.034869643380652 ], [ 84.721784866535387, 21.03695159706675 ], [ 84.727128167403521, 21.03821063761194 ] ], [ [ 84.727204211271584, 21.038270351739406 ], [ 84.729285765278192, 21.043404819346499 ], [ 84.736961904721028, 21.049444695467628 ], [ 84.740588494261445, 21.04944331249683 ], [ 84.740409902558881, 21.050759367294656 ], [ 84.74262462375404, 21.051569945356132 ], [ 84.746320286202646, 21.05049926247699 ] ] ] } },
{ "type": "Feature", "properties": { "River_Name": "Sagharhia Nala", "Basin": "Brahmani" }, "geometry": { "type": "LineString", "coordinates": [ [ 84.783577187522667, 21.076491799814306 ], [ 84.790403333160313, 21.088225726627439 ], [ 84.804053074770749, 21.098991397670819 ], [ 84.807267674261197, 21.104198515455483 ], [ 84.807624406692597, 21.109066110341697 ], [ 84.810880823795642, 21.112756577872116 ], [ 84.815964902387719, 21.110934786489175 ], [ 84.818450141171411, 21.114728065737157 ], [ 84.82253278655557, 21.116239038987793 ], [ 84.826572890729068, 21.115721986212129 ], [ 84.829495375856922, 21.125205554365277 ] ] } },
{ "type": "Feature", "properties": { "River_Name": "Baishinali Nala", "Basin": "Brahmani" }, "geometry": { "type": "MultiLineString", "coordinates": [ [ [ 84.78797782333676, 21.013095924384455 ], [ 84.787393395482624, 21.014573855605025 ] ], [ [ 84.787271134144717, 21.014712239187237 ], [ 84.781768681094192, 21.027468476219791 ], [ 84.78220730392708, 21.033899440914354 ], [ 84.778820449095406, 21.036889469190861 ], [ 84.778296051263041, 21.040142635897634 ], [ 84.774435794307152, 21.042932210456406 ], [ 84.775333698110373, 21.047888176620337 ], [ 84.774181754987225, 21.05160719819613 ], [ 84.776387887237419, 21.053658932468302 ], [ 84.775649861217587, 21.056064927162112 ], [ 84.777968473272139, 21.061883843283866 ], [ 84.783107125473563, 21.06926123992066 ], [ 84.783577187522667, 21.076491799814306 ] ] ] } },
{ "type": "Feature", "properties": { "River_Name": "Kusal Nala", "Basin": "Brahmani" }, "geometry": { "type": "LineString", "coordinates": [ [ 84.802272475197853, 21.028958454887867 ], [ 84.810532743142971, 21.031404002131925 ], [ 84.817866924290328, 21.037354741385283 ], [ 84.823077338039994, 21.045513108209192 ], [ 84.828392627485897, 21.058413831384151 ], [ 84.827118643227834, 21.06796559118823 ], [ 84.828359384640578, 21.072298159819784 ], [ 84.825244450765553, 21.077753456879591 ], [ 84.825872113275693, 21.083220564927466 ], [ 84.8243711983704, 21.084862969438966 ], [ 84.825941717757559, 21.086702793991467 ], [ 84.825277035484149, 21.09005820797217 ], [ 84.829676448997503, 21.093239197044724 ], [ 84.82598555428487, 21.098894798872063 ] ] } },
{ "type": "Feature", "properties": { "River_Name": "Baunsajura Nala", "Basin": "Brahmani" }, "geometry": { "type": "LineString", "coordinates": [ [ 84.807993759957881, 21.089483491101081 ], [ 84.812461464109134, 21.091586620895548 ], [ 84.815519570089805, 21.09566274531258 ], [ 84.822308526954657, 21.096653149241821 ], [ 84.82598555428487, 21.098894798872063 ], [ 84.827510672783134, 21.101880934925859 ], [ 84.829890614036316, 21.101676622840859 ], [ 84.832392856740114, 21.103984380386347 ], [ 84.831993410657859, 21.105645438225288 ], [ 84.83489452425782, 21.109321906780526 ], [ 84.834029433550938, 21.113889425126434 ], [ 84.837271363327048, 21.116310436222467 ], [ 84.834534877147959, 21.12050636889661 ], [ 84.835157900090934, 21.122672673130609 ], [ 84.837576633078257, 21.123466667548115 ], [ 84.83687115970065, 21.125322501996738 ] ] } },
{ "type": "Feature", "properties": { "River_Name": "Duruba Nala", "Basin": "Brahmani" }, "geometry": { "type": "LineString", "coordinates": [ [ 84.890878945220109, 21.133368467886459 ], [ 84.889972844541774, 21.13515885052103 ], [ 84.896131252784912, 21.140080608318513 ], [ 84.895523781198975, 21.144922681011106 ], [ 84.897051151599754, 21.147538069236461 ], [ 84.904032539716056, 21.149101255381652 ], [ 84.905545043963926, 21.151418372380558 ], [ 84.909843291344387, 21.151774066440023 ], [ 84.91070049881256, 21.153803085916092 ], [ 84.913717548058443, 21.152160548773352 ] ] } },
{ "type": "Feature", "properties": { "River_Name": "Kumbhira Nala", "Basin": "Brahmani" }, "geometry": { "type": "LineString", "coordinates": [ [ 84.830883128731827, 21.042235454516256 ], [ 84.836445262681934, 21.050081885789432 ], [ 84.83882823885979, 21.050608918381666 ], [ 84.840882702756261, 21.05357005909109 ], [ 84.846650012386746, 21.054912118236654 ], [ 84.849361834280614, 21.061349345749981 ], [ 84.856616202329789, 21.07140212518582 ], [ 84.872747170764825, 21.078134449310969 ], [ 84.876995255090051, 21.081863249790082 ], [ 84.878835563801573, 21.09219508531492 ], [ 84.875392666659195, 21.096780327143431 ], [ 84.877342639793881, 21.102444560755359 ], [ 84.875643582959114, 21.110591728971439 ], [ 84.880182620272222, 21.111520056450228 ], [ 84.886284671792026, 21.123724838869027 ], [ 84.884332201278028, 21.129051283337361 ], [ 84.88623930104275, 21.129300873534632 ], [ 84.886060049424657, 21.131759563758873 ], [ 84.890878945220109, 21.133368467886459 ] ] } },
{ "type": "Feature", "properties": { "River_Name": "Sapui Nala", "Basin": "Brahmani" }, "geometry": { "type": "LineString", "coordinates": [ [ 84.842318389479757, 21.111385301709415 ], [ 84.843555074815811, 21.115713231806822 ], [ 84.850983404960019, 21.121840186916234 ], [ 84.853071352061477, 21.131240623199464 ], [ 84.857377406835127, 21.133674785556632 ], [ 84.860138374428942, 21.133113671600775 ], [ 84.865294121780394, 21.138064438197421 ], [ 84.865686992492172, 21.140205183930913 ], [ 84.868066098177195, 21.139765563518726 ], [ 84.870000442703017, 21.142828797027899 ] ] } },
{ "type": "Feature", "properties": { "River_Name": "Jharuamarha Nala", "Basin": "Brahmani" }, "geometry": { "type": "LineString", "coordinates": [ [ 84.909802366129497, 21.192367870285523 ], [ 84.925276521243802, 21.185518934788629 ], [ 84.923682191023772, 21.180053633045919 ] ] } },
{ "type": "Feature", "properties": { "River_Name": "Jaipurha Nala", "Basin": "Brahmani" }, "geometry": { "type": "MultiLineString", "coordinates": [ [ [ 84.951021280993444, 21.165540061290361 ], [ 84.947925567655048, 21.163118295911939 ], [ 84.947404122554829, 21.153805353100239 ], [ 84.949178708913124, 21.149731235490723 ] ], [ [ 84.939639339939532, 21.172260901127586 ], [ 84.947819221305195, 21.166291458252523 ], [ 84.948244643314922, 21.163718224083897 ] ] ] } },
{ "type": "Feature", "properties": { "River_Name": "Balaram Nala", "Basin": "Brahmani" }, "geometry": { "type": "MultiLineString", "coordinates": [ [ [ 85.028502289075135, 21.201999995138049 ], [ 85.036994246404021, 21.20108739480024 ], [ 85.043258982945829, 21.20584293984372 ], [ 85.053061945070411, 21.202650711705619 ], [ 85.054613773981728, 21.199981706234972 ], [ 85.053001904911255, 21.196210518545954 ], [ 85.055007874482058, 21.192684221864276 ], [ 85.067705395822856, 21.191574541133917 ] ], [ [ 85.000000632565786, 21.2130533599966 ], [ 85.002260805648532, 21.210786163789564 ], [ 85.005724422763379, 21.211414155201748 ], [ 85.009689804285415, 21.208742511552089 ], [ 85.011654437503125, 21.20947010928008 ], [ 85.01500061591473, 21.205196994320481 ], [ 85.020006755152835, 21.206786598163148 ], [ 85.026516225303482, 21.205783552150493 ], [ 85.028921623363971, 21.203784087472457 ], [ 85.028525223403349, 21.202086061732395 ] ], [ [ 84.961793270589723, 21.214465788493488 ], [ 84.964168219779324, 21.217212836426548 ], [ 84.974077750936644, 21.216952771822132 ], [ 84.984287199570957, 21.213403808167982 ], [ 84.986524490959411, 21.210355360863442 ], [ 84.999999537448559, 21.21313462900283 ] ] ] } },
{ "type": "Feature", "properties": { "River_Name": "Atandi Nala", "Basin": "Brahmani" }, "geometry": { "type": "LineString", "coordinates": [ [ 84.931254006190542, 21.05315067042628 ], [ 84.932742702690049, 21.062732834015193 ], [ 84.928805327757587, 21.070885145836783 ], [ 84.927902934064193, 21.077331409927787 ], [ 84.929465468524654, 21.081229368957619 ], [ 84.927924450829906, 21.085148135955304 ], [ 84.932797673481247, 21.092500264250372 ], [ 84.932389707094188, 21.098681634381144 ], [ 84.935283316950859, 21.099254254415548 ], [ 84.935566128850155, 21.101420663349703 ] ] } },
{ "type": "Feature", "properties": { "River_Name": "Kudaposi Nala", "Basin": "Brahmani" }, "geometry": { "type": "MultiLineString", "coordinates": [ [ [ 84.870969195301882, 21.047908220736872 ], [ 84.873683107125586, 21.051559110137607 ], [ 84.878692297059928, 21.049395616277209 ], [ 84.883960698368313, 21.049641952711493 ], [ 84.884531716537026, 21.051441718175116 ], [ 84.888728367477071, 21.052311245556282 ], [ 84.896873497547318, 21.058029615801654 ], [ 84.901543513249109, 21.062210074193487 ], [ 84.899721191327089, 21.064887822902101 ], [ 84.9002248927587, 21.06772980352094 ], [ 84.902086456505415, 21.067743791802382 ], [ 84.902323188872316, 21.075558578186982 ], [ 84.910233000966514, 21.079995612704305 ] ], [ [ 84.910484855725926, 21.080219976289879 ], [ 84.910469907545377, 21.087137596829233 ] ] ] } },
{ "type": "Feature", "properties": { "River_Name": "Ullani Nala", "Basin": "Brahmani" }, "geometry": { "type": "LineString", "coordinates": [ [ 84.90536951623173, 21.05694253433683 ], [ 84.908731728124692, 21.060059062908902 ], [ 84.909533452546597, 21.063618155489507 ], [ 84.912094687835634, 21.063821266753578 ], [ 84.915624904018784, 21.067675779584988 ], [ 84.914849140686414, 21.071558658934212 ], [ 84.916611271107982, 21.074569598751214 ], [ 84.91912184030204, 21.074279799305113 ], [ 84.920453800794547, 21.077095776819416 ], [ 84.917770526231848, 21.081835811393322 ], [ 84.917642643431492, 21.086869083641929 ], [ 84.920374973667336, 21.10280187431685 ] ] } },
{ "type": "Feature", "properties": { "River_Name": "Gadari Nala", "Basin": "Brahmani" }, "geometry": { "type": "MultiLineString", "coordinates": [ [ [ 84.981698723013068, 21.080391235501629 ], [ 84.983429565931786, 21.086187387918486 ] ], [ [ 84.983453254075357, 21.086214763688055 ], [ 84.988630300646577, 21.094088393959133 ], [ 84.99070542131598, 21.095427065190126 ], [ 84.996946740871351, 21.094683566637759 ], [ 84.997388699051257, 21.097967195961264 ] ], [ [ 84.997878349568524, 21.098054261814205 ], [ 84.999995634345609, 21.098052157328311 ] ], [ [ 85.038135231461737, 21.121496707873366 ], [ 85.036148467454908, 21.119599636197531 ], [ 85.035559659263072, 21.121186880117321 ], [ 85.031889341259898, 21.119225072156279 ], [ 85.022759393644165, 21.121060532178408 ], [ 85.021915039891155, 21.113599678311843 ], [ 85.019979583309834, 21.112574575331507 ], [ 85.016302119388428, 21.115164243607794 ], [ 85.008989980584985, 21.109176414832906 ], [ 85.008848175063747, 21.102491462478877 ], [ 85.007298607908965, 21.100694055047757 ], [ 85.003393471673263, 21.100526182176456 ], [ 85.005430223197649, 21.098630972728067 ], [ 84.999995755302379, 21.098043127316142 ] ] ] } },
{ "type": "Feature", "properties": { "River_Name": "Thuntimahul Nala", "Basin": "Brahmani" }, "geometry": { "type": "MultiLineString", "coordinates": [ [ [ 84.905682813379698, 21.109760016004117 ], [ 84.913870418434868, 21.110980859810301 ], [ 84.916160192737934, 21.112417881606142 ], [ 84.917201240384273, 21.115749602352473 ] ], [ [ 84.917224667552588, 21.115795045735325 ], [ 84.921619088606278, 21.11781327452557 ], [ 84.92307224307892, 21.116444822553674 ], [ 84.92690100753903, 21.116234330371341 ], [ 84.927380311331447, 21.118105120560159 ], [ 84.930222037437133, 21.116545869733095 ], [ 84.935222515980641, 21.119298170052655 ], [ 84.938500510573348, 21.126210805880827 ], [ 84.943904724537362, 21.127292511128182 ] ] ] } },
{ "type": "Feature", "properties": { "River_Name": "Bhankhuli Nala", "Basin": "Brahmani" }, "geometry": { "type": "MultiLineString", "coordinates": [ [ [ 84.954630805505758, 21.024741363369035 ], [ 84.955761098845045, 21.029320290274281 ], [ 84.95340245092433, 21.035798965508842 ], [ 84.95772645870143, 21.041445885064896 ], [ 84.956716921134117, 21.044576643658299 ], [ 84.96047277553096, 21.050288929262951 ], [ 84.961872520709164, 21.056298013794258 ] ], [ [ 84.961819441949885, 21.056663145156282 ], [ 84.964888610116958, 21.058781677692739 ], [ 84.967290282470074, 21.058340816587457 ], [ 84.967592896036805, 21.062977516238757 ], [ 84.974298407376168, 21.065514190820867 ], [ 84.975359121656524, 21.064276000813052 ], [ 84.981171650815213, 21.064909686150688 ], [ 84.984989622257274, 21.069330764510394 ], [ 84.984855746481415, 21.071410913343261 ], [ 84.99013279295275, 21.07217794045479 ], [ 84.991479625030848, 21.07577936185967 ], [ 84.987803161974767, 21.080477293925593 ], [ 84.987846748063816, 21.082600190899939 ], [ 84.990536616889671, 21.08365262439002 ], [ 84.98749936902874, 21.087314976589582 ], [ 84.989781278322909, 21.089369587624827 ], [ 84.987851130620058, 21.092277386797335 ] ] ] } },
{ "type": "Feature", "properties": { "River_Name": "Jharana Nala", "Basin": "Brahmani" }, "geometry": { "type": "MultiLineString", "coordinates": [ [ [ 84.938498484256854, 21.019245175901972 ], [ 84.940043619962765, 21.02054633921836 ], [ 84.941172267734188, 21.026610954281505 ] ], [ [ 84.941163799472363, 21.026877273895504 ], [ 84.94723887073026, 21.042976740805397 ], [ 84.950840959637972, 21.044781324747508 ], [ 84.951068862795736, 21.046405189085281 ], [ 84.957072393362679, 21.045669191486212 ] ] ] } },
{ "type": "Feature", "properties": { "River_Name": "Dhempa Nala", "Basin": "Brahmani" }, "geometry": { "type": "MultiLineString", "coordinates": [ [ [ 84.980558970191851, 21.017239122687268 ], [ 84.985552022035563, 21.024681549391161 ], [ 84.99058093736565, 21.027333089974054 ], [ 84.995000892235268, 21.023027583553535 ], [ 84.999664616445557, 21.023141218428357 ] ], [ [ 85.000001954018529, 21.023090997638118 ], [ 85.004085473580545, 21.031741505253638 ] ] ] } },
{ "type": "Feature", "properties": { "River_Name": "Napamunda Nala", "Basin": "Brahmani" }, "geometry": { "type": "LineString", "coordinates": [ [ 84.982535290933299, 21.035840237306466 ], [ 85.001216378539823, 21.03101650903367 ], [ 85.004085473580545, 21.031741505253638 ] ] } },
{ "type": "Feature", "properties": { "River_Name": "Jambua Nala", "Basin": "Brahmani" }, "geometry": { "type": "MultiLineString", "coordinates": [ [ [ 85.116852030532925, 21.216023155817599 ], [ 85.125734601569462, 21.222742351424252 ], [ 85.134678329647585, 21.223514327115186 ], [ 85.140873682573528, 21.219848794969352 ] ], [ [ 85.140873682573528, 21.219848794969352 ], [ 85.14095637926448, 21.216403265515439 ], [ 85.144468474301249, 21.212842700180762 ], [ 85.145421328858518, 21.209430078724825 ], [ 85.142528389744996, 21.203929460232157 ] ], [ [ 85.140873682573528, 21.219848794969352 ], [ 85.140903642734642, 21.21984383186625 ], [ 85.140835263552233, 21.219919849571408 ], [ 85.140873682573528, 21.219848794969352 ] ] ] } },
{ "type": "Feature", "properties": { "River_Name": "Dadari Nala", "Basin": "Brahmani" }, "geometry": { "type": "LineString", "coordinates": [ [ 85.135403001554636, 21.124252682509702 ], [ 85.135266126693367, 21.12673044578893 ], [ 85.133596053282517, 21.125569509042442 ], [ 85.127423190989347, 21.129213492465389 ], [ 85.123428442603753, 21.135694818962413 ], [ 85.12299986812009, 21.139912476978971 ], [ 85.116363325696227, 21.14399341531254 ], [ 85.117504980411226, 21.149641998362316 ] ] } },
{ "type": "Feature", "properties": { "River_Name": "Bankdhara Jor", "Basin": "Brahmani" }, "geometry": { "type": "LineString", "coordinates": [ [ 85.18590261969932, 21.084237638580287 ], [ 85.1784818700431, 21.077198846430051 ], [ 85.175016752150171, 21.067009477618925 ], [ 85.167361499278854, 21.064298657063617 ], [ 85.167000646229553, 21.056445838832314 ] ] } },
{ "type": "Feature", "properties": { "River_Name": "Bulajhara Nadi", "Basin": "Brahmani" }, "geometry": { "type": "MultiLineString", "coordinates": [ [ [ 85.207084120525607, 21.10312344801125 ], [ 85.203806523240402, 21.103544879111968 ], [ 85.200812786076995, 21.11035954945482 ], [ 85.19690995288255, 21.111528385295276 ], [ 85.196168311178283, 21.113159835464565 ], [ 85.194655041051817, 21.114123712240772 ], [ 85.193793702736784, 21.114110017153131 ] ], [ [ 85.193862386159267, 21.114002363079788 ], [ 85.193793702736784, 21.114110017153131 ] ], [ [ 85.193793702736784, 21.114110017153131 ], [ 85.185668848926881, 21.118128329363195 ], [ 85.184291818937552, 21.116984559627255 ], [ 85.177887367599354, 21.118826098174058 ], [ 85.175709784639054, 21.117818164179216 ], [ 85.164111731626406, 21.118898665561986 ] ] ] } },
{ "type": "Feature", "properties": { "River_Name": "Paunshia Nala", "Basin": "Brahmani" }, "geometry": { "type": "LineString", "coordinates": [ [ 85.223832078400989, 21.176596590524085 ], [ 85.222924018285511, 21.178849619855342 ], [ 85.21634805884274, 21.179940995272904 ], [ 85.214734428909352, 21.183198129486168 ], [ 85.215346864941864, 21.184726522284208 ], [ 85.211996848504953, 21.193018777456551 ], [ 85.20920733750242, 21.198724652101788 ], [ 85.206896726531298, 21.199847220809865 ], [ 85.208690886508464, 21.202815256661111 ], [ 85.208628100101265, 21.20841903802803 ] ] } },
{ "type": "Feature", "properties": { "River_Name": "Siaria Jor", "Basin": "Brahmani" }, "geometry": { "type": "MultiLineString", "coordinates": [ [ [ 85.265328184478207, 21.113303839963084 ], [ 85.260912541436355, 21.11968063414065 ], [ 85.257007448239648, 21.130524545248246 ], [ 85.249998069382514, 21.134291013259958 ] ], [ [ 85.249970145478031, 21.134209433361395 ], [ 85.246832532683271, 21.134953758172063 ], [ 85.246283860446056, 21.136582931768459 ], [ 85.242821085169354, 21.136321219906581 ], [ 85.235681689690594, 21.140853451290091 ], [ 85.230743371077807, 21.141203846395985 ], [ 85.226815781162486, 21.14399436822082 ], [ 85.220042855111956, 21.14478134175447 ] ] ] } },
{ "type": "Feature", "properties": { "River_Name": "Ghagi Nala", "Basin": "Brahmani" }, "geometry": { "type": "MultiLineString", "coordinates": [ [ [ 85.221901354944265, 21.043295853499359 ], [ 85.219798486230204, 21.043752548888111 ], [ 85.217724114721676, 21.039792703115577 ], [ 85.211865890655417, 21.037292435610169 ], [ 85.210231948703679, 21.031923588404855 ] ], [ [ 85.244221639506947, 21.065133516444703 ], [ 85.241967679716566, 21.060819798365117 ], [ 85.243485040718255, 21.057796093941036 ], [ 85.241094036579938, 21.056556487201362 ], [ 85.233850621515515, 21.057601328533007 ], [ 85.229927965627951, 21.052854622817225 ], [ 85.228922736832232, 21.04835957213724 ], [ 85.222326593501379, 21.043946116201777 ] ] ] } },
{ "type": "Feature", "properties": { "River_Name": "sankha Jor", "Basin": "Brahmani" }, "geometry": { "type": "MultiLineString", "coordinates": [ [ [ 85.192484782149407, 21.067964109669791 ], [ 85.192555944298263, 21.06725132197122 ], [ 85.192333924778779, 21.066512831951677 ], [ 85.192456104634999, 21.063967046199693 ], [ 85.19710921617876, 21.051935892228521 ], [ 85.191852031783938, 21.041488420271389 ], [ 85.195753673999619, 21.040265376351758 ] ], [ [ 85.193206027680702, 21.075567884114612 ], [ 85.191019640962523, 21.074930401687357 ], [ 85.189585099853858, 21.071808025929197 ], [ 85.190169502334555, 21.06924007904863 ], [ 85.192485109594983, 21.067937016496675 ] ] ] } },
{ "type": "Feature", "properties": { "River_Name": "Balijoti Nala", "Basin": "Brahmani" }, "geometry": { "type": "LineString", "coordinates": [ [ 85.171055604341646, 21.188367071424395 ], [ 85.159524179291509, 21.177394443351783 ], [ 85.158210512615653, 21.162942492950393 ], [ 85.160796165963021, 21.160188770542874 ], [ 85.161839337502911, 21.155634424273263 ], [ 85.157496142482685, 21.151811799994825 ], [ 85.15996579978956, 21.149079392885092 ], [ 85.156954871459192, 21.149258878849636 ], [ 85.157488533162464, 21.146979591258258 ], [ 85.156108091934513, 21.14688778425424 ] ] } },
{ "type": "Feature", "properties": { "River_Name": "Koraba Nala", "Basin": "Brahmani" }, "geometry": { "type": "MultiLineString", "coordinates": [ [ [ 85.402150127538022, 21.191853118022294 ], [ 85.396179327719395, 21.184642556598344 ], [ 85.391943452605773, 21.18269638396972 ], [ 85.39140438398239, 21.180446601931571 ], [ 85.383314298127914, 21.173825166887859 ], [ 85.381374884899287, 21.16797143279484 ], [ 85.369502316998236, 21.169627798387509 ], [ 85.366204322953692, 21.172671612055698 ], [ 85.365707569390452, 21.170991239746133 ], [ 85.360819106791268, 21.172411737632011 ], [ 85.360934466377813, 21.170245004300348 ], [ 85.357257742323711, 21.169197662637583 ], [ 85.351234922312983, 21.168700961785646 ], [ 85.350557165873568, 21.169900215452522 ], [ 85.346637263434985, 21.168647039899774 ], [ 85.343188351050301, 21.171801812145873 ], [ 85.341481733001402, 21.178035672003954 ], [ 85.339122969329907, 21.176680199704595 ], [ 85.330086963197999, 21.178212535993126 ], [ 85.323669731084706, 21.184065360157316 ], [ 85.317853228725312, 21.184874692590519 ], [ 85.316550376370103, 21.189364445139255 ], [ 85.302034990146311, 21.190750213133715 ], [ 85.29625973471191, 21.189192685178252 ], [ 85.294347552032633, 21.191747647218975 ], [ 85.291454208619101, 21.191257757699937 ], [ 85.288603967177309, 21.193717350096012 ], [ 85.286802976683873, 21.199976639179216 ], [ 85.285331238670707, 21.198977169878667 ], [ 85.282146891153758, 21.202404228988716 ] ], [ [ 85.258822123629614, 21.1980104904335 ], [ 85.250001463845607, 21.197865140781413 ] ], [ [ 85.282137260486238, 21.202404131027443 ], [ 85.277427611872994, 21.201963250292618 ], [ 85.272209170356902, 21.197240202366618 ], [ 85.258812281653533, 21.198028453651563 ] ] ] } },
{ "type": "Feature", "properties": { "River_Name": "Ambakhura Nala", "Basin": "Brahmani" }, "geometry": { "type": "LineString", "coordinates": [ [ 85.259288929507974, 21.147018584043433 ], [ 85.262765470814315, 21.151078239057039 ], [ 85.26406026775183, 21.158529705569158 ], [ 85.268694741833215, 21.169447698011702 ], [ 85.272673744177212, 21.174668477851984 ], [ 85.27613740472637, 21.173276708401339 ] ] } },
{ "type": "Feature", "properties": { "River_Name": "Nambarha Nala", "Basin": "Brahmani" }, "geometry": { "type": "MultiLineString", "coordinates": [ [ [ 85.274252844462552, 21.139385866057996 ], [ 85.281253132642661, 21.141390030850783 ], [ 85.282759768116819, 21.140565301294927 ], [ 85.292532885726246, 21.145528164769836 ], [ 85.296544606885391, 21.144967926038163 ], [ 85.29870642372704, 21.147049085686113 ], [ 85.30277680085662, 21.144723427889677 ] ], [ [ 85.274257657737465, 21.139385915124265 ], [ 85.273043510813665, 21.139061914539706 ], [ 85.26799705940509, 21.139800613213286 ] ] ] } },
{ "type": "Feature", "properties": { "River_Name": "Ghagi Nala", "Basin": "Brahmani" }, "geometry": { "type": "LineString", "coordinates": [ [ 85.287713480192863, 21.111205633687192 ], [ 85.285233362170146, 21.115100667821217 ], [ 85.286777921388165, 21.11932995856554 ], [ 85.285184374211653, 21.123130069705859 ], [ 85.271332270808017, 21.133037876653809 ], [ 85.266460982122069, 21.134270681293984 ], [ 85.267344636404701, 21.139830151217069 ] ] } },
{ "type": "Feature", "properties": { "River_Name": "Bhejia Jhara", "Basin": "Brahmani" }, "geometry": { "type": "LineString", "coordinates": [ [ 85.395558984956224, 21.108580033629021 ], [ 85.387534556511014, 21.104222306665129 ], [ 85.37888369799542, 21.103082960003938 ], [ 85.374477883603191, 21.099734757892598 ], [ 85.35300031432746, 21.1030773655974 ], [ 85.345291671147891, 21.102510017173813 ], [ 85.341311704004909, 21.100325854532841 ], [ 85.339589871043373, 21.101523900936407 ], [ 85.32826346717205, 21.096548501347375 ], [ 85.326419465841738, 21.098336846238912 ], [ 85.324773939828688, 21.096157273589295 ], [ 85.32165466804291, 21.097508425865868 ], [ 85.320627374357187, 21.093853579661928 ], [ 85.319230072115644, 21.094431375537745 ], [ 85.316211851532302, 21.089379286997278 ] ] } },
{ "type": "Feature", "properties": { "River_Name": "Gambharia Nala", "Basin": "Brahmani" }, "geometry": { "type": "LineString", "coordinates": [ [ 85.28862763457883, 21.057028589202165 ], [ 85.288803438029916, 21.051330801834549 ], [ 85.292481301759324, 21.044385612005527 ], [ 85.291922158130035, 21.037731994679522 ], [ 85.289101177114205, 21.032428580995454 ], [ 85.293057668005559, 21.028001725566718 ], [ 85.293492843638433, 21.025269208820486 ], [ 85.298593373101355, 21.020456241822327 ], [ 85.29665862459342, 21.011237125162832 ], [ 85.298486269149151, 21.003184731360371 ], [ 85.301462680326395, 21.000694347306311 ] ] } },
{ "type": "Feature", "properties": { "River_Name": "Kaubasa Nala", "Basin": "Brahmani" }, "geometry": { "type": "MultiLineString", "coordinates": [ [ [ 85.463892130232594, 21.164048427677454 ], [ 85.46398683167476, 21.160937398881121 ], [ 85.46630532131438, 21.159757037047932 ], [ 85.464599843586072, 21.154253978783505 ] ], [ [ 85.464255434822974, 21.166169978656377 ], [ 85.463897470806813, 21.164463996799881 ] ], [ [ 85.44824842583651, 21.202331966447918 ], [ 85.448529306140131, 21.198495533506144 ], [ 85.450614442715789, 21.197593307884897 ], [ 85.451448019312309, 21.193396096104788 ], [ 85.449331780727647, 21.188977622830507 ], [ 85.453878977393728, 21.185166713870512 ], [ 85.453427525437959, 21.183197904806573 ], [ 85.457207805743991, 21.178088148732623 ], [ 85.460277139832655, 21.177903855946536 ], [ 85.462085923734662, 21.17295666501613 ], [ 85.464949343120495, 21.17171805779045 ], [ 85.464155413984656, 21.166530392631692 ] ], [ [ 85.444783994792147, 21.218116797927014 ], [ 85.44934395636794, 21.21456814945676 ], [ 85.448177844254985, 21.202633922426003 ] ] ] } },
{ "type": "Feature", "properties": { "River_Name": "Anlei Nala", "Basin": "Brahmani" }, "geometry": { "type": "LineString", "coordinates": [ [ 85.342155893750004, 21.211697859847742 ], [ 85.337473822161954, 21.210893080138192 ], [ 85.337863479663653, 21.208783288411396 ], [ 85.335564598347489, 21.210210373446191 ], [ 85.329671572166845, 21.206602374578512 ], [ 85.327146626508835, 21.208000008533688 ], [ 85.318620240779154, 21.206456565338478 ], [ 85.312155838327243, 21.208257288253645 ], [ 85.308277233047775, 21.211357265453113 ], [ 85.306929918335115, 21.208715303932124 ], [ 85.295910425875661, 21.207050865357946 ], [ 85.295307420348706, 21.205459582613084 ], [ 85.291988868311307, 21.207580287357608 ], [ 85.289983000242771, 21.2069502956661 ], [ 85.289204252828625, 21.20849598602803 ], [ 85.283573350278857, 21.201488393362112 ] ] } },
{ "type": "Feature", "properties": { "River_Name": "Turturi  Nala", "Basin": "Brahmani" }, "geometry": { "type": "MultiLineString", "coordinates": [ [ [ 85.453595722435267, 21.164704345864507 ], [ 85.456774462800183, 21.163229378575068 ], [ 85.457866866848278, 21.16049781393594 ], [ 85.45987657813366, 21.161243283178148 ], [ 85.463477162761009, 21.15620396268065 ], [ 85.462155167890359, 21.15460664976591 ], [ 85.464599843586072, 21.154253978783505 ] ], [ [ 85.418568434994441, 21.179510583785131 ], [ 85.421751950467623, 21.177191780566968 ], [ 85.425007513687845, 21.177154395319278 ], [ 85.428276047468088, 21.172699963535614 ], [ 85.433824099567275, 21.169409251228686 ], [ 85.436476088411368, 21.169058923810518 ], [ 85.442296923291721, 21.172337415932237 ], [ 85.447955194309969, 21.169530503117528 ], [ 85.450542448205397, 21.170308485272464 ], [ 85.45237684942083, 21.164769978123182 ], [ 85.453586093383805, 21.164704257826887 ] ] ] } },
{ "type": "Feature", "properties": { "River_Name": "Raisuan Nala", "Basin": "Brahmani" }, "geometry": { "type": "LineString", "coordinates": [ [ 85.696140224806783, 21.162045947164678 ], [ 85.71136742565885, 21.163011801042479 ], [ 85.711931702636747, 21.164578941696238 ], [ 85.722240863835339, 21.16576828828957 ], [ 85.723995733091726, 21.176197506520356 ] ] } },
{ "type": "Feature", "properties": { "River_Name": "Karchamula Nala", "Basin": "Brahmani" }, "geometry": { "type": "LineString", "coordinates": [ [ 85.722660177458678, 21.067370870066327 ], [ 85.719955892931722, 21.068424900948216 ], [ 85.718139961632133, 21.065253855561316 ], [ 85.715844817253895, 21.065222962359254 ], [ 85.711598037536078, 21.067182760343471 ], [ 85.707698842884767, 21.071787496374476 ], [ 85.704539785809359, 21.072590014845339 ] ] } },
{ "type": "Feature", "properties": { "River_Name": "Barangi Nala", "Basin": "Brahmani" }, "geometry": { "type": "MultiLineString", "coordinates": [ [ [ 85.687994056095107, 21.100083748584012 ], [ 85.690823855216991, 21.103972078345208 ], [ 85.702558383413717, 21.11067954740113 ], [ 85.703075507896159, 21.112657391154659 ] ], [ [ 85.703075507896159, 21.112657391154659 ], [ 85.70806142298197, 21.12056392083025 ], [ 85.716815749068033, 21.123065063019439 ] ], [ [ 85.702381955603542, 21.113808409138084 ], [ 85.703075507896159, 21.112657391154659 ] ] ] } },
{ "type": "Feature", "properties": { "River_Name": "Langalkantia Nala", "Basin": "Brahmani" }, "geometry": { "type": "LineString", "coordinates": [ [ 85.704539785809388, 21.072590014845392 ], [ 85.701743521245945, 21.075391726318834 ], [ 85.701828043551629, 21.078405157086554 ], [ 85.700009226358617, 21.078919713624877 ], [ 85.695772465836285, 21.085179258149761 ], [ 85.694906418465337, 21.089558511845688 ], [ 85.692213943987184, 21.092541513272806 ], [ 85.692081755921308, 21.097743957899624 ], [ 85.687994056095107, 21.100083748584012 ], [ 85.685714732829837, 21.103666053775481 ], [ 85.683856089941358, 21.10920287993812 ], [ 85.68459319411518, 21.118960537020648 ] ] } },
{ "type": "Feature", "properties": { "River_Name": "Nipania Nala", "Basin": "Brahmani" }, "geometry": { "type": "LineString", "coordinates": [ [ 85.696140224806797, 21.162045947164696 ], [ 85.692685642167177, 21.165018481903541 ], [ 85.69247277490048, 21.169515628930949 ], [ 85.685077059738532, 21.181942848989312 ], [ 85.689577955137977, 21.193093758238494 ], [ 85.684764149304527, 21.196624656033173 ], [ 85.687628238791063, 21.201719337116799 ], [ 85.686036504322729, 21.207420755278534 ] ] } },
{ "type": "Feature", "properties": { "River_Name": "Patrajorhi Nala", "Basin": "Brahmani" }, "geometry": { "type": "LineString", "coordinates": [ [ 85.64327528420047, 21.205153964423126 ], [ 85.629158580284113, 21.193594507731977 ], [ 85.625908671932891, 21.192962863386356 ], [ 85.622953181431043, 21.186028169895504 ], [ 85.61369877811498, 21.185315652810541 ] ] } },
{ "type": "Feature", "properties": { "River_Name": "Banan Nala", "Basin": "Brahmani" }, "geometry": { "type": "LineString", "coordinates": [ [ 85.66760269198025, 21.2187173822959 ], [ 85.666323358544119, 21.210988067288444 ], [ 85.661409757480186, 21.206229132421484 ], [ 85.642318946056577, 21.202282645001944 ], [ 85.637706803729387, 21.195754911869539 ], [ 85.6248819348653, 21.190456745024044 ] ] } },
{ "type": "Feature", "properties": { "River_Name": "Shrabanatangar Nala", "Basin": "Brahmani" }, "geometry": { "type": "LineString", "coordinates": [ [ 85.623234958405163, 21.18628340381402 ], [ 85.62838469986697, 21.18507864980424 ], [ 85.634714152813203, 21.186507512396663 ], [ 85.642092716454314, 21.190672711185602 ], [ 85.660332500187167, 21.191622291837842 ], [ 85.668904527555085, 21.18794559464429 ], [ 85.670692944697151, 21.185606407953994 ], [ 85.674848657875756, 21.187283166792461 ] ] } },
{ "type": "Feature", "properties": { "River_Name": "Haguri Nala", "Basin": "Brahmani" }, "geometry": { "type": "LineString", "coordinates": [ [ 85.620004441891666, 21.212101865845522 ], [ 85.606024892291657, 21.205053862379373 ], [ 85.603144900544578, 21.201949664739978 ], [ 85.598728368611063, 21.201935665478612 ], [ 85.597818740339136, 21.19880255192226 ] ] } },
{ "type": "Feature", "properties": { "River_Name": "Lembua Nala", "Basin": "Brahmani" }, "geometry": { "type": "LineString", "coordinates": [ [ 85.684738181053049, 21.147815405975649 ], [ 85.687871085743211, 21.145802616311759 ], [ 85.690237919139975, 21.146579780306372 ], [ 85.702636710656108, 21.142623620744249 ], [ 85.706301796153966, 21.144711370124185 ], [ 85.718163846709871, 21.142642527912749 ], [ 85.721252893334636, 21.146238764440067 ], [ 85.723536950294729, 21.146585738421361 ], [ 85.724928601393955, 21.151628067157311 ], [ 85.730398082953187, 21.160138404344657 ] ] } },
{ "type": "Feature", "properties": { "River_Name": "Sasubhuashuri Nala", "Basin": "Brahmani" }, "geometry": { "type": "MultiLineString", "coordinates": [ [ [ 85.738338730536825, 21.075857408480179 ], [ 85.736189198833571, 21.070533982620596 ], [ 85.73397267960496, 21.069162378034601 ], [ 85.731396853547295, 21.069874897666413 ], [ 85.730209794197009, 21.067986967993711 ] ], [ [ 85.738338730536825, 21.075857408480179 ], [ 85.738524333660294, 21.077245496717591 ] ], [ [ 85.738524333660294, 21.077245496717591 ], [ 85.738519777559901, 21.076644706352436 ], [ 85.738338730536825, 21.075857408480179 ] ], [ [ 85.736127870757088, 21.106804691867875 ], [ 85.734293451549874, 21.101180957642288 ], [ 85.731210839671292, 21.100290666097422 ], [ 85.731063964296709, 21.095483536621146 ], [ 85.732211824358572, 21.090672535471796 ], [ 85.73541502208414, 21.086391785830791 ], [ 85.735270547716297, 21.083558576308253 ], [ 85.738282944454326, 21.081327038445799 ], [ 85.738524333660294, 21.077245496717591 ] ], [ [ 85.736155832454742, 21.106913307079267 ], [ 85.737153801099453, 21.119242973134099 ], [ 85.744416881285161, 21.127960458069325 ] ] ] } },
{ "type": "Feature", "properties": { "River_Name": "Petapeti Nala", "Basin": "Brahmani" }, "geometry": { "type": "LineString", "coordinates": [ [ 85.6700255728191, 21.016619000697318 ], [ 85.669261365806364, 21.018322215479881 ], [ 85.672702980923717, 21.024614054315872 ], [ 85.678392900384239, 21.028032501005683 ], [ 85.677200779446935, 21.031736129989465 ], [ 85.677933415573563, 21.038670763682273 ], [ 85.67589110419263, 21.041112060288398 ], [ 85.67895395342849, 21.046791058901469 ], [ 85.67807096068718, 21.051432081696881 ], [ 85.683773552591418, 21.05736640360929 ], [ 85.685776637663764, 21.063240340150067 ] ] } },
{ "type": "Feature", "properties": { "River_Name": "Poruajora Nala", "Basin": "Brahmani" }, "geometry": { "type": "MultiLineString", "coordinates": [ [ [ 85.698487710356318, 20.978722373011152 ], [ 85.696233658143655, 20.975218044418774 ], [ 85.700939335576848, 20.96438615467811 ], [ 85.700013760960061, 20.962978836949318 ], [ 85.702850355049691, 20.959707568460779 ], [ 85.701479590943507, 20.954723941243678 ], [ 85.707511617707141, 20.951689182164589 ], [ 85.71330828050958, 20.943534662436818 ], [ 85.719958746591871, 20.938936688553326 ], [ 85.718825891685839, 20.93702200781809 ], [ 85.727157768150647, 20.93423863571368 ], [ 85.72868769055242, 20.930704173939976 ], [ 85.731178337313466, 20.931569677248337 ], [ 85.732878593036304, 20.926036885854106 ], [ 85.737095929271376, 20.923701767034672 ], [ 85.738118430050363, 20.917193439963732 ], [ 85.740452318999701, 20.914323214853358 ], [ 85.743234068840906, 20.914477562375705 ], [ 85.743554056950387, 20.912711109657657 ], [ 85.744437339047451, 20.913580315842733 ] ], [ [ 85.698487671238894, 20.978726889675212 ], [ 85.698487710356318, 20.978722373011152 ] ], [ [ 85.6700255728191, 21.016619000697286 ], [ 85.671656928340042, 21.0095121301073 ], [ 85.670118591696706, 21.00716966656487 ], [ 85.670894339257742, 21.005801359853908 ], [ 85.672932107877429, 21.005637996732826 ], [ 85.672594294866002, 21.004260994071938 ], [ 85.675890488167937, 21.002105605083401 ], [ 85.682232967617253, 20.999998659813489 ], [ 85.687324717753114, 20.988682413571453 ], [ 85.692103714791216, 20.982815528701845 ], [ 85.69420934826347, 20.981815368332629 ], [ 85.698368732957022, 20.979132507636766 ], [ 85.698490524418531, 20.978952759615442 ], [ 85.698487710356318, 20.978722373011152 ] ] ] } },
{ "type": "Feature", "properties": { "River_Name": "Patna Nala", "Basin": "Brahmani" }, "geometry": { "type": "LineString", "coordinates": [ [ 85.789561314346656, 21.093408690621423 ], [ 85.783556808899789, 21.087209040470448 ], [ 85.770933105397987, 21.088292479108858 ], [ 85.766278768866798, 21.087147514631653 ], [ 85.760138791425717, 21.08292453872075 ], [ 85.758390647313917, 21.074943784590989 ], [ 85.761435386765072, 21.061189179153288 ], [ 85.760423429645826, 21.059036219436312 ], [ 85.761453961181871, 21.052548282542077 ], [ 85.759937379950415, 21.04858483779644 ], [ 85.762993680629776, 21.046149861666436 ] ] } },
{ "type": "Feature", "properties": { "River_Name": "Patharkanchia Nala", "Basin": "Brahmani" }, "geometry": { "type": "LineString", "coordinates": [ [ 85.886682438175143, 21.013903442898155 ], [ 85.880211400081649, 21.01333698469659 ], [ 85.871182728146678, 21.003794397284114 ], [ 85.866351771292315, 21.001716162115923 ], [ 85.865632015564628, 20.997255780083375 ], [ 85.862141393051857, 20.998379847061816 ], [ 85.857886698363089, 20.995540325791307 ], [ 85.856905284897479, 20.990714828928787 ], [ 85.854232439517716, 20.988906939283034 ], [ 85.853941758285373, 20.984767269605019 ], [ 85.850766627279668, 20.983598519778177 ], [ 85.849852392186946, 20.980507134138961 ], [ 85.851438951255773, 20.979329826216382 ], [ 85.84880661108663, 20.978268597214779 ], [ 85.84879460441924, 20.97606866227235 ], [ 85.83141313492257, 20.9550269537962 ], [ 85.826617943205392, 20.950815672039166 ], [ 85.823964626653492, 20.950679951576141 ], [ 85.824395223824482, 20.948496625168218 ], [ 85.82164674197918, 20.945780929573981 ], [ 85.821917052833371, 20.941346966642207 ] ] } },
{ "type": "Feature", "properties": { "River_Name": "Ganda Nala", "Basin": "Brahmani" }, "geometry": { "type": "LineString", "coordinates": [ [ 86.083582631862043, 20.989292660478782 ], [ 86.072552813781513, 20.992422227926117 ], [ 86.071127466074003, 20.994221412500206 ], [ 86.071162265835213, 21.002592309250009 ], [ 86.06329424457391, 21.006108882430343 ], [ 86.061925127082688, 21.014264222216518 ], [ 86.056373244819653, 21.01656447867029 ], [ 86.056529715728672, 21.020752935853366 ], [ 86.049413145837008, 21.021648406062916 ], [ 86.05034755088991, 21.023004312645124 ], [ 86.04638035262488, 21.02419276439095 ], [ 86.040564063429102, 21.033131482051584 ], [ 86.039906626635229, 21.037365027831196 ], [ 86.036281135144975, 21.040714438135186 ], [ 86.036605549313833, 21.044140409271389 ], [ 86.033907973353223, 21.047576328549678 ], [ 86.034956939157468, 21.049077521982788 ], [ 86.032852098434148, 21.052363195525341 ], [ 86.033766147323959, 21.056131320390662 ], [ 86.034456617068329, 21.057264575222586 ], [ 86.036901109004049, 21.056542130077208 ], [ 86.038233743351526, 21.060344227594989 ], [ 86.033081740724157, 21.064488970310869 ], [ 86.033514758888629, 21.066741055508615 ], [ 86.031020505480257, 21.071402251118947 ], [ 86.028572249607834, 21.071180463868433 ], [ 86.027070383179364, 21.073444065291213 ] ] } },
{ "type": "Feature", "properties": { "River_Name": "Kabati Nala", "Basin": "Brahmani" }, "geometry": { "type": "MultiLineString", "coordinates": [ [ [ 85.999994876003925, 21.0134191203278 ], [ 86.000400959571337, 21.013123364496181 ], [ 86.001656601163901, 21.010953395499847 ], [ 86.008722543288684, 21.010393901520601 ], [ 86.013605597270669, 21.011840714286556 ], [ 86.014413021167172, 21.01342645411215 ], [ 86.019063617113332, 21.012924802429534 ], [ 86.02251335221311, 21.014349543532223 ], [ 86.027330855831892, 21.012592806836107 ], [ 86.028357869963742, 21.013723490074213 ], [ 86.052702524009661, 21.015026248367569 ], [ 86.055917276549607, 21.017921673343732 ] ], [ [ 85.981167561171659, 21.025815773765824 ], [ 85.993027230769471, 21.015794779771724 ], [ 85.999999716793738, 21.013414631475694 ] ] ] } },
{ "type": "Feature", "properties": { "River_Name": "Dhinkisal Nala", "Basin": "Brahmani" }, "geometry": { "type": "MultiLineString", "coordinates": [ [ [ 86.03945981371524, 21.035758851400395 ], [ 86.030102730800508, 21.033293475053732 ], [ 86.020674368090624, 21.034422964229528 ], [ 86.008357974164184, 21.031334014091353 ], [ 85.999994827612582, 21.037229789585606 ] ], [ [ 85.999998553715542, 21.03739243395491 ], [ 85.99623075835953, 21.044615951828561 ], [ 85.986701383180588, 21.044184465871574 ], [ 85.963616738579219, 21.05564102626964 ] ] ] } },
{ "type": "Feature", "properties": { "River_Name": "Jhurjhuri Nala", "Basin": "Brahmani" }, "geometry": { "type": "LineString", "coordinates": [ [ 86.027070383179364, 21.073444065291213 ], [ 86.030250283782678, 21.078851400550743 ], [ 86.031186080898038, 21.082244719574103 ], [ 86.029915300530632, 21.083746237094967 ], [ 86.031929556269986, 21.086355186650731 ], [ 86.033586923089331, 21.094292490736915 ], [ 86.046841292591353, 21.101400935338571 ] ] } },
{ "type": "Feature", "properties": { "River_Name": "Kurdabhali Nala", "Basin": "Brahmani" }, "geometry": { "type": "LineString", "coordinates": [ [ 84.975612264842056, 20.89671405926731 ], [ 84.975554998963844, 20.903130277038837 ], [ 84.967999562689485, 20.906057086131955 ] ] } },
{ "type": "Feature", "properties": { "River_Name": "Ghordia Nala", "Basin": "Brahmani" }, "geometry": { "type": "MultiLineString", "coordinates": [ [ [ 84.928525892280277, 20.922137309926683 ], [ 84.938804499104606, 20.92367062757415 ], [ 84.945872372626084, 20.919944592389644 ], [ 84.952704411888092, 20.921525878231556 ], [ 84.95690907299408, 20.919453870519433 ], [ 84.958025416182679, 20.924321619722747 ], [ 84.959580966679809, 20.924800825741439 ] ], [ [ 84.959755836055123, 20.925019670552132 ], [ 84.962662165071265, 20.935079285911126 ] ] ] } },
{ "type": "Feature", "properties": { "River_Name": "Bagachhera Nala", "Basin": "Brahmani" }, "geometry": { "type": "LineString", "coordinates": [ [ 85.335686133753924, 20.999885281630846 ], [ 85.33086512504677, 20.996166246630978 ], [ 85.322040249746294, 20.997005345989347 ], [ 85.305493661407468, 20.992112819508744 ], [ 85.304521716396195, 20.989601085983288 ], [ 85.302087596164398, 20.990516230722058 ], [ 85.299076414921529, 20.98845382327843 ], [ 85.292809344643629, 20.98811109374039 ] ] } },
{ "type": "Feature", "properties": { "River_Name": "Gorhanadia Nala", "Basin": "Brahmani" }, "geometry": { "type": "LineString", "coordinates": [ [ 85.319859427267872, 20.938252741441296 ], [ 85.314994546899797, 20.936940174282366 ], [ 85.307091655709854, 20.929626701956391 ], [ 85.3071851040025, 20.928155287865735 ], [ 85.305448558574142, 20.928259998044012 ], [ 85.304148956003246, 20.925419836866894 ], [ 85.306121432899673, 20.921428872579948 ], [ 85.303398833221607, 20.919035254245784 ], [ 85.299641583482156, 20.918460429257163 ], [ 85.300980062421033, 20.915280673863801 ], [ 85.299728331416858, 20.913326172872384 ], [ 85.296521837504784, 20.912517402566372 ], [ 85.293212211748013, 20.914453494159513 ], [ 85.291648362671722, 20.911208656587604 ], [ 85.287092845519311, 20.911113348864468 ], [ 85.284574832498507, 20.905989113427612 ], [ 85.288749577711542, 20.898113799205657 ], [ 85.285211827231976, 20.896461476964724 ], [ 85.288842186599254, 20.890793694416018 ], [ 85.284975806267667, 20.888894202410228 ] ] } },
{ "type": "Feature", "properties": { "River_Name": "Mundamala Jor", "Basin": "Brahmani" }, "geometry": { "type": "LineString", "coordinates": [ [ 85.381105862361267, 20.985278955065461 ], [ 85.378877840001451, 20.978279799272137 ], [ 85.373266529128045, 20.972892352026772 ], [ 85.358259685483219, 20.965318853047787 ], [ 85.358836943649678, 20.960008543999312 ], [ 85.356697877621244, 20.955552778849825 ], [ 85.344727138690075, 20.948436505738069 ], [ 85.33846597266789, 20.95160938389402 ], [ 85.334681079662431, 20.946491489354468 ], [ 85.328509160801332, 20.942917346613463 ], [ 85.32936359781668, 20.940003595825683 ], [ 85.319859427267872, 20.938252741441296 ] ] } },
{ "type": "Feature", "properties": { "River_Name": "Baulamala Jharana", "Basin": "Brahmani" }, "geometry": { "type": "LineString", "coordinates": [ [ 85.358817708775817, 20.906623682296797 ], [ 85.357038843752505, 20.900486750336924 ], [ 85.346767843025958, 20.890826318292174 ], [ 85.335220372588111, 20.88852827876245 ], [ 85.334247685138493, 20.885650857161217 ], [ 85.32794700337918, 20.88090128513506 ], [ 85.327994365295552, 20.874885844583424 ], [ 85.323732114206052, 20.867938487778744 ], [ 85.323936434558703, 20.864679617933518 ], [ 85.321482794646798, 20.861923119151101 ], [ 85.321023094096034, 20.858319006122116 ], [ 85.318466205587015, 20.857083498066814 ], [ 85.312544357381228, 20.857716228443305 ], [ 85.309436106090985, 20.855522187894785 ], [ 85.30859957526097, 20.853418303805437 ], [ 85.3106546510258, 20.849667381319332 ], [ 85.308647797241818, 20.849105595941193 ], [ 85.30746453962341, 20.845358820357024 ] ] } },
{ "type": "Feature", "properties": { "River_Name": "Balanga Jora", "Basin": "Brahmani" }, "geometry": { "type": "MultiLineString", "coordinates": [ [ [ 85.523626013751681, 21.000002262227959 ], [ 85.522350669307357, 21.002032743992057 ] ], [ [ 85.555350696616657, 21.007587085825303 ], [ 85.550816562815754, 21.003917073438036 ], [ 85.551975641753984, 20.997946769490589 ], [ 85.549169929293811, 20.99463017504501 ], [ 85.542428907239497, 20.996889681007062 ], [ 85.539764240212307, 20.994920135285984 ], [ 85.523626058172809, 20.999997745911088 ] ] ] } },
{ "type": "Feature", "properties": { "River_Name": "Indrajit Nala", "Basin": "Brahmani" }, "geometry": { "type": "LineString", "coordinates": [ [ 85.553944887712973, 20.822770691061685 ], [ 85.549379253413576, 20.817926203469284 ], [ 85.539703973938074, 20.817925361322253 ], [ 85.53799119388394, 20.812711908399219 ], [ 85.535366890090998, 20.811366085595665 ], [ 85.533476205327744, 20.807185425865747 ], [ 85.535844997608621, 20.80364189705897 ], [ 85.535182394598479, 20.800628039353501 ], [ 85.532884400985566, 20.799339176369742 ], [ 85.529132053936621, 20.791998844615627 ], [ 85.529164993730973, 20.787608783519019 ], [ 85.531219324261613, 20.784771746590952 ], [ 85.528482115164579, 20.776794187173966 ], [ 85.517050419067061, 20.770534916080102 ], [ 85.521380991191307, 20.760793351359382 ], [ 85.532274716130829, 20.762535401662312 ], [ 85.539139208252351, 20.759820567245836 ], [ 85.542476043728186, 20.760892297706569 ], [ 85.543852307840439, 20.758591339497801 ], [ 85.548187858205225, 20.757164563955666 ], [ 85.555021192625617, 20.751612207653956 ], [ 85.560670928553222, 20.750823989797734 ] ] } },
{ "type": "Feature", "properties": { "River_Name": "Bada Jor", "Basin": "Brahmani" }, "geometry": { "type": "LineString", "coordinates": [ [ 85.622230164925, 20.75103937512349 ], [ 85.618759019400002, 20.7530757694418 ], [ 85.625527810741119, 20.755438207775285 ], [ 85.623956448609377, 20.757146598771794 ], [ 85.626099963411349, 20.761206440037455 ], [ 85.629570301707886, 20.761934286535201 ], [ 85.627361532860931, 20.772531533974906 ], [ 85.627103120849114, 20.780398021694733 ], [ 85.628451069171703, 20.782179445567817 ], [ 85.627041659751626, 20.789318528004344 ], [ 85.631342339808569, 20.793382010256341 ], [ 85.638374753737608, 20.795493178829759 ], [ 85.639311341634368, 20.799787215068946 ], [ 85.644315236916512, 20.802636390339554 ], [ 85.64699133172266, 20.80689444569737 ], [ 85.659458332158763, 20.810578837482709 ] ] } },
{ "type": "Feature", "properties": { "River_Name": "Gumura Nala", "Basin": "Brahmani" }, "geometry": { "type": "LineString", "coordinates": [ [ 85.543583148491962, 20.854142553521974 ], [ 85.542883521619956, 20.857433865648041 ], [ 85.548009742265066, 20.863543501565228 ], [ 85.548632124332855, 20.870292372318978 ], [ 85.55377816419751, 20.872892467361773 ], [ 85.554675309894407, 20.87556496845416 ], [ 85.561142548520536, 20.880764151520168 ], [ 85.558401381561524, 20.883966069745792 ], [ 85.555517839191026, 20.892492046946952 ], [ 85.551277002484483, 20.895161717217253 ], [ 85.5503249833138, 20.898699327680109 ], [ 85.552198523137321, 20.905318763386337 ], [ 85.555161420621474, 20.907629345188504 ] ] } },
{ "type": "Feature", "properties": { "River_Name": "Devkundi Nala", "Basin": "Brahmani" }, "geometry": { "type": "LineString", "coordinates": [ [ 85.715699353314392, 20.828243745675838 ], [ 85.718215094916971, 20.832299771448167 ], [ 85.723580162722598, 20.832256163131081 ], [ 85.724867347195456, 20.834327949525502 ], [ 85.73358939871423, 20.836286372112735 ], [ 85.736291089026025, 20.839696709741364 ], [ 85.735162764672907, 20.844257672968276 ], [ 85.739861250877013, 20.84892431387377 ], [ 85.73836806420428, 20.85280704132467 ], [ 85.741925347200961, 20.854387095252672 ], [ 85.739951253249657, 20.856003242326434 ], [ 85.74075125566435, 20.858037298026186 ], [ 85.746791893968222, 20.856875568654626 ], [ 85.748660197695244, 20.858745760446087 ] ] } },
{ "type": "Feature", "properties": { "River_Name": "Janai Nala", "Basin": "Brahmani" }, "geometry": { "type": "MultiLineString", "coordinates": [ [ [ 86.487814061140028, 20.751551471637242 ], [ 86.488929755805614, 20.751645509948972 ] ], [ [ 86.487698639634303, 20.751596305903245 ], [ 86.487814061140028, 20.751551471637242 ] ], [ [ 86.488929755805614, 20.751645509948972 ], [ 86.490571884950356, 20.749998349559693 ] ], [ [ 86.488929755805614, 20.751645509948972 ], [ 86.492342621908193, 20.756051100208182 ], [ 86.496922566723967, 20.756715132760302 ] ], [ [ 86.484189826810422, 20.760878958872791 ], [ 86.486407355467676, 20.761341899854756 ], [ 86.488202811437731, 20.760199731692474 ], [ 86.486338976139734, 20.753146378041976 ], [ 86.487814061140028, 20.751551471637242 ] ], [ [ 86.423787931980897, 20.772677217356517 ], [ 86.436270369858221, 20.7654585634168 ], [ 86.440762393431982, 20.765215729463367 ], [ 86.44478721254599, 20.761375108276386 ], [ 86.448745940057776, 20.761134856779627 ], [ 86.454051603843794, 20.764336840310023 ], [ 86.461181369088862, 20.765231281603278 ], [ 86.466192929918876, 20.768861164513723 ], [ 86.469600936393618, 20.768189532519774 ], [ 86.471056814900123, 20.763924697645425 ], [ 86.474353779488368, 20.760600674169698 ], [ 86.48419462999162, 20.760878973289913 ] ] ] } },
{ "type": "Feature", "properties": { "River_Name": "Gorhadian Nala", "Basin": "Brahmani" }, "geometry": { "type": "LineString", "coordinates": [ [ 85.107329001220805, 20.693026886749188 ], [ 85.108576293172248, 20.695777360056322 ], [ 85.111673391502151, 20.696430054748667 ], [ 85.113268761753531, 20.702088189765249 ], [ 85.121103652470211, 20.703483545139338 ], [ 85.122557861429456, 20.705048447266531 ], [ 85.120496464652106, 20.711854363870604 ], [ 85.121982960982351, 20.71586737640845 ], [ 85.120097299701399, 20.718140986371061 ], [ 85.122002051565161, 20.721715987362394 ], [ 85.120685841702311, 20.723738393209036 ], [ 85.121824092062994, 20.729138574966932 ], [ 85.119512634872322, 20.733611385330672 ], [ 85.125548167422693, 20.736630832735369 ], [ 85.127423702576436, 20.739875793459245 ], [ 85.130120187697116, 20.740392884916265 ], [ 85.130117437451517, 20.742569637464936 ] ] } },
{ "type": "Feature", "properties": { "River_Name": "Kantei Nala", "Basin": "Brahmani" }, "geometry": { "type": "LineString", "coordinates": [ [ 85.244251371485547, 20.651679645311802 ], [ 85.243289262029279, 20.656068826505781 ], [ 85.246306645451554, 20.665335571306048 ], [ 85.245493365845448, 20.673890387931628 ], [ 85.24214345896543, 20.674745989491967 ], [ 85.240599199883434, 20.678406572358458 ], [ 85.238401386888469, 20.67880866283322 ], [ 85.233714705107147, 20.683611278619086 ], [ 85.228866178578357, 20.69116706024888 ], [ 85.225022652264641, 20.69233336621221 ], [ 85.220238642019069, 20.70046760974413 ], [ 85.208476957553628, 20.707205927970236 ], [ 85.209626027813314, 20.709905087823358 ], [ 85.206705559922739, 20.710488905687328 ], [ 85.207682438388147, 20.713543071266059 ], [ 85.203146265047621, 20.717619153365362 ], [ 85.205147918360524, 20.719252361193728 ], [ 85.202742757392372, 20.728219195951532 ], [ 85.203914865361511, 20.733443239008604 ], [ 85.207221073425004, 20.734385511646199 ], [ 85.20821985571942, 20.742520737360294 ], [ 85.213468974681518, 20.744838033183903 ], [ 85.213829477731679, 20.749299369824193 ], [ 85.217080132650622, 20.753786199289852 ] ] } },
{ "type": "Feature", "properties": { "River_Name": "Takua Nala", "Basin": "Brahmani" }, "geometry": { "type": "LineString", "coordinates": [ [ 84.988332661584892, 20.729521271588226 ], [ 84.990447479977931, 20.731858119718591 ], [ 84.992925078570735, 20.731078711359093 ], [ 84.995225871027031, 20.734609869122028 ], [ 85.000906741660046, 20.736279147042737 ], [ 85.003143266738888, 20.739606252822977 ], [ 85.00800238256015, 20.740263236804573 ], [ 85.016396058060792, 20.750710481412504 ] ] } },
{ "type": "Feature", "properties": { "River_Name": "River / Nala", "Basin": "Brahmani" }, "geometry": { "type": "LineString", "coordinates": [ [ 85.146989681377619, 20.601638791273221 ], [ 85.152554337798691, 20.601178978677098 ], [ 85.163858501992522, 20.6092796675138 ], [ 85.163315425396732, 20.613767586516428 ], [ 85.155637291433976, 20.620798901495437 ], [ 85.163352394754426, 20.627081934444458 ], [ 85.165025994272469, 20.630337887658758 ] ] } },
{ "type": "Feature", "properties": { "River_Name": "River / Nala", "Basin": "Brahmani" }, "geometry": { "type": "LineString", "coordinates": [ [ 85.16794297666695, 20.596636772702674 ], [ 85.168231329826042, 20.598997329415507 ], [ 85.166500305262673, 20.600961629100965 ], [ 85.167158044118437, 20.606925579416799 ], [ 85.168975767315771, 20.609352024542872 ], [ 85.167529779730231, 20.612340024425478 ], [ 85.169473799324479, 20.616646579697868 ], [ 85.173600862517759, 20.618921302558981 ], [ 85.174769056490305, 20.62394221242182 ], [ 85.174841063251577, 20.629168316210812 ], [ 85.172325162215529, 20.631350167695309 ] ] } },
{ "type": "Feature", "properties": { "River_Name": "Pandara Nala", "Basin": "Brahmani" }, "geometry": { "type": "LineString", "coordinates": [ [ 85.779468095851968, 20.997764950424322 ], [ 85.776491390026351, 20.991180300356309 ], [ 85.776985552281005, 20.977745590450152 ], [ 85.78433953579291, 20.969974644571941 ], [ 85.789458531603145, 20.969130250121239 ], [ 85.792853732259701, 20.970938581898576 ], [ 85.800592610053585, 20.96782673677923 ], [ 85.800978215917297, 20.964098324119806 ], [ 85.810695412096649, 20.957648197591094 ], [ 85.813533007002761, 20.949672658442569 ], [ 85.81938439596729, 20.94608148659583 ], [ 85.821102856366821, 20.942777792761429 ], [ 85.819095740647583, 20.933223716809021 ], [ 85.823014870808649, 20.931308416414002 ], [ 85.822762340122907, 20.927322551506972 ], [ 85.825333126746997, 20.927507395136843 ], [ 85.825978905584392, 20.925461050575421 ], [ 85.830355907524705, 20.9239823632224 ], [ 85.832213004448676, 20.92133446747351 ], [ 85.837631547706238, 20.921303682112306 ] ] } },
{ "type": "Feature", "properties": { "River_Name": "Dhanei Nala", "Basin": "Brahmani" }, "geometry": { "type": "MultiLineString", "coordinates": [ [ [ 85.826195655199641, 20.921936616242597 ], [ 85.826363263304145, 20.921791247157596 ], [ 85.826522331836756, 20.921738134584519 ], [ 85.826844151083279, 20.921776483252632 ], [ 85.828063607523092, 20.922652998468898 ] ], [ [ 85.826195655199641, 20.921936616242597 ], [ 85.826900680663186, 20.921925937771054 ], [ 85.827474690223099, 20.922919137620525 ], [ 85.828063607523092, 20.922652998468898 ] ], [ [ 85.82572071335089, 20.922517141328736 ], [ 85.826195655199641, 20.921936616242597 ] ], [ [ 85.82572071335089, 20.922517141328736 ], [ 85.825737504524213, 20.922505172311425 ], [ 85.826195655199641, 20.921936616242597 ] ], [ [ 85.828126800935763, 20.922584710993952 ], [ 85.82830976029652, 20.922491223222224 ], [ 85.828453879878694, 20.922505763625335 ], [ 85.829281928334822, 20.922981227664394 ], [ 85.830396319932746, 20.922491977610292 ] ], [ [ 85.828126800935763, 20.922584710993952 ], [ 85.82839569836429, 20.922568604601601 ], [ 85.829223746956458, 20.923044068927094 ], [ 85.83021689996562, 20.922689503473865 ] ], [ [ 85.828063607523092, 20.922652998468898 ], [ 85.828126800935763, 20.922584710993952 ] ], [ [ 85.828063607523092, 20.922652998468898 ], [ 85.82807299888259, 20.922643181649459 ], [ 85.828126800935763, 20.922584710993952 ] ], [ [ 85.823980683528305, 20.923031062665824 ], [ 85.824118734073181, 20.922936712597291 ], [ 85.825123995489591, 20.92288039271499 ], [ 85.82572071335089, 20.922517141328736 ] ], [ [ 85.823980683528305, 20.923031062665824 ], [ 85.825065812494302, 20.922943232481121 ], [ 85.82572071335089, 20.922517141328736 ] ], [ [ 85.822314897317355, 20.923055277410707 ], [ 85.822780943052379, 20.923094628561088 ], [ 85.823469803923928, 20.92353754037385 ], [ 85.823786176727864, 20.923464428424079 ] ], [ [ 85.823786176727864, 20.923464428424079 ], [ 85.823886317323414, 20.923147417895564 ], [ 85.823980683528305, 20.923031062665824 ] ], [ [ 85.823786176727864, 20.923464428424079 ], [ 85.823980683528305, 20.923031062665824 ] ], [ [ 85.771664421367106, 20.953247403431408 ], [ 85.774931995366146, 20.947624561838289 ], [ 85.774790470924344, 20.944335111996004 ], [ 85.780413808109245, 20.942265926107954 ], [ 85.782367049108842, 20.938566828569275 ], [ 85.786024065270098, 20.938818740396474 ], [ 85.79324890079468, 20.929456336068242 ], [ 85.796980682531853, 20.92694405864443 ], [ 85.810616435037616, 20.925033998908887 ], [ 85.814556675448031, 20.921641929000792 ], [ 85.821232540956132, 20.923747966247632 ], [ 85.822362654732729, 20.923096261158541 ], [ 85.823411620000655, 20.923600379526757 ], [ 85.823786176727864, 20.923464428424079 ] ], [ [ 85.747792137583772, 20.997381328819586 ], [ 85.746985729130373, 20.995451145889092 ], [ 85.749142048736132, 20.991812731000095 ], [ 85.748988905108575, 20.987100350024321 ], [ 85.75565277184252, 20.982745059634311 ], [ 85.760355589719779, 20.96944954853781 ], [ 85.764569590439351, 20.964624313402307 ], [ 85.769860460663608, 20.961568388565883 ], [ 85.768901297467679, 20.957134741572979 ], [ 85.771501010254383, 20.953237192198511 ] ] ] } },
{ "type": "Feature", "properties": { "River_Name": "Dhania Nala", "Basin": "Brahmani" }, "geometry": { "type": "MultiLineString", "coordinates": [ [ [ 85.884909691422777, 20.740056339271181 ], [ 85.885914101118018, 20.743884498741597 ], [ 85.883937880494798, 20.74684859148185 ], [ 85.886333738088737, 20.751503408391009 ], [ 85.887209924150611, 20.759084613471948 ], [ 85.875919681019084, 20.767426848745149 ], [ 85.875387060942941, 20.772550486703256 ] ], [ [ 85.875387027504658, 20.772555003772897 ], [ 85.87078191162415, 20.777588660773255 ] ] ] } },
{ "type": "Feature", "properties": { "River_Name": "Daunri Nala", "Basin": "Brahmani" }, "geometry": { "type": "MultiLineString", "coordinates": [ [ [ 85.847632513071432, 20.784292054983489 ], [ 85.836571074169569, 20.791716055737453 ], [ 85.828655568359949, 20.794720372288047 ], [ 85.824576342979043, 20.795455888157967 ], [ 85.823796062689141, 20.793864998604363 ], [ 85.818465502224228, 20.79305593610875 ], [ 85.817212241382606, 20.794226294138543 ], [ 85.807859524940042, 20.793614993112957 ], [ 85.805979185312154, 20.795715966828073 ], [ 85.794151674777794, 20.800656358073493 ], [ 85.792158407124205, 20.799409147501724 ], [ 85.783663761974651, 20.801399925655183 ], [ 85.773480930518801, 20.795297027490598 ], [ 85.768186497282016, 20.796582625434489 ], [ 85.76743829506718, 20.798212458561878 ], [ 85.761202875873366, 20.797648079634271 ], [ 85.748824711129544, 20.799730300510024 ] ], [ [ 85.748811254506904, 20.799748965789142 ], [ 85.748548093404722, 20.80195140002072 ], [ 85.745888174967959, 20.801782910088434 ], [ 85.743260556748723, 20.804094509322997 ], [ 85.739909910078424, 20.802642522312421 ], [ 85.736818999581686, 20.804042676476641 ], [ 85.733353715768601, 20.801370103463892 ] ] ] } },
{ "type": "Feature", "properties": { "River_Name": "Baraman Nala", "Basin": "Brahmani" }, "geometry": { "type": "LineString", "coordinates": [ [ 86.040022574542391, 20.795644513268098 ], [ 86.047343871451929, 20.800993330835684 ], [ 86.054602439213511, 20.814174782512932 ], [ 86.063937030965107, 20.822845319176288 ], [ 86.06627070226638, 20.836338156743754 ], [ 86.069217109836671, 20.84012175221552 ] ] } },
{ "type": "Feature", "properties": { "River_Name": "Bhalupada Nala", "Basin": "Brahmani" }, "geometry": { "type": "LineString", "coordinates": [ [ 86.014456445700986, 20.787426934866371 ], [ 86.011922789815699, 20.79365545614365 ], [ 86.013578073069297, 20.800621816732964 ], [ 86.003519227777304, 20.813641595393303 ], [ 86.007466293666624, 20.822053318265436 ], [ 86.010181225370431, 20.824223821196245 ], [ 86.023806669247207, 20.825887578143192 ], [ 86.02900197403126, 20.82869982495961 ], [ 86.030083057570195, 20.827956053765725 ], [ 86.030628771157708, 20.830529557938714 ], [ 86.032335099092975, 20.831198746410653 ], [ 86.0297662112973, 20.833912745796269 ], [ 86.030692149604405, 20.837143427948 ], [ 86.025122642457077, 20.846873962056488 ], [ 86.026480431398099, 20.847961348081782 ], [ 86.025937700981203, 20.85015372474335 ], [ 86.028482716338743, 20.851961596918954 ], [ 86.028227894645624, 20.856468529013732 ] ] } },
{ "type": "Feature", "properties": { "River_Name": "Ghaghia Nadi", "Basin": "Brahmani" }, "geometry": { "type": "LineString", "coordinates": [ [ 86.099548641082606, 20.975482251711782 ], [ 86.100417086313655, 20.979051082536497 ], [ 86.106951845809448, 20.986647625580034 ], [ 86.111423198252197, 20.988622537884034 ], [ 86.114900126083597, 20.99284636576072 ], [ 86.116118483133505, 21.000789807532499 ], [ 86.113551847906692, 21.008559971997176 ], [ 86.113974058609045, 21.015270530413328 ] ] } },
{ "type": "Feature", "properties": { "River_Name": "River / Nala", "Basin": "Brahmani" }, "geometry": { "type": "LineString", "coordinates": [ [ 86.09722122966599, 20.963381319833459 ], [ 86.097212481642643, 20.965639985028169 ], [ 86.091674114370932, 20.966884475598196 ], [ 86.09226106495359, 20.973225536311372 ], [ 86.088016959886517, 20.973550717409552 ], [ 86.085662276766783, 20.977165577417598 ], [ 86.085317021700263, 20.980154246222412 ], [ 86.083524731975729, 20.981436591288467 ], [ 86.08463213274932, 20.985201023118446 ], [ 86.078417316434837, 20.986807326327376 ], [ 86.074155903995589, 20.990655618069965 ], [ 86.07193091490511, 20.990309220788671 ], [ 86.067167231935727, 20.993662194982871 ], [ 86.054363896197188, 20.989575633999433 ], [ 86.045926022156252, 20.990468184502809 ], [ 86.042715288407592, 20.9870621480922 ], [ 86.041113097890985, 20.987884329379792 ], [ 86.035171715763482, 20.985031948230649 ], [ 86.031621371611735, 20.985120217598638 ], [ 86.025074424815216, 20.978532722394611 ], [ 86.021571023659078, 20.978083492042689 ], [ 86.018741330751723, 20.975374883891622 ], [ 86.014834756178061, 20.975546588347072 ], [ 86.008068484289481, 20.970303368487283 ], [ 86.006818286763377, 20.961523425063685 ], [ 86.001610174558991, 20.961483971408008 ] ] } },
{ "type": "Feature", "properties": { "River_Name": "Rahansuan Nala", "Basin": "Brahmani" }, "geometry": { "type": "LineString", "coordinates": [ [ 86.93628245456172, 20.70519659695621 ], [ 86.937700015983268, 20.698300388832134 ], [ 86.943227095790874, 20.695732220700904 ], [ 86.944689452162848, 20.691728154255497 ], [ 86.943801109669678, 20.689337094561463 ], [ 86.937768117759163, 20.68706378751612 ], [ 86.935228852228519, 20.684014615901802 ], [ 86.936056995657424, 20.678097757871488 ], [ 86.933515180551225, 20.681324342586503 ], [ 86.933004490984658, 20.687241309617548 ], [ 86.930718175326291, 20.686822020484293 ], [ 86.928941122645568, 20.683952369182212 ], [ 86.918078725146003, 20.6871750921078 ], [ 86.912512974178867, 20.682738078588482 ], [ 86.910490643448867, 20.67650673353204 ], [ 86.902781179879412, 20.672523654349813 ], [ 86.901512987710689, 20.669474695498437 ], [ 86.898145822738229, 20.671445129932614 ], [ 86.895987832193427, 20.669590990743057 ], [ 86.897196187836826, 20.667021630622212 ], [ 86.892433816971931, 20.666241724091126 ] ] } },
{ "type": "Feature", "properties": { "River_Name": "River / Nala", "Basin": "Brahmani" }, "geometry": { "type": "LineString", "coordinates": [ [ 85.078994659886831, 20.696050589320489 ], [ 85.078192642766922, 20.697997097715401 ], [ 85.080643971460347, 20.700756657540339 ], [ 85.079469171722721, 20.702577080986085 ], [ 85.080829426570531, 20.710423105838583 ], [ 85.086442771683821, 20.713669433928839 ], [ 85.08658648460667, 20.716367127361185 ], [ 85.088262097177406, 20.716715423659501 ], [ 85.086719399031381, 20.720306619758997 ], [ 85.08814070440792, 20.72141530833613 ], [ 85.087537933775437, 20.722781495043847 ], [ 85.08906783727619, 20.722888816377893 ], [ 85.087621421229827, 20.725306906722505 ], [ 85.089254801147575, 20.729028236502138 ] ] } },
{ "type": "Feature", "properties": { "River_Name": "River / Nala", "Basin": "Brahmani" }, "geometry": { "type": "LineString", "coordinates": [ [ 85.061222513816674, 20.691931524737175 ], [ 85.06829545649515, 20.694282560608006 ], [ 85.071035657933322, 20.697709341678411 ], [ 85.072149936177681, 20.700300484686359 ], [ 85.07076597146289, 20.709538363268027 ], [ 85.073373418929393, 20.713618462752869 ], [ 85.07569554530329, 20.714457331463791 ], [ 85.075302848366505, 20.71970510582425 ], [ 85.080786134847386, 20.723383717172105 ], [ 85.080679575932763, 20.725744426138274 ], [ 85.087621421229827, 20.725306906722505 ] ] } },
{ "type": "Feature", "properties": { "River_Name": "Kusumdor Nala", "Basin": "Brahmani" }, "geometry": { "type": "LineString", "coordinates": [ [ 85.270184542502449, 20.706012383094386 ], [ 85.280365907399485, 20.702984480671486 ], [ 85.28086665925909, 20.700717708609492 ], [ 85.286458500099741, 20.698153896223108 ], [ 85.289696124022768, 20.694500643798865 ], [ 85.296636329104885, 20.696660543938066 ], [ 85.300794112255886, 20.698706931932161 ], [ 85.307700236211005, 20.710888163781192 ], [ 85.313447239670708, 20.714255160188589 ], [ 85.314117783784411, 20.717861378292408 ], [ 85.320364836978257, 20.72554632600416 ], [ 85.320818055235222, 20.730157584197048 ], [ 85.324990078265031, 20.73276815566382 ], [ 85.33194798886376, 20.731769878694745 ], [ 85.335361144030486, 20.734431564413399 ] ] } },
{ "type": "Feature", "properties": { "River_Name": "Jhatikanali Nala", "Basin": "Brahmani" }, "geometry": { "type": "LineString", "coordinates": [ [ 85.931358575717695, 20.690285116275433 ], [ 85.932033516798782, 20.687131641440242 ], [ 85.938306162098669, 20.679757338403384 ], [ 85.946978716352376, 20.67508983300652 ], [ 85.951493564397879, 20.674683675820063 ], [ 85.956046833760055, 20.679888277288985 ] ] } },
{ "type": "Feature", "properties": { "River_Name": "Gandha Nala", "Basin": "Brahmani" }, "geometry": { "type": "LineString", "coordinates": [ [ 85.924172312797566, 20.563942431900067 ], [ 85.929323230762563, 20.56540187035916 ], [ 85.930677165984349, 20.570727280669288 ], [ 85.927859227492988, 20.573795270918019 ], [ 85.92939773403198, 20.574667625797307 ], [ 85.928906000237404, 20.577081418969133 ], [ 85.92490718454124, 20.585034429336321 ], [ 85.925048124176314, 20.58682872846412 ], [ 85.927967607486408, 20.587809057609924 ], [ 85.928214783796506, 20.590195798127894 ], [ 85.926830026558363, 20.600238510285262 ], [ 85.92548727262286, 20.60152215767372 ], [ 85.925810015769045, 20.606519408393723 ], [ 85.931121455706233, 20.613668321205349 ], [ 85.929312800720538, 20.615694487050263 ], [ 85.929915330114781, 20.618733931330375 ], [ 85.927006680292322, 20.619547100729104 ], [ 85.927146080997332, 20.622936034359334 ], [ 85.928641151587684, 20.623912040760707 ], [ 85.9260024605084, 20.624532613632827 ], [ 85.925653738239035, 20.627728778671912 ], [ 85.927100353690349, 20.628776776640645 ], [ 85.926769645832749, 20.632826846836412 ], [ 85.931092230121251, 20.637100031083634 ], [ 85.931955356647848, 20.641320125202558 ], [ 85.934058637158159, 20.641129840172272 ], [ 85.936074337504849, 20.646630942130095 ], [ 85.942244985854884, 20.653029403100149 ], [ 85.940382251382431, 20.660729212421163 ], [ 85.942156582761754, 20.666495294019189 ], [ 85.93870527087465, 20.669297474471218 ], [ 85.938574063088964, 20.672982874797793 ], [ 85.933331326452873, 20.680706902712434 ], [ 85.930713485137503, 20.680952692481576 ], [ 85.928019539431986, 20.685882506033582 ], [ 85.920168230475056, 20.688977589072213 ], [ 85.918809884588384, 20.69098382311325 ], [ 85.915841323113639, 20.690368328197053 ], [ 85.907579702402742, 20.693299422921534 ], [ 85.903817995712515, 20.690755047842565 ], [ 85.899271244500511, 20.691058875988958 ], [ 85.89878434422458, 20.69267297839302 ], [ 85.895548521244606, 20.693370524963608 ], [ 85.889532964155919, 20.693431238545241 ], [ 85.888528816961639, 20.691568134915961 ], [ 85.885984865834175, 20.691524601467229 ], [ 85.874901396967658, 20.694659886735003 ], [ 85.87087411424659, 20.69395594007247 ] ] } },
{ "type": "Feature", "properties": { "River_Name": "Potapokhari Nala", "Basin": "Brahmani" }, "geometry": { "type": "LineString", "coordinates": [ [ 85.889801399667391, 20.651886847984915 ], [ 85.893972151455486, 20.64787961623869 ], [ 85.898907770006943, 20.638921585771492 ], [ 85.908210174430096, 20.632561440284629 ], [ 85.911027391922516, 20.628459357217803 ], [ 85.91924003888586, 20.630407044353891 ], [ 85.92569142755363, 20.627828396300028 ] ] } },
{ "type": "Feature", "properties": { "River_Name": "Kumaria Nala", "Basin": "Brahmani" }, "geometry": { "type": "MultiLineString", "coordinates": [ [ [ 85.999998633369202, 20.742037290046387 ], [ 86.001685599539556, 20.7410359074761 ], [ 86.006828911350681, 20.742484167750487 ], [ 86.015435610956033, 20.740094234823818 ], [ 86.022998515168851, 20.73494227941611 ] ], [ [ 85.997779134466853, 20.74211092277411 ], [ 85.998633571732768, 20.742165592356237 ] ], [ [ 85.998609561489516, 20.742165452536121 ], [ 85.998633571732768, 20.742165592356237 ] ], [ [ 85.998633571732768, 20.742165592356237 ], [ 85.999998244455711, 20.742038010575389 ] ], [ [ 85.962612462440802, 20.749166346520795 ], [ 85.965281559374759, 20.74578986349233 ], [ 85.971440310724816, 20.744756191305143 ], [ 85.971901372899694, 20.742617695979568 ], [ 85.9788361938501, 20.743987139658891 ], [ 85.982821002108508, 20.73696357694125 ], [ 85.997726341718248, 20.742106097638196 ] ] ] } },
{ "type": "Feature", "properties": { "River_Name": "Kuaria Nala", "Basin": "Brahmani" }, "geometry": { "type": "MultiLineString", "coordinates": [ [ [ 85.999998633369202, 20.742037290046387 ], [ 86.001685599539556, 20.7410359074761 ], [ 86.006828911350681, 20.742484167750487 ], [ 86.015435610956033, 20.740094234823818 ], [ 86.022998515168851, 20.73494227941611 ] ], [ [ 85.997779134466853, 20.74211092277411 ], [ 85.998633571732768, 20.742165592356237 ] ], [ [ 85.998609561489516, 20.742165452536121 ], [ 85.998633571732768, 20.742165592356237 ] ], [ [ 85.998633571732768, 20.742165592356237 ], [ 85.999998244455711, 20.742038010575389 ] ], [ [ 85.962030493994277, 20.74999855218886 ], [ 85.963940542723435, 20.746667198471492 ], [ 85.971440310724816, 20.744756191305143 ], [ 85.971901372899694, 20.742617695979568 ], [ 85.9788361938501, 20.743987139658891 ], [ 85.982821002108508, 20.73696357694125 ], [ 85.997726341718248, 20.742106097638196 ] ], [ [ 85.944533123606391, 20.76206633778347 ], [ 85.951899846286366, 20.758696291992869 ], [ 85.95292293049576, 20.756588393358811 ], [ 85.961015218687436, 20.753800583017412 ], [ 85.962030463168475, 20.750003069399959 ] ] ] } },
{ "type": "Feature", "properties": { "River_Name": "Daunri Nala", "Basin": "Brahmani" }, "geometry": { "type": "LineString", "coordinates": [ [ 85.823872815843487, 20.74548148921868 ], [ 85.817133934647018, 20.749997661944139 ], [ 85.814017337557772, 20.760456147060047 ], [ 85.810619662593595, 20.764425881151293 ], [ 85.809390056969832, 20.768731302006671 ], [ 85.804853503658435, 20.768460385813448 ], [ 85.789170667275457, 20.773486593098696 ], [ 85.786017112743153, 20.778044749445947 ], [ 85.787275689148544, 20.779828894208414 ], [ 85.785729145653761, 20.785225022013133 ], [ 85.775062660323115, 20.790371074531073 ], [ 85.773230827197906, 20.795335893966165 ] ] } },
{ "type": "Feature", "properties": { "River_Name": "River / Nala", "Basin": "Brahmani" }, "geometry": { "type": "LineString", "coordinates": [ [ 85.811357777097271, 20.724665850173619 ], [ 85.80307410349829, 20.727869864478226 ], [ 85.800150234926107, 20.727226122100387 ], [ 85.792823869566575, 20.73137136252442 ], [ 85.788938783916194, 20.730838128222995 ], [ 85.784919056459572, 20.735146293440412 ], [ 85.784007949143245, 20.74220474701114 ], [ 85.787235620573583, 20.743316186445924 ], [ 85.788935127172067, 20.749399277989632 ], [ 85.787083043906222, 20.750407105516778 ], [ 85.78711136474459, 20.755285872167253 ], [ 85.784876398582483, 20.757320887591582 ], [ 85.788594716658906, 20.765604560835964 ], [ 85.785992340330523, 20.778139435028134 ] ] } },
{ "type": "Feature", "properties": { "River_Name": "Bansi Jor", "Basin": "Brahmani" }, "geometry": { "type": "MultiLineString", "coordinates": [ [ [ 86.093535565153033, 20.625885925489452 ], [ 86.094556345199777, 20.623677657167665 ], [ 86.097959384665259, 20.62353734213011 ], [ 86.098640475304123, 20.621959736882228 ], [ 86.099694709199355, 20.623022351909622 ], [ 86.100273739513995, 20.621661052556462 ] ], [ [ 86.093544921501262, 20.625926632922276 ], [ 86.093513680594, 20.627150736674903 ], [ 86.090854236819865, 20.625695649431727 ], [ 86.088263651460494, 20.627190871213013 ], [ 86.085927350245413, 20.633507659523794 ], [ 86.076361240372222, 20.636207965079045 ], [ 86.068974925677082, 20.643418987825875 ], [ 86.066698134460623, 20.642168882807802 ], [ 86.061234391266041, 20.644890449423396 ], [ 86.057711524143429, 20.64414844747969 ], [ 86.054006009763569, 20.651216207889881 ], [ 86.048105290395085, 20.6500317905248 ], [ 86.046534220354701, 20.651839167348051 ], [ 86.044018866918492, 20.651143104548652 ], [ 86.037717196117441, 20.655724992920923 ], [ 86.038935008780129, 20.662797186477302 ], [ 86.036444267859295, 20.665787441215556 ], [ 86.040106155332708, 20.675019080002283 ], [ 86.045688752616172, 20.68193025265867 ], [ 86.045123118277019, 20.687171956797361 ], [ 86.048090153581484, 20.691742028180805 ], [ 86.047252716386296, 20.696693112136838 ] ] ] } },
{ "type": "Feature", "properties": { "River_Name": "Karo Nala", "Basin": "Brahmani" }, "geometry": { "type": "LineString", "coordinates": [ [ 85.248487920881644, 21.953794872809926 ], [ 85.244875056095225, 21.949592759756992 ], [ 85.245347841812745, 21.947750858739859 ], [ 85.241518496900838, 21.944246314928243 ], [ 85.238213249650258, 21.944969552229246 ], [ 85.234272527711639, 21.943057720787305 ], [ 85.23432437133485, 21.934153197153247 ], [ 85.228239310800575, 21.927986926134956 ], [ 85.228847442907849, 21.926950339674548 ], [ 85.224310062371089, 21.921297344901177 ], [ 85.224606330564043, 21.916139037626358 ], [ 85.221985700793169, 21.915559803965905 ], [ 85.220269305289477, 21.911147415056863 ], [ 85.215314389643297, 21.909553860388133 ], [ 85.214825585793676, 21.907615819067416 ], [ 85.216323986106332, 21.906200581365439 ], [ 85.212045565901079, 21.903151172829066 ], [ 85.212261575998298, 21.897472718015422 ], [ 85.209373208483385, 21.893955165646368 ], [ 85.207682640665936, 21.884814973475244 ], [ 85.203018300691014, 21.881738589697189 ] ] } },
{ "type": "Feature", "properties": { "River_Name": "Dalki Nala", "Basin": "Brahmani" }, "geometry": { "type": "MultiLineString", "coordinates": [ [ [ 84.581589396724809, 22.255826165331612 ], [ 84.583269137960059, 22.255220525905745 ], [ 84.58282044503737, 22.256768198022367 ], [ 84.585144756404901, 22.258194791339083 ], [ 84.58788367666051, 22.25630546349894 ], [ 84.590887318969692, 22.258245949197711 ], [ 84.593230619645226, 22.255880900534912 ], [ 84.59570090828673, 22.25574666617991 ], [ 84.597065131977914, 22.252683864546285 ], [ 84.598944784763148, 22.252754364290347 ], [ 84.600284412582539, 22.25058779421844 ], [ 84.602825215402376, 22.252777457218567 ], [ 84.60494181818882, 22.252381173670969 ] ], [ [ 84.58078366589929, 22.256188036459591 ], [ 84.575908840489518, 22.25868070480707 ], [ 84.570923287526526, 22.257885831563204 ], [ 84.567326102464108, 22.260129365717745 ], [ 84.566201807398585, 22.258665657622124 ], [ 84.556939184350725, 22.262238477963564 ], [ 84.554247255454086, 22.261401923448776 ], [ 84.548332067483003, 22.264677407114565 ], [ 84.543839888555951, 22.264675150691019 ], [ 84.539766226834857, 22.262478554042932 ], [ 84.521533447868791, 22.265777625931793 ], [ 84.512869779222754, 22.265139652818167 ] ] ] } },
{ "type": "Feature", "properties": { "River_Name": "Paddu Nala", "Basin": "Brahmani" }, "geometry": { "type": "MultiLineString", "coordinates": [ [ [ 84.497648499056638, 22.383656257696774 ], [ 84.500936285678975, 22.384493718899851 ], [ 84.50030294019362, 22.386926994089304 ], [ 84.505383981867539, 22.389870339974443 ], [ 84.508657196675713, 22.394902758905825 ], [ 84.516260622509293, 22.395526711694462 ], [ 84.519869427302382, 22.394147388768495 ], [ 84.519168619643764, 22.396255614033745 ], [ 84.526393154945865, 22.397380029158889 ], [ 84.529763039804564, 22.404340077440114 ], [ 84.538805323472701, 22.403591146214453 ], [ 84.5449758451918, 22.406095911834768 ], [ 84.546782641455906, 22.405374287376898 ] ], [ [ 84.549050680527358, 22.404964521697501 ], [ 84.546900563606883, 22.405277489890754 ] ] ] } },
{ "type": "Feature", "properties": { "River_Name": "Turia Nala", "Basin": "Brahmani" }, "geometry": { "type": "LineString", "coordinates": [ [ 84.62851478386338, 22.437375511374608 ], [ 84.629942701545588, 22.434503733246704 ], [ 84.626392160372546, 22.431659206495496 ], [ 84.627858913331991, 22.428403668968937 ], [ 84.627208092683063, 22.423540708298535 ], [ 84.624439848958389, 22.422028079013231 ], [ 84.625178048771261, 22.416036296760897 ], [ 84.621030856425449, 22.41327735261217 ], [ 84.624891546172265, 22.412442145009766 ], [ 84.62324046452656, 22.409642569575038 ], [ 84.625323845422173, 22.405669215738115 ], [ 84.623881667690526, 22.400557884017356 ], [ 84.620254414319689, 22.39910833191783 ], [ 84.621143162219724, 22.396128267126223 ], [ 84.618747755986632, 22.393458640060487 ] ] } },
{ "type": "Feature", "properties": { "River_Name": "Bamjura Nala", "Basin": "Brahmani" }, "geometry": { "type": "LineString", "coordinates": [ [ 84.62437955025807, 21.310806433269903 ], [ 84.622728303932448, 21.311007814383004 ] ] } },
{ "type": "Feature", "properties": { "River_Name": "Kaira Nadi", "Basin": "Budhabalang" }, "geometry": { "type": "LineString", "coordinates": [ [ 86.380655901129231, 22.120430250929765 ], [ 86.387851918752261, 22.114409077772518 ], [ 86.388910210393192, 22.110686485633057 ], [ 86.392847548137013, 22.109291850828971 ], [ 86.406822745805229, 22.116290411723053 ], [ 86.412546890216618, 22.115376072234433 ], [ 86.413734756024454, 22.117679518377876 ], [ 86.421222545250941, 22.117001566292469 ], [ 86.423478169812554, 22.113079706140077 ], [ 86.422525594276266, 22.097004640346658 ], [ 86.423835326886632, 22.09436677911966 ] ] } },
{ "type": "Feature", "properties": { "River_Name": "Dardara Nala", "Basin": "Budhabalang" }, "geometry": { "type": "MultiLineString", "coordinates": [ [ [ 86.30127786931854, 22.03553361960018 ], [ 86.310624779740053, 22.037321315376175 ], [ 86.313434508343306, 22.036393575649061 ] ], [ [ 86.313497513441561, 22.036389322712058 ], [ 86.318556164623942, 22.035272155144586 ], [ 86.321184713381925, 22.0377764727548 ], [ 86.326973020177078, 22.036043233305943 ], [ 86.334777887093495, 22.040271450750271 ], [ 86.338577373996017, 22.040074539263351 ] ] ] } },
{ "type": "Feature", "properties": { "River_Name": "Kathinjharan nala", "Basin": "Budhabalang" }, "geometry": { "type": "MultiLineString", "coordinates": [ [ [ 86.303131761956266, 22.018060621734193 ], [ 86.306478632712029, 22.022158216217221 ], [ 86.312076819462263, 22.022579311833343 ], [ 86.320448106882225, 22.026643440688577 ], [ 86.33052571243887, 22.027516064207614 ] ], [ [ 86.346139708105383, 22.028663214347223 ], [ 86.330535401610248, 22.027516103798533 ] ] ] } },
{ "type": "Feature", "properties": { "River_Name": "Karkachia Nala", "Basin": "Budhabalang" }, "geometry": { "type": "LineString", "coordinates": [ [ 86.354698001472201, 21.999223272922652 ], [ 86.357600248069858, 22.00333617274913 ], [ 86.363782313086574, 22.00522131106354 ], [ 86.367597581711962, 22.003433754153995 ], [ 86.371145643766809, 22.00510065178382 ], [ 86.373376918476126, 22.007711034547174 ], [ 86.372772120261885, 22.018558749847823 ] ] } },
{ "type": "Feature", "properties": { "River_Name": "Sukhila Katra Nadi", "Basin": "Budhabalang" }, "geometry": { "type": "MultiLineString", "coordinates": [ [ [ 86.45050887848565, 22.222891814599528 ], [ 86.448506679366474, 22.225003517869506 ], [ 86.45080367284379, 22.228168677722689 ], [ 86.44920530307698, 22.231212253312783 ], [ 86.456377135276725, 22.242280462998451 ] ], [ [ 86.456377135276725, 22.242280462998451 ], [ 86.456454872600546, 22.242253620870915 ] ], [ [ 86.456377135276725, 22.242280462998451 ], [ 86.45626761365105, 22.24551427088381 ], [ 86.458162220105393, 22.246193629893028 ], [ 86.459613007802375, 22.249997257908845 ] ], [ [ 86.459627460780752, 22.250024407965494 ], [ 86.45821643620053, 22.25228272800052 ], [ 86.45985604858906, 22.25747821680568 ] ] ] } },
{ "type": "Feature", "properties": { "River_Name": "Kathiakuin nala", "Basin": "Budhabalang" }, "geometry": { "type": "MultiLineString", "coordinates": [ [ [ 86.338577353006713, 22.040079056222705 ], [ 86.34208424893167, 22.038191505596465 ], [ 86.34528660704332, 22.039292947404203 ], [ 86.354653998248594, 22.037821431236232 ], [ 86.357999907672081, 22.039343278192852 ], [ 86.364055201543351, 22.03579999447026 ] ], [ [ 86.338572486996156, 22.040083553613826 ], [ 86.336519915216556, 22.045942887213286 ], [ 86.329376334165246, 22.054505179793413 ], [ 86.321762028892778, 22.05693106724458 ], [ 86.315480534958397, 22.053286012197692 ] ] ] } },
{ "type": "Feature", "properties": { "River_Name": "Dantia Nala", "Basin": "Budhabalang" }, "geometry": { "type": "LineString", "coordinates": [ [ 86.363677037964052, 22.019038636601614 ], [ 86.369621884881752, 22.017774243554516 ], [ 86.375525070020601, 22.0204664354867 ], [ 86.377643577053817, 22.02789153595878 ], [ 86.382620812502168, 22.036438607079731 ], [ 86.382104118587407, 22.040506541163374 ] ] } },
{ "type": "Feature", "properties": { "River_Name": "Lembujharan Nala", "Basin": "Budhabalang" }, "geometry": { "type": "LineString", "coordinates": [ [ 86.31584574009662, 22.001405636361671 ], [ 86.321712472558062, 22.010378285200119 ], [ 86.332947987046737, 22.013261011586465 ], [ 86.337773926332545, 22.016971099316574 ] ] } },
{ "type": "Feature", "properties": { "River_Name": "Kanijharan Nala", "Basin": "Budhabalang" }, "geometry": { "type": "LineString", "coordinates": [ [ 86.31597987480454, 22.009794353474714 ], [ 86.322567231428337, 22.015011793952461 ], [ 86.328935505029335, 22.016447309239396 ], [ 86.334306815069226, 22.015629040358089 ], [ 86.339995275651461, 22.01744531621565 ], [ 86.345413644802193, 22.021683572074647 ] ] } },
{ "type": "Feature", "properties": { "River_Name": "Kairakocha Nala", "Basin": "Budhabalang" }, "geometry": { "type": "LineString", "coordinates": [ [ 86.306176818767113, 21.98761512335825 ], [ 86.312748615985797, 21.981698334902216 ], [ 86.315661627043326, 21.981218148316739 ], [ 86.327638440550317, 21.984339259550122 ], [ 86.335404708284543, 21.990021752553925 ], [ 86.336308697060389, 21.991434737665426 ], [ 86.334155039413588, 21.992112605016715 ], [ 86.335280689872732, 21.993770416659089 ], [ 86.338929750957675, 21.993365075228066 ], [ 86.34057340768436, 21.995092694511925 ], [ 86.339115532941577, 21.999265114931369 ], [ 86.341016599856772, 22.000858255118033 ], [ 86.338058932331492, 22.004627126477214 ], [ 86.342122941988805, 22.007782841845387 ], [ 86.343900724689405, 22.015143744355349 ], [ 86.339995275651461, 22.01744531621565 ] ] } },
{ "type": "Feature", "properties": { "River_Name": "Chhatripani Nala", "Basin": "Budhabalang" }, "geometry": { "type": "MultiLineString", "coordinates": [ [ [ 86.424013910899347, 21.747928233640081 ], [ 86.424547215844143, 21.749998991459275 ] ], [ [ 86.42461007485042, 21.749999210006649 ], [ 86.424166315385833, 21.753363020392889 ], [ 86.42065580590635, 21.758170672421031 ], [ 86.41461813272079, 21.761243732872895 ], [ 86.414407463990088, 21.764301159916926 ], [ 86.409902413736248, 21.76737042334603 ], [ 86.400256758744177, 21.761056775731756 ], [ 86.393723323335252, 21.750778842645072 ] ] ] } },
{ "type": "Feature", "properties": { "River_Name": "Santalia Nadi", "Basin": "Budhabalang" }, "geometry": { "type": "MultiLineString", "coordinates": [ [ [ 86.461658167185121, 21.87567154942932 ], [ 86.458173843675283, 21.87946361282123 ], [ 86.453274810214822, 21.87978169836877 ], [ 86.453006683024455, 21.882829917807978 ], [ 86.46935675435364, 21.89040455312724 ], [ 86.472268019243799, 21.893711468373517 ], [ 86.471312637915418, 21.903402314155489 ], [ 86.478653816998289, 21.906601324509509 ] ], [ [ 86.478663481800908, 21.90660587232761 ], [ 86.483427569939849, 21.914422100052896 ], [ 86.485195662413787, 21.914102404022188 ] ], [ [ 86.491731487480749, 21.909849451861824 ], [ 86.493012684734296, 21.910305124957553 ] ], [ [ 86.493022334274883, 21.910314189099342 ], [ 86.49624395517111, 21.912361343802093 ], [ 86.50387677061299, 21.909927175120352 ], [ 86.50968135979906, 21.911204876996035 ], [ 86.522025449175331, 21.905423020321273 ] ], [ [ 86.485205360400059, 21.914097917170078 ], [ 86.487896568854126, 21.912841500196439 ], [ 86.488214063222273, 21.909337139498238 ], [ 86.491702491129558, 21.909835810677048 ] ] ] } },
{ "type": "Feature", "properties": { "River_Name": "Palpala Nadi", "Basin": "Budhabalang" }, "geometry": { "type": "MultiLineString", "coordinates": [ [ [ 86.467561766265632, 21.864126668431837 ], [ 86.472352479419555, 21.865479172008548 ], [ 86.476429153818955, 21.863603975066169 ], [ 86.478732845448818, 21.864876099255355 ], [ 86.482917152668051, 21.862648736794046 ], [ 86.483849078383571, 21.86456244412307 ], [ 86.488672960199338, 21.866163027297802 ] ], [ [ 86.491680098703981, 21.864252507799264 ], [ 86.492862810099922, 21.867815727485645 ], [ 86.500000148888589, 21.872196664500816 ] ], [ [ 86.456072906576367, 21.864265324328962 ], [ 86.465596672347104, 21.865525162377327 ], [ 86.467542325819792, 21.864149191710997 ] ], [ [ 86.488726192074367, 21.866163192448735 ], [ 86.491675291482878, 21.864243458514686 ] ] ] } },
{ "type": "Feature", "properties": { "River_Name": "Bakua Nadi", "Basin": "Budhabalang" }, "geometry": { "type": "MultiLineString", "coordinates": [ [ [ 86.363235166088629, 21.833148318283545 ], [ 86.371762666934742, 21.832526016375535 ], [ 86.377836915695198, 21.835322580938239 ], [ 86.386106704178388, 21.85201743931858 ], [ 86.391813854513671, 21.858349086886957 ], [ 86.39089017268158, 21.869625057121471 ], [ 86.393328071843172, 21.86989604666287 ], [ 86.397835849993797, 21.873959968174731 ] ], [ [ 86.346920468308156, 21.835401853877677 ], [ 86.351621800581356, 21.833563842215273 ], [ 86.363235166088629, 21.833148318283545 ] ], [ [ 86.360568955229368, 21.837591936334707 ], [ 86.363235166088629, 21.833148318283545 ] ] ] } },
{ "type": "Feature", "properties": { "River_Name": "Pansja Nala", "Basin": "Budhabalang" }, "geometry": { "type": "LineString", "coordinates": [ [ 86.433513015906186, 21.914361692362984 ], [ 86.425695475732269, 21.914230692945107 ], [ 86.421743183549111, 21.919551617319097 ], [ 86.42297124353351, 21.9283508393675 ], [ 86.421069065801035, 21.931822362431603 ], [ 86.406995647253538, 21.935137476753713 ], [ 86.398498972123193, 21.947727483549688 ], [ 86.397225143997318, 21.952411596490833 ], [ 86.385131611969044, 21.962028896788176 ], [ 86.385031327761467, 21.966202335513202 ] ] } },
{ "type": "Feature", "properties": { "River_Name": "Dalki Nadi", "Basin": "Budhabalang" }, "geometry": { "type": "MultiLineString", "coordinates": [ [ [ 86.443758593236581, 21.746125617628135 ], [ 86.446902268924831, 21.748453510631894 ] ], [ [ 86.447192229857464, 21.74849513475538 ], [ 86.450386669958291, 21.750217818346041 ], [ 86.456808010787782, 21.757949998788082 ] ], [ [ 86.456909048678355, 21.758085848514703 ], [ 86.461858980422889, 21.759863757641881 ], [ 86.466743111229434, 21.765087985890688 ], [ 86.470932117120554, 21.766104271665903 ] ] ] } },
{ "type": "Feature", "properties": { "River_Name": "Belapani Nadi", "Basin": "Budhabalang" }, "geometry": { "type": "MultiLineString", "coordinates": [ [ [ 86.47105219387835, 21.787430667608465 ], [ 86.471249534145713, 21.778460015576442 ], [ 86.465520097516958, 21.770184033979543 ] ], [ [ 86.453577801088741, 21.811550109950257 ], [ 86.47000996416736, 21.809110146174998 ], [ 86.477401544405112, 21.803762687956201 ], [ 86.475462351001354, 21.79963228780559 ], [ 86.476094620208755, 21.797353079467463 ], [ 86.473832711042036, 21.795534471564388 ], [ 86.473673380896585, 21.791481983554672 ], [ 86.471119624575522, 21.787507676817999 ] ] ] } },
{ "type": "Feature", "properties": { "River_Name": "Madhabai Nadi", "Basin": "Budhabalang" }, "geometry": { "type": "LineString", "coordinates": [ [ 86.718249134607632, 21.798765650875147 ], [ 86.715379075461556, 21.79959192442087 ], [ 86.711165281510432, 21.804725356074449 ], [ 86.712033272939877, 21.806091111013217 ], [ 86.710062361904264, 21.807131170367501 ], [ 86.711685171528487, 21.808412420583085 ], [ 86.708303699905912, 21.810841332141894 ], [ 86.706578643773554, 21.809885116314174 ], [ 86.701631212465685, 21.811570255535472 ], [ 86.702561426148165, 21.81323431566361 ], [ 86.70119831767299, 21.81503427378026 ], [ 86.692422810626809, 21.815009125160437 ], [ 86.6903867855454, 21.816961326703439 ], [ 86.688051836964263, 21.816184467099283 ], [ 86.681984521276902, 21.818743254900298 ], [ 86.675544991668261, 21.814633505017536 ], [ 86.666458733019823, 21.817208347351166 ] ] } },
{ "type": "Feature", "properties": { "River_Name": "Barajor Khal", "Basin": "Budhabalang" }, "geometry": { "type": "LineString", "coordinates": [ [ 86.717754995435953, 21.868187217389835 ], [ 86.719994945257227, 21.868561458535197 ], [ 86.719706003184854, 21.870309168730653 ], [ 86.733765481300537, 21.880437721961194 ], [ 86.736394127696187, 21.880121220237871 ], [ 86.739207527625624, 21.88200038429348 ], [ 86.742530935818024, 21.880216755644682 ], [ 86.751152523961721, 21.884797013899068 ], [ 86.755433782239137, 21.883240435126289 ] ] } },
{ "type": "Feature", "properties": { "River_Name": "Itajuri Nadi", "Basin": "Budhabalang" }, "geometry": { "type": "LineString", "coordinates": [ [ 86.714779687590692, 21.940671139568082 ], [ 86.709966929846615, 21.940613027393894 ], [ 86.710798189844937, 21.936589599309851 ], [ 86.707889779864885, 21.938224227933386 ], [ 86.705731858936474, 21.937475028610013 ], [ 86.70232326392383, 21.942108130448837 ], [ 86.699995932541967, 21.94131789353743 ], [ 86.696086430396306, 21.944563144769102 ], [ 86.692773353704013, 21.945080987424291 ], [ 86.692112890454453, 21.943733605741667 ], [ 86.690362501722618, 21.944850599302637 ], [ 86.685259156932901, 21.940364293886073 ], [ 86.683428183900858, 21.940695055259127 ], [ 86.683568073271459, 21.938743865271402 ], [ 86.681314244955146, 21.937632780541303 ], [ 86.682189108900715, 21.936130224032414 ], [ 86.679560936554438, 21.933563830781267 ], [ 86.676544884224569, 21.935568108616845 ], [ 86.667253363605127, 21.935662495724891 ], [ 86.664813254329871, 21.939741143438276 ], [ 86.660647641857238, 21.938372900633528 ], [ 86.655776898196223, 21.940327780054922 ], [ 86.652560330523627, 21.942959089504317 ], [ 86.650890200943863, 21.948764737404105 ], [ 86.647627757871433, 21.950248465805632 ], [ 86.634994493777342, 21.948310091570338 ] ] } },
{ "type": "Feature", "properties": { "River_Name": "Betna Nadi", "Basin": "Budhabalang" }, "geometry": { "type": "MultiLineString", "coordinates": [ [ [ 86.726958623266142, 21.96265922559661 ], [ 86.725796885680026, 21.959928957419315 ], [ 86.722721189508391, 21.96026710621328 ], [ 86.724691522620603, 21.958065993668139 ], [ 86.723744426039957, 21.95701187981787 ] ], [ [ 86.726958723168352, 21.962663840081685 ], [ 86.728974654808084, 21.96922099315324 ], [ 86.732680088903749, 21.969817509594918 ], [ 86.733886415701534, 21.972263643591855 ], [ 86.732903888271039, 21.973903539264072 ], [ 86.73657160027004, 21.97570733641777 ], [ 86.737383073653021, 21.979521205620216 ], [ 86.74292544471993, 21.983961413125705 ], [ 86.752695590574717, 21.983384666125712 ], [ 86.75439633108418, 21.98578588654776 ], [ 86.758090487226966, 21.986618033110432 ], [ 86.76058988718485, 21.992299896076286 ] ] ] } },
{ "type": "Feature", "properties": { "River_Name": "Purnapani Nadi", "Basin": "Budhabalang" }, "geometry": { "type": "LineString", "coordinates": [ [ 86.566527021962983, 21.968918397366263 ], [ 86.567999665864662, 21.965575026869164 ], [ 86.566394977915991, 21.962959850252158 ], [ 86.572629840337399, 21.954059210115059 ], [ 86.581930046140485, 21.951399910835072 ], [ 86.585671342447498, 21.953677034998542 ], [ 86.58682605240945, 21.951227090084696 ] ] } },
{ "type": "Feature", "properties": { "River_Name": "Kanchi Khal", "Basin": "Budhabalang" }, "geometry": { "type": "MultiLineString", "coordinates": [ [ [ 86.682812954710172, 21.901827218555141 ], [ 86.682836422918385, 21.901822746491533 ], [ 86.682850934674136, 21.901827291741998 ] ], [ [ 86.682812954710172, 21.901827218555141 ], [ 86.68268151424806, 21.901826965203583 ], [ 86.68257805073317, 21.901871981274883 ] ], [ [ 86.682850934674136, 21.901827291741998 ], [ 86.682812954710172, 21.901827218555141 ] ], [ [ 86.682850934674136, 21.901827291741998 ], [ 86.682987354237127, 21.901870019857412 ] ], [ [ 86.682987354237127, 21.901870019857412 ], [ 86.682870297008705, 21.901827329049571 ], [ 86.682850934674136, 21.901827291741998 ] ], [ [ 86.682987354237127, 21.901870019857412 ], [ 86.683010564048786, 21.901877289413267 ], [ 86.683125372612565, 21.902126955509917 ] ], [ [ 86.68257805073317, 21.901871981274883 ], [ 86.682812954710172, 21.901827218555141 ] ], [ [ 86.68257805073317, 21.901871981274883 ], [ 86.682428621064773, 21.901968600663785 ] ], [ [ 86.682428621064773, 21.901968600663785 ], [ 86.682531336101036, 21.901880883055981 ], [ 86.68257805073317, 21.901871981274883 ] ], [ [ 86.682428621064773, 21.901968600663785 ], [ 86.682342212907301, 21.902034105932557 ], [ 86.682109203363879, 21.902331797015293 ], [ 86.681869663325003, 21.90297144561729 ] ], [ [ 86.683125372612565, 21.902126955509917 ], [ 86.682987354237127, 21.901870019857412 ] ], [ [ 86.683125372612565, 21.902126955509917 ], [ 86.68320807960913, 21.90230681200584 ], [ 86.683250850048069, 21.902360543996078 ] ], [ [ 86.683250850048069, 21.902360543996078 ], [ 86.683125372612565, 21.902126955509917 ] ], [ [ 86.683250850048069, 21.902360543996078 ], [ 86.683381285621934, 21.902524408329285 ] ], [ [ 86.683381285621934, 21.902524408329285 ], [ 86.683299731621531, 21.902451541582842 ], [ 86.683250850048069, 21.902360543996078 ] ], [ [ 86.683381285621934, 21.902524408329285 ], [ 86.683434959283332, 21.902591837638916 ], [ 86.683495284678358, 21.902626263844539 ] ], [ [ 86.683495284678358, 21.902626263844539 ], [ 86.683381285621934, 21.902524408329285 ] ], [ [ 86.683495284678358, 21.902626263844539 ], [ 86.683582462079329, 21.902676013755372 ] ], [ [ 86.683582462079329, 21.902676013755372 ], [ 86.68350746868515, 21.902637149959094 ], [ 86.683495284678358, 21.902626263844539 ] ], [ [ 86.683582462079329, 21.902676013755372 ], [ 86.68371923037958, 21.902754063760579 ] ], [ [ 86.68371923037958, 21.902754063760579 ], [ 86.68369120257384, 21.902732366199917 ], [ 86.683582462079329, 21.902676013755372 ] ], [ [ 86.68371923037958, 21.902754063760579 ], [ 86.683918342883757, 21.902899942199991 ], [ 86.683961370608287, 21.903143958339285 ], [ 86.683976749991814, 21.903611036683664 ] ], [ [ 86.681869663325003, 21.90297144561729 ], [ 86.682428621064773, 21.901968600663785 ] ], [ [ 86.681869663325003, 21.90297144561729 ], [ 86.681782947578313, 21.903203002891601 ], [ 86.681723998796471, 21.903306393686208 ] ], [ [ 86.680311235091281, 21.903272427396171 ], [ 86.680040139577144, 21.903280935167857 ], [ 86.679980114952158, 21.903298683741422 ] ], [ [ 86.680311235091281, 21.903272427396171 ], [ 86.680538623942567, 21.903327076352028 ], [ 86.68054695842477, 21.903330805601442 ] ], [ [ 86.679980114952158, 21.903298683741422 ], [ 86.680311235091281, 21.903272427396171 ] ], [ [ 86.679980114952158, 21.903298683741422 ], [ 86.679584817282532, 21.903415567939014 ], [ 86.679357236665894, 21.903446745720618 ] ], [ [ 86.681723998796471, 21.903306393686208 ], [ 86.681869663325003, 21.90297144561729 ] ], [ [ 86.681723998796471, 21.903306393686208 ], [ 86.681506128282535, 21.903609023205007 ], [ 86.681552615331753, 21.903660508371608 ] ], [ [ 86.68054695842477, 21.903330805601442 ], [ 86.680311235091281, 21.903272427396171 ] ], [ [ 86.68054695842477, 21.903330805601442 ], [ 86.680885143682616, 21.903482125481492 ] ], [ [ 86.679357236665894, 21.903446745720618 ], [ 86.678719001698084, 21.903120256514271 ] ], [ [ 86.679357236665894, 21.903446745720618 ], [ 86.679980114952158, 21.903298683741422 ] ], [ [ 86.680885143682616, 21.903482125481492 ], [ 86.680587000074169, 21.903340722102254 ], [ 86.68054695842477, 21.903330805601442 ] ], [ [ 86.680885143682616, 21.903482125481492 ], [ 86.681033459537886, 21.90354848860331 ] ], [ [ 86.681033459537886, 21.90354848860331 ], [ 86.681017364082123, 21.903544834635017 ], [ 86.680885143682616, 21.903482125481492 ] ], [ [ 86.681033459537886, 21.90354848860331 ], [ 86.681167283266007, 21.903608367134726 ], [ 86.681371256307543, 21.903625174357575 ] ], [ [ 86.683976749991814, 21.903611036683664 ], [ 86.68371923037958, 21.902754063760579 ] ], [ [ 86.683976749991814, 21.903611036683664 ], [ 86.683979518006808, 21.903695102204694 ], [ 86.684045496673718, 21.903776611633411 ] ], [ [ 86.681371256307543, 21.903625174357575 ], [ 86.681033459537886, 21.90354848860331 ] ], [ [ 86.681371256307543, 21.903625174357575 ], [ 86.681447990365157, 21.903631497118898 ], [ 86.681493845427042, 21.903653004032964 ] ], [ [ 86.681493845427042, 21.903653004032964 ], [ 86.681371256307543, 21.903625174357575 ] ], [ [ 86.681493845427042, 21.903653004032964 ], [ 86.681544702875598, 21.903676857141019 ], [ 86.681550069862354, 21.903665767837875 ] ], [ [ 86.681552615331753, 21.903660508371608 ], [ 86.681723998796471, 21.903306393686208 ] ], [ [ 86.681552615331753, 21.903660508371608 ], [ 86.68155924488488, 21.903667850705965 ], [ 86.681550069862354, 21.903665767837875 ] ], [ [ 86.681550069862354, 21.903665767837875 ], [ 86.681493845427042, 21.903653004032964 ] ], [ [ 86.681550069862354, 21.903665767837875 ], [ 86.681552615331753, 21.903660508371608 ] ], [ [ 86.684045496673718, 21.903776611633411 ], [ 86.683976749991814, 21.903611036683664 ] ], [ [ 86.684045496673718, 21.903776611633411 ], [ 86.684260819439032, 21.903965775860641 ] ], [ [ 86.684260819439032, 21.903965775860641 ], [ 86.684056729378071, 21.903803665328862 ], [ 86.684045496673718, 21.903776611633411 ] ], [ [ 86.684260819439032, 21.903965775860641 ], [ 86.684443980593386, 21.904049094647068 ] ], [ [ 86.684443980593386, 21.904049094647068 ], [ 86.68443379291908, 21.904034770371727 ], [ 86.684260819439032, 21.903965775860641 ] ], [ [ 86.684443980593386, 21.904049094647068 ], [ 86.684661094963218, 21.904343441730074 ] ], [ [ 86.684661094963218, 21.904343441730074 ], [ 86.684636474398758, 21.904319747940647 ], [ 86.684443980593386, 21.904049094647068 ] ], [ [ 86.684661094963218, 21.904343441730074 ], [ 86.684679921156317, 21.904374038628504 ], [ 86.684742445368286, 21.904421729835761 ] ], [ [ 86.684742445368286, 21.904421729835761 ], [ 86.684661094963218, 21.904343441730074 ] ], [ [ 86.684742445368286, 21.904421729835761 ], [ 86.68485608923902, 21.904508413127839 ] ], [ [ 86.68485608923902, 21.904508413127839 ], [ 86.684815201643715, 21.904491747217168 ], [ 86.684742445368286, 21.904421729835761 ] ], [ [ 86.68485608923902, 21.904508413127839 ], [ 86.685182735702142, 21.904655073003664 ], [ 86.685250286213702, 21.904669088319267 ] ], [ [ 86.685250286213702, 21.904669088319267 ], [ 86.68485608923902, 21.904508413127839 ] ], [ [ 86.685250286213702, 21.904669088319267 ], [ 86.685519106548554, 21.904724862604347 ] ], [ [ 86.685519106548554, 21.904724862604347 ], [ 86.685294001914059, 21.904686906814536 ], [ 86.685250286213702, 21.904669088319267 ] ], [ [ 86.685519106548554, 21.904724862604347 ], [ 86.685702218338818, 21.904762853982778 ] ], [ [ 86.685702218338818, 21.904762853982778 ], [ 86.685700470561969, 21.904755442875505 ], [ 86.685519106548554, 21.904724862604347 ] ], [ [ 86.685702218338818, 21.904762853982778 ], [ 86.685710132117492, 21.904764495900206 ], [ 86.685715227814413, 21.904818018106312 ] ], [ [ 86.685715227814413, 21.904818018106312 ], [ 86.685702218338818, 21.904762853982778 ] ], [ [ 86.685715227814413, 21.904818018106312 ], [ 86.68574137937118, 21.905092698100081 ] ], [ [ 86.68574137937118, 21.905092698100081 ], [ 86.685738839444369, 21.904918138472102 ], [ 86.685715227814413, 21.904818018106312 ] ], [ [ 86.68574137937118, 21.905092698100081 ], [ 86.685754667939491, 21.905232272733045 ] ], [ [ 86.690109514155679, 21.905143256235377 ], [ 86.69005589523087, 21.905314812204754 ], [ 86.689944604677422, 21.905351427968412 ] ], [ [ 86.690109514155679, 21.905143256235377 ], [ 86.693136397380613, 21.902212689668971 ], [ 86.694570138327336, 21.904053893728143 ], [ 86.701223530236476, 21.905276740890489 ], [ 86.701383854113274, 21.902675071632604 ], [ 86.704296329263173, 21.901099277108468 ], [ 86.707310989488036, 21.901601567899881 ], [ 86.707567362948922, 21.899316271899576 ], [ 86.711532868564348, 21.898763124084681 ], [ 86.714488140163013, 21.8926157132009 ], [ 86.716527365491118, 21.891878399058104 ], [ 86.713306071777865, 21.890711874892158 ], [ 86.717316523712682, 21.884412650021549 ] ], [ [ 86.688933185152536, 21.90515910615904 ], [ 86.689417206118137, 21.90518260675605 ] ], [ [ 86.688933185152536, 21.90515910615904 ], [ 86.688169082746228, 21.905610832483568 ] ], [ [ 86.689417206118137, 21.90518260675605 ], [ 86.689918208778408, 21.905360112483173 ] ], [ [ 86.685754667939491, 21.905232272733045 ], [ 86.685743046199931, 21.90520725285392 ], [ 86.68574137937118, 21.905092698100081 ] ], [ [ 86.685754667939491, 21.905232272733045 ], [ 86.685815240758785, 21.90539711673291 ], [ 86.685932601833827, 21.905462320175758 ] ], [ [ 86.689944604677422, 21.905351427968412 ], [ 86.690109514155679, 21.905143256235377 ] ], [ [ 86.689944604677422, 21.905351427968412 ], [ 86.689918208778408, 21.905360112483173 ] ], [ [ 86.689918208778408, 21.905360112483173 ], [ 86.689905725868243, 21.905364219483612 ], [ 86.689417206118137, 21.90518260675605 ] ], [ [ 86.689918208778408, 21.905360112483173 ], [ 86.689929929400151, 21.905364265087325 ], [ 86.689944604677422, 21.905351427968412 ] ], [ [ 86.685932601833827, 21.905462320175758 ], [ 86.685754667939491, 21.905232272733045 ] ], [ [ 86.685932601833827, 21.905462320175758 ], [ 86.687284537525287, 21.905916946933754 ] ], [ [ 86.688169082746228, 21.905610832483568 ], [ 86.688453543528709, 21.905347924940529 ], [ 86.688933185152536, 21.90515910615904 ] ], [ [ 86.688169082746228, 21.905610832483568 ], [ 86.687998675947213, 21.905760798045446 ] ], [ [ 86.687998675947213, 21.905760798045446 ], [ 86.688113927378126, 21.905699630073077 ], [ 86.688169082746228, 21.905610832483568 ] ], [ [ 86.687998675947213, 21.905760798045446 ], [ 86.687924863991327, 21.905825755695091 ], [ 86.68780449591199, 21.90586385589005 ] ], [ [ 86.68780449591199, 21.90586385589005 ], [ 86.687998675947213, 21.905760798045446 ] ], [ [ 86.68780449591199, 21.90586385589005 ], [ 86.687739577857855, 21.905884404403317 ] ], [ [ 86.687739577857855, 21.905884404403317 ], [ 86.687774683540908, 21.905879678279561 ], [ 86.68780449591199, 21.90586385589005 ] ], [ [ 86.687739577857855, 21.905884404403317 ], [ 86.687726256626718, 21.905888620969012 ], [ 86.687477095102992, 21.905919741054646 ] ], [ [ 86.687284537525287, 21.905916946933754 ], [ 86.687121107087663, 21.905914575287511 ], [ 86.685932601833827, 21.905462320175758 ] ], [ [ 86.687284537525287, 21.905916946933754 ], [ 86.687377626029885, 21.905933131930446 ], [ 86.687477095102992, 21.905919741054646 ] ], [ [ 86.687477095102992, 21.905919741054646 ], [ 86.687284537525287, 21.905916946933754 ] ], [ [ 86.687477095102992, 21.905919741054646 ], [ 86.687739577857855, 21.905884404403317 ] ], [ [ 86.634674812847237, 21.929386617184672 ], [ 86.643447483036141, 21.927508625169605 ], [ 86.649532963465091, 21.929581579077343 ], [ 86.65102744993186, 21.922271307639377 ], [ 86.654023877681126, 21.92040297220742 ], [ 86.660149109163527, 21.919945946088799 ], [ 86.657410835751648, 21.91714859271092 ], [ 86.658478842785485, 21.91387579123468 ], [ 86.660788862403194, 21.915556478670151 ], [ 86.663087126482068, 21.914025328339577 ], [ 86.665018989352006, 21.915967183954443 ], [ 86.665621523139279, 21.910859371049163 ], [ 86.670211088753803, 21.908587408067007 ], [ 86.670479794647775, 21.905412298023467 ], [ 86.674248533291632, 21.906372947618667 ], [ 86.677742139967435, 21.902698239180054 ], [ 86.679357236665894, 21.903446745720618 ] ] ] } },
{ "type": "Feature", "properties": { "River_Name": "Sitakund Nadi", "Basin": "Budhabalang" }, "geometry": { "type": "MultiLineString", "coordinates": [ [ [ 86.557669036914092, 21.893385533111324 ], [ 86.560122095011522, 21.886294832283888 ] ], [ [ 86.557669036914092, 21.893385533111324 ], [ 86.557680187363971, 21.89339392058961 ] ], [ [ 86.559962917090587, 21.908740454213234 ], [ 86.556562531185818, 21.901074742850422 ], [ 86.557669036914092, 21.893385533111324 ] ], [ [ 86.559962917090587, 21.908740454213234 ], [ 86.559961303526222, 21.908722516148401 ] ], [ [ 86.575726206810444, 21.941920424362603 ], [ 86.57083662327527, 21.935213200717911 ], [ 86.572191958510672, 21.923986896654679 ], [ 86.569307947420185, 21.918689687628007 ], [ 86.561670969812681, 21.913185591972937 ], [ 86.559962917090587, 21.908740454213234 ] ] ] } },
{ "type": "Feature", "properties": { "River_Name": "Munibasa Nadi", "Basin": "Budhabalang" }, "geometry": { "type": "LineString", "coordinates": [ [ 86.503338361617054, 21.959063616755522 ], [ 86.50848745126973, 21.957204473666366 ], [ 86.512338605171024, 21.958200699326568 ], [ 86.517324804632651, 21.952912243865107 ], [ 86.523916370897112, 21.949629406343171 ], [ 86.529390020141932, 21.943131368866339 ], [ 86.528970909844574, 21.941011599050903 ], [ 86.533163278167947, 21.938254511777362 ], [ 86.538010813018204, 21.931971212870192 ] ] } },
{ "type": "Feature", "properties": { "River_Name": "Gorhagadha Nadi", "Basin": "Budhabalang" }, "geometry": { "type": "LineString", "coordinates": [ [ 86.521450892720637, 21.977348754536525 ], [ 86.520137335361397, 21.980552117901983 ], [ 86.522972961026369, 21.982746699629537 ], [ 86.522854422711177, 21.9906785190813 ], [ 86.530669204817855, 22.003837188279736 ], [ 86.529564644469914, 22.011657399251582 ], [ 86.533139382070644, 22.017525119495843 ], [ 86.535430146399648, 22.017372895228156 ], [ 86.53776619363461, 22.020314649262868 ], [ 86.53982001260907, 22.028130858444243 ], [ 86.543122312628697, 22.029660354933245 ], [ 86.541584658107709, 22.034440172937405 ], [ 86.543254665667092, 22.035944716075981 ], [ 86.54044541020717, 22.036236797679631 ], [ 86.542566032820829, 22.037407347834971 ], [ 86.542278061203177, 22.04122733621854 ], [ 86.53959113719155, 22.047136643646727 ], [ 86.544237299721019, 22.053600679079683 ], [ 86.542371297411393, 22.055505323844525 ], [ 86.544100089245475, 22.056346091926592 ], [ 86.543648230581638, 22.058653185994036 ], [ 86.538323308321267, 22.060741072753984 ], [ 86.536926289733771, 22.063756654992609 ], [ 86.533734605656093, 22.062747948166511 ], [ 86.533877816278419, 22.06592237004601 ], [ 86.531509189725142, 22.065641053396924 ], [ 86.529165745760508, 22.070985958418728 ], [ 86.525261518459644, 22.07033793979053 ], [ 86.522425713634746, 22.072751861857292 ], [ 86.525680953808973, 22.073200940561648 ], [ 86.526014139683653, 22.074668709290172 ], [ 86.524361831691991, 22.075182479415695 ], [ 86.523846752192824, 22.077236635929808 ], [ 86.525231476960315, 22.078488292470027 ], [ 86.523069206637999, 22.080491761287636 ], [ 86.525848179026724, 22.083329280353361 ], [ 86.525539845758445, 22.087677473841509 ], [ 86.523735817270591, 22.089970178911386 ], [ 86.524597568588646, 22.090964105089512 ], [ 86.523391062915053, 22.091022024761251 ] ] } },
{ "type": "Feature", "properties": { "River_Name": "Makarenda Khal", "Basin": "Budhabalang" }, "geometry": { "type": "MultiLineString", "coordinates": [ [ [ 86.724489558060156, 21.999999357209738 ], [ 86.723348599343993, 21.998859090596788 ], [ 86.725514162497646, 21.996165932133973 ], [ 86.723340357942973, 21.995615693150139 ], [ 86.723497142107476, 21.9921963998984 ], [ 86.718418429988745, 21.988573961781647 ] ], [ [ 86.724499974523397, 22.000023406456556 ], [ 86.726322608585434, 22.002823626899133 ], [ 86.731997683430336, 22.00298261068712 ], [ 86.73441794036242, 22.008300274517762 ], [ 86.741871293010078, 22.009464708093443 ] ], [ [ 86.754228482510214, 22.004159847348241 ], [ 86.754233326589571, 22.004159854608197 ] ], [ [ 86.754228482510214, 22.004159847348241 ], [ 86.761439121683296, 22.003514861545067 ], [ 86.76741208486736, 22.006467607454518 ] ], [ [ 86.741871293010078, 22.009464708093443 ], [ 86.743231008504665, 22.008212945993453 ], [ 86.745590161933151, 22.009290463458658 ], [ 86.750946767008628, 22.00823035864541 ], [ 86.754228482510214, 22.004159847348241 ] ], [ [ 86.741871293010078, 22.009464708093443 ], [ 86.74188104569059, 22.009482792429743 ] ] ] } },
{ "type": "Feature", "properties": { "River_Name": "Manchabandha Khal", "Basin": "Budhabalang" }, "geometry": { "type": "LineString", "coordinates": [ [ 86.74766456598546, 21.897575699317624 ], [ 86.744193962643081, 21.894850923291365 ], [ 86.738173964233567, 21.896711624553618 ], [ 86.729521664477929, 21.892862444084496 ], [ 86.726843825181675, 21.893463342120523 ] ] } },
{ "type": "Feature", "properties": { "River_Name": "Sarai Nadi", "Basin": "Budhabalang" }, "geometry": { "type": "LineString", "coordinates": [ [ 86.773693310638123, 21.957901399149147 ], [ 86.770511847414923, 21.960869355330665 ], [ 86.760527368052834, 21.960263337672448 ], [ 86.753362114642826, 21.947992839716171 ], [ 86.733162873305929, 21.941542226515679 ], [ 86.731492507422388, 21.933742677087267 ] ] } },
{ "type": "Feature", "properties": { "River_Name": "Garisa Nadi", "Basin": "Budhabalang" }, "geometry": { "type": "LineString", "coordinates": [ [ 86.592157336723005, 21.809899666596419 ], [ 86.587480089102584, 21.811383276444012 ], [ 86.579945314318067, 21.809498294279436 ], [ 86.58177409370829, 21.813930232351389 ], [ 86.584860376655968, 21.815645559717833 ], [ 86.587054672589829, 21.819716630921139 ], [ 86.588015580955599, 21.823730391165249 ], [ 86.586983670789266, 21.825914182878996 ], [ 86.59040583505579, 21.828718916408487 ], [ 86.589945911836693, 21.833917177598792 ], [ 86.585555126030485, 21.834773526677882 ], [ 86.583825028593182, 21.837420819319494 ], [ 86.579978336432731, 21.837478830038307 ], [ 86.57476180488284, 21.841002498071997 ], [ 86.569352149841151, 21.841069774906295 ], [ 86.562052126885959, 21.843824161719827 ] ] } },
{ "type": "Feature", "properties": { "River_Name": "Hatipanga Nadi", "Basin": "Budhabalang" }, "geometry": { "type": "MultiLineString", "coordinates": [ [ [ 86.513446998656988, 21.999223185108292 ], [ 86.51338538085011, 21.999174604091717 ] ], [ [ 86.513446998656988, 21.999223185108292 ], [ 86.509473141526058, 21.991673487954419 ], [ 86.512698141423286, 21.989076691429787 ], [ 86.514639849317902, 21.983535357270373 ] ], [ [ 86.513446998656988, 21.999223185108292 ], [ 86.520291706351387, 22.001649080024379 ], [ 86.529373573643667, 22.007904890956258 ] ], [ [ 86.51344818048652, 21.999224479233146 ], [ 86.513446998656988, 21.999223185108292 ] ] ] } },
{ "type": "Feature", "properties": { "River_Name": "Ojhar Khal", "Basin": "Budhabalang" }, "geometry": { "type": "LineString", "coordinates": [ [ 86.726328340709614, 21.897261538697563 ], [ 86.724785315943336, 21.901740129123578 ], [ 86.726163382385593, 21.907596846844427 ], [ 86.729965568387883, 21.909026078825502 ], [ 86.739062383447404, 21.91122712850073 ], [ 86.748290619279217, 21.910428390439225 ], [ 86.752470201280872, 21.912146788570691 ], [ 86.75758556379192, 21.907338958650644 ] ] } },
{ "type": "Feature", "properties": { "River_Name": "Asakapara Nadi", "Basin": "Budhabalang" }, "geometry": { "type": "MultiLineString", "coordinates": [ [ [ 86.557885857610358, 21.747725604718596 ], [ 86.556592670867673, 21.749998876131091 ] ], [ [ 86.556786087179404, 21.74999939419973 ], [ 86.553234635303738, 21.750721651456459 ], [ 86.552767646186368, 21.753182329211143 ], [ 86.549464952000079, 21.754736362227217 ], [ 86.541101707375873, 21.770731755561449 ], [ 86.529307635797622, 21.777759143018518 ], [ 86.520099366028063, 21.777710085473828 ], [ 86.513475256352393, 21.781507832541987 ] ] ] } },
{ "type": "Feature", "properties": { "River_Name": "Gomai Nadi", "Basin": "Budhabalang" }, "geometry": { "type": "LineString", "coordinates": [ [ 86.582628231553599, 21.799160686748984 ], [ 86.58071148944812, 21.798401570352134 ], [ 86.579502321681076, 21.795051172980919 ], [ 86.574613627642151, 21.79291100839658 ], [ 86.569716976391902, 21.793485580180931 ], [ 86.567241316427626, 21.791595399510765 ], [ 86.561741484586335, 21.793297479834742 ], [ 86.547961590167688, 21.793160977829952 ], [ 86.5427113427195, 21.799958606139707 ], [ 86.535880199648886, 21.798810234576269 ], [ 86.531138840221146, 21.802098980696989 ], [ 86.518875232690903, 21.819879836360421 ] ] } },
{ "type": "Feature", "properties": { "River_Name": "Jambhira Khal", "Basin": "Budhabalang" }, "geometry": { "type": "LineString", "coordinates": [ [ 86.522651024851172, 21.843963286445412 ], [ 86.524670254800952, 21.85227634828113 ], [ 86.52161427617763, 21.86033983287604 ], [ 86.514561663645182, 21.865224938392132 ], [ 86.510920065641713, 21.870205718710277 ] ] } },
{ "type": "Feature", "properties": { "River_Name": "Lalpani Nadi", "Basin": "Budhabalang" }, "geometry": { "type": "MultiLineString", "coordinates": [ [ [ 86.586886197460387, 21.923690188570035 ], [ 86.583862658485458, 21.916242669344907 ], [ 86.58064789155452, 21.913040815023489 ], [ 86.577519554646656, 21.898631829960888 ], [ 86.575763336965295, 21.896702964625167 ], [ 86.568959130657674, 21.894634458608099 ], [ 86.566021116831564, 21.88661765629168 ] ], [ [ 86.586167653852783, 21.946157104748664 ], [ 86.58671058846285, 21.944265752298463 ], [ 86.584331403031257, 21.93987352191013 ], [ 86.587760957622123, 21.934303375746559 ], [ 86.584172566673644, 21.929551241732188 ], [ 86.586880369702186, 21.923687683998295 ] ] ] } },
{ "type": "Feature", "properties": { "River_Name": "Bhajam Nala", "Basin": "Budhabalang" }, "geometry": { "type": "LineString", "coordinates": [ [ 86.52053316643503, 21.921739382603654 ], [ 86.518208072303281, 21.922130102625317 ], [ 86.513640431816299, 21.927103655595744 ], [ 86.501415949210468, 21.92988126013201 ], [ 86.491079522199485, 21.936656999002423 ] ] } },
{ "type": "Feature", "properties": { "River_Name": "Kukrakhurpi Nadi", "Basin": "Budhabalang" }, "geometry": { "type": "MultiLineString", "coordinates": [ [ [ 86.499997753375752, 21.839514441369225 ], [ 86.495746574827621, 21.840382364012388 ] ], [ [ 86.499997737668068, 21.839518958568348 ], [ 86.506991493956136, 21.831810989566922 ], [ 86.51258800263706, 21.829325054749429 ], [ 86.517517079251888, 21.82383299659811 ], [ 86.522238254037291, 21.825477462455375 ], [ 86.524104291277297, 21.830293740514755 ] ], [ [ 86.495741847323586, 21.840350728852169 ], [ 86.490267544104768, 21.843649558273949 ] ] ] } },
{ "type": "Feature", "properties": { "River_Name": "Sarali Nadi", "Basin": "Budhabalang" }, "geometry": { "type": "MultiLineString", "coordinates": [ [ [ 86.772690246623625, 21.93089566238147 ], [ 86.76905813578982, 21.934454746084555 ], [ 86.763436196448978, 21.934871377892147 ], [ 86.758724502405101, 21.938144082674704 ], [ 86.749996557508723, 21.937046891036974 ] ], [ [ 86.749996565401432, 21.937042373761649 ], [ 86.743032775317786, 21.935048546741726 ], [ 86.742498708158152, 21.933177554246917 ], [ 86.737158204123588, 21.935883991472021 ], [ 86.730708358726005, 21.933632979703567 ], [ 86.728105198729452, 21.930204593556248 ], [ 86.729450251604561, 21.920435917479107 ], [ 86.727063848318139, 21.917721600178119 ] ] ] } },
{ "type": "Feature", "properties": { "River_Name": "Sindhua nadi", "Basin": "Budhabalang" }, "geometry": { "type": "MultiLineString", "coordinates": [ [ [ 86.724457042287412, 21.533187474196833 ], [ 86.727632883685899, 21.538997675938216 ], [ 86.736289858671014, 21.547301195891116 ], [ 86.739821093510301, 21.554638637044384 ], [ 86.746786100894852, 21.562080637160232 ] ], [ [ 86.746805355147302, 21.562116806337688 ], [ 86.747663093563034, 21.563197787461299 ] ], [ [ 86.747672744319331, 21.563202319563764 ], [ 86.748333927815423, 21.563451781302323 ], [ 86.749998075304461, 21.564597211127111 ] ], [ [ 86.749983602794572, 21.564588154434666 ], [ 86.755535115178745, 21.568802174317778 ] ] ] } },
{ "type": "Feature", "properties": { "River_Name": "Ganghar nadi", "Basin": "Budhabalang" }, "geometry": { "type": "MultiLineString", "coordinates": [ [ [ 86.597980264811412, 21.734027355572543 ], [ 86.600038821579474, 21.732686169967831 ], [ 86.599378407794688, 21.731394431085796 ], [ 86.604959977975923, 21.732964505446734 ], [ 86.608803129870509, 21.731397071721375 ], [ 86.609816424797316, 21.733938214875089 ], [ 86.612518514709549, 21.732372519874449 ], [ 86.61236312311776, 21.734427552488359 ], [ 86.616274263473883, 21.734554112662611 ], [ 86.617726562904764, 21.73752537378525 ], [ 86.620520770594808, 21.737698943214895 ], [ 86.621365711449528, 21.7363095318692 ], [ 86.624716608662169, 21.73808344665602 ] ], [ [ 86.54596047638384, 21.748158605469197 ], [ 86.554727560813944, 21.7464161495942 ], [ 86.558605010956015, 21.748156669850616 ], [ 86.562062200048857, 21.74500372478121 ], [ 86.56475100873412, 21.746478947967734 ], [ 86.56721218798566, 21.746480883926758 ], [ 86.568634797078388, 21.744519558885749 ], [ 86.573460474733224, 21.74613119889424 ], [ 86.585313711494223, 21.738748365485371 ], [ 86.587549645405858, 21.739698074661437 ], [ 86.589584793215565, 21.738149166186105 ], [ 86.5893432505178, 21.736373251480302 ], [ 86.596419383474966, 21.737203771206438 ], [ 86.597965697299685, 21.734049906949473 ] ] ] } },
{ "type": "Feature", "properties": { "River_Name": "Bangarha Nadi", "Basin": "Budhabalang" }, "geometry": { "type": "LineString", "coordinates": [ [ 86.624934795494497, 21.737849038479045 ], [ 86.622772848878412, 21.739958249570318 ], [ 86.619068606339653, 21.740157566710153 ], [ 86.618425743060314, 21.741908819189014 ], [ 86.613381182146313, 21.740641292168288 ], [ 86.612153869351687, 21.742138181834061 ], [ 86.609795668640416, 21.741626697398715 ], [ 86.603551908933639, 21.7474708600007 ], [ 86.604936620356952, 21.750395303041142 ], [ 86.603221157138975, 21.753460062344942 ], [ 86.605337730697073, 21.755746380400819 ], [ 86.601385740060337, 21.761455855287615 ], [ 86.604173531071822, 21.762366016009409 ], [ 86.603125596651836, 21.763596737682182 ], [ 86.604381047819615, 21.771342453257869 ], [ 86.599285368217679, 21.7759694799628 ], [ 86.597592749521809, 21.782867839711546 ], [ 86.598397537398839, 21.785652466729523 ], [ 86.597142984966666, 21.788048110374618 ], [ 86.594218346048152, 21.789201906262132 ], [ 86.595273877295071, 21.79052806837689 ], [ 86.594050400888221, 21.792160335797107 ], [ 86.591673245590698, 21.792954043646557 ], [ 86.590630841073406, 21.797229359203218 ], [ 86.588582514608404, 21.796325326558826 ], [ 86.58810070623619, 21.793970607045107 ], [ 86.582628231553599, 21.799160686748984 ] ] } },
{ "type": "Feature", "properties": { "River_Name": "Sanja Nadi", "Basin": "Budhabalang" }, "geometry": { "type": "MultiLineString", "coordinates": [ [ [ 86.590359891826907, 21.629892257849203 ], [ 86.589809568699593, 21.629728274416053 ] ], [ [ 86.590359891826907, 21.629892257849203 ], [ 86.593398073555051, 21.63017979555168 ], [ 86.594757228364088, 21.626171659276483 ], [ 86.596971630533403, 21.625576226735092 ], [ 86.596961031844003, 21.624171287458619 ], [ 86.598963265920744, 21.625165440985135 ], [ 86.603709549099861, 21.620907867938548 ], [ 86.604543249628406, 21.616347264997863 ], [ 86.611165017257974, 21.613313620010903 ], [ 86.610855650542163, 21.611578207554757 ], [ 86.615645390558683, 21.608856302492608 ], [ 86.615974057908588, 21.606959743491874 ] ], [ [ 86.551791216751383, 21.687533760704799 ], [ 86.554055531250611, 21.686785464911519 ], [ 86.555020180132459, 21.684294474570965 ], [ 86.560031269889549, 21.683029426438566 ], [ 86.560204136292569, 21.675436199191775 ], [ 86.561818727486525, 21.675309466420103 ], [ 86.56256242034965, 21.672298345170638 ], [ 86.565479005985196, 21.674731832467032 ], [ 86.569034382948857, 21.668787209298475 ], [ 86.56802610382735, 21.664949339639545 ], [ 86.569880301808737, 21.663833844819457 ], [ 86.570120574065854, 21.659398403962292 ], [ 86.573691310053036, 21.656254478294187 ], [ 86.571765091608185, 21.64742707586408 ], [ 86.572963669121407, 21.645704519904971 ], [ 86.572022187621968, 21.643809312696728 ], [ 86.57365611708147, 21.64355602223031 ], [ 86.573053717368765, 21.639728247831851 ], [ 86.576981931352194, 21.638075893751701 ], [ 86.576864810146844, 21.636815243263765 ], [ 86.581753772609375, 21.63705800560664 ], [ 86.583238947196349, 21.633045771611179 ], [ 86.584124999620244, 21.634077957340384 ], [ 86.587436869084115, 21.629889546826586 ], [ 86.590359891826907, 21.629892257849203 ] ] ] } },
{ "type": "Feature", "properties": { "River_Name": "Kulha Nadi", "Basin": "Budhabalang" }, "geometry": { "type": "LineString", "coordinates": [ [ 86.525738218568577, 21.693817219717939 ], [ 86.531570107831229, 21.691511880549914 ], [ 86.536204491728327, 21.685760770781044 ], [ 86.536183559304831, 21.683240031939917 ], [ 86.538560397578166, 21.683585460717151 ], [ 86.544320479060545, 21.674715743888587 ], [ 86.543258353751895, 21.669757282387167 ], [ 86.546884143682917, 21.667820236383555 ], [ 86.548310048539719, 21.663080889919911 ], [ 86.554451276875398, 21.657089381272748 ], [ 86.560949163460393, 21.656027034442634 ], [ 86.560145499479617, 21.650143284197071 ], [ 86.562020182084993, 21.650202446088706 ], [ 86.566434713181067, 21.646026414037671 ], [ 86.565664692071707, 21.641759992739185 ], [ 86.567550803099905, 21.641191204047889 ], [ 86.567691169713299, 21.637862255230033 ], [ 86.571605638258816, 21.631042096200087 ], [ 86.570101257506522, 21.62674668861964 ] ] } },
{ "type": "Feature", "properties": { "River_Name": "Pakra Nadi", "Basin": "Budhabalang" }, "geometry": { "type": "LineString", "coordinates": [ [ 86.570101257506536, 21.62674668861964 ], [ 86.569058063601247, 21.623360458962576 ], [ 86.571967053636641, 21.623160172326507 ], [ 86.573487577424771, 21.620313600711224 ], [ 86.575054950104914, 21.621252715018631 ], [ 86.578716183891714, 21.619857118632904 ], [ 86.580029839053211, 21.616653084712802 ] ] } },
{ "type": "Feature", "properties": { "River_Name": "Kantiali Nadi", "Basin": "Budhabalang" }, "geometry": { "type": "MultiLineString", "coordinates": [ [ [ 86.449753382376386, 21.558979481364194 ], [ 86.455398874326889, 21.564057481306797 ], [ 86.459107655497618, 21.57188009653769 ] ], [ [ 86.459102876382133, 21.571866528911627 ], [ 86.469184199795563, 21.577884475485991 ], [ 86.473109962052206, 21.576758562011808 ], [ 86.477330027195421, 21.578393595802115 ], [ 86.482925744941639, 21.577566311728681 ], [ 86.483155858543839, 21.579410116629631 ], [ 86.501307227555884, 21.570579748518718 ], [ 86.500095057188517, 21.567757262621917 ], [ 86.50190003028149, 21.563868673154932 ], [ 86.505162175194258, 21.563155607857464 ], [ 86.505475322656764, 21.559104429678477 ], [ 86.507104279061153, 21.560071461308478 ], [ 86.512384838366657, 21.557923157115333 ], [ 86.515013553373763, 21.553047508704797 ], [ 86.515436717134335, 21.555036398990154 ], [ 86.51906108097981, 21.554229243520375 ], [ 86.52034703470197, 21.558190199497105 ], [ 86.522324174315941, 21.556086246644519 ], [ 86.523668392390348, 21.557025197292159 ], [ 86.528904359876037, 21.555120176330632 ], [ 86.531052125771694, 21.556969337390811 ], [ 86.531818230950563, 21.552987129960414 ], [ 86.53393065375603, 21.552297366421818 ], [ 86.544555663173199, 21.553356702868136 ] ] ] } },
{ "type": "Feature", "properties": { "River_Name": "Rasaniya Nadi", "Basin": "Budhabalang" }, "geometry": { "type": "LineString", "coordinates": [ [ 86.569360676019485, 21.625583801604229 ], [ 86.567956786809134, 21.628155073965196 ], [ 86.563470364251842, 21.629119110814152 ], [ 86.563169444859298, 21.631182767546836 ], [ 86.557052734133919, 21.634369407828181 ], [ 86.555317281789598, 21.631509786660338 ], [ 86.551600129764935, 21.630505976821841 ], [ 86.548836123963028, 21.633751013628924 ], [ 86.545873292543533, 21.631005412352849 ], [ 86.539678326940361, 21.638952508111643 ], [ 86.532076771981707, 21.639337841741138 ], [ 86.531471297900168, 21.645795972997586 ], [ 86.521230293337581, 21.646430829462386 ] ] } },
{ "type": "Feature", "properties": { "River_Name": "Kushbhadra Nadi", "Basin": "Budhabalang" }, "geometry": { "type": "LineString", "coordinates": [ [ 86.376080822020398, 21.602122361354532 ], [ 86.375643210142215, 21.592656961808672 ], [ 86.377863066471434, 21.59199219353512 ], [ 86.377647076341418, 21.588282672898792 ], [ 86.380113089772905, 21.584235322999977 ], [ 86.378330950702505, 21.581956469090709 ], [ 86.379291190859988, 21.579895636519836 ], [ 86.376967950402531, 21.572026826034964 ], [ 86.380478698104895, 21.570946726204234 ], [ 86.380466097768945, 21.567093400905833 ], [ 86.390110313523451, 21.558966156958896 ], [ 86.392113686501546, 21.553854404873523 ] ] } },
{ "type": "Feature", "properties": { "River_Name": "Kenduchua Nala", "Basin": "Budhabalang" }, "geometry": { "type": "LineString", "coordinates": [ [ 86.451253460090641, 21.663172459333619 ], [ 86.458033455975723, 21.668344472317312 ], [ 86.465876023586091, 21.677761397891693 ] ] } },
{ "type": "Feature", "properties": { "River_Name": "Kuajhari Nala", "Basin": "Budhabalang" }, "geometry": { "type": "LineString", "coordinates": [ [ 86.470749989037614, 21.722096314847192 ], [ 86.474869582536158, 21.721924214553745 ], [ 86.480375145449344, 21.72621042145547 ], [ 86.484000275090381, 21.726443101129121 ], [ 86.489195663391641, 21.733804334124084 ], [ 86.488984678305485, 21.741514708068731 ], [ 86.492716924222307, 21.745781478045405 ] ] } },
{ "type": "Feature", "properties": { "River_Name": "Potaladiha Nala", "Basin": "Budhabalang" }, "geometry": { "type": "LineString", "coordinates": [ [ 86.376080822020398, 21.602122361354532 ], [ 86.377290972033819, 21.611685507272412 ], [ 86.374002239929268, 21.612576623395682 ], [ 86.364519255913365, 21.625889252753471 ] ] } },
{ "type": "Feature", "properties": { "River_Name": "Baniapada Nala", "Basin": "Budhabalang" }, "geometry": { "type": "LineString", "coordinates": [ [ 86.361085671570834, 21.657424735213077 ], [ 86.366277151202468, 21.655940376658094 ], [ 86.372256774776474, 21.656550331836982 ], [ 86.397169758709055, 21.66517126873612 ] ] } },
{ "type": "Feature", "properties": { "River_Name": "Makaria Nala", "Basin": "Budhabalang" }, "geometry": { "type": "LineString", "coordinates": [ [ 86.357510427054365, 21.680195986579086 ], [ 86.364280773893611, 21.673739799978055 ], [ 86.368639155613479, 21.672812329281463 ], [ 86.374242218223969, 21.675733632733603 ], [ 86.378683155457622, 21.682607526773889 ] ] } },
{ "type": "Feature", "properties": { "River_Name": "Jampani nala", "Basin": "Budhabalang" }, "geometry": { "type": "LineString", "coordinates": [ [ 86.368333106665816, 21.688702877210101 ], [ 86.37262836715837, 21.690173734556286 ], [ 86.380428373022326, 21.685889069081572 ], [ 86.383918448991054, 21.685771066260724 ] ] } },
{ "type": "Feature", "properties": { "River_Name": "Jagadiha Nala", "Basin": "Budhabalang" }, "geometry": { "type": "LineString", "coordinates": [ [ 86.382846738598658, 21.718363597156042 ], [ 86.394342416400107, 21.711499131881659 ], [ 86.413125415621536, 21.710852978141197 ], [ 86.416616994293221, 21.705711096906452 ], [ 86.423422244941548, 21.705929148941564 ], [ 86.434519841391065, 21.70248454975571 ], [ 86.437321629369762, 21.699219048258687 ] ] } },
{ "type": "Feature", "properties": { "River_Name": "Admukha Nala", "Basin": "Budhabalang" }, "geometry": { "type": "MultiLineString", "coordinates": [ [ [ 86.410210484060187, 21.710851665574218 ], [ 86.410653768105874, 21.713581671507331 ], [ 86.406797659294298, 21.719101559899475 ], [ 86.398880662249667, 21.722198967175512 ], [ 86.396316221534846, 21.721566261706371 ], [ 86.390852617601013, 21.72518264884739 ] ], [ [ 86.390736115097113, 21.725295151593041 ], [ 86.388161110477313, 21.726012937445443 ] ] ] } },
{ "type": "Feature", "properties": { "River_Name": "Bhola Nala", "Basin": "Budhabalang" }, "geometry": { "type": "LineString", "coordinates": [ [ 86.432917400199116, 21.502288691364313 ], [ 86.436198041322285, 21.509021677428887 ], [ 86.446313548717427, 21.513550332567696 ] ] } },
{ "type": "Feature", "properties": { "River_Name": "Khantalia Nadi", "Basin": "Budhabalang" }, "geometry": { "type": "LineString", "coordinates": [ [ 86.459052758045374, 21.630840422422942 ], [ 86.468600140016349, 21.629385010823547 ], [ 86.482102170803699, 21.631211975873875 ], [ 86.494322682490264, 21.625146649165313 ], [ 86.499994248223274, 21.62664549635695 ], [ 86.503612747517209, 21.625274025785952 ] ] } },
{ "type": "Feature", "properties": { "River_Name": "Purnapani Nala", "Basin": "Budhabalang" }, "geometry": { "type": "LineString", "coordinates": [ [ 86.4226382154622, 21.513849599289635 ], [ 86.417261000204164, 21.508843731565033 ], [ 86.417081505211399, 21.506643140860486 ], [ 86.410292700018388, 21.505855869805419 ], [ 86.40891857476494, 21.507838657465797 ], [ 86.406461001624422, 21.505575770791324 ], [ 86.402841659723904, 21.505309895684363 ], [ 86.40284272065135, 21.502685305286267 ], [ 86.401055817844409, 21.501716706520327 ], [ 86.394627271574166, 21.500270559577277 ], [ 86.371599022918417, 21.527976246748022 ], [ 86.367571086866818, 21.529420129848624 ], [ 86.357030599259701, 21.528544139879148 ] ] } },
{ "type": "Feature", "properties": { "River_Name": "Askapara Nala", "Basin": "Budhabalang" }, "geometry": { "type": "LineString", "coordinates": [ [ 86.361936539093662, 21.644142716530716 ], [ 86.36629542218131, 21.644005811409432 ], [ 86.374979439393002, 21.647078835694259 ], [ 86.379226532764505, 21.650505307527236 ], [ 86.386159427018598, 21.650756936107715 ], [ 86.39059141169048, 21.652819586042344 ], [ 86.397169758709055, 21.66517126873612 ] ] } },
{ "type": "Feature", "properties": { "River_Name": "Katuribentia Nala", "Basin": "Budhabalang" }, "geometry": { "type": "LineString", "coordinates": [ [ 86.438340838004308, 21.57191979488195 ], [ 86.450398738609479, 21.576093398266075 ], [ 86.459102876382133, 21.571866528911627 ] ] } },
{ "type": "Feature", "properties": { "River_Name": "Bhaira Nala", "Basin": "Budhabalang" }, "geometry": { "type": "LineString", "coordinates": [ [ 86.435962585261677, 21.645991569596372 ], [ 86.438807753950044, 21.647455780984981 ], [ 86.449456803077609, 21.646339494745888 ], [ 86.454617159869159, 21.636084106239899 ], [ 86.459052758045402, 21.630840422422942 ] ] } },
{ "type": "Feature", "properties": { "River_Name": "Kala Nala", "Basin": "Budhabalang" }, "geometry": { "type": "LineString", "coordinates": [ [ 86.39814799475279, 21.517426694927472 ], [ 86.40140816710165, 21.513517342708251 ], [ 86.408672480102339, 21.513782649998046 ], [ 86.411998780228373, 21.511345980854355 ], [ 86.41505509863336, 21.511207642435004 ], [ 86.421255131325211, 21.514459174232364 ], [ 86.423762745588448, 21.513921245018093 ], [ 86.430677657408637, 21.519632353884429 ] ] } },
{ "type": "Feature", "properties": { "River_Name": "Sarua Nala", "Basin": "Budhabalang" }, "geometry": { "type": "LineString", "coordinates": [ [ 86.397169758709055, 21.66517126873612 ], [ 86.404525765916105, 21.672014401230189 ], [ 86.407440835398944, 21.677703061036464 ], [ 86.411042890928641, 21.677331914996596 ], [ 86.414387137705347, 21.680957579684208 ], [ 86.417845025440101, 21.679194453602189 ], [ 86.421198121916078, 21.685498767079764 ], [ 86.419905438468376, 21.688466626007468 ], [ 86.421453034027252, 21.688232614731412 ], [ 86.422065512994905, 21.690994811280216 ], [ 86.425435942508628, 21.690604482433073 ], [ 86.429542653780459, 21.694711320565805 ], [ 86.436242698516409, 21.696997394464297 ], [ 86.437321629369762, 21.699219048258687 ] ] } },
{ "type": "Feature", "properties": { "River_Name": "Kurala Nala", "Basin": "Budhabalang" }, "geometry": { "type": "LineString", "coordinates": [ [ 86.424013910899347, 21.747928233640081 ], [ 86.431107201947597, 21.744271198643663 ], [ 86.438344325380712, 21.747055960389275 ], [ 86.443758593236552, 21.746125617628088 ], [ 86.441915261724716, 21.74265466890202 ], [ 86.441776117023522, 21.736117710025852 ] ] } },
{ "type": "Feature", "properties": { "River_Name": "Palandar nala", "Basin": "Budhabalang" }, "geometry": { "type": "LineString", "coordinates": [ [ 86.423538150921601, 21.660996070547554 ], [ 86.43468450646057, 21.670190971882406 ], [ 86.440013093942795, 21.679442403050185 ], [ 86.446224045109062, 21.681839349242182 ], [ 86.455062425712512, 21.682207411061267 ], [ 86.465876023586091, 21.677761397891693 ], [ 86.467844866840323, 21.674632704288825 ], [ 86.47094024994496, 21.673992106355964 ] ] } },
{ "type": "Feature", "properties": { "River_Name": "Gundriya Nala", "Basin": "Budhabalang" }, "geometry": { "type": "LineString", "coordinates": [ [ 86.403660822181891, 21.642585654990057 ], [ 86.408951493292889, 21.640242008836168 ], [ 86.408550627445138, 21.633080652313947 ], [ 86.404834625322792, 21.627330407842759 ], [ 86.397056373845089, 21.599340221043398 ], [ 86.414178695740461, 21.587642755765643 ] ] } },
{ "type": "Feature", "properties": { "River_Name": "Dulungi Nala", "Basin": "Budhabalang" }, "geometry": { "type": "LineString", "coordinates": [ [ 86.39280577789367, 21.530896176744797 ], [ 86.394213422732449, 21.525593400632708 ], [ 86.397004369766293, 21.523150582323215 ], [ 86.39814799475279, 21.517426694927472 ] ] } },
{ "type": "Feature", "properties": { "River_Name": "Hatisala Nala", "Basin": "Budhabalang" }, "geometry": { "type": "LineString", "coordinates": [ [ 86.378683155457622, 21.682607526773889 ], [ 86.390902333378023, 21.689243530854068 ], [ 86.395339548700008, 21.69382220659822 ], [ 86.396346784118492, 21.696852444893064 ], [ 86.393729213937618, 21.699783634488032 ], [ 86.408462255205379, 21.704521260286139 ], [ 86.410210484060215, 21.710851665574218 ] ] } },
{ "type": "Feature", "properties": { "River_Name": "Kukurmarichi Nala", "Basin": "Budhabalang" }, "geometry": { "type": "LineString", "coordinates": [ [ 86.376080822020398, 21.602122361354532 ], [ 86.370967361423837, 21.602789740548619 ], [ 86.369068665983576, 21.605095409621615 ], [ 86.361968003613143, 21.60395256144853 ], [ 86.35484934253958, 21.609074822593971 ], [ 86.34977297459686, 21.606773830572745 ], [ 86.345495576032775, 21.607299132936426 ], [ 86.342947375570446, 21.609990422410615 ], [ 86.345455562602638, 21.615118387423575 ], [ 86.343446603549879, 21.623530669059875 ] ] } },
{ "type": "Feature", "properties": { "River_Name": "Sunai Nala", "Basin": "Budhabalang" }, "geometry": { "type": "MultiLineString", "coordinates": [ [ [ 86.378286434412161, 21.334123629319343 ], [ 86.368110795077044, 21.335739067735538 ], [ 86.369279554467695, 21.339800120081488 ], [ 86.36716537285092, 21.341866251164987 ] ], [ [ 86.366481938227665, 21.350095100339246 ], [ 86.364051762418953, 21.354565976389956 ], [ 86.36657780513012, 21.361487188251537 ], [ 86.363686201089337, 21.367750956588445 ], [ 86.366538990923999, 21.376118975530819 ] ] ] } },
{ "type": "Feature", "properties": { "River_Name": "Bara nadi", "Basin": "Budhabalang" }, "geometry": { "type": "LineString", "coordinates": [ [ 86.502377570259142, 21.397849610493196 ], [ 86.501005223046675, 21.401400792378922 ], [ 86.496743335792701, 21.403515787397897 ], [ 86.493310635994135, 21.408551469491368 ], [ 86.494327660290892, 21.418614953892408 ], [ 86.497307924037017, 21.424614087692284 ], [ 86.494870713619221, 21.42624207941962 ], [ 86.495671863756797, 21.430382492440543 ], [ 86.493693612722694, 21.431804042226659 ], [ 86.493048614485701, 21.435551584410554 ], [ 86.496708326017398, 21.443301034518207 ], [ 86.500921317630585, 21.444555949650272 ], [ 86.500636846340285, 21.450161267251765 ], [ 86.503250739551063, 21.450607239711275 ], [ 86.503799321910961, 21.452483612159885 ], [ 86.502182374515925, 21.453762329648146 ] ] } },
{ "type": "Feature", "properties": { "River_Name": "Dechua Nala", "Basin": "Budhabalang" }, "geometry": { "type": "LineString", "coordinates": [ [ 86.549745868444546, 21.442263993434263 ], [ 86.55409443076752, 21.44668921630322 ], [ 86.556001309379653, 21.452783853531475 ], [ 86.560086203204833, 21.456792614299015 ], [ 86.562163980384184, 21.462345531319059 ], [ 86.561398828228775, 21.464482961454124 ] ] } },
{ "type": "Feature", "properties": { "River_Name": "Dhakunia Nadi", "Basin": "Budhabalang" }, "geometry": { "type": "LineString", "coordinates": [ [ 86.569683493216871, 21.43741494795254 ], [ 86.570770868785672, 21.443421490214472 ], [ 86.573310413466871, 21.446242381365195 ], [ 86.572462347783457, 21.455763086954438 ], [ 86.57451250678271, 21.462675550247472 ], [ 86.572544372555157, 21.465697246367558 ], [ 86.575740542743389, 21.47356580232827 ], [ 86.575924451852401, 21.485690722885511 ] ] } },
{ "type": "Feature", "properties": { "River_Name": "Gohira Nadi", "Basin": "Budhabalang" }, "geometry": { "type": "LineString", "coordinates": [ [ 86.637765311615325, 21.470752706730075 ], [ 86.634697227949772, 21.472132906664186 ], [ 86.632617271881443, 21.475918534314104 ], [ 86.634657642441837, 21.480264323453511 ], [ 86.64185025548052, 21.485737028840941 ], [ 86.643206578992007, 21.493650068212784 ], [ 86.641100811179655, 21.500235300045766 ], [ 86.643241503552758, 21.503082668237237 ] ] } },
{ "type": "Feature", "properties": { "River_Name": "Hulhula Nala", "Basin": "Budhabalang" }, "geometry": { "type": "MultiLineString", "coordinates": [ [ [ 86.958619091644437, 21.574406430786276 ], [ 86.957819644509001, 21.566514127012187 ], [ 86.953783027206526, 21.564001315070918 ], [ 86.951280609857591, 21.55196591816679 ] ], [ [ 86.942425629613766, 21.609705923772726 ], [ 86.942919140816571, 21.6077635705002 ], [ 86.947127796530197, 21.604955077627267 ], [ 86.95042225103775, 21.605231659224184 ], [ 86.952452171230021, 21.602124212099998 ], [ 86.955239677993404, 21.601352492604391 ], [ 86.956047218455495, 21.598601549408148 ], [ 86.952996914503686, 21.590622803329605 ], [ 86.960182010970229, 21.581377335304779 ], [ 86.960077071848559, 21.576561641223471 ], [ 86.958546579276842, 21.574641323560929 ] ], [ [ 86.94215493006952, 21.610134991937837 ], [ 86.94351171835109, 21.611915351150859 ], [ 86.941562104269025, 21.618740608803911 ], [ 86.944822357832351, 21.620819767921262 ], [ 86.94443889418956, 21.625517828146354 ], [ 86.946182253114387, 21.627614515358623 ], [ 86.945722286800375, 21.63022998982651 ], [ 86.942726060167999, 21.631909488600321 ] ] ] } },
{ "type": "Feature", "properties": { "River_Name": "Prasanna Nala", "Basin": "Budhabalang" }, "geometry": { "type": "LineString", "coordinates": [ [ 86.872611059088044, 21.564180393371078 ], [ 86.871585138086843, 21.572044593414791 ], [ 86.867762056297693, 21.564542534732883 ], [ 86.862137865527046, 21.567510499350842 ], [ 86.859989110640541, 21.567138271853548 ], [ 86.859552180472363, 21.559476203099138 ], [ 86.855503390002298, 21.556540875261064 ], [ 86.849686162095594, 21.554755830290858 ], [ 86.84481890581435, 21.558902965726066 ], [ 86.839181445191201, 21.556164526881414 ] ] } },
{ "type": "Feature", "properties": { "River_Name": "Barajor Nala", "Basin": "Budhabalang" }, "geometry": { "type": "LineString", "coordinates": [ [ 86.784454310848318, 21.828490156411458 ], [ 86.782969461147232, 21.824973707932546 ], [ 86.779117008808356, 21.822714436692632 ], [ 86.775745468846353, 21.816168756671477 ], [ 86.76857758620838, 21.812129381214728 ], [ 86.769897519984681, 21.809560847266216 ], [ 86.76713873420448, 21.807433820346844 ], [ 86.769270644833938, 21.805291064760095 ], [ 86.768983649893002, 21.800249283920142 ], [ 86.767395128787157, 21.798440108217797 ], [ 86.767018093882555, 21.789300938036778 ], [ 86.763799566163513, 21.784634440884069 ], [ 86.766831916196864, 21.778806813301962 ], [ 86.761686695302316, 21.775393374295248 ], [ 86.760871267411375, 21.771317520812381 ], [ 86.763503384093568, 21.764680752766687 ], [ 86.761261747627259, 21.760381499210659 ], [ 86.763861766309333, 21.758451788659674 ], [ 86.766554384136398, 21.759024800601157 ], [ 86.766895961567982, 21.757123461343451 ] ] } },
{ "type": "Feature", "properties": { "River_Name": "Chipat nala", "Basin": "Budhabalang" }, "geometry": { "type": "LineString", "coordinates": [ [ 86.70113008823661, 22.10713531271406 ], [ 86.702272660546939, 22.105242802639182 ], [ 86.70146136535125, 22.101332784807294 ], [ 86.699279931391871, 22.099554706308457 ], [ 86.701209005937883, 22.091295044945316 ], [ 86.698884819891632, 22.084771300218485 ], [ 86.700515308555097, 22.080395056042402 ], [ 86.698624453521816, 22.077641513929109 ], [ 86.699153929252361, 22.070940322114371 ], [ 86.69790247564157, 22.06776197235434 ], [ 86.698548831831317, 22.062293464263639 ], [ 86.702765684727481, 22.057744490680506 ] ] } },
{ "type": "Feature", "properties": { "River_Name": "Sankri Nala", "Basin": "Budhabalang" }, "geometry": { "type": "LineString", "coordinates": [ [ 86.578256994909324, 22.036351621013914 ], [ 86.579878389915763, 22.039824526580659 ], [ 86.587017369298948, 22.040426936069625 ], [ 86.589793677754656, 22.036670742233422 ], [ 86.593402232921434, 22.035520089007864 ], [ 86.598017436357154, 22.037561954257672 ], [ 86.600493221666738, 22.033349412887038 ], [ 86.604977425365078, 22.036831474801847 ], [ 86.60735559247432, 22.036700864384773 ], [ 86.607767023160307, 22.038466443943321 ], [ 86.610024305690786, 22.036380557096052 ], [ 86.613177247933606, 22.036588506450233 ], [ 86.612828284259123, 22.038661071496826 ], [ 86.616712543556588, 22.040445011281584 ], [ 86.617104827941091, 22.042278281121696 ], [ 86.619453960586071, 22.041149581155238 ], [ 86.619497393877296, 22.04324475415374 ], [ 86.623440108578393, 22.042793295465263 ], [ 86.623716143230226, 22.045159491631544 ], [ 86.625832734733251, 22.044346730627847 ], [ 86.626631996863182, 22.047611411130276 ], [ 86.6290925685649, 22.046342523919495 ], [ 86.627000061681414, 22.045023991014791 ], [ 86.628545154485721, 22.045403333625384 ], [ 86.629378248960052, 22.043592563008538 ] ] } },
{ "type": "Feature", "properties": { "River_Name": "Kaonra Nala", "Basin": "Budhabalang" }, "geometry": { "type": "LineString", "coordinates": [ [ 87.002873334657494, 21.557168167825758 ], [ 87.008750404643905, 21.557402874249284 ], [ 87.015549083391875, 21.550341483422145 ], [ 87.021547125061289, 21.553986461431013 ], [ 87.026717609706068, 21.546314948481669 ], [ 87.027643243298456, 21.538440737010113 ], [ 87.029197811508254, 21.53737433371942 ] ] } },
{ "type": "Feature", "properties": { "River_Name": "Madhabi Nadi", "Basin": "Budhabalang" }, "geometry": { "type": "LineString", "coordinates": [ [ 86.70119831767299, 21.81503427378026 ], [ 86.703447142333019, 21.820070644747222 ], [ 86.701858450394511, 21.823311231307802 ], [ 86.698128986776823, 21.825328218876333 ], [ 86.693848653334044, 21.824705977606015 ], [ 86.689470882684319, 21.828898916977121 ], [ 86.682009450186882, 21.824977219637184 ], [ 86.678491929840987, 21.827269725056055 ], [ 86.678413411594562, 21.829930277168234 ], [ 86.675989062197488, 21.832265508794737 ], [ 86.665037761138151, 21.837420488408561 ], [ 86.65910068805664, 21.845720182610339 ], [ 86.655262557441716, 21.844135663725595 ], [ 86.634825101223029, 21.849462752389893 ], [ 86.628706997625471, 21.846427018137987 ], [ 86.626764771986302, 21.84715895379324 ], [ 86.624477406760931, 21.844786697268532 ], [ 86.620505067775056, 21.846543868122446 ], [ 86.618441610434502, 21.845536267524924 ], [ 86.614176528503762, 21.848159927327792 ] ] } },
{ "type": "Feature", "properties": { "River_Name": "Ghudagadha Nadi", "Basin": "Budhabalang" }, "geometry": { "type": "LineString", "coordinates": [ [ 86.535377141477056, 22.016839990310569 ], [ 86.535455650946929, 22.017403888229346 ] ] } },
{ "type": "Feature", "properties": { "River_Name": "Tarthari Nala", "Basin": "Budhabalang" }, "geometry": { "type": "LineString", "coordinates": [ [ 86.622964580125753, 21.460889905391284 ], [ 86.62504760641086, 21.469120962286606 ], [ 86.618822957018793, 21.477979255302987 ], [ 86.618734240038407, 21.480540472184789 ], [ 86.610649401326071, 21.486141593335745 ], [ 86.608160440653123, 21.492749373883683 ], [ 86.610905546198552, 21.496911872875668 ], [ 86.609920528505526, 21.498834022642306 ], [ 86.613373221968516, 21.50930001242752 ], [ 86.612833890855313, 21.516084008585427 ], [ 86.615272551614282, 21.521329913331396 ] ] } },
{ "type": "Feature", "properties": { "River_Name": "Baharada Nala", "Basin": "Budhabalang" }, "geometry": { "type": "LineString", "coordinates": [ [ 87.029197811508254, 21.537374333719438 ], [ 87.029974415778071, 21.533570429825318 ], [ 87.034223759735582, 21.535250136200712 ], [ 87.037660772968749, 21.532096154393294 ], [ 87.036709124890805, 21.530217070213116 ], [ 87.038103847978675, 21.527768250741804 ], [ 87.033106116317711, 21.525185283177269 ], [ 87.034790188521441, 21.521295335690503 ], [ 87.031786918736003, 21.519976811509789 ], [ 87.032766577984475, 21.518169603766328 ], [ 87.035986686148703, 21.517911440521125 ], [ 87.033929618484606, 21.516145510470697 ], [ 87.045026680308069, 21.514312904185964 ] ] } },
{ "type": "Feature", "properties": { "River_Name": "Kamala Nadi", "Basin": "Budhabalang" }, "geometry": { "type": "MultiLineString", "coordinates": [ [ [ 86.643241503552758, 21.503082668237237 ], [ 86.645808205017019, 21.505658583033327 ], [ 86.64760634788243, 21.504677573771556 ], [ 86.652173071178794, 21.506679360868645 ] ], [ [ 86.652174532248225, 21.506680031184189 ], [ 86.653628212107336, 21.509871734127621 ], [ 86.652856116621038, 21.511776511484491 ], [ 86.658046527086853, 21.517637370748609 ], [ 86.658199176430529, 21.520488217775068 ], [ 86.661597591058978, 21.522744850644344 ], [ 86.661340969742056, 21.525147632497251 ], [ 86.667872361108465, 21.527672480926 ], [ 86.667621205928526, 21.529835856262469 ], [ 86.669816122473961, 21.532812718807815 ], [ 86.676132430748751, 21.541101129227037 ], [ 86.678900785066929, 21.54257014584331 ], [ 86.679236307703974, 21.545895657240834 ], [ 86.684092460135346, 21.546600619396429 ], [ 86.689985835041995, 21.552326293583409 ], [ 86.693663192697102, 21.553412768837671 ], [ 86.69123657887144, 21.563708139277939 ], [ 86.699891158034688, 21.572862799592038 ], [ 86.701280951270917, 21.57812815076165 ], [ 86.704267319722334, 21.579737181626175 ], [ 86.720626494546167, 21.579467272606824 ] ] ] } },
{ "type": "Feature", "properties": { "River_Name": "Chakunda Nala", "Basin": "Budhabalang" }, "geometry": { "type": "MultiLineString", "coordinates": [ [ [ 86.749999373821765, 21.606054116691997 ], [ 86.753262987379102, 21.607206425183289 ], [ 86.758453618863584, 21.605763933953682 ], [ 86.764378383279109, 21.601354341175618 ], [ 86.772207517451079, 21.602133212597362 ], [ 86.773996122204565, 21.604416976119879 ], [ 86.776256611719859, 21.601447531996499 ], [ 86.780945758143488, 21.602339195863856 ] ], [ [ 86.741252182272788, 21.610788598895802 ], [ 86.746158953477746, 21.606052819599427 ], [ 86.749980082036728, 21.606036017834306 ] ] ] } },
{ "type": "Feature", "properties": { "River_Name": "Prasanna Nala", "Basin": "Budhabalang" }, "geometry": { "type": "LineString", "coordinates": [ [ 86.749980082036728, 21.606036017834306 ], [ 86.746158953477746, 21.606052819599427 ], [ 86.741252182272788, 21.610788598895802 ], [ 86.727386338189973, 21.611448591163082 ], [ 86.722429188959424, 21.614322531166458 ], [ 86.715460360884848, 21.613154287946855 ], [ 86.712827972760266, 21.60801793531218 ] ] } },
{ "type": "Feature", "properties": { "River_Name": "River / Nala", "Basin": "Budhabalang" }, "geometry": { "type": "LineString", "coordinates": [ [ 86.71990822809623, 22.057022157300722 ], [ 86.721956736867511, 22.056248869906099 ], [ 86.724554005130543, 22.057556839189939 ], [ 86.727987417954139, 22.06282874938988 ], [ 86.731119371511298, 22.072959524024849 ], [ 86.734147924889996, 22.073932873221921 ], [ 86.736690047401112, 22.078505327321182 ], [ 86.734585539749773, 22.082453305026199 ], [ 86.736461905141041, 22.084285265098107 ], [ 86.735844010099385, 22.08721620315616 ], [ 86.732403418052044, 22.092853763719255 ], [ 86.735029627201087, 22.099372380586544 ] ] } },
{ "type": "Feature", "properties": { "River_Name": "Kashi Khal", "Basin": "Budhabalang" }, "geometry": { "type": "LineString", "coordinates": [ [ 86.755005242248629, 22.050460780900909 ], [ 86.754962862507838, 22.050454250939275 ] ] } },
{ "type": "Feature", "properties": { "River_Name": "Kubuja Nala", "Basin": "Budhabalang" }, "geometry": { "type": "LineString", "coordinates": [ [ 86.597613105860006, 22.096267412594898 ], [ 86.591561161160413, 22.096690654572264 ], [ 86.587883999463841, 22.095217868361519 ], [ 86.578327836126121, 22.098592824289568 ], [ 86.574907428344886, 22.097232615590741 ], [ 86.564678527074122, 22.097947042685497 ], [ 86.56108862695956, 22.096866428475483 ], [ 86.555144194834511, 22.085588867290763 ] ] } },
{ "type": "Feature", "properties": { "River_Name": "River / Nala", "Basin": "Budhabalang" }, "geometry": { "type": "LineString", "coordinates": [ [ 86.785983555095754, 21.844488085433781 ], [ 86.787515377034595, 21.845872373911458 ], [ 86.786518571527736, 21.849146161646821 ], [ 86.788518989784762, 21.851095714299287 ], [ 86.789690851686473, 21.857132381753889 ], [ 86.785202324659608, 21.862145357144311 ], [ 86.785592496407688, 21.86659995780014 ], [ 86.782619049303406, 21.871135981510363 ], [ 86.783016192345755, 21.877343315570215 ], [ 86.779543974382577, 21.884995571266671 ], [ 86.780032912705764, 21.891248197509828 ] ] } },
{ "type": "Feature", "properties": { "River_Name": "River / Nala", "Basin": "Budhabalang" }, "geometry": { "type": "LineString", "coordinates": [ [ 86.823823468342141, 21.7802099949057 ], [ 86.820454001326638, 21.782803867777858 ], [ 86.815007761422635, 21.78295145392374 ], [ 86.814331972481952, 21.778153231380401 ], [ 86.810481311708131, 21.775099625275836 ], [ 86.809094026756128, 21.77087426975811 ], [ 86.804883153137993, 21.769776146855126 ], [ 86.802262116365341, 21.765883681659346 ] ] } },
{ "type": "Feature", "properties": { "River_Name": "Haldighasa Nala", "Basin": "Budhabalang" }, "geometry": { "type": "LineString", "coordinates": [ [ 86.426938383284906, 21.541221640612303 ], [ 86.423542213719827, 21.544119120462181 ], [ 86.420890152257755, 21.554156541707961 ], [ 86.416740295260155, 21.558248349068268 ], [ 86.417007733069184, 21.561411431367571 ], [ 86.409476960679697, 21.571499252087062 ], [ 86.409584885416777, 21.57466177322376 ], [ 86.404600859464196, 21.577015635090738 ], [ 86.397329208214273, 21.57309554256604 ] ] } },
{ "type": "Feature", "properties": { "River_Name": "River / Nala", "Basin": "Budhabalang" }, "geometry": { "type": "MultiLineString", "coordinates": [ [ [ 86.65566934614499, 21.438530530877198 ], [ 86.646040372934593, 21.435547335965715 ], [ 86.637810863138199, 21.430813440768858 ], [ 86.622275726939193, 21.428542950737452 ] ], [ [ 86.65566934614499, 21.438530530877198 ], [ 86.655669009862208, 21.4385309123242 ], [ 86.655886119636662, 21.438540393739871 ] ], [ [ 86.655886119636662, 21.438540393739871 ], [ 86.65566934614499, 21.438530530877198 ] ], [ [ 86.655886119636662, 21.438540393739871 ], [ 86.658119577618152, 21.438793433338549 ], [ 86.662511991611979, 21.446527320657196 ], [ 86.666746631847573, 21.449567066828532 ], [ 86.664222446380734, 21.451865959888227 ], [ 86.664575540409061, 21.453614950187056 ] ] ] } },
{ "type": "Feature", "properties": { "River_Name": "River / Nala", "Basin": "Budhabalang" }, "geometry": { "type": "LineString", "coordinates": [ [ 86.608916792307937, 21.420931893678375 ], [ 86.606298732056288, 21.416706396748399 ], [ 86.591274699555285, 21.408322049187781 ], [ 86.58846053551413, 21.403756984570936 ], [ 86.585230718120513, 21.402958458787843 ], [ 86.580570433476453, 21.398004696813725 ], [ 86.573712517867136, 21.397481440788752 ], [ 86.571093779945826, 21.395631615435082 ], [ 86.56558362606151, 21.402392277302276 ] ] } },
{ "type": "Feature", "properties": { "River_Name": "River / Nala", "Basin": "Budhabalang" }, "geometry": { "type": "LineString", "coordinates": [ [ 86.452072761058787, 21.428384342652738 ], [ 86.45162580479473, 21.425333605613712 ], [ 86.454881732007038, 21.420320831311429 ], [ 86.453400941379968, 21.416345169250821 ], [ 86.445435072612227, 21.40891489909783 ], [ 86.44176279704385, 21.395241936838868 ], [ 86.44834982883836, 21.385496983480646 ], [ 86.447915416072362, 21.381723471681763 ], [ 86.450545977667971, 21.378624088909547 ] ] } },
{ "type": "Feature", "properties": { "River_Name": "River / Nala", "Basin": "Budhabalang" }, "geometry": { "type": "MultiLineString", "coordinates": [ [ [ 86.586454054681226, 21.720410792687769 ], [ 86.587420029461171, 21.715647393807327 ], [ 86.585441909846395, 21.714269181626271 ], [ 86.578397319862262, 21.714635384697893 ], [ 86.577556845271729, 21.711087123552304 ], [ 86.57308498959739, 21.712814845173309 ], [ 86.565766662683359, 21.71259255154067 ], [ 86.558549745269275, 21.718753208899777 ] ], [ [ 86.586454054681226, 21.720410792687769 ], [ 86.586608338060813, 21.720598646663703 ] ], [ [ 86.586608338060813, 21.720598646663703 ], [ 86.586603405871188, 21.720591859434798 ], [ 86.586454054681226, 21.720410792687769 ] ], [ [ 86.586608338060813, 21.720598646663703 ], [ 86.586776668745557, 21.7208036037893 ] ], [ [ 86.586738241180441, 21.720777407193253 ], [ 86.586454054681226, 21.720410792687769 ] ], [ [ 86.586738241180441, 21.720777407193253 ], [ 86.586608338060813, 21.720598646663703 ] ], [ [ 86.586776668745557, 21.7208036037893 ], [ 86.586738241180441, 21.720777407193253 ] ], [ [ 86.606723200159493, 21.731744499382252 ], [ 86.603041880824094, 21.727186742462102 ], [ 86.596985031318795, 21.725080582817935 ], [ 86.5973193500744, 21.721345544102334 ], [ 86.595174347937075, 21.720802751725923 ], [ 86.591677127705594, 21.724895925335808 ], [ 86.586776668745557, 21.7208036037893 ] ] ] } },
{ "type": "Feature", "properties": { "River_Name": "Sanjo Nadi", "Basin": "Budhabalang" }, "geometry": { "type": "LineString", "coordinates": [ [ 86.451849094993904, 21.80438004026605 ], [ 86.452824300663949, 21.799789238332426 ], [ 86.459689609053243, 21.791644647593532 ], [ 86.458689839617904, 21.780953552711214 ], [ 86.463475551177467, 21.772485736063388 ] ] } },
{ "type": "Feature", "properties": { "River_Name": "Aswakoti Nala", "Basin": "Budhabalang" }, "geometry": { "type": "LineString", "coordinates": [ [ 86.391117765836498, 21.442263626292437 ], [ 86.385027311483839, 21.445986283558621 ], [ 86.387305445237956, 21.449305888244183 ], [ 86.386393063397065, 21.456318053882274 ], [ 86.382143561993075, 21.462748723570197 ], [ 86.372762414620524, 21.460441568729781 ], [ 86.364591047052528, 21.462994668337277 ], [ 86.351258416680963, 21.461665077347909 ], [ 86.345946582850857, 21.463532649316285 ] ] } },
{ "type": "Feature", "properties": { "River_Name": "River / Nala", "Basin": "Budhabalang" }, "geometry": { "type": "LineString", "coordinates": [ [ 86.451785525145368, 21.448449859249678 ], [ 86.446044779190046, 21.453174255581477 ], [ 86.442862114907015, 21.453868407501801 ], [ 86.442894420335193, 21.455526409527607 ], [ 86.440587652986821, 21.455559369919289 ], [ 86.439259273399315, 21.458432520163534 ], [ 86.428754268436791, 21.459530852037371 ], [ 86.427234327485735, 21.463193792968521 ], [ 86.420901356753234, 21.466004401480749 ], [ 86.40911077285979, 21.46381288093874 ] ] } },
{ "type": "Feature", "properties": { "River_Name": "Palpala Nala", "Basin": "Budhabalang" }, "geometry": { "type": "MultiLineString", "coordinates": [ [ [ 86.500288088505144, 21.852032602785243 ], [ 86.49206064281698, 21.851063361053846 ], [ 86.489964657488159, 21.843102035959159 ], [ 86.486797288517252, 21.842577246232725 ], [ 86.476635803582013, 21.845400208127845 ], [ 86.471322640441258, 21.850763280084553 ], [ 86.466086751935094, 21.850850306152935 ] ], [ [ 86.500288088505144, 21.852032602785243 ], [ 86.500288899376997, 21.852034722781397 ] ], [ [ 86.500288899376997, 21.852034722781397 ], [ 86.500292911590833, 21.852037134642117 ], [ 86.500288088505144, 21.852032602785243 ] ], [ [ 86.500288899376997, 21.852034722781397 ], [ 86.502228780981653, 21.860054785192169 ] ] ] } },
{ "type": "Feature", "properties": { "River_Name": "Jarali Nadi", "Basin": "Budhabalang" }, "geometry": { "type": "LineString", "coordinates": [ [ 86.728902885520625, 21.925711210331471 ], [ 86.731629851119578, 21.92763101333782 ], [ 86.738839043293709, 21.927516136829158 ], [ 86.741494011856275, 21.929182694660682 ], [ 86.74767157864332, 21.92657677865186 ], [ 86.756039327043837, 21.925577531342245 ], [ 86.760702999318724, 21.921857613461565 ], [ 86.76263243620842, 21.923211081529139 ], [ 86.774703227923155, 21.919307041915495 ] ] } },
{ "type": "Feature", "properties": { "River_Name": "Indravati Stream", "Basin": "Indravati" }, "geometry": { "type": "MultiLineString", "coordinates": [ [ [ 82.975065195121189, 19.558780435239342 ], [ 82.975264216499866, 19.561217472854413 ], [ 82.978338597668269, 19.563649364513275 ], [ 82.978437754429223, 19.568833534136029 ], [ 82.980985996556569, 19.573514164192492 ] ], [ [ 82.981024091124993, 19.573577129392518 ], [ 82.989324724510212, 19.5864479190498 ], [ 82.995512264794201, 19.586415580067229 ], [ 82.996229419339173, 19.588723488537429 ], [ 82.999907774098915, 19.590606967535333 ] ] ] } },
{ "type": "Feature", "properties": { "River_Name": "Petaphula Nala", "Basin": "Indravati" }, "geometry": { "type": "LineString", "coordinates": [ [ 82.957041617078261, 19.421784766254607 ], [ 82.961827848651339, 19.418312605516395 ], [ 82.964856773637607, 19.417983353731788 ], [ 82.967236447479095, 19.413641507609078 ], [ 82.973525370930147, 19.409893820430717 ], [ 82.979233946153755, 19.410373340261383 ], [ 82.981131596654492, 19.414089032811681 ], [ 82.984036822128104, 19.412958016140543 ], [ 82.995333489145807, 19.417744029170432 ], [ 83.003044504891832, 19.415445892161056 ], [ 83.007250877389325, 19.411720504078662 ], [ 83.018078202835369, 19.415500446550187 ], [ 83.027017287474479, 19.415206680373288 ], [ 83.031612308465185, 19.419099004216132 ], [ 83.043912427764752, 19.416822909241645 ], [ 83.053150747218467, 19.420780134142362 ] ] } },
{ "type": "Feature", "properties": { "River_Name": "River / Nala", "Basin": "Indravati" }, "geometry": { "type": "LineString", "coordinates": [ [ 82.748552447455751, 18.843114342496015 ], [ 82.748968169141094, 18.839330570617079 ], [ 82.754290196724426, 18.834152016022248 ], [ 82.754226154876307, 18.830301776209218 ], [ 82.761207082945731, 18.815867518201049 ], [ 82.776574775089657, 18.804055476359121 ] ] } },
{ "type": "Feature", "properties": { "River_Name": "Ghudhughudhua Nala", "Basin": "Indravati" }, "geometry": { "type": "LineString", "coordinates": [ [ 82.954093306962719, 19.48366633701291 ], [ 82.955896128946677, 19.483416560904555 ], [ 82.961625537203972, 19.489296974451666 ], [ 82.966470241366892, 19.490424238762735 ], [ 82.969476179645966, 19.492980122746427 ], [ 82.971162489416542, 19.491627823433078 ], [ 82.980897519282152, 19.491656533045578 ], [ 82.984552120390092, 19.488837494725463 ], [ 82.991014254965094, 19.489531812493571 ], [ 83.001828600166633, 19.486115250071741 ], [ 83.005588078213151, 19.48786269534811 ], [ 83.00749292730049, 19.491044660219067 ], [ 83.013943647655822, 19.493076058413489 ], [ 83.033350309203414, 19.492569898714244 ], [ 83.042295517485755, 19.499669518356185 ], [ 83.044992524328663, 19.499818572932625 ] ] } },
{ "type": "Feature", "properties": { "River_Name": "River / Nala", "Basin": "Indravati" }, "geometry": { "type": "LineString", "coordinates": [ [ 83.070375103480629, 19.586895577382325 ], [ 83.065478383143144, 19.585461397378911 ], [ 83.058350857110909, 19.586374617364953 ], [ 83.053969983388527, 19.583634860536264 ], [ 83.043532759999906, 19.584589267560009 ], [ 83.033581025442629, 19.580981265570127 ] ] } },
{ "type": "Feature", "properties": { "River_Name": "River / Nala", "Basin": "Indravati" }, "geometry": { "type": "LineString", "coordinates": [ [ 83.062145498741629, 19.569377561272592 ], [ 83.05661082026117, 19.569228517705305 ], [ 83.047903907805591, 19.575607460186305 ], [ 83.044896329025107, 19.575751639099515 ], [ 83.041243310372849, 19.572400756621459 ], [ 83.038867459450415, 19.572634204064272 ], [ 83.034508336438876, 19.576562071063023 ], [ 83.034953966347075, 19.579466346458528 ] ] } },
{ "type": "Feature", "properties": { "River_Name": "Chauladhoba Nala", "Basin": "Indravati" }, "geometry": { "type": "LineString", "coordinates": [ [ 83.079334741841592, 19.472989266442703 ], [ 83.085493911039919, 19.471343834338075 ], [ 83.088422852734325, 19.473523144676342 ], [ 83.092960130387056, 19.471648074351421 ], [ 83.100139847555482, 19.472696934303695 ], [ 83.106412402846829, 19.469786832106781 ], [ 83.108979093727314, 19.46601237828801 ], [ 83.115853920645435, 19.462198763411653 ], [ 83.121934630544459, 19.464889523788177 ], [ 83.127247703647342, 19.471239745646386 ], [ 83.133836691798365, 19.471434706499831 ], [ 83.150603126957677, 19.48348214849543 ] ] } },
{ "type": "Feature", "properties": { "River_Name": "Kesadhara Nala", "Basin": "Indravati" }, "geometry": { "type": "LineString", "coordinates": [ [ 82.987841503853844, 19.58372141508536 ], [ 82.986419818048788, 19.593732864694321 ], [ 82.982658530099727, 19.599004758370064 ], [ 82.983924909066715, 19.600276915861578 ], [ 82.98263547424061, 19.603036860843655 ], [ 82.983406062007347, 19.607646933671532 ], [ 82.976448152740133, 19.616027851114985 ], [ 82.975517382183625, 19.620170623842593 ], [ 82.96728511077437, 19.629119857905948 ], [ 82.962867783540574, 19.639467222992021 ], [ 82.963073686805174, 19.646379488531132 ], [ 82.96154035780134, 19.649425525123771 ] ] } },
{ "type": "Feature", "properties": { "River_Name": "River / Nala", "Basin": "Indravati" }, "geometry": { "type": "LineString", "coordinates": [ [ 83.018894575618802, 19.459244827523317 ], [ 83.023035287619109, 19.458046411708978 ], [ 83.025236563044345, 19.460175220895888 ], [ 83.036564978173288, 19.460458219100396 ], [ 83.04080579600253, 19.457569191325476 ], [ 83.04878252844739, 19.458557988869817 ], [ 83.055266574491938, 19.456153989921123 ], [ 83.061513298619488, 19.456003857696636 ], [ 83.066624514267346, 19.458331006516794 ], [ 83.078463419239938, 19.458639187110489 ], [ 83.084547877557853, 19.452416547733666 ], [ 83.097425499454204, 19.447775723642877 ], [ 83.099980719811711, 19.442525686664993 ], [ 83.10630224561659, 19.436797721263467 ] ] } },
{ "type": "Feature", "properties": { "River_Name": "River / Nala", "Basin": "Indravati" }, "geometry": { "type": "LineString", "coordinates": [ [ 83.027020231423464, 19.37411030888353 ], [ 83.03118159011693, 19.369236090013132 ], [ 83.03120529773507, 19.366548433680865 ], [ 83.033562684019429, 19.3705937448455 ], [ 83.039955344978125, 19.370868334261367 ], [ 83.042635848225174, 19.374627671400336 ], [ 83.047709359862552, 19.372350255238921 ], [ 83.049826186370254, 19.368897379577994 ], [ 83.061218554392141, 19.370072460456836 ], [ 83.064065703134986, 19.368817162452046 ], [ 83.066261079103782, 19.365259422359284 ], [ 83.07774605013644, 19.366081100348083 ], [ 83.090092523301479, 19.360494533545126 ], [ 83.093077571403143, 19.360582853261082 ], [ 83.094935174903995, 19.358583691561776 ] ] } },
{ "type": "Feature", "properties": { "River_Name": "Balighat Nadi", "Basin": "Indravati" }, "geometry": { "type": "LineString", "coordinates": [ [ 83.02677053139432, 19.281540793317731 ], [ 83.030430328239831, 19.283037277138547 ], [ 83.033742186574372, 19.286891119316035 ], [ 83.034822936031787, 19.292181950571344 ], [ 83.038567391578084, 19.296216839783604 ], [ 83.038892827668988, 19.298736497683059 ], [ 83.050223125635853, 19.303655574308877 ], [ 83.060897174789218, 19.311577116242912 ], [ 83.063362483031256, 19.310983488218756 ], [ 83.064987866790034, 19.312279796259737 ], [ 83.071341836348239, 19.310138007398589 ], [ 83.076401364826083, 19.317180022793934 ] ] } },
{ "type": "Feature", "properties": { "River_Name": "Patagarh Nala", "Basin": "Indravati" }, "geometry": { "type": "LineString", "coordinates": [ [ 83.129917020406907, 19.335920162384511 ], [ 83.126786627563433, 19.337019480013012 ], [ 83.118227143464054, 19.333519934597692 ], [ 83.117149404350499, 19.331408230522452 ], [ 83.11271810245843, 19.330362201118231 ], [ 83.100653270534309, 19.320071229752056 ], [ 83.093465172198009, 19.319640275701996 ], [ 83.086931686207208, 19.321943430527245 ], [ 83.084885388357876, 19.324207822901187 ], [ 83.077302258519893, 19.317617105254758 ] ] } },
{ "type": "Feature", "properties": { "River_Name": "Baragarh Nadi", "Basin": "Indravati" }, "geometry": { "type": "LineString", "coordinates": [ [ 83.135067563208224, 19.282638141718639 ], [ 83.127676226256781, 19.282114398598015 ], [ 83.121098724597687, 19.276511911701238 ], [ 83.118156284778877, 19.272263608129336 ], [ 83.114309350341827, 19.259636120302861 ], [ 83.095431292033012, 19.257462923289562 ], [ 83.091982757739132, 19.258859070011983 ], [ 83.080264135115527, 19.2585123298608 ], [ 83.074831417398784, 19.255655393600456 ], [ 83.071781616353533, 19.247886417912628 ] ] } },
{ "type": "Feature", "properties": { "River_Name": "River / Nala", "Basin": "Indravati" }, "geometry": { "type": "LineString", "coordinates": [ [ 83.004344834108466, 19.270059512499845 ], [ 83.006201797916745, 19.269431894307004 ], [ 83.007558113514321, 19.264812410987695 ], [ 83.011220031330268, 19.262332994926073 ], [ 83.013989785175852, 19.257239405622478 ], [ 83.016312940707948, 19.25563851155664 ], [ 83.021479168315068, 19.255791356206348 ], [ 83.025833829352592, 19.250433770192874 ] ] } },
{ "type": "Feature", "properties": { "River_Name": "River / Nala", "Basin": "Indravati" }, "geometry": { "type": "LineString", "coordinates": [ [ 83.078108673502157, 19.527171979082151 ], [ 83.07266710124739, 19.53195364310033 ], [ 83.067538421108978, 19.531784816536323 ], [ 83.061199054409073, 19.535090642531081 ], [ 83.056939540596957, 19.534300459050609 ], [ 83.053270320610736, 19.537806117434268 ], [ 83.0498100223394, 19.538232943632774 ], [ 83.043670519041768, 19.536234821778365 ], [ 83.039837944968426, 19.528006398003505 ], [ 83.037136869350718, 19.527212601272819 ], [ 83.02175846388333, 19.534185353600083 ], [ 83.018004829813691, 19.53316160036287 ], [ 83.01616210182074, 19.535993869228793 ], [ 83.010864328907871, 19.537503801733294 ], [ 83.009601755897066, 19.5359511511605 ], [ 83.008390334289317, 19.537657336498974 ], [ 82.99959487056762, 19.536966243601281 ], [ 82.99595170402597, 19.542579060330048 ], [ 82.992373678724093, 19.543542241336542 ], [ 82.989810031824831, 19.5466416423988 ], [ 82.985316424762047, 19.547833669213528 ], [ 82.975275835530681, 19.555684213294388 ], [ 82.972918418789888, 19.554463485640188 ] ] } },
{ "type": "Feature", "properties": { "River_Name": "Khadiapani Nala", "Basin": "Indravati" }, "geometry": { "type": "MultiLineString", "coordinates": [ [ [ 83.118045058260563, 19.417428990950679 ], [ 83.110287324443632, 19.416037957539096 ], [ 83.108053084507262, 19.406241719968449 ], [ 83.104801925509491, 19.401836330089402 ], [ 83.097591618097724, 19.396961811629335 ], [ 83.094598294939829, 19.388220663794289 ], [ 83.079585808672405, 19.375893062858502 ], [ 83.079725946971038, 19.370822633394649 ], [ 83.077585814220583, 19.366156404796758 ] ], [ [ 83.128451431959391, 19.429146677601956 ], [ 83.118057421946801, 19.417543822740669 ] ] ] } },
{ "type": "Feature", "properties": { "River_Name": "Chanpajharan Nala", "Basin": "Indravati" }, "geometry": { "type": "LineString", "coordinates": [ [ 83.12977750597841, 19.368693036411837 ], [ 83.108461693363935, 19.369778806762575 ], [ 83.10090078693807, 19.373874424043947 ], [ 83.089805801179622, 19.383300315283574 ] ] } },
{ "type": "Feature", "properties": { "River_Name": "Kalyagarh Nala", "Basin": "Indravati" }, "geometry": { "type": "LineString", "coordinates": [ [ 82.924944627174284, 19.288433558634793 ], [ 82.929085419104126, 19.287998179603417 ], [ 82.935905758870007, 19.296761757569982 ], [ 82.932388086169155, 19.29791766183412 ], [ 82.933513787690117, 19.300404840259908 ], [ 82.92680331837434, 19.309478337072154 ], [ 82.927108521481188, 19.313775584354897 ], [ 82.93180834052167, 19.317166944927767 ], [ 82.931083214575196, 19.322831720911722 ], [ 82.93317384451754, 19.323222782400933 ], [ 82.935035055463501, 19.331462538185111 ], [ 82.938269936678978, 19.333478633400038 ], [ 82.94035279280638, 19.338226061841429 ], [ 82.94535751425073, 19.341659350850581 ] ] } },
{ "type": "Feature", "properties": { "River_Name": "Nagra Nadi", "Basin": "Indravati" }, "geometry": { "type": "LineString", "coordinates": [ [ 82.912164204175923, 19.158864487529211 ], [ 82.91709105516685, 19.154957557031057 ], [ 82.921793712947874, 19.154459682340587 ], [ 82.930589429781193, 19.158752501991213 ], [ 82.937039283134666, 19.1597559153712 ], [ 82.943573356291097, 19.166939466178771 ] ] } },
{ "type": "Feature", "properties": { "River_Name": "Gadla Nala", "Basin": "Indravati" }, "geometry": { "type": "LineString", "coordinates": [ [ 82.919784103710626, 19.134918083925811 ], [ 82.923554063798335, 19.127424033290904 ] ] } },
{ "type": "Feature", "properties": { "River_Name": "River / Nala", "Basin": "Indravati" }, "geometry": { "type": "LineString", "coordinates": [ [ 82.921749401376417, 19.134977426341376 ], [ 82.926681978612919, 19.132517386541675 ], [ 82.926424108129325, 19.130358560233709 ], [ 82.928885141394616, 19.129681300144931 ], [ 82.931955000707887, 19.122785981403922 ] ] } },
{ "type": "Feature", "properties": { "River_Name": "Patagarha Nala", "Basin": "Indravati" }, "geometry": { "type": "MultiLineString", "coordinates": [ [ [ 83.032240369924949, 19.05859387624087 ], [ 83.035476602777237, 19.050395093602518 ], [ 83.040454289614345, 19.046848370519516 ], [ 83.049536028539762, 19.047229385156253 ] ], [ [ 83.02818549410523, 19.067735476370693 ], [ 83.032238012453888, 19.058659552164755 ] ], [ [ 83.012166825758271, 19.094922517170239 ], [ 83.024899127037102, 19.082787448617523 ], [ 83.028182752305938, 19.067811859154965 ] ], [ [ 83.012184485337428, 19.094947612357121 ], [ 83.008850097656321, 19.099699020386232 ], [ 83.010971069335994, 19.109912872314968 ], [ 83.008537292480497, 19.11396217346244 ], [ 83.009071350097784, 19.116670608521083 ], [ 83.007202148437528, 19.119972229004478 ], [ 83.00030794313102, 19.124814849281279 ] ] ] } },
{ "type": "Feature", "properties": { "River_Name": "Baghri Nala", "Basin": "Indravati" }, "geometry": { "type": "LineString", "coordinates": [ [ 82.975490867361458, 19.138560808343733 ], [ 82.973482911255587, 19.13710874787359 ], [ 82.973919263143415, 19.135399149007874 ], [ 82.981615635352156, 19.131261820942164 ], [ 82.984520780532435, 19.127136986690235 ], [ 82.982341994238013, 19.12307049578693 ], [ 82.984985552389887, 19.113395266875536 ], [ 82.982046066817759, 19.104473278640878 ] ] } },
{ "type": "Feature", "properties": { "River_Name": "Nokimalihola Nala", "Basin": "Indravati" }, "geometry": { "type": "MultiLineString", "coordinates": [ [ [ 82.814326679185726, 19.004005270763731 ], [ 82.807957348302523, 19.011844602287848 ], [ 82.807413974942293, 19.01466610226522 ], [ 82.809424170379884, 19.019712339445572 ], [ 82.806339862027116, 19.022790196952418 ] ], [ [ 82.806174396649098, 19.022822673954217 ], [ 82.8048660377369, 19.025779347044331 ], [ 82.806233487632511, 19.032296012351445 ], [ 82.799226312129306, 19.041652275062162 ], [ 82.799532859766472, 19.047610848151095 ], [ 82.797658796028855, 19.053281889370364 ], [ 82.798800423623987, 19.055744812351897 ] ] ] } },
{ "type": "Feature", "properties": { "River_Name": "River / Nala", "Basin": "Indravati" }, "geometry": { "type": "LineString", "coordinates": [ [ 82.748446530259372, 19.216951040542668 ], [ 82.75140841459546, 19.21367139935499 ], [ 82.757756769988376, 19.213802516648489 ], [ 82.760818535250039, 19.218252113232957 ], [ 82.767338338451836, 19.214124614879484 ], [ 82.7705585908583, 19.215464699758627 ], [ 82.772662049961184, 19.209077670508147 ], [ 82.774528186499595, 19.210699138946662 ], [ 82.776034999565653, 19.208675049509246 ], [ 82.774535961978856, 19.206797139428719 ] ] } },
{ "type": "Feature", "properties": { "River_Name": "Guntat Nadi", "Basin": "Indravati" }, "geometry": { "type": "MultiLineString", "coordinates": [ [ [ 82.580711342316363, 19.293945314561732 ], [ 82.584610391167914, 19.291767681527965 ], [ 82.586018552721384, 19.293966029915321 ], [ 82.588390574563334, 19.293673511537044 ], [ 82.589800981210701, 19.295709004207694 ], [ 82.590501907055497, 19.293942023396305 ], [ 82.598122826840452, 19.298558889113647 ] ], [ [ 82.598178420967685, 19.298123179460752 ], [ 82.601101524213306, 19.298356977244005 ], [ 82.60140968979205, 19.300541233713496 ], [ 82.604454842707682, 19.300498802566828 ], [ 82.604096585125632, 19.301947267192112 ], [ 82.607067208443397, 19.301339522901525 ], [ 82.608810985342146, 19.303622181612372 ], [ 82.613136740599373, 19.30287033317807 ], [ 82.614206660434107, 19.305064348390843 ], [ 82.617439833571339, 19.303652713967423 ], [ 82.618434878962603, 19.305198526391642 ], [ 82.616901346608074, 19.305906123322956 ], [ 82.618493085453437, 19.307056674596343 ], [ 82.622490622675258, 19.305573390111334 ], [ 82.623200062583351, 19.307097927680772 ], [ 82.624817414749629, 19.306391404555033 ], [ 82.628230439267313, 19.310391385749128 ], [ 82.634575512010429, 19.310392660927537 ], [ 82.636819231427523, 19.313327524935783 ], [ 82.639570658585939, 19.31406953709002 ], [ 82.640951371865441, 19.31206980112529 ], [ 82.644226832740557, 19.313887722954931 ], [ 82.644192349786678, 19.316389064419319 ], [ 82.644715271614075, 19.315265603812765 ], [ 82.648093068790814, 19.315631782439972 ], [ 82.651947432620489, 19.31834581639318 ], [ 82.655401760541523, 19.317178467442872 ], [ 82.65852034817101, 19.318107115165294 ], [ 82.658653845551143, 19.320692039301008 ], [ 82.661369662496952, 19.320001019921229 ], [ 82.663972749951341, 19.321405991290963 ], [ 82.667899056759722, 19.325089653558809 ], [ 82.666187780157841, 19.330438947278751 ], [ 82.672074833226446, 19.332936138042875 ], [ 82.670942604003997, 19.335261951831946 ], [ 82.673480963129776, 19.337976721288754 ], [ 82.673843455034856, 19.345794865978924 ], [ 82.67571394733929, 19.34700638695961 ], [ 82.674158591063957, 19.347474373758374 ], [ 82.673570024189146, 19.353360504363607 ], [ 82.676930395601261, 19.355099503176881 ], [ 82.676704866203096, 19.358544827995651 ] ] ] } },
{ "type": "Feature", "properties": { "River_Name": "Turi Nadi", "Basin": "Indravati" }, "geometry": { "type": "LineString", "coordinates": [ [ 82.498370016487939, 19.33393489453146 ], [ 82.500862353560962, 19.33492453590155 ], [ 82.502503822039827, 19.338328898265544 ], [ 82.50519663754099, 19.339089248642942 ], [ 82.508406858616723, 19.345092178720432 ], [ 82.510176981681468, 19.345356339700107 ], [ 82.510112077497084, 19.343985318402964 ], [ 82.517841891258087, 19.346906243780111 ], [ 82.519493353748729, 19.349586355974235 ], [ 82.520683069701676, 19.348955338825139 ], [ 82.522638287105366, 19.354138260793711 ], [ 82.520928632941121, 19.35556653816209 ], [ 82.522677624664851, 19.357362058379572 ], [ 82.526840127691955, 19.355642339237072 ], [ 82.532409373658965, 19.362080339063862 ], [ 82.535725581962112, 19.360511209296011 ], [ 82.537734220506721, 19.361821902907199 ], [ 82.536623488496318, 19.362694922846469 ], [ 82.540711511395955, 19.366373551337482 ], [ 82.540756407685123, 19.369194515794756 ], [ 82.543520809977878, 19.370841615153346 ], [ 82.542485391541604, 19.372439979168242 ], [ 82.548024178203875, 19.3750099159904 ], [ 82.543126842556561, 19.381204541359342 ], [ 82.5477821911051, 19.380622133524252 ], [ 82.550520166578224, 19.383742161255956 ], [ 82.549894998327261, 19.392274837055879 ], [ 82.552058250940235, 19.394638618004869 ], [ 82.552104251226694, 19.39737957447181 ], [ 82.550326737180441, 19.397759697982071 ], [ 82.55234796258496, 19.404233644914235 ], [ 82.551029177784557, 19.409089585928928 ], [ 82.553756757116957, 19.412851501398201 ], [ 82.552519779364985, 19.413838542364367 ], [ 82.554051370404991, 19.419347503351563 ], [ 82.552768899531387, 19.420299763183824 ], [ 82.55470665037619, 19.420890410442304 ], [ 82.555500997174562, 19.424613961587692 ], [ 82.55545534370259, 19.427922394257056 ], [ 82.551065331818876, 19.433436866481667 ], [ 82.55249240408186, 19.434262417240486 ], [ 82.553824253148775, 19.44153085752426 ], [ 82.552069881875966, 19.450346348926171 ], [ 82.55376391812807, 19.456341750972197 ], [ 82.55085666559475, 19.458646217120403 ], [ 82.546011221651469, 19.468637371930818 ], [ 82.53279162669385, 19.47629892772396 ], [ 82.530235252996292, 19.482035229738123 ] ] } },
{ "type": "Feature", "properties": { "River_Name": "Malini Jorhi", "Basin": "Indravati" }, "geometry": { "type": "LineString", "coordinates": [ [ 82.553468815096224, 19.412945958995021 ], [ 82.558240946415111, 19.415573884034071 ], [ 82.562394561501563, 19.414498423851978 ], [ 82.56516651380376, 19.417261615608464 ], [ 82.571253819362681, 19.417179657094128 ], [ 82.578082388012419, 19.430740498550257 ], [ 82.591865148149211, 19.434768537531603 ], [ 82.593890845752028, 19.442832904224034 ], [ 82.597503139115446, 19.44461641678793 ] ] } },
{ "type": "Feature", "properties": { "River_Name": "Angi Nadi", "Basin": "Indravati" }, "geometry": { "type": "LineString", "coordinates": [ [ 82.505576283726, 19.562927573552955 ], [ 82.507057477643087, 19.561469829976986 ], [ 82.508302018448148, 19.552452451818763 ], [ 82.497752789046743, 19.538851011052106 ], [ 82.49954401512143, 19.530229356173297 ], [ 82.494485802085066, 19.529508717057833 ], [ 82.491731601318875, 19.525891207988138 ], [ 82.488425970550963, 19.52519515116683 ], [ 82.490376499745722, 19.523015002346622 ] ] } },
{ "type": "Feature", "properties": { "River_Name": "Rajuchua Nala", "Basin": "Indravati" }, "geometry": { "type": "LineString", "coordinates": [ [ 82.52198712521114, 19.52925840323687 ], [ 82.516541426828326, 19.530452919592214 ], [ 82.510369278150151, 19.527146142879861 ], [ 82.498402945167413, 19.529136289287081 ] ] } },
{ "type": "Feature", "properties": { "River_Name": "Patakot Nala", "Basin": "Indravati" }, "geometry": { "type": "MultiLineString", "coordinates": [ [ [ 82.582626630401009, 19.292821607091536 ], [ 82.588439558514693, 19.301521292167287 ], [ 82.587441811267723, 19.306360609030776 ], [ 82.589192601623893, 19.308243303614521 ], [ 82.588105348796631, 19.313494861016828 ], [ 82.589872342705107, 19.320391315101748 ], [ 82.588506775875047, 19.323934688090702 ], [ 82.595113543785814, 19.330670237273981 ] ], [ [ 82.595113543785814, 19.330670237273981 ], [ 82.588467460998402, 19.334966196614229 ] ], [ [ 82.614351950793576, 19.373244386773678 ], [ 82.610638969069143, 19.368382459854249 ], [ 82.610802153218586, 19.364724994452502 ], [ 82.603575621194409, 19.35710978532094 ], [ 82.59897232013995, 19.3487874328906 ], [ 82.599860092195257, 19.341596048552915 ], [ 82.595296673394856, 19.337236209869801 ], [ 82.595113543785814, 19.330670237273981 ] ] ] } },
{ "type": "Feature", "properties": { "River_Name": "Bangiri Nala", "Basin": "Indravati" }, "geometry": { "type": "LineString", "coordinates": [ [ 82.638637021127508, 19.177371813180205 ], [ 82.638056679591728, 19.179968225357744 ], [ 82.639887859335687, 19.180952157492001 ], [ 82.640685304477643, 19.184081700711459 ], [ 82.638438954279607, 19.184463255849632 ], [ 82.640980987266715, 19.185939279579486 ], [ 82.63984945638002, 19.187791292801517 ], [ 82.640963808204859, 19.191540995259587 ], [ 82.643910767449796, 19.190933590442736 ], [ 82.643290321862295, 19.192397255948961 ], [ 82.648063031495994, 19.19593452966803 ], [ 82.648562900330901, 19.197890035665839 ], [ 82.646821593381105, 19.19895711343997 ], [ 82.647511363641883, 19.203552325953165 ], [ 82.6497456407442, 19.20497237519066 ], [ 82.649735772607087, 19.206729779636454 ], [ 82.652383586957356, 19.207423675718758 ], [ 82.651147077648886, 19.209568494408099 ], [ 82.654610179897375, 19.210560666464474 ], [ 82.65214986789222, 19.21258739889667 ], [ 82.653671080162141, 19.214255543118618 ], [ 82.650986509343042, 19.220107561511561 ], [ 82.651589412018126, 19.221770242873138 ], [ 82.649229048217293, 19.224399995120912 ], [ 82.643910379939157, 19.227115293088325 ], [ 82.64177395957222, 19.226324403442863 ], [ 82.640335766198817, 19.228274198700682 ], [ 82.633406556558199, 19.2271713642617 ], [ 82.633704431090024, 19.228638618347386 ], [ 82.632380796575262, 19.22824311254735 ], [ 82.626934408392486, 19.235647546117232 ], [ 82.6210911009331, 19.237030279054451 ], [ 82.616064805405031, 19.248282780588152 ], [ 82.611518909614404, 19.251602629572133 ], [ 82.611778419084857, 19.254913631703339 ] ] } },
{ "type": "Feature", "properties": { "River_Name": "Phuljorhi Nala", "Basin": "Indravati" }, "geometry": { "type": "LineString", "coordinates": [ [ 82.614006449202378, 19.250037617008044 ], [ 82.611518909614404, 19.251602629572133 ], [ 82.613753013342105, 19.257949274967828 ], [ 82.625353316917057, 19.265508921052252 ] ] } },
{ "type": "Feature", "properties": { "River_Name": "Koliajori Nala", "Basin": "Indravati" }, "geometry": { "type": "LineString", "coordinates": [ [ 82.694858029394226, 19.110150850130225 ], [ 82.68735885507995, 19.112518027808498 ], [ 82.687991807693052, 19.115217428334002 ], [ 82.684671964085581, 19.118088437605049 ], [ 82.681855638052212, 19.124486745656313 ], [ 82.678647232660609, 19.126170018170541 ], [ 82.678085768887541, 19.129167248421023 ], [ 82.674884690310819, 19.129545697478864 ], [ 82.675348710864469, 19.13163427909253 ], [ 82.672486355316536, 19.132340264822183 ], [ 82.669530583438913, 19.13741491857909 ], [ 82.667901304915461, 19.137512310506288 ], [ 82.668782103068793, 19.138297668700972 ], [ 82.666665155710945, 19.139592998707691 ], [ 82.665675033283762, 19.146241653771941 ], [ 82.660778702670811, 19.145504099370449 ], [ 82.658583342192401, 19.148496194284185 ], [ 82.653900605883734, 19.146064902327922 ], [ 82.650151964022754, 19.146962909504477 ], [ 82.651116461563262, 19.144879910204121 ], [ 82.645269344214, 19.143553446932589 ], [ 82.643898544154354, 19.145308645476195 ], [ 82.642343806693859, 19.143476019971715 ], [ 82.641720020542664, 19.145300132317406 ], [ 82.640501810860229, 19.144185993027669 ], [ 82.639883373772605, 19.146156983219878 ], [ 82.638391832887621, 19.144882117541901 ] ] } },
{ "type": "Feature", "properties": { "River_Name": "Singari Nadi", "Basin": "Indravati" }, "geometry": { "type": "LineString", "coordinates": [ [ 82.666518342381622, 19.065978105940637 ], [ 82.677581817506137, 19.049063128298243 ], [ 82.679511543700073, 19.042619208871677 ], [ 82.679454486580468, 19.035881388281538 ], [ 82.682884651317437, 19.031975249673767 ], [ 82.682921690971114, 19.025378903158643 ], [ 82.691225432307931, 19.021422494138488 ], [ 82.700698044591704, 19.021252910472079 ], [ 82.702591919174949, 19.019222839158253 ], [ 82.706968689032877, 19.018365870282256 ] ] } },
{ "type": "Feature", "properties": { "River_Name": "Parlijori Nadi", "Basin": "Indravati" }, "geometry": { "type": "LineString", "coordinates": [ [ 82.472753141863379, 19.176448750315398 ], [ 82.473217691655051, 19.174546177331429 ], [ 82.477417468694313, 19.172540602761188 ], [ 82.480308043773931, 19.17329506117288 ], [ 82.481655674884081, 19.175783897201946 ], [ 82.48514377450195, 19.170496039375909 ], [ 82.487205585527207, 19.17036860411568 ], [ 82.488253054948444, 19.172271306006952 ], [ 82.489184417009284, 19.170822666693976 ], [ 82.487834496451683, 19.168552774369214 ], [ 82.489131122591644, 19.168564170587423 ], [ 82.489920123147044, 19.166020695123539 ], [ 82.494189561727353, 19.166277183608699 ], [ 82.496910710734667, 19.168778103202307 ], [ 82.49715779621593, 19.166958917541674 ], [ 82.4990648642774, 19.167047817231154 ], [ 82.502386486135421, 19.163629667452181 ], [ 82.502467326128865, 19.161270535880348 ], [ 82.505832867515352, 19.159382430896553 ], [ 82.503932184299174, 19.15642413797822 ], [ 82.50632003921298, 19.157810540490086 ], [ 82.508655396653751, 19.156508589830299 ], [ 82.508530501505192, 19.154213399392845 ], [ 82.510312734525286, 19.153958896018157 ], [ 82.50853344483437, 19.153689225500987 ], [ 82.508888006159907, 19.151658626137653 ], [ 82.512990492434966, 19.152329571260939 ], [ 82.511973205445244, 19.150621073606604 ], [ 82.513134159054474, 19.151281773458869 ], [ 82.512661893722111, 19.149968839698605 ], [ 82.514373945236358, 19.149712824093076 ], [ 82.51425144710187, 19.147220920198791 ], [ 82.517588439077457, 19.150184825874636 ], [ 82.521229152846104, 19.147904350552803 ], [ 82.520302101148005, 19.142393692058331 ], [ 82.521250874662499, 19.14403593890076 ], [ 82.523234168005914, 19.141540636206933 ], [ 82.525144058724607, 19.142859176299542 ], [ 82.525779127747967, 19.139255878935387 ], [ 82.527698947936301, 19.13880394084752 ], [ 82.529084610021101, 19.13579374509558 ], [ 82.53038131714078, 19.13658571518711 ], [ 82.530874375496822, 19.133965476996867 ], [ 82.533200903014958, 19.134236036442907 ], [ 82.532044719311358, 19.132723718836537 ], [ 82.534032336004998, 19.132470018053031 ], [ 82.533272257595712, 19.13078907840486 ], [ 82.534642079395439, 19.130597708523137 ], [ 82.534795870395911, 19.127516704261296 ], [ 82.537553380731211, 19.124184418370216 ], [ 82.536806835608161, 19.122870424358808 ], [ 82.538177598409163, 19.122743791683586 ], [ 82.53594070024468, 19.120507676354077 ], [ 82.538337646501574, 19.118548469578183 ], [ 82.538149273012991, 19.115520495126429 ], [ 82.539655036118802, 19.115657119041455 ], [ 82.539755044330221, 19.111982211796175 ] ] } },
{ "type": "Feature", "properties": { "River_Name": "Bada Nala", "Basin": "Indravati" }, "geometry": { "type": "LineString", "coordinates": [ [ 82.539755044330221, 19.111982211796175 ], [ 82.539551121724472, 19.109625491780687 ], [ 82.543044301649616, 19.10931169130745 ], [ 82.547989711194106, 19.10339110518353 ], [ 82.550517738185192, 19.104121880766893 ], [ 82.556501534708147, 19.099163663186371 ], [ 82.562784368641971, 19.098821322274222 ], [ 82.562908489746277, 19.095614911673024 ], [ 82.569201905469669, 19.089536862818676 ], [ 82.568119236194477, 19.087434652448565 ], [ 82.569163497697488, 19.081329901173948 ], [ 82.57396561025557, 19.078263244019077 ] ] } },
{ "type": "Feature", "properties": { "River_Name": "Sanajorhi Nala", "Basin": "Indravati" }, "geometry": { "type": "LineString", "coordinates": [ [ 82.492798088320015, 19.166505768647866 ], [ 82.492304389614972, 19.164220293428311 ], [ 82.49397904191683, 19.16459953278391 ], [ 82.494684090333905, 19.162856521971477 ], [ 82.489852279325532, 19.157926719188701 ], [ 82.490791264355053, 19.155749082573895 ], [ 82.487448047416763, 19.154408430211596 ], [ 82.488801817140057, 19.148956245154896 ], [ 82.486516530176047, 19.148645045888173 ], [ 82.487770360946072, 19.14552217143607 ], [ 82.483921865399395, 19.141402202125541 ], [ 82.488543315780404, 19.129931180720085 ], [ 82.486482084972494, 19.119234648769204 ] ] } },
{ "type": "Feature", "properties": { "River_Name": "Pandrikundjorhi Nala", "Basin": "Indravati" }, "geometry": { "type": "LineString", "coordinates": [ [ 82.250831398558148, 19.194470960341835 ], [ 82.252208674874282, 19.193966961523177 ], [ 82.251203206140715, 19.189061088257176 ], [ 82.256129885490111, 19.18517269518372 ], [ 82.255623540897261, 19.183002610366554 ], [ 82.258780439910339, 19.176800113250238 ], [ 82.257974825199966, 19.174338810636815 ], [ 82.263788563206901, 19.168038573207227 ], [ 82.263390243418471, 19.16276591424883 ], [ 82.266208297803431, 19.160818289385844 ], [ 82.266383574530153, 19.158511164745651 ], [ 82.263227344066692, 19.156534238987113 ], [ 82.26590138196164, 19.154031381282252 ], [ 82.26405793400366, 19.152316034020259 ] ] } },
{ "type": "Feature", "properties": { "River_Name": "Chourijorhi Nala", "Basin": "Indravati" }, "geometry": { "type": "LineString", "coordinates": [ [ 82.351483147464279, 19.18520530450748 ], [ 82.349568231918099, 19.187509001171293 ], [ 82.350044389767007, 19.192565895003685 ], [ 82.345612880792785, 19.196904619091352 ], [ 82.343037610619049, 19.197316128963266 ], [ 82.344084384873526, 19.205625861107166 ], [ 82.339117342548235, 19.210584714779909 ], [ 82.338964042835642, 19.218018159969422 ], [ 82.334913900102961, 19.222023975414057 ], [ 82.334101306147645, 19.224989033138893 ] ] } },
{ "type": "Feature", "properties": { "River_Name": "River / Nala", "Basin": "Indravati" }, "geometry": { "type": "LineString", "coordinates": [ [ 82.178177878168512, 19.553779777582125 ], [ 82.173782664725891, 19.551169602204986 ], [ 82.16373434548521, 19.552139677919463 ], [ 82.160230181199523, 19.553569181680697 ], [ 82.158397287637058, 19.556449884179266 ], [ 82.155231716375269, 19.555588021687829 ], [ 82.152986081488621, 19.557472252054101 ], [ 82.153615808715983, 19.559908159854864 ], [ 82.150258293342901, 19.561436384039261 ] ] } },
{ "type": "Feature", "properties": { "River_Name": "River / Nala", "Basin": "Indravati" }, "geometry": { "type": "LineString", "coordinates": [ [ 82.31827153532879, 19.690776879922357 ], [ 82.321299313543818, 19.690435923441562 ], [ 82.326146389516822, 19.692965548095369 ], [ 82.329876316800224, 19.699412211282862 ], [ 82.331946113428614, 19.699689085138054 ] ] } },
{ "type": "Feature", "properties": { "River_Name": "Amar Nadi", "Basin": "Indravati" }, "geometry": { "type": "LineString", "coordinates": [ [ 82.376355101253694, 19.648389989411445 ], [ 82.381603135388829, 19.648104780749254 ], [ 82.38302361637713, 19.646330007118383 ], [ 82.386100246888276, 19.650882138705992 ], [ 82.389660374408351, 19.650515716463534 ], [ 82.389219275041938, 19.651677817683012 ], [ 82.395568006040179, 19.655962199289249 ], [ 82.396586616199457, 19.654676562324784 ], [ 82.397050925420217, 19.656047953001199 ], [ 82.400972762549117, 19.656243933572547 ], [ 82.409988621764953, 19.651728511908498 ], [ 82.409387758121341, 19.644536201365995 ], [ 82.417021542901452, 19.635851611843243 ], [ 82.418551176990263, 19.636672867490528 ], [ 82.422098088537766, 19.634431771213599 ], [ 82.422144607146507, 19.637210429908095 ], [ 82.426081947334296, 19.642811886150451 ], [ 82.433680573607376, 19.644288850755583 ], [ 82.434734759591834, 19.646420929100017 ], [ 82.438503945382195, 19.646390802625756 ], [ 82.440748994942211, 19.654718264405666 ] ] } },
{ "type": "Feature", "properties": { "River_Name": "Sati Jhor", "Basin": "Indravati" }, "geometry": { "type": "LineString", "coordinates": [ [ 82.423837406666962, 19.64005715165473 ], [ 82.426789660203795, 19.64087997939863 ], [ 82.428199284537826, 19.638702779445445 ], [ 82.43533570494975, 19.64017443624844 ], [ 82.437123283118396, 19.638512889728009 ], [ 82.438644834747151, 19.640065606491863 ], [ 82.438977613398762, 19.637802626911068 ], [ 82.447336522246957, 19.64016541292559 ], [ 82.447317118151602, 19.641919384540536 ], [ 82.450532797398679, 19.643272593783429 ], [ 82.451636590512422, 19.640799518120229 ], [ 82.454184405703515, 19.640025097373069 ], [ 82.454127355560175, 19.638196833617819 ], [ 82.456816206430986, 19.638520073422779 ], [ 82.462032498298029, 19.632803489103765 ], [ 82.46379095598806, 19.633774198614073 ], [ 82.465702284247556, 19.629228658965864 ] ] } },
{ "type": "Feature", "properties": { "River_Name": "Nangi River", "Basin": "Indravati" }, "geometry": { "type": "LineString", "coordinates": [ [ 82.268440746014861, 19.602032619466335 ], [ 82.263438431329291, 19.605191202154966 ], [ 82.259210230616929, 19.604189613461699 ], [ 82.2579337921849, 19.608059460035445 ], [ 82.256789677555844, 19.606946426423114 ], [ 82.254998037367685, 19.608611811116855 ], [ 82.251761041562759, 19.608574685013664 ], [ 82.249317879567514, 19.607009057712297 ], [ 82.249079988464757, 19.608902948394512 ], [ 82.247504569883958, 19.608111057288085 ], [ 82.244704877432511, 19.610583281698677 ], [ 82.241484474419281, 19.610588658140717 ], [ 82.239539803421664, 19.613040838349988 ], [ 82.238402038195332, 19.611750864378422 ], [ 82.235689677932172, 19.612346589282541 ], [ 82.226537912488709, 19.619696382154046 ], [ 82.220759680457746, 19.620927407676621 ], [ 82.218776532259071, 19.624835817659932 ], [ 82.213316984876926, 19.627263135249681 ], [ 82.212589818124059, 19.625479519423298 ], [ 82.210590060034647, 19.625842317899906 ], [ 82.21015531053564, 19.628238957255345 ], [ 82.200465941480445, 19.627495449572667 ], [ 82.193314489255371, 19.629542620859205 ], [ 82.191331445976402, 19.628702652868942 ], [ 82.192518153120446, 19.627857740698342 ], [ 82.191319988771724, 19.626496105963476 ], [ 82.187554027030586, 19.627501270691393 ], [ 82.185348005408429, 19.624400122905836 ], [ 82.183231453475457, 19.624555404688298 ], [ 82.183471530397497, 19.622078704568509 ], [ 82.181291928770946, 19.623205558619432 ], [ 82.178217511474557, 19.621229326581997 ], [ 82.174220289070746, 19.624526380120972 ], [ 82.155436154699345, 19.628394194880901 ], [ 82.153609269358384, 19.631476626777321 ], [ 82.151656708829947, 19.630283697334292 ], [ 82.150558014681849, 19.633249333923104 ], [ 82.146886471871838, 19.633462644435113 ], [ 82.146131222253871, 19.634912338448071 ], [ 82.140072398989801, 19.634203073355934 ], [ 82.139075194108926, 19.636498127421532 ], [ 82.136264801933706, 19.635013308408912 ], [ 82.131924448728086, 19.636809202973247 ], [ 82.128464689712246, 19.635570812510398 ], [ 82.119549778286881, 19.637389643203363 ] ] } },
{ "type": "Feature", "properties": { "River_Name": "Agua Nalla", "Basin": "Indravati" }, "geometry": { "type": "LineString", "coordinates": [ [ 82.271432437775715, 19.604141971747744 ], [ 82.279538576459899, 19.600868904893208 ], [ 82.280981485642258, 19.602790346915267 ], [ 82.283991282958283, 19.602532529144007 ], [ 82.287500346302593, 19.605796557176426 ], [ 82.287479272063237, 19.607702488720264 ], [ 82.289403591889851, 19.608016951548578 ], [ 82.289483594843119, 19.614759029326784 ], [ 82.294639838011619, 19.617595838631143 ] ] } },
{ "type": "Feature", "properties": { "River_Name": "Bhaskel Nadi", "Basin": "Indravati" }, "geometry": { "type": "MultiLineString", "coordinates": [ [ [ 82.188307712531696, 19.683474258862688 ], [ 82.191507877982986, 19.68131555790546 ], [ 82.191846392516965, 19.677808032971051 ], [ 82.194886066159853, 19.673658439223502 ], [ 82.199912910936945, 19.674403671307033 ], [ 82.200728674562924, 19.671374073189408 ], [ 82.203219146424672, 19.669766656205233 ], [ 82.206120499742042, 19.672072873719088 ], [ 82.210674649572965, 19.671791778243943 ], [ 82.214050259310397, 19.669203608834422 ], [ 82.213270875916805, 19.665934246024538 ], [ 82.216617390137159, 19.667700028759199 ], [ 82.220093102943963, 19.667224710461088 ], [ 82.223360425832823, 19.663741105814161 ], [ 82.222555098560804, 19.661264590365562 ], [ 82.225774194522728, 19.660449031936185 ], [ 82.234728434571423, 19.653637278698177 ], [ 82.241243350292905, 19.652581590074607 ], [ 82.240984770214027, 19.650907117336534 ], [ 82.242748770003288, 19.651495420178978 ], [ 82.245688890098776, 19.649644614110468 ], [ 82.248181663245646, 19.645988677010848 ] ], [ [ 82.13991190425493, 19.70520607845345 ], [ 82.146456015515056, 19.69928064868628 ], [ 82.152142632843166, 19.702660168045679 ], [ 82.155541705841799, 19.701644970797531 ], [ 82.157468243425939, 19.699033420576889 ], [ 82.160302035857427, 19.700202010787883 ], [ 82.164905322017603, 19.693796057824024 ], [ 82.171807719458215, 19.689003656047671 ], [ 82.176244563055164, 19.68706163561783 ], [ 82.181363036688822, 19.687141283685385 ], [ 82.188281730556113, 19.6834635915598 ] ], [ [ 82.138731092096478, 19.705511784449165 ], [ 82.133499905815526, 19.710921187094051 ] ] ] } },
{ "type": "Feature", "properties": { "River_Name": "Ramasadhori Jor", "Basin": "Indravati" }, "geometry": { "type": "LineString", "coordinates": [ [ 82.077024588069051, 19.685248954361008 ], [ 82.077065735335736, 19.687256058494043 ], [ 82.080278724794766, 19.687577287868702 ], [ 82.081260483977815, 19.691032412670502 ], [ 82.085760717485599, 19.693806104026823 ], [ 82.086515162504838, 19.697899600840085 ], [ 82.08952301494682, 19.700402459828737 ], [ 82.091380800884281, 19.700068739660047 ], [ 82.092147157851727, 19.702479940145732 ], [ 82.096846598708254, 19.701610253545795 ], [ 82.098871620589108, 19.703630028251219 ], [ 82.103139431098001, 19.702949684129489 ], [ 82.103079885681026, 19.703992201728312 ] ] } },
{ "type": "Feature", "properties": { "River_Name": "Pattibahal Nala", "Basin": "Indravati" }, "geometry": { "type": "LineString", "coordinates": [ [ 82.079881772586518, 19.728147269055903 ], [ 82.090783213674669, 19.723219835273134 ], [ 82.098845840553011, 19.722745311652552 ] ] } },
{ "type": "Feature", "properties": { "River_Name": "Kapur Nadi", "Basin": "Indravati" }, "geometry": { "type": "LineString", "coordinates": [ [ 82.849830442554875, 19.08880529332442 ], [ 82.840021459963964, 19.09727170950022 ], [ 82.834850406113915, 19.098077765768508 ], [ 82.835319095992986, 19.100703418966336 ], [ 82.832358602584506, 19.10416554003681 ], [ 82.825951197499251, 19.105690566459511 ], [ 82.824370470872665, 19.116793003045636 ], [ 82.816666757702919, 19.120363393813797 ] ] } },
{ "type": "Feature", "properties": { "River_Name": "River / Nala", "Basin": "Indravati" }, "geometry": { "type": "LineString", "coordinates": [ [ 83.000833423428759, 19.43858681847798 ], [ 82.999169683926468, 19.436115215798949 ], [ 82.99596428866441, 19.436567394387087 ] ] } },
{ "type": "Feature", "properties": { "River_Name": "Kandabindha Nala", "Basin": "Indravati" }, "geometry": { "type": "LineString", "coordinates": [ [ 83.000102286795439, 19.385688389197796 ], [ 82.994055293382061, 19.386561562274164 ], [ 82.98612920232398, 19.391197813785265 ], [ 82.982564563297871, 19.389248827074884 ], [ 82.975771131259094, 19.39017276721642 ], [ 82.975895145346286, 19.395377817513548 ], [ 82.974202712689632, 19.395697198739462 ], [ 82.974102950481921, 19.398829456795667 ], [ 82.971561121958601, 19.397199192968422 ], [ 82.968346551073722, 19.400907259894495 ], [ 82.963372845975599, 19.402540604162404 ], [ 82.962082816758567, 19.405284137096768 ], [ 82.961283003349394, 19.403861162362144 ], [ 82.957844358223838, 19.404764494914168 ], [ 82.955161840418242, 19.40186745990211 ], [ 82.950770393457006, 19.405965421125384 ] ] } },
{ "type": "Feature", "properties": { "River_Name": "River / Nala", "Basin": "Indravati" }, "geometry": { "type": "LineString", "coordinates": [ [ 82.912416293730033, 19.217860640510885 ], [ 82.911201172435398, 19.218895367203292 ] ] } },
{ "type": "Feature", "properties": { "River_Name": "River / Nala", "Basin": "Indravati" }, "geometry": { "type": "LineString", "coordinates": [ [ 82.912416293730033, 19.217860640510885 ], [ 82.928239982566765, 19.196272974911256 ] ] } },
{ "type": "Feature", "properties": { "River_Name": "River / Nala", "Basin": "Indravati" }, "geometry": { "type": "LineString", "coordinates": [ [ 82.912164204175923, 19.158864487529225 ], [ 82.909126724788663, 19.162034293897097 ] ] } },
{ "type": "Feature", "properties": { "River_Name": "River / Nala", "Basin": "Indravati" }, "geometry": { "type": "LineString", "coordinates": [ [ 82.32712264127305, 19.150529777497862 ], [ 82.327521468237137, 19.152201458307566 ], [ 82.335066586564125, 19.155919271189649 ] ] } },
{ "type": "Feature", "properties": { "River_Name": "River / Nala", "Basin": "Indravati" }, "geometry": { "type": "LineString", "coordinates": [ [ 82.312377128630573, 19.147347650218588 ], [ 82.310997623587056, 19.147607302366037 ] ] } },
{ "type": "Feature", "properties": { "River_Name": "Dhobighat Nala", "Basin": "Indravati" }, "geometry": { "type": "LineString", "coordinates": [ [ 81.994878237782245, 19.954307881320169 ], [ 81.993528387711152, 19.95314983691679 ], [ 81.98631951903026, 19.954080047279255 ], [ 81.981860504585782, 19.950797692757998 ], [ 81.978879921470039, 19.952476721558252 ], [ 81.970602926100781, 19.951424319656716 ], [ 81.968397636527499, 19.953333866262927 ], [ 81.95672389599045, 19.950754194354918 ], [ 81.953323454979412, 19.951784489913212 ], [ 81.952242569956951, 19.949215094176196 ], [ 81.945971109099077, 19.949524205319914 ], [ 81.942645325902632, 19.94784767949653 ], [ 81.93762530776084, 19.95052174622402 ], [ 81.937379870768154, 19.953459678107247 ], [ 81.936154303907998, 19.952241792902957 ], [ 81.933388892454687, 19.953227701590247 ], [ 81.932492813670891, 19.9511586911065 ], [ 81.926776484277454, 19.951644928276632 ], [ 81.924202405508922, 19.955959399000069 ], [ 81.920550192736442, 19.954830823940647 ], [ 81.914855619128204, 19.959951956914864 ], [ 81.912929828012551, 19.959921211022987 ], [ 81.913832648404124, 19.962365278016318 ], [ 81.911258087640363, 19.963358904602476 ], [ 81.909178539153089, 19.962353037241876 ], [ 81.906139414325892, 19.966511517907026 ], [ 81.89799814889534, 19.969245591656286 ], [ 81.897415987788108, 19.971923152464093 ], [ 81.891081668576717, 19.973143298299348 ], [ 81.885776327462253, 19.978939276465965 ], [ 81.88280077282738, 19.976658997859609 ], [ 81.880940657274039, 19.977305275979102 ], [ 81.879000221636787, 19.978982024528289 ], [ 81.878006838033329, 19.983405494626673 ], [ 81.876720093528945, 19.982323036409188 ], [ 81.872765791767733, 19.986273156442923 ], [ 81.870463950814212, 19.984834210355473 ], [ 81.870743135478193, 19.986938203731818 ], [ 81.865560920128047, 19.990998109632223 ], [ 81.859819508658859, 19.992462760267255 ], [ 81.858153655930238, 19.996378864878228 ] ] } },
{ "type": "Feature", "properties": { "River_Name": "River / Nala", "Basin": "Indravati" }, "geometry": { "type": "LineString", "coordinates": [ [ 81.852261507290279, 19.949402314197332 ], [ 81.852264004544693, 19.95253778247109 ] ] } },
{ "type": "Feature", "properties": { "River_Name": "River / Nala", "Basin": "Indravati" }, "geometry": { "type": "LineString", "coordinates": [ [ 81.852264004544693, 19.95253778247109 ], [ 81.851922998181166, 19.954879733664612 ], [ 81.855125775579324, 19.958695581106191 ] ] } },
{ "type": "Feature", "properties": { "River_Name": "River / Nala", "Basin": "Indravati" }, "geometry": { "type": "LineString", "coordinates": [ [ 81.86874756777263, 19.980342747483437 ], [ 81.869046552918903, 19.982577669173601 ], [ 81.871843905748463, 19.983752158871393 ], [ 81.870816990907457, 19.984724046108102 ] ] } },
{ "type": "Feature", "properties": { "River_Name": "River / Nala", "Basin": "Indravati" }, "geometry": { "type": "LineString", "coordinates": [ [ 81.857047822289275, 19.960687774182592 ], [ 81.858513187788176, 19.961281582826295 ] ] } },
{ "type": "Feature", "properties": { "River_Name": "River / Nala", "Basin": "Indravati" }, "geometry": { "type": "LineString", "coordinates": [ [ 81.858513187788176, 19.961281582826295 ], [ 81.860456062364662, 19.965338347130281 ] ] } },
{ "type": "Feature", "properties": { "River_Name": "River / Nala", "Basin": "Indravati" }, "geometry": { "type": "LineString", "coordinates": [ [ 81.860456062364662, 19.965338347130281 ], [ 81.861599552002062, 19.966484880601058 ], [ 81.860324008846405, 19.968302774293527 ] ] } },
{ "type": "Feature", "properties": { "River_Name": "River / Nala", "Basin": "Indravati" }, "geometry": { "type": "LineString", "coordinates": [ [ 81.860324008846405, 19.968302774293527 ], [ 81.85979088753254, 19.968684867646491 ] ] } },
{ "type": "Feature", "properties": { "River_Name": "River / Nala", "Basin": "Indravati" }, "geometry": { "type": "LineString", "coordinates": [ [ 81.85979088753254, 19.968684867646491 ], [ 81.862398990107167, 19.97290102481864 ] ] } },
{ "type": "Feature", "properties": { "River_Name": "River / Nala", "Basin": "Indravati" }, "geometry": { "type": "LineString", "coordinates": [ [ 81.862398990107167, 19.97290102481864 ], [ 81.86294069890252, 19.97409565060326 ] ] } },
{ "type": "Feature", "properties": { "River_Name": "River / Nala", "Basin": "Indravati" }, "geometry": { "type": "LineString", "coordinates": [ [ 81.86294069890252, 19.97409565060326 ], [ 81.862939165833296, 19.974692029006313 ] ] } },
{ "type": "Feature", "properties": { "River_Name": "River / Nala", "Basin": "Indravati" }, "geometry": { "type": "LineString", "coordinates": [ [ 81.862939165833296, 19.974692029006313 ], [ 81.86568939551664, 19.976896946497071 ] ] } },
{ "type": "Feature", "properties": { "River_Name": "Narangi Nala", "Basin": "Indravati" }, "geometry": { "type": "LineString", "coordinates": [ [ 82.022349299577044, 19.800418724306212 ], [ 82.030996966717751, 19.810515660045379 ], [ 82.039491229966117, 19.811481877769371 ], [ 82.040757944224254, 19.814492466211185 ], [ 82.052006576250491, 19.817794923161994 ], [ 82.054583144897776, 19.816593362029529 ], [ 82.054371500102476, 19.819519944170072 ], [ 82.057055667007987, 19.819236838335939 ], [ 82.055294367113049, 19.823393528409923 ], [ 82.058590466063492, 19.82531602669329 ], [ 82.059884242850188, 19.823563829351812 ], [ 82.061772305975552, 19.825561648203429 ], [ 82.063569940489288, 19.82511082350457 ], [ 82.070708291585589, 19.830372519563966 ], [ 82.070919726728434, 19.832578950906228 ], [ 82.069459249660483, 19.833530313203834 ], [ 82.070647034392664, 19.838789279849802 ], [ 82.067852664994547, 19.840504739083343 ], [ 82.067521829306486, 19.84272713126721 ], [ 82.069572707404433, 19.844195388721165 ], [ 82.070736136100578, 19.84893871590862 ], [ 82.067383209726657, 19.854362691482002 ], [ 82.068275992224173, 19.856290000607039 ], [ 82.065473415856943, 19.856469745414252 ], [ 82.065544974690226, 19.861964790921782 ], [ 82.067748093355888, 19.86454358077297 ], [ 82.064710517909944, 19.867420378540178 ], [ 82.062807347279517, 19.873203882843264 ], [ 82.064403528111242, 19.875365334432903 ] ] } },
{ "type": "Feature", "properties": { "River_Name": "Machhu Khala", "Basin": "Jambhira" }, "geometry": { "type": "LineString", "coordinates": [ [ 86.854546219713427, 21.831936772272265 ], [ 86.852226121435024, 21.825005069760206 ], [ 86.851868281170709, 21.815432438692859 ], [ 86.855660227969565, 21.801788796832085 ], [ 86.851207366213245, 21.79490487120739 ], [ 86.850717819904432, 21.786533710641102 ] ] } },
{ "type": "Feature", "properties": { "River_Name": "Bharingi Nala", "Basin": "Jambhira" }, "geometry": { "type": "LineString", "coordinates": [ [ 86.969435624612146, 21.790207700231718 ], [ 86.96196042071071, 21.780186553370772 ], [ 86.958108408229933, 21.770789417488103 ], [ 86.961436951921911, 21.766281851894931 ], [ 86.959486136409652, 21.755706119233238 ], [ 86.961789450125835, 21.750037306790635 ] ] } },
{ "type": "Feature", "properties": { "River_Name": "Jambhira Nadi", "Basin": "Jambhira" }, "geometry": { "type": "LineString", "coordinates": [ [ 86.896564276790031, 21.828724987307456 ], [ 86.90054935035667, 21.831031296745262 ], [ 86.904709901205266, 21.83887590590767 ], [ 86.910383328811832, 21.84235745827328 ], [ 86.921758801378786, 21.842711083522527 ], [ 86.923915433546753, 21.845377338692956 ], [ 86.93680385740646, 21.849954354544199 ] ] } },
{ "type": "Feature", "properties": { "River_Name": "Kakabandha khala", "Basin": "Jambhira" }, "geometry": { "type": "MultiLineString", "coordinates": [ [ [ 86.963398868382967, 21.999996299106339 ], [ 86.970391570053877, 21.986332916681484 ], [ 86.970141771440922, 21.976462584691813 ], [ 86.974690619021629, 21.9702656158954 ] ], [ [ 86.956575513190131, 22.013759055144039 ], [ 86.96339227361149, 22.000023401333888 ] ] ] } },
{ "type": "Feature", "properties": { "River_Name": "Ambajorhi Nala", "Basin": "Jambhira" }, "geometry": { "type": "LineString", "coordinates": [ [ 86.869094346104461, 21.954571985125771 ], [ 86.885392398104202, 21.944460882948402 ], [ 86.890620451544251, 21.927298655636541 ], [ 86.895484645578037, 21.922757395558271 ], [ 86.896031813219409, 21.915959171499015 ], [ 86.899907452115315, 21.912045053418048 ], [ 86.900067181074391, 21.905138154244913 ], [ 86.904269651260392, 21.904110700773906 ], [ 86.90405890881344, 21.90074968236798 ], [ 86.909589518225872, 21.896587829761376 ], [ 86.910464146193888, 21.891235262028069 ], [ 86.913094227343578, 21.888264261003506 ], [ 86.921903793618256, 21.887514278330766 ], [ 86.927569963926075, 21.890823562385894 ], [ 86.930914817081089, 21.89037326557019 ] ] } },
{ "type": "Feature", "properties": { "River_Name": "Baura Nala", "Basin": "Jambhira" }, "geometry": { "type": "MultiLineString", "coordinates": [ [ [ 86.909912656724899, 21.875333910493147 ], [ 86.904454381247248, 21.87387173200684 ], [ 86.894970816294432, 21.877389489958034 ], [ 86.890209486029462, 21.876004077847828 ], [ 86.888282083603286, 21.87750705813254 ], [ 86.874162554042456, 21.879498060756191 ], [ 86.870431755572582, 21.878654942912341 ], [ 86.861149476965693, 21.883051786770285 ] ], [ [ 86.909994904286862, 21.875379128928909 ], [ 86.918332955368911, 21.876887750132067 ], [ 86.923862732280355, 21.880901803156743 ], [ 86.932479247124974, 21.877915076262166 ], [ 86.931964754079331, 21.88101376517174 ], [ 86.936180095556537, 21.881593672755614 ] ], [ [ 86.85978466477367, 21.882978353141652 ], [ 86.861101068117534, 21.883060780630622 ] ], [ [ 86.848294644519484, 21.891975735306648 ], [ 86.840442026857886, 21.897791149924682 ], [ 86.83984106318168, 21.902786728746975 ] ], [ [ 86.848299484828004, 21.891975739766263 ], [ 86.859779824766221, 21.882978349021279 ] ], [ [ 86.839802302467604, 21.90281831229618 ], [ 86.83218601179594, 21.912712689524877 ] ], [ [ 86.824031911015354, 21.92209114870515 ], [ 86.832108285724317, 21.91294299343264 ] ], [ [ 86.824031911015354, 21.92209114870515 ], [ 86.824007532303924, 21.922231159268499 ] ], [ [ 86.817384729075982, 21.941097238772151 ], [ 86.818805546718167, 21.931775098988055 ], [ 86.8241615707759, 21.926893187868345 ], [ 86.824031911015354, 21.92209114870515 ] ] ] } },
{ "type": "Feature", "properties": { "River_Name": "Khajuria Nala", "Basin": "Jambhira" }, "geometry": { "type": "MultiLineString", "coordinates": [ [ [ 86.850984098137715, 21.865705345702146 ], [ 86.858114819127721, 21.863434895303481 ], [ 86.861902052642307, 21.865493505644146 ], [ 86.864554896595905, 21.869732979027361 ], [ 86.87132783059009, 21.872475918729325 ] ], [ [ 86.871477815424896, 21.872525726589483 ], [ 86.877771202350957, 21.876063079468231 ] ], [ [ 86.877800214094634, 21.876094722401294 ], [ 86.879502386454931, 21.877799014943573 ] ] ] } },
{ "type": "Feature", "properties": { "River_Name": "Saragarhia Nala", "Basin": "Jambhira" }, "geometry": { "type": "LineString", "coordinates": [ [ 86.936803857406446, 21.849954354544199 ], [ 86.936820883351345, 21.85525322766361 ], [ 86.943707192229297, 21.86686081693513 ], [ 86.949630586237006, 21.867219604862417 ], [ 86.950602394120807, 21.869921277222851 ] ] } },
{ "type": "Feature", "properties": { "River_Name": "Bhairingi Nala", "Basin": "Jambhira" }, "geometry": { "type": "LineString", "coordinates": [ [ 86.925626808123766, 21.782807845690236 ], [ 86.92355016700553, 21.776925241397407 ], [ 86.92530165939732, 21.77557985562202 ], [ 86.925819803846565, 21.764909973337367 ] ] } },
{ "type": "Feature", "properties": { "River_Name": "Surki Nadi", "Basin": "Jambhira" }, "geometry": { "type": "MultiLineString", "coordinates": [ [ [ 86.864092467295634, 21.999998280529613 ], [ 86.864900904308172, 21.995418430515606 ] ], [ [ 86.864437609092789, 22.000753583435205 ], [ 86.864103949287781, 22.000047257301421 ] ], [ [ 86.869922400793897, 22.028431076655682 ], [ 86.872324718217158, 22.023671863074732 ], [ 86.869942301577979, 22.017458480311909 ], [ 86.870635077207197, 22.010730377463624 ], [ 86.865076409185434, 22.005799181413959 ], [ 86.864457033098972, 22.000805006071126 ] ] ] } },
{ "type": "Feature", "properties": { "River_Name": "Chaluniya Nala", "Basin": "Jambhira" }, "geometry": { "type": "LineString", "coordinates": [ [ 86.769408691504765, 22.081570242291999 ], [ 86.778520081379071, 22.077019906310717 ], [ 86.783476100067389, 22.077207953901581 ], [ 86.787603403357821, 22.070107415974121 ], [ 86.786185451260479, 22.067857979359644 ], [ 86.789839942810517, 22.064830030004298 ], [ 86.78974376283297, 22.05574033886052 ], [ 86.79392945922126, 22.054776173660073 ] ] } },
{ "type": "Feature", "properties": { "River_Name": "Maissamunda khal", "Basin": "Jambhira" }, "geometry": { "type": "LineString", "coordinates": [ [ 86.834119373953953, 22.104023647184324 ], [ 86.833269381927508, 22.094888701797803 ], [ 86.830537714667173, 22.091541976533939 ], [ 86.826797255905603, 22.077601702428083 ], [ 86.824569202415958, 22.076165018072224 ], [ 86.82730390523021, 22.069717867601334 ], [ 86.827397649636268, 22.064755335418127 ], [ 86.829927485879963, 22.061401136947058 ], [ 86.830470170075657, 22.046012547443528 ] ] } },
{ "type": "Feature", "properties": { "River_Name": "Belajhari Khal", "Basin": "Jambhira" }, "geometry": { "type": "MultiLineString", "coordinates": [ [ [ 87.028302819025811, 21.82705382075866 ], [ 87.025891778205491, 21.823810105797289 ], [ 87.019433074878791, 21.82071288214788 ], [ 87.013038978824966, 21.821738143582504 ], [ 87.010010310451776, 21.817437174128308 ] ], [ [ 87.028302819025811, 21.82705382075866 ], [ 87.030629871729957, 21.825714002507361 ] ], [ [ 87.041201537446526, 21.842427522227283 ], [ 87.041653289715526, 21.839140389352249 ], [ 87.038120672918495, 21.834410741069345 ], [ 87.030805800463312, 21.830306516741668 ], [ 87.028302819025811, 21.82705382075866 ] ] ] } },
{ "type": "Feature", "properties": { "River_Name": "Mriga Nala", "Basin": "Jambhira" }, "geometry": { "type": "LineString", "coordinates": [ [ 87.109506168907259, 21.590344961938278 ], [ 87.109505299308054, 21.589188482001255 ], [ 87.112422961661338, 21.589484692583021 ], [ 87.112851168839057, 21.58731600175923 ], [ 87.110608979480759, 21.585984842779951 ], [ 87.111699309578128, 21.584330708394216 ], [ 87.114399282527117, 21.584315322938192 ], [ 87.114012545767352, 21.577715511579548 ], [ 87.109774478956737, 21.574628382202661 ], [ 87.117270718983775, 21.563288835184839 ], [ 87.117591537405573, 21.559882401813308 ], [ 87.120368763762826, 21.560399933743856 ], [ 87.120216112549883, 21.556826687478196 ], [ 87.123451812273501, 21.557054715994173 ], [ 87.125004520114928, 21.554406292946986 ], [ 87.128567894797314, 21.553893103283134 ] ] } },
{ "type": "Feature", "properties": { "River_Name": "Pinchhabania Nala", "Basin": "Jambhira" }, "geometry": { "type": "LineString", "coordinates": [ [ 87.092292074884583, 21.55352862522836 ], [ 87.094594820228494, 21.545011799049028 ], [ 87.096323277155349, 21.544667477566307 ], [ 87.100316975219087, 21.538150846026923 ], [ 87.099100089982215, 21.530882862795913 ] ] } },
{ "type": "Feature", "properties": { "River_Name": "Gurkhai nala", "Basin": "Jambhira" }, "geometry": { "type": "LineString", "coordinates": [ [ 87.147019997310878, 21.7499538323823 ], [ 87.144868443919677, 21.745393143860511 ], [ 87.136375726349442, 21.743512079047477 ], [ 87.138052633648002, 21.74251685782151 ], [ 87.138270548935878, 21.737805010392087 ], [ 87.130444668883214, 21.729530927323008 ], [ 87.135251133402988, 21.725018683011974 ], [ 87.13363734806299, 21.715641811981971 ], [ 87.134902320248102, 21.713883506423272 ], [ 87.131913332474511, 21.707078139925041 ], [ 87.134600095584872, 21.700801260302054 ], [ 87.136991625751278, 21.699480209581978 ], [ 87.131778156889709, 21.696651999627743 ] ] } },
{ "type": "Feature", "properties": { "River_Name": "Jamira Nala", "Basin": "Jambhira" }, "geometry": { "type": "LineString", "coordinates": [ [ 87.099439088725546, 21.63851223653046 ], [ 87.092114541215977, 21.639307016211021 ], [ 87.094724027694227, 21.647152402529496 ], [ 87.094408879938513, 21.652953014452667 ], [ 87.092384404853959, 21.653365242494033 ], [ 87.092604796274173, 21.657968419601552 ], [ 87.085686177401314, 21.668669489167559 ], [ 87.079678982071471, 21.668699585951071 ], [ 87.080966283545933, 21.671865703256064 ], [ 87.077897495946218, 21.672106597209595 ], [ 87.077870159967162, 21.675201069746983 ], [ 87.075383022724026, 21.678825219215522 ], [ 87.072432978072086, 21.675203531780941 ], [ 87.066512705787673, 21.675675825761015 ], [ 87.066088213338233, 21.677469426444979 ], [ 87.057840469145759, 21.683498793804048 ], [ 87.06027269310232, 21.68604577246445 ], [ 87.059500927329225, 21.689894920941775 ], [ 87.055395593759869, 21.685564105057498 ], [ 87.052645104712312, 21.684778963520571 ], [ 87.050727400861291, 21.688050197832791 ], [ 87.046459475867309, 21.688173419285878 ], [ 87.045841764445925, 21.691254493871739 ], [ 87.04281584853112, 21.690952633272911 ], [ 87.042836210030714, 21.694426547992091 ], [ 87.036635305207582, 21.697296614251627 ] ] } },
{ "type": "Feature", "properties": { "River_Name": "Haribhasa Nala", "Basin": "Jambhira" }, "geometry": { "type": "LineString", "coordinates": [ [ 87.133037553519173, 21.562278624102607 ], [ 87.144265524648574, 21.562142792783845 ], [ 87.144954323900294, 21.555483379198542 ], [ 87.150007880695085, 21.553075589893638 ], [ 87.150338189999346, 21.550269914147975 ], [ 87.155079725945725, 21.545314371076763 ], [ 87.15936075261618, 21.552276346932832 ] ] } },
{ "type": "Feature", "properties": { "River_Name": "Parparia Nala", "Basin": "Jambhira" }, "geometry": { "type": "LineString", "coordinates": [ [ 87.152107263755511, 21.607419230915283 ], [ 87.149889298843547, 21.60959592413737 ], [ 87.150224460934737, 21.612344705277046 ], [ 87.147622144227938, 21.617462718690867 ], [ 87.148878314987513, 21.620880021279795 ], [ 87.143603035853857, 21.62492300105388 ], [ 87.143771871182807, 21.627577925712764 ], [ 87.142162748400281, 21.629180946411243 ], [ 87.135899194238959, 21.632437523819316 ], [ 87.133676386064039, 21.637404030713764 ], [ 87.13524235472002, 21.637908720747259 ], [ 87.134490865014627, 21.640362317946774 ], [ 87.136119128506408, 21.640275160240908 ], [ 87.136057422740691, 21.641458788168325 ], [ 87.142562503088413, 21.637875497852885 ], [ 87.144401275685581, 21.640579875309971 ], [ 87.148713047762982, 21.642265605978416 ], [ 87.150644881665073, 21.646013363518268 ], [ 87.152664922555033, 21.646237392929034 ], [ 87.151521074126407, 21.647534952635723 ], [ 87.153357812611659, 21.648039223355589 ], [ 87.143960149011775, 21.658636566091701 ], [ 87.141575449762712, 21.656298571326609 ], [ 87.138952229369181, 21.657113929921891 ], [ 87.133465496615656, 21.65503587944249 ], [ 87.132812698379752, 21.66512841055485 ], [ 87.128624039602855, 21.666595364936391 ], [ 87.128022484897784, 21.669473450196545 ], [ 87.123770442542479, 21.674348795390657 ], [ 87.123164995355495, 21.684174158412638 ], [ 87.126584248649948, 21.689657753126983 ], [ 87.125973445180165, 21.693172232546253 ], [ 87.129353401159463, 21.697257359706654 ], [ 87.131778156889709, 21.696651999627765 ] ] } },
{ "type": "Feature", "properties": { "River_Name": "Kashi Khal", "Basin": "Jambhira" }, "geometry": { "type": "LineString", "coordinates": [ [ 86.78974376283297, 22.05574033886052 ], [ 86.787503122751772, 22.054580951452238 ], [ 86.782013809896071, 22.055768919411364 ], [ 86.761398823630913, 22.054736211426871 ], [ 86.758765302702656, 22.051395137534278 ], [ 86.755005242248643, 22.050460780900909 ] ] } },
{ "type": "Feature", "properties": { "River_Name": "Parparia Nala", "Basin": "Jambhira" }, "geometry": { "type": "LineString", "coordinates": [ [ 87.153200200595251, 21.668101404769583 ], [ 87.149729640845479, 21.662832700546097 ], [ 87.145058871227334, 21.660383866850047 ], [ 87.145298187167512, 21.658075235721014 ] ] } },
{ "type": "Feature", "properties": { "River_Name": "Kukurhajodi Nala", "Basin": "Jambhira" }, "geometry": { "type": "LineString", "coordinates": [ [ 86.839067771965233, 21.940473925499663 ], [ 86.844653600015775, 21.933197401589755 ], [ 86.854963159204772, 21.926873548515299 ] ] } },
{ "type": "Feature", "properties": { "River_Name": "Kukurhajorhi Nala", "Basin": "Jambhira" }, "geometry": { "type": "LineString", "coordinates": [ [ 86.839067771965233, 21.940473925499663 ], [ 86.844653600015775, 21.933197401589755 ], [ 86.854963159204772, 21.926873548515299 ] ] } },
{ "type": "Feature", "properties": { "River_Name": "Kukurhajorhi nala", "Basin": "Jambhira" }, "geometry": { "type": "LineString", "coordinates": [ [ 86.899942474806281, 21.910418836753092 ], [ 86.892697822922443, 21.913892613192395 ], [ 86.888621790022199, 21.913713728615214 ], [ 86.885525149421824, 21.911669772070326 ], [ 86.878674649735984, 21.912270184794682 ], [ 86.872064744467863, 21.919858795943071 ], [ 86.866815870700677, 21.920880061069138 ] ] } },
{ "type": "Feature", "properties": { "River_Name": "River / Nala", "Basin": "Jambhira" }, "geometry": { "type": "LineString", "coordinates": [ [ 86.869094346104575, 21.954571985125767 ], [ 86.858300418565392, 21.962554452094079 ], [ 86.848327502624713, 21.964343806770444 ] ] } },
{ "type": "Feature", "properties": { "River_Name": "San Nadi", "Basin": "Jambhira" }, "geometry": { "type": "LineString", "coordinates": [ [ 87.115661333165946, 21.8681610174668 ], [ 87.114403799657111, 21.865081333197722 ], [ 87.103748345225128, 21.855114335573052 ], [ 87.10594633940832, 21.841838761505652 ], [ 87.102871472257007, 21.834107697331437 ] ] } },
{ "type": "Feature", "properties": { "River_Name": "Panamunda Nala", "Basin": "Nagavali" }, "geometry": { "type": "LineString", "coordinates": [ [ 83.156109728410527, 19.504099927667934 ], [ 83.159511422449299, 19.503120002800888 ], [ 83.177621815280133, 19.513348492671973 ], [ 83.180024914054258, 19.516390435965871 ], [ 83.179809672794406, 19.522358706696348 ], [ 83.182726135007769, 19.52672662975214 ], [ 83.18938782518768, 19.529062103688013 ], [ 83.189215485012568, 19.532884730171695 ], [ 83.190799844359915, 19.533457119778717 ], [ 83.191045655918799, 19.535788909040463 ], [ 83.195736705272395, 19.535022937819491 ] ] } },
{ "type": "Feature", "properties": { "River_Name": "Dundapata Nala", "Basin": "Nagavali" }, "geometry": { "type": "LineString", "coordinates": [ [ 83.213127732653177, 19.510916820036922 ], [ 83.207643475315194, 19.52124864769495 ], [ 83.203925678211505, 19.523854574362527 ], [ 83.203924101806493, 19.525493890945274 ], [ 83.207465962728946, 19.52816475397022 ], [ 83.207995296512038, 19.531364617327416 ], [ 83.206129243019859, 19.538107163359498 ] ] } },
{ "type": "Feature", "properties": { "River_Name": "Daleiband Nala", "Basin": "Nagavali" }, "geometry": { "type": "MultiLineString", "coordinates": [ [ [ 83.305334003338587, 19.578870071784738 ], [ 83.31410797984536, 19.586573059468403 ], [ 83.315828556167034, 19.591942671843025 ], [ 83.323400555335596, 19.599309566936792 ], [ 83.326138167213045, 19.609759551107462 ], [ 83.329474757078358, 19.610488586883399 ], [ 83.330439093564621, 19.612264295514503 ], [ 83.331808197938841, 19.60906305392021 ], [ 83.336500959123327, 19.611639337181543 ], [ 83.336858999395503, 19.612014001467443 ], [ 83.336862153123619, 19.613123716445699 ] ], [ [ 83.347485496088083, 19.613334289242481 ], [ 83.343555440582449, 19.61473565556869 ], [ 83.344240783631761, 19.617305133518528 ], [ 83.33935747264016, 19.613105939146369 ], [ 83.336862153123619, 19.613123716445699 ] ], [ [ 83.336862153123619, 19.613123716445699 ], [ 83.336860630093824, 19.613115788993529 ], [ 83.336860891146145, 19.613133848041567 ], [ 83.336862153123619, 19.613123716445699 ] ], [ [ 83.397379968364703, 19.625121349865086 ], [ 83.395721555526677, 19.624154554281152 ], [ 83.389048220251354, 19.625647592606143 ], [ 83.385364020730464, 19.624323767130363 ], [ 83.377555196820254, 19.619261381866924 ], [ 83.374206025185501, 19.613155465197227 ], [ 83.368815173793706, 19.611104182188583 ], [ 83.364577058554787, 19.610320003505372 ], [ 83.362225358434245, 19.611452666709745 ], [ 83.36257957005401, 19.612865899885776 ], [ 83.355592847537864, 19.614434043281573 ], [ 83.352731723383897, 19.612660716662102 ], [ 83.347485430527684, 19.613329774515023 ] ] ] } },
{ "type": "Feature", "properties": { "River_Name": "Barhajora Nala", "Basin": "Nagavali" }, "geometry": { "type": "MultiLineString", "coordinates": [ [ [ 83.249997976970363, 19.67262533919267 ], [ 83.245891107064892, 19.675539770139032 ] ], [ [ 83.249998355239356, 19.672652429239331 ], [ 83.2546186207273, 19.672030007610388 ], [ 83.257597353937285, 19.668912823484519 ], [ 83.256475550918594, 19.667441227792299 ], [ 83.25766990140211, 19.665583780641633 ], [ 83.260655760364145, 19.666386162690799 ], [ 83.269036898544954, 19.659664905174964 ], [ 83.270488521012695, 19.654765036783598 ], [ 83.269125014290012, 19.651697994275946 ], [ 83.273009515882777, 19.652019203193092 ], [ 83.274795658091506, 19.645164279498179 ], [ 83.278310543431914, 19.643286381271135 ], [ 83.276942588899843, 19.638891826333122 ], [ 83.277824176111821, 19.635502884710821 ] ] ] } },
{ "type": "Feature", "properties": { "River_Name": "River / Nala", "Basin": "Nagavali" }, "geometry": { "type": "LineString", "coordinates": [ [ 83.296748289205325, 19.520463499224714 ], [ 83.302423285426997, 19.518639192947965 ], [ 83.30605945852831, 19.51377004486902 ], [ 83.306402717818358, 19.510103411373727 ] ] } },
{ "type": "Feature", "properties": { "River_Name": "Jhebaru Nala", "Basin": "Nagavali" }, "geometry": { "type": "LineString", "coordinates": [ [ 83.29761193847871, 19.37182928189581 ], [ 83.302382952086745, 19.376460870049293 ], [ 83.303145992021939, 19.38098054729333 ], [ 83.308853952344776, 19.386557395147104 ], [ 83.308640902958459, 19.388948614044136 ] ] } },
{ "type": "Feature", "properties": { "River_Name": "Kirakada Nala", "Basin": "Nagavali" }, "geometry": { "type": "LineString", "coordinates": [ [ 83.261918507834721, 19.338962793852119 ], [ 83.261227826511856, 19.342353785004477 ], [ 83.274403600950237, 19.347667498078565 ], [ 83.284121516492576, 19.356414993739222 ], [ 83.287011293628595, 19.356541280675142 ], [ 83.289123277008784, 19.360935735525064 ], [ 83.291327082578547, 19.362018896745553 ], [ 83.293761128317939, 19.369692222929196 ], [ 83.29761193847871, 19.37182928189581 ] ] } },
{ "type": "Feature", "properties": { "River_Name": "Taradei Nala", "Basin": "Nagavali" }, "geometry": { "type": "LineString", "coordinates": [ [ 83.329246053206631, 19.361551075251999 ], [ 83.333313611125462, 19.363860692445936 ], [ 83.338326959779337, 19.363087373414427 ], [ 83.342257895260346, 19.355491083640196 ], [ 83.349988911888786, 19.349168831545043 ], [ 83.362429197789126, 19.352110106145609 ], [ 83.368875912259909, 19.356473813148302 ] ] } },
{ "type": "Feature", "properties": { "River_Name": "Sat Nala", "Basin": "Nagavali" }, "geometry": { "type": "MultiLineString", "coordinates": [ [ [ 83.444685574594018, 19.363965405951951 ], [ 83.448235148156812, 19.367493897409641 ], [ 83.451505887344595, 19.373681124311386 ], [ 83.451596957487865, 19.377540573237926 ], [ 83.452945121620075, 19.377332746143029 ], [ 83.456480179362174, 19.385886857554642 ], [ 83.458264407055196, 19.386512954403308 ], [ 83.455088510419046, 19.393983701400899 ] ], [ [ 83.455093403413699, 19.393992666084308 ], [ 83.452412004958063, 19.393834710267772 ], [ 83.451408118111985, 19.39733866215019 ], [ 83.449430063470814, 19.39775817948885 ], [ 83.450535811357369, 19.401369138857103 ], [ 83.447741951035155, 19.406423425134584 ], [ 83.449153353523457, 19.407244263551572 ], [ 83.448131769896293, 19.409574440700336 ], [ 83.449949554847379, 19.412105643193957 ], [ 83.448126767509251, 19.414324714720546 ], [ 83.449501915924856, 19.420659334706865 ], [ 83.448122292932538, 19.422285430421216 ], [ 83.449717266182333, 19.42169045447335 ], [ 83.448230608110407, 19.423796628642492 ], [ 83.452120020789664, 19.430837795293485 ], [ 83.450763342882553, 19.43082451847981 ], [ 83.451707051334139, 19.432179931132698 ], [ 83.449959376206507, 19.435292068565577 ], [ 83.452838842637476, 19.440983175824723 ], [ 83.451039445584428, 19.444141181661877 ], [ 83.451080940341541, 19.449121088894898 ], [ 83.448166621326735, 19.452217386765948 ], [ 83.449070646283189, 19.455993583498799 ], [ 83.447194344898477, 19.457847661475313 ], [ 83.449222828718774, 19.460737195290349 ] ] ] } },
{ "type": "Feature", "properties": { "River_Name": "River / Nala", "Basin": "Nagavali" }, "geometry": { "type": "MultiLineString", "coordinates": [ [ [ 83.574857892619605, 19.342980831597465 ], [ 83.575365320812935, 19.345610467514586 ], [ 83.569665156448906, 19.353100277864051 ], [ 83.567428636857528, 19.363381121716628 ], [ 83.56398459771934, 19.366436749824345 ], [ 83.563222662889416, 19.373382696893376 ], [ 83.559242563209821, 19.375642125149156 ], [ 83.558523668142627, 19.37439252162547 ], [ 83.555901093195402, 19.375540119287681 ], [ 83.550368243135395, 19.374032980368305 ], [ 83.546211732117897, 19.37536449375305 ], [ 83.544972917153189, 19.374022771140258 ], [ 83.537305488053036, 19.378446414248128 ], [ 83.532031991441485, 19.377711703376804 ], [ 83.530488496631463, 19.379123869784255 ], [ 83.529133842906774, 19.377977795051848 ], [ 83.525056544879945, 19.380147577766238 ], [ 83.521865088500405, 19.379600376760511 ], [ 83.521410581609658, 19.376965274812289 ], [ 83.507314251971152, 19.370820750798469 ], [ 83.505640541546569, 19.368396537974927 ], [ 83.501276514550682, 19.371116093353514 ], [ 83.499996816485876, 19.369066137531426 ] ], [ [ 83.500001949535388, 19.369277833817019 ], [ 83.497180999451075, 19.366490006989416 ], [ 83.498727341726791, 19.364626537840159 ], [ 83.492975353616714, 19.363052837865403 ], [ 83.487120842710539, 19.366943884038317 ], [ 83.479518262808369, 19.368208099467846 ], [ 83.477149213111048, 19.370114241476251 ], [ 83.477200955371615, 19.368501558546779 ], [ 83.475080196847841, 19.368264018683131 ], [ 83.475988141552776, 19.366323609489609 ], [ 83.472790036556958, 19.366258735707788 ], [ 83.472804079610256, 19.363720913129605 ], [ 83.470172711363404, 19.362429136357751 ] ] ] } },
{ "type": "Feature", "properties": { "River_Name": "Nalabali Nadi", "Basin": "Nagavali" }, "geometry": { "type": "LineString", "coordinates": [ [ 83.380104249150051, 19.322975455471123 ], [ 83.384362638018089, 19.318142290801834 ], [ 83.388383875798723, 19.317299429496448 ], [ 83.391496427564221, 19.313176535888029 ], [ 83.399358716694181, 19.307970664038649 ], [ 83.402332247874156, 19.308035384574175 ], [ 83.405404382890694, 19.304111516056654 ], [ 83.412229410866416, 19.303149901963543 ], [ 83.412925684046328, 19.301334477729732 ], [ 83.416815904136101, 19.30003218758954 ], [ 83.421964253342225, 19.286308984655829 ] ] } },
{ "type": "Feature", "properties": { "River_Name": "Pitesu Nadi", "Basin": "Nagavali" }, "geometry": { "type": "LineString", "coordinates": [ [ 83.416189657444619, 19.269677983297903 ], [ 83.413656139831986, 19.27266012536623 ], [ 83.41163701140232, 19.284472390540138 ], [ 83.406865635419209, 19.287935567201991 ], [ 83.405960977823582, 19.290462661748091 ], [ 83.394883163385629, 19.296537304644861 ] ] } },
{ "type": "Feature", "properties": { "River_Name": "Bilamada Nala", "Basin": "Nagavali" }, "geometry": { "type": "LineString", "coordinates": [ [ 83.284148412200821, 19.290605013275758 ], [ 83.287025092670476, 19.297401503077086 ], [ 83.288663662503438, 19.297236454411539 ], [ 83.291759517808018, 19.301988923962274 ], [ 83.297119205243519, 19.303307889704783 ], [ 83.300202366569252, 19.302365880285091 ], [ 83.302196574465384, 19.298723552884415 ], [ 83.312650049334536, 19.29767467053242 ], [ 83.314970037793373, 19.29321074470424 ], [ 83.325511982094312, 19.298120856724861 ], [ 83.331782772813952, 19.298284690730373 ], [ 83.346571525903002, 19.287438035010698 ], [ 83.352235081502243, 19.287405797296451 ], [ 83.354317841358352, 19.285062397709201 ], [ 83.35566049399192, 19.286169489589874 ], [ 83.362104445918433, 19.285512746582793 ], [ 83.363043932980688, 19.289009271831301 ], [ 83.366044417148117, 19.292623585342191 ], [ 83.370047012911641, 19.294481781627187 ], [ 83.374615707811174, 19.302275102437644 ], [ 83.385115401228049, 19.304459174944157 ], [ 83.386140656918442, 19.312510646861231 ], [ 83.394641071696242, 19.310940696202465 ] ] } },
{ "type": "Feature", "properties": { "River_Name": "Nimmana Gerha", "Basin": "Nagavali" }, "geometry": { "type": "LineString", "coordinates": [ [ 83.391612854454181, 19.241876539091642 ], [ 83.392570418921068, 19.243716957274671 ], [ 83.394679105857946, 19.242253398721555 ], [ 83.397198449425545, 19.243534443826753 ], [ 83.397248749531371, 19.245687729067573 ], [ 83.398731070315563, 19.243654336140054 ], [ 83.401669198758668, 19.245286553850271 ], [ 83.401699626350421, 19.243457338227245 ], [ 83.411059115890822, 19.2410673956899 ], [ 83.414540019499583, 19.241775585298981 ], [ 83.416710712747289, 19.240342583339384 ], [ 83.420777744912215, 19.241792489994285 ], [ 83.425951449363268, 19.240022680755285 ] ] } },
{ "type": "Feature", "properties": { "River_Name": "Aribi Nala", "Basin": "Nagavali" }, "geometry": { "type": "MultiLineString", "coordinates": [ [ [ 83.526407931199699, 19.283710641300086 ], [ 83.525512049017436, 19.289163908723427 ], [ 83.521473555010218, 19.295367348544769 ] ], [ [ 83.521451052237353, 19.29536982677633 ], [ 83.509355888672147, 19.300223406101065 ], [ 83.509256882839452, 19.298721177130016 ], [ 83.507138187315078, 19.299495323440606 ], [ 83.504510257993545, 19.298059425362524 ] ], [ [ 83.499998991007786, 19.30130458204847 ], [ 83.49654392781909, 19.302083373451758 ], [ 83.495782725714477, 19.300183806421234 ], [ 83.494761594461352, 19.302152907033264 ], [ 83.492390115641669, 19.302573637795895 ], [ 83.487119004191698, 19.301828294120714 ], [ 83.487978162064564, 19.299834344135917 ], [ 83.474360085432011, 19.29776634892605 ], [ 83.473318603726767, 19.293021251525392 ], [ 83.470877588206093, 19.29197513428268 ] ], [ [ 83.499999417247224, 19.301620467386208 ], [ 83.501276419239346, 19.301183221837768 ] ] ] } },
{ "type": "Feature", "properties": { "River_Name": "Godha Nala", "Basin": "Nagavali" }, "geometry": { "type": "MultiLineString", "coordinates": [ [ [ 83.478295867194461, 19.235355489401901 ], [ 83.474490366885163, 19.239949489608641 ], [ 83.46905078789672, 19.242104592135998 ], [ 83.466100618713085, 19.246379857059861 ], [ 83.460330644620115, 19.250000200249964 ] ], [ [ 83.460335522654617, 19.250002121412034 ], [ 83.456633289031572, 19.256477376328203 ], [ 83.453524415836696, 19.25811308183248 ] ] ] } },
{ "type": "Feature", "properties": { "River_Name": "Ghorha Nala", "Basin": "Nagavali" }, "geometry": { "type": "LineString", "coordinates": [ [ 83.479103766882531, 19.203023308132984 ], [ 83.479961119821994, 19.205364232428245 ], [ 83.477027556043709, 19.20942263127769 ], [ 83.476489980779718, 19.21256359455456 ], [ 83.477670240483633, 19.213613268945881 ], [ 83.475412418175836, 19.216465930724759 ], [ 83.477089957555961, 19.224367784332806 ], [ 83.475419478953285, 19.226911602934244 ], [ 83.476954948797541, 19.226776321293073 ], [ 83.478295867194461, 19.235355489401901 ] ] } },
{ "type": "Feature", "properties": { "River_Name": "Jokapal Nala", "Basin": "Nagavali" }, "geometry": { "type": "LineString", "coordinates": [ [ 83.391321546844068, 19.105220220417202 ], [ 83.399825648179515, 19.107268010327388 ], [ 83.406080885043735, 19.105231058378685 ], [ 83.40871406770259, 19.101728607191674 ], [ 83.408455705958502, 19.097663399746548 ], [ 83.410565397855805, 19.093774922591678 ], [ 83.409570072943879, 19.090315425825239 ], [ 83.415010648261273, 19.087507693026261 ], [ 83.415889632435153, 19.082944418245742 ] ] } },
{ "type": "Feature", "properties": { "River_Name": "Erri Gedda", "Basin": "Nagavali" }, "geometry": { "type": "MultiLineString", "coordinates": [ [ [ 83.443909393557519, 18.986086162207499 ], [ 83.444746776156308, 18.980692519621915 ], [ 83.452235683960765, 18.972501533975048 ] ], [ [ 83.348761535334305, 19.06598915355217 ], [ 83.343621455427765, 19.062692922232149 ], [ 83.346878489533779, 19.055681387050896 ], [ 83.353673007969419, 19.050831094195495 ], [ 83.362450889738525, 19.049643698236082 ], [ 83.367082138824983, 19.04380470206501 ], [ 83.367700475281595, 19.034778149890656 ], [ 83.371900845696814, 19.033485653655838 ], [ 83.37323659811851, 19.030818156308534 ], [ 83.376620103314195, 19.029677312199485 ], [ 83.37994745057587, 19.025931552153494 ], [ 83.384395067278334, 19.025838060364524 ], [ 83.386842849595752, 19.023688568888375 ], [ 83.38969909716397, 19.024541233838804 ], [ 83.400993011028703, 19.018813376846559 ], [ 83.404708541779684, 19.019993316730325 ], [ 83.408809373345079, 19.018585190910514 ], [ 83.41142932453468, 19.0205017780414 ], [ 83.41712532990077, 19.016137473075386 ], [ 83.416577772932442, 19.014058405610445 ], [ 83.424520466161425, 19.009795467966828 ], [ 83.429610606252609, 19.009525421201445 ], [ 83.433947475948443, 19.004799222462761 ], [ 83.438488920033592, 19.002725416583338 ], [ 83.43982165094296, 18.999059234248154 ], [ 83.442901828641894, 18.99640855738334 ], [ 83.444539880721564, 18.991555237588354 ], [ 83.443909459456833, 18.98609067692491 ] ] ] } },
{ "type": "Feature", "properties": { "River_Name": "Hirikani Gedda", "Basin": "Nagavali" }, "geometry": { "type": "LineString", "coordinates": [ [ 83.40464789413069, 19.031612940242233 ], [ 83.40511697541956, 19.028576814122566 ], [ 83.407768877182278, 19.026112827633135 ], [ 83.408170128177701, 19.021998338789224 ], [ 83.411016478530655, 19.020465020782524 ] ] } },
{ "type": "Feature", "properties": { "River_Name": "Barhagorha Nalla", "Basin": "Nagavali" }, "geometry": { "type": "MultiLineString", "coordinates": [ [ [ 83.242860685580041, 19.204843394169227 ], [ 83.25030768793512, 19.204359203535756 ], [ 83.253198875347891, 19.200945718487556 ], [ 83.252187662843781, 19.198944015472673 ], [ 83.254568611293024, 19.196814811065895 ], [ 83.254458105604343, 19.194634948345978 ], [ 83.257669525478761, 19.195199339140906 ] ], [ [ 83.201667163149551, 19.20566359849791 ], [ 83.204894226808392, 19.20561124877182 ], [ 83.207741956903206, 19.208124039166542 ], [ 83.211722110332332, 19.206441214211154 ], [ 83.221021816461814, 19.207968059225081 ], [ 83.222786017644069, 19.204473815271495 ], [ 83.22533016665119, 19.208078361067201 ], [ 83.227696996729406, 19.208392819019014 ], [ 83.230929914806069, 19.205955465648263 ], [ 83.234264563505121, 19.208240592399157 ], [ 83.242860624348012, 19.204838878906973 ] ] ] } },
{ "type": "Feature", "properties": { "River_Name": "Dhumadhar Nala", "Basin": "Nagavali" }, "geometry": { "type": "LineString", "coordinates": [ [ 83.188060159282344, 19.232453727453027 ], [ 83.189059540688703, 19.228937260367609 ], [ 83.195227565578932, 19.223331153453351 ], [ 83.194555308858341, 19.219965669576098 ], [ 83.19733804165034, 19.209712327927967 ], [ 83.201667163149551, 19.20566359849791 ] ] } },
{ "type": "Feature", "properties": { "River_Name": "River / Nala", "Basin": "Nagavali" }, "geometry": { "type": "MultiLineString", "coordinates": [ [ [ 83.408842865834998, 19.556112381890031 ], [ 83.401310725595849, 19.562782771432122 ], [ 83.396602986592129, 19.572680078798445 ], [ 83.385686491167462, 19.571546940001539 ], [ 83.377584518621646, 19.573591095257022 ], [ 83.372813077067846, 19.571779995550632 ], [ 83.368221042831053, 19.572458985717979 ], [ 83.365671082750936, 19.571395174685673 ], [ 83.364472798587116, 19.567956487575614 ], [ 83.361771188890671, 19.565959877812183 ], [ 83.357269773279626, 19.5656575112341 ] ], [ [ 83.357265010397384, 19.565657573473324 ], [ 83.346519440003547, 19.568069020530526 ], [ 83.343627375853472, 19.566724843899344 ], [ 83.342050841676951, 19.563778560290586 ], [ 83.337356826293757, 19.564652250315604 ], [ 83.336181742434448, 19.560133776916793 ], [ 83.334000486034043, 19.561823760294491 ], [ 83.330253704427207, 19.55667919549207 ], [ 83.321656767428351, 19.55644229348033 ], [ 83.310611502130612, 19.552217207808312 ] ] ] } },
{ "type": "Feature", "properties": { "River_Name": "River / Nala", "Basin": "Nagavali" }, "geometry": { "type": "LineString", "coordinates": [ [ 83.237520438653917, 19.513271982067636 ], [ 83.244498430871047, 19.532296674065158 ], [ 83.250425757621429, 19.52694389887986 ], [ 83.256017907560732, 19.52766444084325 ], [ 83.260980028989138, 19.524865824289286 ], [ 83.27479916005322, 19.524001483330238 ], [ 83.277693666516569, 19.522212898010704 ], [ 83.277405105698747, 19.520654069307707 ], [ 83.280103435382998, 19.519825271372568 ], [ 83.279969202899181, 19.516367869425949 ], [ 83.282289753304511, 19.515435430972133 ], [ 83.294016437214935, 19.515874058749649 ], [ 83.298939221482456, 19.51138157851733 ], [ 83.29893749229204, 19.509575301900718 ], [ 83.301939876888611, 19.509053922907192 ], [ 83.30209067248812, 19.507259254636466 ], [ 83.304527925270165, 19.506180563117709 ], [ 83.306693915762864, 19.501646076456446 ] ] } },
{ "type": "Feature", "properties": { "River_Name": "River / Nala", "Basin": "Nagavali" }, "geometry": { "type": "LineString", "coordinates": [ [ 83.187170549823762, 19.578697192419302 ], [ 83.190955285242069, 19.577761594500402 ], [ 83.204407168034578, 19.579625299711687 ], [ 83.212845777959132, 19.574432476726717 ], [ 83.222156972753268, 19.564468785262449 ], [ 83.228030975967954, 19.564459561206089 ], [ 83.23354099854258, 19.559125908641381 ], [ 83.241678911171363, 19.558176015464682 ], [ 83.243027298194107, 19.553024723132143 ] ] } },
{ "type": "Feature", "properties": { "River_Name": "River / Nala", "Basin": "Nagavali" }, "geometry": { "type": "MultiLineString", "coordinates": [ [ [ 83.152719166364434, 19.580267924489792 ], [ 83.15584372348647, 19.571591364714962 ], [ 83.154382196387388, 19.565227624055851 ], [ 83.155524468089709, 19.554388962303598 ] ], [ [ 83.161686344699532, 19.594539714690825 ], [ 83.153270063933093, 19.593746309071282 ], [ 83.152719226378423, 19.580272439840112 ] ] ] } },
{ "type": "Feature", "properties": { "River_Name": "River / Nala", "Basin": "Nagavali" }, "geometry": { "type": "MultiLineString", "coordinates": [ [ [ 83.498105732045204, 19.336622172494071 ], [ 83.495197930781501, 19.32964071436745 ], [ 83.476460519827441, 19.320395990950395 ], [ 83.476224900354012, 19.312334741911759 ], [ 83.474267559619378, 19.309634021272743 ], [ 83.474717304880414, 19.307600515438267 ], [ 83.471891325764929, 19.305638518820434 ], [ 83.472584099729858, 19.301104714941406 ], [ 83.46975224120547, 19.298424802671491 ], [ 83.469442655840083, 19.294274828624097 ], [ 83.470877588206093, 19.29197513428268 ] ], [ [ 83.500001069283783, 19.339887823136262 ], [ 83.498115174752996, 19.336617527703936 ] ], [ [ 83.538478802020819, 19.341459718867679 ], [ 83.536762741094464, 19.342147362602361 ], [ 83.534097288101094, 19.339574682490461 ], [ 83.530412481481989, 19.33875447421941 ], [ 83.525459730348445, 19.339613374428303 ], [ 83.520241777320479, 19.33590638988813 ], [ 83.517290897804187, 19.336100707597925 ], [ 83.507621294965887, 19.341747218189948 ], [ 83.499990801277733, 19.339838295812356 ] ] ] } },
{ "type": "Feature", "properties": { "River_Name": "River / Nala", "Basin": "Nagavali" }, "geometry": { "type": "MultiLineString", "coordinates": [ [ [ 83.313518714394149, 18.811712348402875 ], [ 83.30694281797328, 18.8215574324553 ], [ 83.309157444629506, 18.826755026174887 ], [ 83.317737918078549, 18.837893292435538 ] ], [ [ 83.317747464289312, 18.837897689622537 ], [ 83.31999552423693, 18.839617382475979 ] ] ] } },
{ "type": "Feature", "properties": { "River_Name": "River / Nala", "Basin": "Nagavali" }, "geometry": { "type": "MultiLineString", "coordinates": [ [ [ 83.289616994134647, 18.817602740411399 ], [ 83.290200483469675, 18.822165819201398 ], [ 83.286396985515211, 18.828828541563098 ], [ 83.294995192620945, 18.838224580989404 ], [ 83.298526290666146, 18.840136477565277 ], [ 83.2991398391367, 18.842350787152167 ], [ 83.303716657835636, 18.843721284170478 ] ], [ [ 83.303716657835636, 18.843721284170478 ], [ 83.303758784203666, 18.843680118919039 ] ], [ [ 83.303716657835636, 18.843721284170478 ], [ 83.305239555561556, 18.843399865125598 ], [ 83.310524893590824, 18.847321980922878 ], [ 83.312654563723754, 18.847665850178263 ], [ 83.31475057747673, 18.845901149969034 ] ] ] } },
{ "type": "Feature", "properties": { "River_Name": "River / Nala", "Basin": "Nagavali" }, "geometry": { "type": "MultiLineString", "coordinates": [ [ [ 83.236375554775847, 18.824978344046908 ], [ 83.232517644216856, 18.826034222082939 ], [ 83.227340982608197, 18.822549210371637 ], [ 83.224019766847078, 18.822195439135381 ], [ 83.221755418088151, 18.823008878022723 ], [ 83.218625840378692, 18.828426185290994 ], [ 83.222086264920449, 18.834764063262423 ], [ 83.228078895652317, 18.840676452515467 ], [ 83.236445796007771, 18.842454899659597 ], [ 83.23608031285579, 18.843868335907707 ], [ 83.238752935546671, 18.846175600390286 ], [ 83.242920607404571, 18.845687376059825 ], [ 83.248030962399724, 18.851162543561131 ], [ 83.254227926427504, 18.85450631482145 ] ], [ [ 83.254232669223128, 18.854506257379995 ], [ 83.25854971096507, 18.856662303663072 ], [ 83.259835613779842, 18.859523457953948 ] ], [ [ 83.260301289738877, 18.859228770976493 ], [ 83.262358085906428, 18.861204411630176 ], [ 83.260031322164821, 18.865631379090551 ] ], [ [ 83.259953702693764, 18.859485894923203 ], [ 83.260301289738877, 18.859228770976493 ] ], [ [ 83.259953702693764, 18.859485894923203 ], [ 83.260081216870262, 18.859443701236067 ], [ 83.260301289738877, 18.859228770976493 ] ], [ [ 83.259835613779842, 18.859523457953948 ], [ 83.259953702693764, 18.859485894923203 ] ], [ [ 83.259835613779842, 18.859523457953948 ], [ 83.259859388872925, 18.8595276853355 ], [ 83.259920865297801, 18.859513390398469 ], [ 83.259953702693764, 18.859485894923203 ] ], [ [ 83.260031443220427, 18.865640409839038 ], [ 83.263236692050839, 18.866581436969884 ], [ 83.268631368911045, 18.871935029315306 ], [ 83.271704359768023, 18.870443341343009 ], [ 83.275479173001528, 18.871395248538875 ] ] ] } },
{ "type": "Feature", "properties": { "River_Name": "Champabati Nadi", "Basin": "Nagavali" }, "geometry": { "type": "MultiLineString", "coordinates": [ [ [ 83.050319101476774, 18.734639597414972 ], [ 83.060326029118983, 18.740446496028898 ], [ 83.070297625868065, 18.750688498007566 ], [ 83.072503372551111, 18.750393071091263 ], [ 83.081815836070845, 18.755497258927612 ], [ 83.086656535880778, 18.755876889894687 ], [ 83.093936584432043, 18.761441189390702 ], [ 83.096376232313247, 18.758581971128883 ], [ 83.099506910884131, 18.765976540709833 ], [ 83.104522082993171, 18.770838624687443 ], [ 83.102895733582955, 18.773133264286464 ], [ 83.104554350018873, 18.777256235666268 ], [ 83.10705248519379, 18.776812553400912 ], [ 83.108285915004288, 18.782575250666852 ], [ 83.112336438791743, 18.784932254338326 ] ], [ [ 83.112336438791743, 18.784932254338326 ], [ 83.112467295054032, 18.785135822919983 ] ], [ [ 83.112336438791743, 18.784932254338326 ], [ 83.11578374772759, 18.785304224995091 ], [ 83.117911594751206, 18.789372035388734 ], [ 83.121136017463883, 18.788978625709593 ], [ 83.126462388154479, 18.79283832109121 ], [ 83.128713504799052, 18.796498089099813 ] ], [ [ 83.128713561586949, 18.796502604906216 ], [ 83.12886555910994, 18.80066955714474 ], [ 83.13178003004866, 18.80489393572774 ] ], [ [ 83.13178003004866, 18.80489393572774 ], [ 83.131801626316104, 18.80494400071483 ], [ 83.131805627814245, 18.804953169615782 ] ], [ [ 83.131805627814245, 18.804953169615782 ], [ 83.13178003004866, 18.80489393572774 ] ], [ [ 83.131805627814245, 18.804953169615782 ], [ 83.135777275670591, 18.812857204070045 ] ] ] } },
{ "type": "Feature", "properties": { "River_Name": "River / Nala", "Basin": "Nagavali" }, "geometry": { "type": "MultiLineString", "coordinates": [ [ [ 83.120682318421245, 18.894844943164141 ], [ 83.122633308115866, 18.894154233446024 ], [ 83.124922973606772, 18.896237231257125 ], [ 83.127705005004458, 18.896349916586956 ], [ 83.130004590011879, 18.899209551820526 ], [ 83.135741567247464, 18.898470738612374 ], [ 83.137633119875389, 18.900201341638748 ] ], [ [ 83.120563766425477, 18.894850812688137 ], [ 83.112699578792316, 18.890938825960223 ], [ 83.113380602927819, 18.886979187505663 ], [ 83.11089618568046, 18.884857585753696 ], [ 83.10307033249579, 18.890040875802143 ], [ 83.096933498376472, 18.889911496395172 ], [ 83.094324168060908, 18.894520644723187 ], [ 83.091070889956342, 18.894670198566438 ], [ 83.091169859260319, 18.896525366016565 ], [ 83.088301009383784, 18.895536904378961 ], [ 83.085185048913786, 18.897197845402054 ], [ 83.083040989849678, 18.89411855224002 ], [ 83.078299041577438, 18.89906649472724 ], [ 83.074244754423589, 18.898181189023536 ], [ 83.072753694752635, 18.899748784861188 ], [ 83.070016364123887, 18.896861697833742 ], [ 83.066722966857924, 18.897221541499754 ], [ 83.066052802567086, 18.894247739331231 ], [ 83.053671394166898, 18.879031931104802 ], [ 83.05256597296264, 18.870893511711266 ], [ 83.050024770153087, 18.865960999556378 ], [ 83.045588167506565, 18.862716159884005 ], [ 83.044395084519877, 18.8569387598166 ], [ 83.038030233507541, 18.855753067215918 ], [ 83.039232805763604, 18.860050911266221 ], [ 83.036460178380338, 18.863882143802922 ] ] ] } },
{ "type": "Feature", "properties": { "River_Name": "River / Nala", "Basin": "Nagavali" }, "geometry": { "type": "LineString", "coordinates": [ [ 83.212587522054932, 18.983139709802078 ], [ 83.218419513512842, 18.974710468530219 ], [ 83.215140400393281, 18.961503785676072 ], [ 83.216476560031012, 18.953060613354687 ], [ 83.219761589443124, 18.949869002957708 ], [ 83.22154350909517, 18.944645023805617 ], [ 83.23179184088599, 18.935819307200454 ], [ 83.232156435331348, 18.931421066270648 ], [ 83.236819494785806, 18.929178718708165 ] ] } },
{ "type": "Feature", "properties": { "River_Name": "River / Nala", "Basin": "Nagavali" }, "geometry": { "type": "MultiLineString", "coordinates": [ [ [ 83.135946920935183, 18.973205418350915 ], [ 83.142316648417903, 18.977580426932636 ] ], [ [ 83.142610950228899, 18.977206680310058 ], [ 83.155321460615653, 18.973301549249829 ], [ 83.162729601695972, 18.974235844680894 ], [ 83.16702518015434, 18.970884206216148 ], [ 83.16813715042808, 18.965835526083474 ], [ 83.170588739180459, 18.964903552904115 ], [ 83.168563390898342, 18.95731732611867 ], [ 83.165804101916379, 18.956468923171098 ], [ 83.167193367451873, 18.954515187058963 ], [ 83.16521645404633, 18.948450320377066 ], [ 83.161874703639953, 18.944009144577208 ], [ 83.161632533038357, 18.940683443582163 ], [ 83.162969148676297, 18.939805240080943 ], [ 83.161378012536261, 18.933446751665628 ], [ 83.163236407987654, 18.924442129970572 ], [ 83.162376236297291, 18.920292623242922 ], [ 83.159038266522003, 18.917937830503345 ], [ 83.154151025180923, 18.898727877172625 ] ], [ [ 83.142316648417903, 18.977580426932636 ], [ 83.14261558134271, 18.977197594014466 ] ], [ [ 83.142311901792837, 18.977580481866166 ], [ 83.142316648417903, 18.977580426932636 ] ] ] } },
{ "type": "Feature", "properties": { "River_Name": "River / Nala", "Basin": "Nagavali" }, "geometry": { "type": "MultiLineString", "coordinates": [ [ [ 83.143821283433709, 18.783069579745838 ], [ 83.153545060920536, 18.781411593905606 ], [ 83.156777031258827, 18.782609637814907 ], [ 83.159061285665771, 18.780128258209473 ], [ 83.161918767390304, 18.781264796663461 ], [ 83.16771052562828, 18.780311544738623 ], [ 83.169178309120028, 18.781907931586201 ], [ 83.167369765898329, 18.784745944103445 ], [ 83.170733197201926, 18.786921283119337 ], [ 83.1702110748287, 18.790500641265407 ], [ 83.172520695783334, 18.791216427222235 ], [ 83.17410202587962, 18.794435560995641 ], [ 83.196696901925705, 18.803053755622145 ], [ 83.198818986134995, 18.806149509542028 ], [ 83.197446311495327, 18.81036583099208 ], [ 83.199211161380802, 18.811510228892725 ], [ 83.198779684165629, 18.813705712908213 ], [ 83.203434583157033, 18.816441821443309 ], [ 83.205935167295593, 18.821624018659254 ], [ 83.208631336662137, 18.818168771989203 ], [ 83.212794494482992, 18.819912355251187 ], [ 83.212503044102121, 18.81684928382121 ], [ 83.217799154862973, 18.808426810283674 ], [ 83.218387730442032, 18.802318375271238 ], [ 83.223296531951874, 18.796230779552584 ], [ 83.227134051080043, 18.794523052991902 ], [ 83.233686524459728, 18.803797799831131 ] ], [ [ 83.233686524459728, 18.803797799831131 ], [ 83.233560047147392, 18.803571246038672 ] ], [ [ 83.24883336562489, 18.809175221205329 ], [ 83.233686524459728, 18.803797799831131 ] ] ] } },
{ "type": "Feature", "properties": { "River_Name": "River / Nala", "Basin": "Nagavali" }, "geometry": { "type": "LineString", "coordinates": [ [ 83.380117611619838, 18.857527124011423 ], [ 83.369333492741021, 18.859047130978134 ], [ 83.369525376046028, 18.85741548043978 ], [ 83.367060179007495, 18.85660633742825 ], [ 83.365180947580569, 18.857935941061459 ], [ 83.365581162643721, 18.859669281281114 ], [ 83.363966255863801, 18.858822996419057 ], [ 83.357383851263975, 18.862016259351595 ], [ 83.351833134408921, 18.859236986449005 ], [ 83.345971359871385, 18.858976804705694 ], [ 83.343547782323739, 18.865826353075029 ], [ 83.343405431850613, 18.876399861539767 ], [ 83.346225478303481, 18.881322741735111 ], [ 83.345709757161359, 18.884147163303005 ] ] } },
{ "type": "Feature", "properties": { "River_Name": "River / Nala", "Basin": "Nagavali" }, "geometry": { "type": "LineString", "coordinates": [ [ 83.361255350335057, 18.860770843277631 ], [ 83.366630493633352, 18.873805999886965 ], [ 83.370975682789364, 18.876068263528808 ], [ 83.370126193178464, 18.878000535611434 ], [ 83.371863259593752, 18.886772508092498 ], [ 83.370127679703884, 18.888629441989618 ], [ 83.371188770295461, 18.892460535773562 ], [ 83.369653555335077, 18.896651508757483 ], [ 83.371346515125822, 18.901423678432412 ] ] } },
{ "type": "Feature", "properties": { "River_Name": "River / Nala", "Basin": "Nagavali" }, "geometry": { "type": "LineString", "coordinates": [ [ 83.326219500617569, 18.841770629521569 ], [ 83.327750569284547, 18.836260422279356 ], [ 83.33202254027195, 18.832591723903743 ], [ 83.339363822869899, 18.821491664879275 ], [ 83.337493561704704, 18.817558691981574 ], [ 83.33374597440087, 18.816267410756165 ] ] } },
{ "type": "Feature", "properties": { "River_Name": "River / Nala", "Basin": "Nagavali" }, "geometry": { "type": "LineString", "coordinates": [ [ 83.222542259946778, 18.796930747265066 ], [ 83.219632037083585, 18.796884061583881 ], [ 83.216710184451031, 18.79304358991639 ], [ 83.217490968208963, 18.788390214396077 ], [ 83.214468948697913, 18.781640193745012 ], [ 83.207644305927914, 18.778851904035811 ] ] } },
{ "type": "Feature", "properties": { "River_Name": "River / Nala", "Basin": "Nagavali" }, "geometry": { "type": "LineString", "coordinates": [ [ 83.277819941103843, 18.913618799730227 ], [ 83.279999078369713, 18.919563878100398 ], [ 83.275721655567978, 18.922641092805712 ], [ 83.27570102130089, 18.927696727168435 ], [ 83.271762010608768, 18.933509797175404 ], [ 83.275188816875371, 18.938301660277602 ] ] } },
{ "type": "Feature", "properties": { "River_Name": "River / Nala", "Basin": "Nagavali" }, "geometry": { "type": "LineString", "coordinates": [ [ 83.156852765349981, 18.871536863733148 ], [ 83.154672271915715, 18.87353199950012 ], [ 83.154542038650902, 18.875940146983414 ], [ 83.15831711589766, 18.876213989771728 ], [ 83.15998870530467, 18.875045511880078 ], [ 83.159888394392141, 18.872847411757583 ], [ 83.165799759741105, 18.872683062621075 ], [ 83.168599846020086, 18.869962354035103 ], [ 83.171136803978314, 18.871752392025442 ], [ 83.174615082748005, 18.871403923604994 ] ] } },
{ "type": "Feature", "properties": { "River_Name": "River / Nala", "Basin": "Nagavali" }, "geometry": { "type": "LineString", "coordinates": [ [ 83.105077028195353, 18.777520624494638 ], [ 83.103387268677068, 18.781184981700665 ], [ 83.097145175106292, 18.779326408460506 ], [ 83.093578999925853, 18.781399935688615 ], [ 83.083488094270677, 18.782533582383877 ], [ 83.081584053112408, 18.786300575648859 ], [ 83.082145971130103, 18.791253102906094 ] ] } },
{ "type": "Feature", "properties": { "River_Name": "River / Nala", "Basin": "Nagavali" }, "geometry": { "type": "LineString", "coordinates": [ [ 83.140188281575064, 18.819251563994442 ], [ 83.144986227643869, 18.817698401819495 ], [ 83.151430242368463, 18.808918507156683 ], [ 83.153491630709453, 18.808101761748588 ], [ 83.158545582971996, 18.81247396551165 ] ] } },
{ "type": "Feature", "properties": { "River_Name": "River / Nala", "Basin": "Nagavali" }, "geometry": { "type": "LineString", "coordinates": [ [ 83.072753694752635, 18.899748784861188 ], [ 83.069590778244248, 18.902032790031171 ], [ 83.067047577717162, 18.906764373937598 ], [ 83.066893534342157, 18.91173752589745 ], [ 83.06845448023806, 18.913620375024276 ], [ 83.066546303264772, 18.918532455037425 ], [ 83.068537067197354, 18.920269291667307 ], [ 83.069740899590755, 18.926696151357746 ], [ 83.067156557272099, 18.931021047642059 ] ] } },
{ "type": "Feature", "properties": { "River_Name": "River / Nala", "Basin": "Nagavali" }, "geometry": { "type": "MultiLineString", "coordinates": [ [ [ 83.000000508415425, 18.383954431112048 ], [ 83.000375615165183, 18.383629513938359 ], [ 83.000817002594019, 18.383340305693217 ], [ 83.001528132649582, 18.383057292210918 ], [ 83.005276456156025, 18.382760349981233 ], [ 83.011916877076601, 18.388702213774916 ], [ 83.01499186911856, 18.387048094395361 ], [ 83.015980667930535, 18.387046649005075 ], [ 83.016418246395546, 18.387245269623364 ], [ 83.017234010655699, 18.387823812741789 ] ], [ [ 83.000000508415425, 18.383954431112048 ], [ 83.000000870734397, 18.383954155900145 ] ], [ [ 82.999995816963036, 18.383958996974112 ], [ 83.000000508415425, 18.383954431112048 ] ], [ [ 82.998173815298671, 18.385933702863024 ], [ 82.998927319659771, 18.385221145232013 ], [ 82.999958660449465, 18.383986218165536 ], [ 83.000000508415425, 18.383954431112048 ] ], [ [ 83.017234010655699, 18.387823812741789 ], [ 83.017200633598549, 18.387801582387969 ] ], [ [ 83.017234010655699, 18.387823812741789 ], [ 83.019896833127348, 18.388969935326838 ], [ 83.023885278499677, 18.396669429929716 ], [ 83.028540148131952, 18.397405745183473 ], [ 83.031233900616641, 18.401171127240779 ], [ 83.032913711486216, 18.400778268784354 ] ] ] } },
{ "type": "Feature", "properties": { "River_Name": "River / Nala", "Basin": "Nagavali" }, "geometry": { "type": "LineString", "coordinates": [ [ 83.134919443805529, 19.146666897586723 ], [ 83.138594542138421, 19.139420679938489 ], [ 83.144725943705836, 19.136422368806311 ] ] } },
{ "type": "Feature", "properties": { "River_Name": "Sasubohu Nala", "Basin": "Nagavali" }, "geometry": { "type": "LineString", "coordinates": [ [ 83.223382171366737, 19.25751669313286 ], [ 83.217564301365002, 19.259185940534639 ], [ 83.21483714542552, 19.2582977256323 ], [ 83.213064819161843, 19.255564390697895 ], [ 83.20971504126922, 19.25717649708697 ], [ 83.205478571688431, 19.254716710041972 ], [ 83.198073334468233, 19.253532339961115 ], [ 83.196794403024626, 19.255331569172711 ], [ 83.193836247874799, 19.253867737815945 ], [ 83.190875689244933, 19.254725166323873 ], [ 83.18823441088783, 19.258861948609962 ], [ 83.183063400143453, 19.259068285995006 ] ] } },
{ "type": "Feature", "properties": { "River_Name": "River / Nala", "Basin": "Nagavali" }, "geometry": { "type": "LineString", "coordinates": [ [ 83.183063400143453, 19.259068285995006 ], [ 83.180483041694018, 19.259921017729496 ], [ 83.175907545601333, 19.265259428161713 ], [ 83.171223454199392, 19.26418157804089 ], [ 83.169657901500486, 19.266273086835049 ], [ 83.171963943423336, 19.271656048999443 ], [ 83.172273077380481, 19.279591767501636 ], [ 83.174095650827809, 19.282193962744742 ], [ 83.170615015851865, 19.289465720829867 ], [ 83.157697024461768, 19.293448563952012 ], [ 83.154065702899743, 19.296548908096518 ], [ 83.146032766441095, 19.296968701278551 ] ] } },
{ "type": "Feature", "properties": { "River_Name": "Chashighat Nala", "Basin": "Nagavali" }, "geometry": { "type": "LineString", "coordinates": [ [ 83.160368387838858, 19.311427444854491 ], [ 83.173810096177959, 19.302705154767509 ], [ 83.182379038061384, 19.301808032776609 ], [ 83.183407251181109, 19.299718320117808 ], [ 83.188126485443263, 19.301210819696625 ], [ 83.192518182006509, 19.306315482008721 ], [ 83.199127514157013, 19.306493348744279 ], [ 83.201486353092363, 19.301840444166817 ], [ 83.20539458313165, 19.301011972130407 ], [ 83.208249104615589, 19.287591855697148 ], [ 83.211473861844894, 19.284770937267012 ], [ 83.210752518832578, 19.280990700141857 ], [ 83.213821550151835, 19.278980011282908 ], [ 83.214745633859124, 19.274136635680577 ], [ 83.217978375301513, 19.27299550289262 ], [ 83.219807410593276, 19.270385598877322 ], [ 83.219912131058351, 19.266509563763158 ], [ 83.222167454183435, 19.264133815463182 ], [ 83.221501831757607, 19.260967131304664 ], [ 83.223532410714952, 19.261326305895796 ], [ 83.222597362351664, 19.258280319880555 ] ] } },
{ "type": "Feature", "properties": { "River_Name": "River / Nala", "Basin": "Nagavali" }, "geometry": { "type": "MultiLineString", "coordinates": [ [ [ 83.155226116272345, 19.250000367541727 ], [ 83.157253775072547, 19.25087970140579 ] ], [ [ 83.148916058835852, 19.249997841808987 ], [ 83.155221361906868, 19.250000423567894 ] ], [ [ 83.157277960337439, 19.250911029497946 ], [ 83.16596630778912, 19.260021332230114 ], [ 83.176822682816734, 19.255692364516282 ], [ 83.181459098642378, 19.256418399458084 ], [ 83.183063400143453, 19.259068285995006 ] ], [ [ 83.148599532960674, 19.250886739145184 ], [ 83.148920872038417, 19.250002301472062 ] ], [ [ 83.14935426885269, 19.253339207644537 ], [ 83.14857135935442, 19.250914167438321 ] ] ] } },
{ "type": "Feature", "properties": { "River_Name": "River / Nala", "Basin": "Nagavali" }, "geometry": { "type": "LineString", "coordinates": [ [ 83.2321190714962, 19.299476744481154 ], [ 83.233876879093188, 19.296524354965236 ], [ 83.231129764800926, 19.287900778659878 ], [ 83.231473342759159, 19.277807820777454 ], [ 83.229577312526956, 19.27686454658468 ], [ 83.227384392730613, 19.270844347702162 ], [ 83.222167454183435, 19.264133815463182 ] ] } },
{ "type": "Feature", "properties": { "River_Name": "Ladda Nala", "Basin": "Nagavali" }, "geometry": { "type": "MultiLineString", "coordinates": [ [ [ 83.402174322757062, 19.129373781412159 ], [ 83.409528857545595, 19.123532942599116 ], [ 83.406884887843162, 19.117783043352357 ], [ 83.40809898581054, 19.11337795940965 ], [ 83.410994167416618, 19.110576478190922 ], [ 83.411762995529443, 19.105612762568978 ], [ 83.408921610835122, 19.099987371890169 ] ], [ [ 83.396264630884403, 19.133414927635261 ], [ 83.401568462282086, 19.129911562275122 ] ] ] } },
{ "type": "Feature", "properties": { "River_Name": "River / Nala", "Basin": "Nagavali" }, "geometry": { "type": "LineString", "coordinates": [ [ 83.435680317931386, 19.057532159365692 ], [ 83.440787252740478, 19.06284856796276 ] ] } },
{ "type": "Feature", "properties": { "River_Name": "Henikalukarha Nala", "Basin": "Nagavali" }, "geometry": { "type": "MultiLineString", "coordinates": [ [ [ 83.499999891861421, 19.092507062604781 ], [ 83.498079280944282, 19.092725846021594 ], [ 83.498318235464225, 19.090925475118116 ], [ 83.49238732395122, 19.083085801902055 ], [ 83.49066611934353, 19.084544986312352 ], [ 83.487717842346129, 19.083031519478531 ], [ 83.484920677757657, 19.086230079673101 ], [ 83.483325940989801, 19.084711821909984 ], [ 83.478110442430648, 19.087545521095524 ], [ 83.477700875969745, 19.085875796755531 ], [ 83.473495886179762, 19.087043118772307 ], [ 83.472663419928381, 19.08567707799553 ], [ 83.470471679267703, 19.087128862747157 ], [ 83.469880342637467, 19.085687324992154 ], [ 83.467245614970892, 19.087695902797968 ] ], [ [ 83.499994580118027, 19.092507586261846 ], [ 83.500416316189231, 19.092423201719573 ], [ 83.500569562744573, 19.092506913150292 ], [ 83.501261176825238, 19.093332866959535 ], [ 83.501763724720732, 19.093271854801849 ], [ 83.507312845509475, 19.089904666591327 ], [ 83.514695668172422, 19.094125194204484 ], [ 83.515699070414641, 19.096405285145622 ], [ 83.517729681854121, 19.096883244722125 ], [ 83.517676996938008, 19.099051330365473 ] ] ] } },
{ "type": "Feature", "properties": { "River_Name": "Pajidonga Nala", "Basin": "Nagavali" }, "geometry": { "type": "LineString", "coordinates": [ [ 83.515809577181386, 19.127875719471032 ], [ 83.514745349488393, 19.107151303261286 ], [ 83.517676996938008, 19.099051330365473 ] ] } },
{ "type": "Feature", "properties": { "River_Name": "River / Nala", "Basin": "Nagavali" }, "geometry": { "type": "LineString", "coordinates": [ [ 83.542756598220279, 19.121161044646119 ], [ 83.538169307306532, 19.120018836767382 ], [ 83.532330897302629, 19.115015098927405 ], [ 83.529624148863576, 19.116632698050186 ], [ 83.524722507727105, 19.113859909102565 ], [ 83.524227912590661, 19.116011473161631 ], [ 83.522166844555642, 19.116360333783465 ], [ 83.520479180720102, 19.111574640889273 ], [ 83.521584051288443, 19.106750675642608 ], [ 83.517676996938008, 19.099051330365473 ] ] } },
{ "type": "Feature", "properties": { "River_Name": "River / Nala", "Basin": "Nagavali" }, "geometry": { "type": "LineString", "coordinates": [ [ 83.266055168217221, 18.983167898121199 ], [ 83.263233660681408, 18.985313541833616 ], [ 83.259818526904951, 18.985474843075739 ], [ 83.261042174296833, 18.988211444490172 ], [ 83.259909180695885, 18.990623454846098 ], [ 83.261603884072414, 18.992495878519918 ], [ 83.260954825480766, 18.99615901969128 ], [ 83.262775043356143, 19.001471429314037 ], [ 83.264786154575987, 19.003004101640506 ], [ 83.265232235660932, 19.011678645601336 ], [ 83.262864468419821, 19.014865383135653 ], [ 83.259113653397407, 19.015923333066812 ], [ 83.258435934578443, 19.018726472240949 ], [ 83.256003007333092, 19.018092284187585 ], [ 83.251218561210536, 19.021809077104081 ] ] } },
{ "type": "Feature", "properties": { "River_Name": "River / Nala", "Basin": "Nagavali" }, "geometry": { "type": "LineString", "coordinates": [ [ 83.281781745295717, 18.977819599041993 ], [ 83.293335868263767, 18.982294828258073 ], [ 83.296809241571381, 18.987137023438883 ], [ 83.306727754252378, 18.991017446944429 ] ] } },
{ "type": "Feature", "properties": { "River_Name": "River / Nala", "Basin": "Nagavali" }, "geometry": { "type": "LineString", "coordinates": [ [ 83.276795225453171, 18.831466082615052 ], [ 83.277990882837599, 18.830370692722447 ], [ 83.276084607755763, 18.828137496520409 ], [ 83.276986789507049, 18.826619345075578 ], [ 83.27354230829981, 18.823131610256258 ], [ 83.274541397734453, 18.82102695300464 ], [ 83.269859825892951, 18.816569698758798 ], [ 83.271038854096616, 18.811877316661342 ], [ 83.269280714331842, 18.807137955072442 ], [ 83.271745988234741, 18.80352896535506 ], [ 83.277061458046973, 18.800454996300004 ], [ 83.28268489113195, 18.799612314291057 ] ] } },
{ "type": "Feature", "properties": { "River_Name": "River / Nala", "Basin": "Nagavali" }, "geometry": { "type": "LineString", "coordinates": [ [ 83.03784000520497, 18.810026635064872 ], [ 83.026952071394675, 18.803873456056195 ], [ 83.019107322429576, 18.796514024127511 ], [ 83.014060989139892, 18.785743756973755 ], [ 83.008605993788208, 18.779057425490191 ], [ 83.001322302586573, 18.773631747621849 ], [ 82.996593124662652, 18.773148483695447 ], [ 82.990363969340677, 18.775487268173034 ] ] } },
{ "type": "Feature", "properties": { "River_Name": "River / Nala", "Basin": "Nagavali" }, "geometry": { "type": "LineString", "coordinates": [ [ 83.037941709194669, 18.810018057856261 ], [ 83.04043993498162, 18.808084156686139 ], [ 83.039936462935756, 18.805719550123481 ], [ 83.044288147687723, 18.802895395673946 ], [ 83.045762874398335, 18.800062608172897 ], [ 83.0421872078295, 18.795221606878268 ], [ 83.047173011826857, 18.791065266971792 ], [ 83.047547315571151, 18.788345106518761 ], [ 83.045300801286245, 18.7836791390218 ], [ 83.048189956665183, 18.78218182951661 ], [ 83.055743357033577, 18.765586616665622 ] ] } },
{ "type": "Feature", "properties": { "River_Name": "River / Nala", "Basin": "Nagavali" }, "geometry": { "type": "LineString", "coordinates": [ [ 83.133317791286203, 18.916033675481927 ], [ 83.131902109168621, 18.917431750114307 ], [ 83.133219913519099, 18.919346097912435 ], [ 83.131597479664464, 18.922652740284089 ], [ 83.132958175375293, 18.927836874679695 ], [ 83.135095037615784, 18.929804116889237 ], [ 83.133252035071195, 18.930922130756272 ], [ 83.135288384814615, 18.932844314805582 ], [ 83.133810808738545, 18.934267122643831 ], [ 83.135112036199601, 18.937845115801998 ], [ 83.12868750690518, 18.939336446307237 ], [ 83.124972311188259, 18.944856931407063 ], [ 83.120524269622379, 18.947589875117906 ], [ 83.122297655943072, 18.958979073647395 ] ] } },
{ "type": "Feature", "properties": { "River_Name": "River / Nala", "Basin": "Nagavali" }, "geometry": { "type": "LineString", "coordinates": [ [ 83.190512528667313, 18.839284065116846 ], [ 83.197788598781131, 18.847930868875061 ], [ 83.198729230532152, 18.852915210175713 ], [ 83.201688175409913, 18.855124044266894 ], [ 83.199759876015278, 18.86339604379187 ], [ 83.203399637866355, 18.87227220140824 ], [ 83.210076948854422, 18.878592467658727 ], [ 83.210964920178256, 18.883712340205577 ], [ 83.219726442151995, 18.888634452714626 ], [ 83.21933834872155, 18.890147498408403 ], [ 83.223440573319849, 18.893955286165095 ], [ 83.223747283810681, 18.896340678213058 ], [ 83.222508007179655, 18.896274216664583 ] ] } },
{ "type": "Feature", "properties": { "River_Name": "River / Nala", "Basin": "Nagavali" }, "geometry": { "type": "LineString", "coordinates": [ [ 83.10038614542627, 18.975933703030357 ], [ 83.10447118320721, 18.97573826829279 ], [ 83.108041111878748, 18.972712293608822 ], [ 83.106800371139357, 18.965400761898465 ], [ 83.109798792113551, 18.958095180240431 ], [ 83.106702141251574, 18.95342428831891 ], [ 83.107478019116499, 18.950195245676678 ], [ 83.105724429296458, 18.945111595292072 ], [ 83.10794104902331, 18.939820233337919 ] ] } },
{ "type": "Feature", "properties": { "River_Name": "River / Nala", "Basin": "Nagavali" }, "geometry": { "type": "LineString", "coordinates": [ [ 83.327269013880439, 19.002569346186942 ], [ 83.32318037798116, 19.002498837262706 ], [ 83.314631823002841, 19.010179244797946 ], [ 83.314615788936877, 19.012107740707755 ], [ 83.308967339149206, 19.015655660583061 ], [ 83.308019776110839, 19.018209965945623 ], [ 83.299951393234892, 19.021557545217181 ], [ 83.298402464729008, 19.03183705693716 ], [ 83.300011377089547, 19.033501469430977 ], [ 83.298111507576564, 19.040039651770922 ] ] } },
{ "type": "Feature", "properties": { "River_Name": "River / Nala", "Basin": "Nagavali" }, "geometry": { "type": "LineString", "coordinates": [ [ 83.288784006505423, 19.042733470067667 ], [ 83.289760073094698, 19.047059362592275 ], [ 83.287916707880527, 19.053928429720322 ], [ 83.288631785538115, 19.066582307714206 ], [ 83.282775575573751, 19.073857881894241 ], [ 83.280800043325883, 19.081862060451236 ], [ 83.274091331899825, 19.083471391331852 ], [ 83.267543598513456, 19.082960502925239 ], [ 83.264739365686893, 19.085627828728953 ] ] } },
{ "type": "Feature", "properties": { "River_Name": "River / Nala", "Basin": "Nagavali" }, "geometry": { "type": "MultiLineString", "coordinates": [ [ [ 83.25000089990931, 19.040747344525418 ], [ 83.250001981926005, 19.040747246659347 ] ], [ [ 83.25000089990931, 19.040747344525418 ], [ 83.250699765883184, 19.040725191318444 ], [ 83.252131317630685, 19.04158836115257 ], [ 83.253481048061644, 19.041314472035168 ], [ 83.257024280038792, 19.043113724973328 ], [ 83.263716010384172, 19.043853686424562 ], [ 83.265371944916865, 19.045147530208592 ], [ 83.272046980829401, 19.046049959079792 ], [ 83.275418979577452, 19.04537165571762 ], [ 83.281459563720944, 19.040505616697484 ], [ 83.284758110557135, 19.042799575916572 ], [ 83.288789636810563, 19.042661849389724 ] ] ] } },
{ "type": "Feature", "properties": { "River_Name": "Barhamula Nala", "Basin": "Nagavali" }, "geometry": { "type": "LineString", "coordinates": [ [ 83.510747264399299, 19.060690738793337 ], [ 83.511598122296562, 19.072349223391619 ], [ 83.50929577785233, 19.07588000183069 ], [ 83.509610707709157, 19.081966952004791 ], [ 83.507312845509475, 19.089904666591327 ] ] } },
{ "type": "Feature", "properties": { "River_Name": "Tavankarha Nadi", "Basin": "Nagavali" }, "geometry": { "type": "LineString", "coordinates": [ [ 83.462452470722084, 19.170169513354875 ], [ 83.462902315684687, 19.165283639268594 ], [ 83.465014448874328, 19.163444129031717 ], [ 83.463137972633675, 19.135694015597615 ], [ 83.468400742156618, 19.124562820671752 ], [ 83.466590958650968, 19.122017802860881 ], [ 83.467534300391165, 19.119002359259188 ], [ 83.465784467490749, 19.112487415392675 ], [ 83.468560000077574, 19.10905907486006 ], [ 83.467826532683034, 19.103167186337622 ], [ 83.469887486209757, 19.102489312766359 ], [ 83.472451391053625, 19.095383668838927 ], [ 83.473642013268176, 19.095277366911535 ], [ 83.467841066575033, 19.092939431044059 ], [ 83.46747362151622, 19.085473083628962 ] ] } },
{ "type": "Feature", "properties": { "River_Name": "Sukulu Nala", "Basin": "Nagavali" }, "geometry": { "type": "LineString", "coordinates": [ [ 83.466017086239731, 19.170887586488149 ], [ 83.474428759714144, 19.164077678961721 ], [ 83.472988056428051, 19.151789616539808 ], [ 83.476927485018933, 19.143040643790087 ], [ 83.478058464534115, 19.135364797528986 ], [ 83.476473635949873, 19.133268417259778 ], [ 83.476106802053593, 19.119496734594527 ], [ 83.471777528494826, 19.113003034966077 ], [ 83.473036746152886, 19.110154918802703 ], [ 83.469512102218516, 19.10439987916611 ], [ 83.469887486209757, 19.102489312766359 ] ] } },
{ "type": "Feature", "properties": { "River_Name": "Barha Nala", "Basin": "Nagavali" }, "geometry": { "type": "LineString", "coordinates": [ [ 83.495408138326709, 19.135003617868261 ], [ 83.495250536638423, 19.127677276497852 ], [ 83.492724919026443, 19.121778300121399 ], [ 83.484207144925449, 19.12336107466265 ], [ 83.476406156753541, 19.116313828512531 ], [ 83.473026326066133, 19.110412440100326 ] ] } },
{ "type": "Feature", "properties": { "River_Name": "Tarhakalu Nala", "Basin": "Nagavali" }, "geometry": { "type": "LineString", "coordinates": [ [ 83.530830452216321, 19.143734966876082 ], [ 83.52471790330506, 19.147927999042707 ], [ 83.523605289112467, 19.152869488625864 ], [ 83.519716019057668, 19.153943355373606 ], [ 83.514537950635471, 19.161523325063119 ], [ 83.514302466472941, 19.16510720515171 ], [ 83.511309311562144, 19.167956720943337 ], [ 83.509436566473738, 19.174823074426122 ], [ 83.506398231966841, 19.179727632422573 ], [ 83.50476236026671, 19.17996671491164 ], [ 83.505830228422269, 19.181446708186968 ], [ 83.503445512751611, 19.183705340585881 ], [ 83.503583576087763, 19.186864199405381 ], [ 83.498273173325742, 19.191768062884329 ], [ 83.493438819499687, 19.189490399245429 ], [ 83.49184418140635, 19.190898299498677 ], [ 83.487911445551688, 19.190585963016826 ], [ 83.486406718641206, 19.199081764059059 ], [ 83.482456729926525, 19.202535405467266 ], [ 83.479103766882531, 19.203023308132984 ] ] } },
{ "type": "Feature", "properties": { "River_Name": "Dhemuna Nadi", "Basin": "Nagavali" }, "geometry": { "type": "MultiLineString", "coordinates": [ [ [ 83.144661341049485, 19.348966230917721 ], [ 83.151652163605945, 19.347980531312263 ], [ 83.157466797452528, 19.341137503620139 ], [ 83.165620669938889, 19.343235594282074 ], [ 83.169698771048402, 19.342568352999169 ], [ 83.173461910946159, 19.354762167648762 ], [ 83.177137375063779, 19.357080174472969 ], [ 83.17941640325347, 19.36387221177743 ], [ 83.189216085841935, 19.370099669508125 ], [ 83.188011513492953, 19.372543807720149 ], [ 83.190255774289511, 19.375258053200927 ], [ 83.199073697241261, 19.375625843306938 ], [ 83.20219039318134, 19.378442270706785 ] ], [ [ 83.202361375114705, 19.378417620050669 ], [ 83.204457432678254, 19.378229648058269 ], [ 83.208511121853448, 19.382764228426357 ], [ 83.210783034051317, 19.390309973378027 ], [ 83.217902488245358, 19.397373711784809 ] ] ] } },
{ "type": "Feature", "properties": { "River_Name": "Uagarh Nadi", "Basin": "Nagavali" }, "geometry": { "type": "MultiLineString", "coordinates": [ [ [ 83.206473127733261, 19.364300349074227 ], [ 83.212982327040294, 19.360766555253793 ], [ 83.220373944627369, 19.365847350874013 ], [ 83.231785425615755, 19.362085937764785 ], [ 83.237594204707804, 19.367944064090263 ], [ 83.236507850400812, 19.37062635232742 ], [ 83.248123550332778, 19.376904833338511 ] ], [ [ 83.2500013046822, 19.376768714949307 ], [ 83.255579207463427, 19.378907903833458 ], [ 83.25786284368921, 19.385775346515416 ], [ 83.26331944070165, 19.389437619322244 ], [ 83.263685636476495, 19.394123354762442 ] ], [ [ 83.248133065807281, 19.37690471571894 ], [ 83.249996546955032, 19.376768773807587 ] ] ] } },
{ "type": "Feature", "properties": { "River_Name": "River / Nala", "Basin": "Nagavali" }, "geometry": { "type": "LineString", "coordinates": [ [ 83.111557977707903, 19.386874109466653 ], [ 83.106825404021208, 19.39079041070131 ], [ 83.111959580855796, 19.393287024623177 ], [ 83.121482025854306, 19.392841926837693 ], [ 83.125286594306417, 19.395584466346293 ] ] } },
{ "type": "Feature", "properties": { "River_Name": "River / Nala", "Basin": "Nagavali" }, "geometry": { "type": "LineString", "coordinates": [ [ 83.128202354513562, 19.380041209884645 ], [ 83.120146212699908, 19.386715449562065 ], [ 83.117563597384461, 19.390150785713175 ], [ 83.117920657523101, 19.392734424519713 ] ] } },
{ "type": "Feature", "properties": { "River_Name": "River / Nala", "Basin": "Nagavali" }, "geometry": { "type": "LineString", "coordinates": [ [ 83.315549300275066, 19.458915720607319 ], [ 83.317623767236725, 19.461405092099653 ], [ 83.319230064937841, 19.459753793876928 ], [ 83.32472911600432, 19.462917682403265 ], [ 83.32663944814783, 19.467435248019314 ], [ 83.335852192016503, 19.467961688298249 ], [ 83.339660451320441, 19.471684592048856 ], [ 83.353214387925703, 19.470229063038179 ], [ 83.355017465534246, 19.471623171094869 ], [ 83.356819993574973, 19.470934317705943 ], [ 83.362123586410519, 19.475592447325564 ], [ 83.368886355680473, 19.475402411809061 ], [ 83.369648646968628, 19.476690162428639 ], [ 83.373851262169268, 19.475674988261357 ], [ 83.373640431203185, 19.473613818719571 ], [ 83.375411191777118, 19.472202555540775 ], [ 83.375930812709925, 19.473397092018914 ], [ 83.379567932811767, 19.473324216318293 ], [ 83.381527254557099, 19.474392420442523 ], [ 83.381698092092648, 19.480691133278924 ], [ 83.383355321800593, 19.482480900471781 ], [ 83.389175681913599, 19.48351333205639 ], [ 83.392605702751737, 19.485918129414571 ], [ 83.397044084580926, 19.485451625711487 ], [ 83.399460931206434, 19.489196888223013 ], [ 83.408827790138446, 19.489534497401831 ] ] } },
{ "type": "Feature", "properties": { "River_Name": "River / Nala", "Basin": "Nagavali" }, "geometry": { "type": "LineString", "coordinates": [ [ 83.311079131122625, 19.468807114568357 ], [ 83.298606823527194, 19.466429907661794 ], [ 83.294420076497715, 19.469425630774911 ], [ 83.290103340816273, 19.468288985536088 ], [ 83.285549260318405, 19.472689557807758 ], [ 83.281167728457177, 19.472303274861126 ], [ 83.276654834439256, 19.47724187532463 ], [ 83.271704242297304, 19.479602499110527 ], [ 83.263097179461951, 19.479370959436807 ], [ 83.257897537578543, 19.476766081052588 ], [ 83.254429807520111, 19.47930494933409 ], [ 83.252175445639708, 19.477203563916181 ], [ 83.2502861593604, 19.4791844953706 ], [ 83.24418016860605, 19.479902846596296 ], [ 83.242379082908798, 19.481889575999666 ] ] } },
{ "type": "Feature", "properties": { "River_Name": "River / Nala", "Basin": "Nagavali" }, "geometry": { "type": "LineString", "coordinates": [ [ 83.164326887004989, 19.635879321020973 ], [ 83.170932169339338, 19.629432155760906 ], [ 83.175951928734193, 19.631254518230183 ] ] } },
{ "type": "Feature", "properties": { "River_Name": "Barha Nala", "Basin": "Nagavali" }, "geometry": { "type": "LineString", "coordinates": [ [ 83.07570735177832, 19.613132388393968 ], [ 83.07699028261672, 19.616170560772488 ], [ 83.087463751965799, 19.616374587562685 ], [ 83.105493825463626, 19.61275491488416 ], [ 83.112925015705585, 19.608842686444735 ] ] } },
{ "type": "Feature", "properties": { "River_Name": "River / Nala", "Basin": "Nagavali" }, "geometry": { "type": "LineString", "coordinates": [ [ 83.078529044179319, 19.594610410210493 ], [ 83.082688398822938, 19.598622464254198 ], [ 83.092934348315538, 19.600116008693952 ], [ 83.095637730508756, 19.596909699740177 ], [ 83.111460522583286, 19.590840414042731 ], [ 83.113719454781176, 19.587210044134984 ], [ 83.112341987984635, 19.581337122847078 ], [ 83.117313272151648, 19.579047709093487 ] ] } },
{ "type": "Feature", "properties": { "River_Name": "River / Nala", "Basin": "Nagavali" }, "geometry": { "type": "LineString", "coordinates": [ [ 83.100942210295415, 19.570514056625008 ], [ 83.103305100118874, 19.572690416580379 ], [ 83.109899867418576, 19.574194047532195 ], [ 83.120253331075233, 19.574341719669704 ] ] } },
{ "type": "Feature", "properties": { "River_Name": "River / Nala", "Basin": "Nagavali" }, "geometry": { "type": "LineString", "coordinates": [ [ 83.188509496597703, 19.66527006905503 ], [ 83.204225471201482, 19.66796358386393 ], [ 83.207720364315648, 19.667306498934849 ], [ 83.211214614175788, 19.656176995283314 ], [ 83.214138780506076, 19.655635211282004 ], [ 83.214440816757005, 19.65159428337935 ], [ 83.216595701670485, 19.652312843349435 ], [ 83.217767856481146, 19.648812121338906 ], [ 83.219877994822284, 19.647666137556435 ], [ 83.219050213514038, 19.641196064106289 ], [ 83.223510094725668, 19.638323066451562 ], [ 83.230375233019657, 19.637411655254464 ], [ 83.235566870460573, 19.639564477903907 ], [ 83.241028552160572, 19.635066465331523 ], [ 83.242789894695278, 19.630451910339833 ], [ 83.247838989669148, 19.629219296089861 ], [ 83.250185131560315, 19.624656131665176 ] ] } },
{ "type": "Feature", "properties": { "River_Name": "Sibadakumb Nala", "Basin": "Nagavali" }, "geometry": { "type": "MultiLineString", "coordinates": [ [ [ 83.476776401968166, 19.44288840135869 ], [ 83.473300854733665, 19.445658580304595 ], [ 83.47104774722122, 19.450263330309312 ] ], [ [ 83.449222828718774, 19.460737195290349 ], [ 83.452322938188644, 19.461440301935895 ], [ 83.457758214200439, 19.457257679100369 ], [ 83.468669305509962, 19.45508650578584 ], [ 83.470935238357654, 19.450377747147765 ] ] ] } },
{ "type": "Feature", "properties": { "River_Name": "River / Nala", "Basin": "Nagavali" }, "geometry": { "type": "LineString", "coordinates": [ [ 83.154706987942618, 19.621841546053314 ], [ 83.145136230811872, 19.613890177397113 ], [ 83.139013183267252, 19.612161111612295 ], [ 83.134587137885163, 19.608289151756441 ], [ 83.131096201407289, 19.601226662950776 ], [ 83.131667191620636, 19.599599445344481 ] ] } },
{ "type": "Feature", "properties": { "River_Name": "River / Nala", "Basin": "Nagavali" }, "geometry": { "type": "LineString", "coordinates": [ [ 83.161130595376235, 19.599667570694987 ], [ 83.157940816937895, 19.603819926456197 ], [ 83.153912675273887, 19.605507470084657 ], [ 83.140056058495318, 19.603816544021598 ], [ 83.131812087807475, 19.599596739237057 ] ] } },
{ "type": "Feature", "properties": { "River_Name": "River / Nala", "Basin": "Nagavali" }, "geometry": { "type": "LineString", "coordinates": [ [ 83.146445078281772, 19.5771137291215 ], [ 83.145981852147244, 19.579192124783855 ], [ 83.139415510306392, 19.583840448036799 ], [ 83.134983595119209, 19.58994005552675 ], [ 83.126945674992456, 19.592537027958858 ], [ 83.124789005089639, 19.591387509257263 ] ] } },
{ "type": "Feature", "properties": { "River_Name": "River / Nala", "Basin": "Nagavali" }, "geometry": { "type": "LineString", "coordinates": [ [ 83.085768204734734, 19.645252741029381 ], [ 83.085965311297599, 19.640955556287835 ], [ 83.090972353585613, 19.637063169346433 ], [ 83.094114313355604, 19.629037497379905 ], [ 83.09405032885023, 19.615272917886216 ] ] } },
{ "type": "Feature", "properties": { "River_Name": "River / Nala", "Basin": "Nagavali" }, "geometry": { "type": "LineString", "coordinates": [ [ 83.071330730109054, 19.579505156553889 ], [ 83.074245996346093, 19.576088974797251 ], [ 83.088429582553886, 19.58006212595124 ], [ 83.100942210295415, 19.570514056625008 ] ] } },
{ "type": "Feature", "properties": { "River_Name": "River / Nala", "Basin": "Nagavali" }, "geometry": { "type": "LineString", "coordinates": [ [ 83.068167730236652, 19.568377266827149 ], [ 83.071948187418528, 19.566680935675631 ], [ 83.08194194203034, 19.568363342642364 ], [ 83.089764195203756, 19.564948960051094 ], [ 83.100942210295415, 19.570514056625008 ] ] } },
{ "type": "Feature", "properties": { "River_Name": "River / Nala", "Basin": "Nagavali" }, "geometry": { "type": "LineString", "coordinates": [ [ 83.099920977508361, 19.553468278966086 ], [ 83.101609624459456, 19.555106069715659 ], [ 83.113424342056646, 19.554353917527617 ], [ 83.130577229729994, 19.560831741818586 ] ] } },
{ "type": "Feature", "properties": { "River_Name": "River / Nala", "Basin": "Nagavali" }, "geometry": { "type": "LineString", "coordinates": [ [ 83.123913296968411, 19.514542849099154 ], [ 83.11772526923825, 19.516290934226927 ], [ 83.11476625818517, 19.519125602517388 ], [ 83.116087742683632, 19.529163143832172 ], [ 83.112956189617549, 19.539996596321853 ] ] } },
{ "type": "Feature", "properties": { "River_Name": "River / Nala", "Basin": "Nagavali" }, "geometry": { "type": "LineString", "coordinates": [ [ 83.119623058457407, 19.502205330580097 ], [ 83.115878253874158, 19.504656295685933 ], [ 83.114004394445544, 19.508887291832739 ], [ 83.110387252190563, 19.512018613738519 ], [ 83.109582966738316, 19.517939696184705 ], [ 83.103019378709348, 19.523449165268417 ], [ 83.102273695681745, 19.526551878018246 ] ] } },
{ "type": "Feature", "properties": { "River_Name": "River / Nala", "Basin": "Nagavali" }, "geometry": { "type": "LineString", "coordinates": [ [ 83.13951550925357, 19.513387931537185 ], [ 83.134177152542321, 19.522876196094309 ], [ 83.133887739821759, 19.5298525231577 ], [ 83.126232928211621, 19.534933107245607 ], [ 83.12590640720714, 19.541282136096495 ], [ 83.123320181042061, 19.544079413825813 ] ] } },
{ "type": "Feature", "properties": { "River_Name": "River / Nala", "Basin": "Nagavali" }, "geometry": { "type": "LineString", "coordinates": [ [ 83.138973321399376, 19.53370786703119 ], [ 83.127713467742495, 19.548822980144003 ] ] } },
{ "type": "Feature", "properties": { "River_Name": "River / Nala", "Basin": "Nagavali" }, "geometry": { "type": "LineString", "coordinates": [ [ 83.151473467009026, 19.519758253534739 ], [ 83.158996188181391, 19.521344025527263 ], [ 83.166302862845384, 19.526007497230072 ], [ 83.168023100205531, 19.52499333571285 ], [ 83.170977922373964, 19.526547512936034 ], [ 83.172320815273807, 19.527949412728827 ], [ 83.172197207082334, 19.534377227291081 ], [ 83.176448149302047, 19.539149182443339 ] ] } },
{ "type": "Feature", "properties": { "River_Name": "River / Nala", "Basin": "Nagavali" }, "geometry": { "type": "MultiLineString", "coordinates": [ [ [ 83.160660590373723, 19.496413445403807 ], [ 83.164697921642571, 19.494901982179069 ], [ 83.166745936138639, 19.498856128732399 ], [ 83.170112336091279, 19.500242856917026 ] ], [ [ 83.178338331345543, 19.499994967525552 ], [ 83.170117097674265, 19.500242799800514 ] ], [ [ 83.178338391804246, 19.499999482839105 ], [ 83.183938329507114, 19.496766232868495 ] ] ] } },
{ "type": "Feature", "properties": { "River_Name": "River / Nala", "Basin": "Nagavali" }, "geometry": { "type": "LineString", "coordinates": [ [ 83.216160360803528, 19.500000755651254 ], [ 83.222097812179413, 19.502714258203909 ], [ 83.223389461826144, 19.50557955196318 ], [ 83.219215972033496, 19.517670303592631 ], [ 83.219707588947031, 19.523674977012725 ], [ 83.223158587215764, 19.527001438493372 ], [ 83.223076671874779, 19.529716516307232 ] ] } },
{ "type": "Feature", "properties": { "River_Name": "River / Nala", "Basin": "Nagavali" }, "geometry": { "type": "LineString", "coordinates": [ [ 83.196236425688213, 19.476448898672814 ], [ 83.198444471249445, 19.489753343349889 ], [ 83.1963656615101, 19.500851816370059 ], [ 83.198099561504364, 19.504407424180751 ], [ 83.196687157838724, 19.507025796244299 ] ] } },
{ "type": "Feature", "properties": { "River_Name": "River / Nala", "Basin": "Nagavali" }, "geometry": { "type": "LineString", "coordinates": [ [ 83.288740832746129, 19.343075890946277 ], [ 83.290685410647811, 19.343670114769612 ], [ 83.29066000476837, 19.346280587510314 ], [ 83.295327064255829, 19.350015115829738 ], [ 83.294268515714379, 19.354268815555773 ], [ 83.296297419723004, 19.357476560450053 ], [ 83.294937601051487, 19.358902645779182 ], [ 83.297814517437573, 19.361503583168044 ], [ 83.296998536050822, 19.368125032679156 ], [ 83.298726835796415, 19.371255236999687 ], [ 83.29761193847871, 19.37182928189581 ] ] } },
{ "type": "Feature", "properties": { "River_Name": "River / Nala", "Basin": "Nagavali" }, "geometry": { "type": "LineString", "coordinates": [ [ 83.237632786554471, 19.343223217048738 ], [ 83.237677093569872, 19.351355925233996 ], [ 83.234467261525552, 19.355671968296335 ], [ 83.234947135787976, 19.358764031002035 ], [ 83.233786077749883, 19.359455678896534 ], [ 83.235174280501099, 19.365652603711663 ] ] } },
{ "type": "Feature", "properties": { "River_Name": "River / Nala", "Basin": "Nagavali" }, "geometry": { "type": "LineString", "coordinates": [ [ 83.150039679320656, 19.371239773035253 ], [ 83.164048055795703, 19.378371744455436 ], [ 83.179972432712248, 19.370617112645885 ], [ 83.179561171920184, 19.364024025261969 ] ] } },
{ "type": "Feature", "properties": { "River_Name": "River / Nala", "Basin": "Nagavali" }, "geometry": { "type": "LineString", "coordinates": [ [ 83.19204039436238, 19.415259639922816 ], [ 83.193580414898022, 19.419154632577147 ], [ 83.193323581709251, 19.426261465109782 ] ] } },
{ "type": "Feature", "properties": { "River_Name": "River / Nala", "Basin": "Nagavali" }, "geometry": { "type": "LineString", "coordinates": [ [ 83.167921864023114, 19.445863934777552 ], [ 83.168555740054416, 19.436241600986229 ], [ 83.174458573518734, 19.429080700256897 ], [ 83.179350780306549, 19.42719752140675 ], [ 83.186002090476777, 19.428720726633578 ], [ 83.193323581709251, 19.426261465109782 ] ] } },
{ "type": "Feature", "properties": { "River_Name": "River / Nala", "Basin": "Nagavali" }, "geometry": { "type": "LineString", "coordinates": [ [ 83.190788188008881, 19.459019805072135 ], [ 83.19082139603934, 19.448022865928717 ], [ 83.193740721843227, 19.443846371427501 ], [ 83.191598182381, 19.438863993035877 ], [ 83.193675810413197, 19.434765417873681 ], [ 83.193323581709251, 19.426261465109782 ] ] } },
{ "type": "Feature", "properties": { "River_Name": "River / Nala", "Basin": "Nagavali" }, "geometry": { "type": "LineString", "coordinates": [ [ 83.20065404471012, 19.34304602006733 ], [ 83.206481970170401, 19.344090977279052 ], [ 83.209660195936095, 19.342684089131929 ], [ 83.223100505737747, 19.349005524487076 ], [ 83.227435407934237, 19.353951749463398 ], [ 83.231801997938462, 19.354214391194049 ], [ 83.234666696112413, 19.356690129090051 ] ] } },
{ "type": "Feature", "properties": { "River_Name": "River / Nala", "Basin": "Nagavali" }, "geometry": { "type": "LineString", "coordinates": [ [ 83.146968416979604, 19.456622271686442 ], [ 83.150850746162632, 19.450276249134664 ], [ 83.151368373135909, 19.446288244992633 ] ] } },
{ "type": "Feature", "properties": { "River_Name": "River / Nala", "Basin": "Nagavali" }, "geometry": { "type": "LineString", "coordinates": [ [ 83.272225608060779, 19.23647249983545 ], [ 83.273295559363163, 19.234761223364238 ], [ 83.271914270228748, 19.232850075207747 ], [ 83.273542886527437, 19.23304209958042 ], [ 83.275095023798428, 19.229753284248662 ], [ 83.277589022956079, 19.219611127731174 ], [ 83.272382941317701, 19.216144676879036 ] ] } },
{ "type": "Feature", "properties": { "River_Name": "River / Nala", "Basin": "Nagavali" }, "geometry": { "type": "LineString", "coordinates": [ [ 83.316759604161547, 18.954642898267611 ], [ 83.320843771721101, 18.954474371980936 ], [ 83.324563401345998, 18.956428292285583 ], [ 83.329124699915724, 18.955413635338008 ], [ 83.333233160534476, 18.968409433643046 ] ] } },
{ "type": "Feature", "properties": { "River_Name": "Dalakona Nala", "Basin": "Nagavali" }, "geometry": { "type": "LineString", "coordinates": [ [ 83.232920769561417, 19.433785376143959 ], [ 83.241602642461942, 19.425057423857794 ], [ 83.243719068326513, 19.416956808692269 ], [ 83.243575113972099, 19.409936327843187 ], [ 83.239135990953159, 19.400313459467444 ], [ 83.240244852891763, 19.399090801245848 ] ] } },
{ "type": "Feature", "properties": { "River_Name": "Patagarha Nadi", "Basin": "Nagavali" }, "geometry": { "type": "LineString", "coordinates": [ [ 83.08384714998526, 19.120913531920245 ], [ 83.089034335998349, 19.124951075550669 ], [ 83.096139143981105, 19.125037339618988 ], [ 83.105934813925458, 19.117739882999857 ], [ 83.11256434259262, 19.119582681789229 ] ] } },
{ "type": "Feature", "properties": { "River_Name": "Jhanjabati Nadi", "Basin": "Nagavali" }, "geometry": { "type": "MultiLineString", "coordinates": [ [ [ 83.123935846450863, 18.922529555865381 ], [ 83.116806284815638, 18.922046467056063 ], [ 83.10794104902331, 18.939820233337919 ], [ 83.099031431564086, 18.94014261132553 ], [ 83.092996517654299, 18.943006527938472 ], [ 83.090489361000948, 18.949403050801326 ], [ 83.092383133379386, 18.953198101705993 ], [ 83.090484580866971, 18.956638500689685 ], [ 83.090391688315734, 18.96137281406833 ] ], [ [ 83.09039174460807, 18.961377329906703 ], [ 83.088338230382575, 18.970297949345785 ], [ 83.073971027563189, 18.98049509437779 ], [ 83.076397711227898, 18.987825258917571 ] ] ] } },
{ "type": "Feature", "properties": { "River_Name": "River / Nala", "Basin": "Nagavali" }, "geometry": { "type": "LineString", "coordinates": [ [ 83.100223885539549, 19.04920557911251 ], [ 83.109158011132735, 19.052242568984681 ], [ 83.111045007259989, 19.05685931680198 ], [ 83.117413644965794, 19.060923316643819 ], [ 83.11774303601635, 19.067784412906228 ], [ 83.11609540726036, 19.072476845825051 ] ] } },
{ "type": "Feature", "properties": { "River_Name": "River / Nala", "Basin": "Nagavali" }, "geometry": { "type": "LineString", "coordinates": [ [ 83.103232355786957, 18.994658139850984 ], [ 83.109175413883833, 18.996437682929653 ], [ 83.114670582663209, 19.003718605572779 ], [ 83.126927511167196, 19.014331492005333 ], [ 83.12772419295122, 19.016860518406581 ], [ 83.133917389482676, 19.021788701562439 ], [ 83.139040041848801, 19.032211338360984 ] ] } },
{ "type": "Feature", "properties": { "River_Name": "Pitadar Nala", "Basin": "Nagavali" }, "geometry": { "type": "LineString", "coordinates": [ [ 83.277824176111821, 19.635502884710821 ], [ 83.273374377866205, 19.638331858029371 ], [ 83.270147261711926, 19.636945642278725 ], [ 83.260372386281816, 19.645147500795769 ], [ 83.254294160324491, 19.644388393397257 ], [ 83.248116824163972, 19.647802926108071 ] ] } },
{ "type": "Feature", "properties": { "River_Name": "Sana Nadi", "Basin": "Nagavali" }, "geometry": { "type": "LineString", "coordinates": [ [ 83.18634548100303, 19.591695175756275 ], [ 83.188726959021125, 19.595848061351916 ], [ 83.192862344166329, 19.598958953463121 ], [ 83.192911898759164, 19.601911790981706 ], [ 83.194265075626674, 19.601899827780599 ], [ 83.193731682203065, 19.60684226989326 ], [ 83.196552614494522, 19.611739304294964 ], [ 83.196210726724644, 19.61744260456933 ], [ 83.198323508441234, 19.617990074881437 ] ] } },
{ "type": "Feature", "properties": { "River_Name": "Barha Nala", "Basin": "Nagavali" }, "geometry": { "type": "LineString", "coordinates": [ [ 83.075707351778334, 19.613132388393968 ], [ 83.076990282616734, 19.616170560772506 ], [ 83.087463751965799, 19.616374587562703 ], [ 83.10549382546364, 19.612754914884174 ], [ 83.113523012845491, 19.608456271469112 ] ] } },
{ "type": "Feature", "properties": { "River_Name": "River / Nala", "Basin": "Nagavali" }, "geometry": { "type": "LineString", "coordinates": [ [ 83.176320937024087, 19.631467347532464 ], [ 83.172010719580214, 19.642646496816415 ] ] } },
{ "type": "Feature", "properties": { "River_Name": "River / Nala", "Basin": "Nagavali" }, "geometry": { "type": "LineString", "coordinates": [ [ 83.08800334512496, 19.518813467874264 ], [ 83.091279341415103, 19.519475615892677 ], [ 83.096214183826348, 19.524666307662645 ], [ 83.101536234886964, 19.526507659056733 ] ] } },
{ "type": "Feature", "properties": { "River_Name": "Nargul Nala", "Basin": "Nagavali" }, "geometry": { "type": "MultiLineString", "coordinates": [ [ [ 83.18527199057975, 19.500436790724486 ], [ 83.18527367993147, 19.500438190594121 ] ], [ [ 83.18527367993147, 19.500438190594121 ], [ 83.191792793963828, 19.507134852321109 ], [ 83.196687157838724, 19.507025796244299 ], [ 83.201318610953379, 19.509308763664279 ], [ 83.202353222230457, 19.507986532158419 ], [ 83.209738633665694, 19.515957436643184 ] ] ] } },
{ "type": "Feature", "properties": { "River_Name": "Nargul Nala", "Basin": "Nagavali" }, "geometry": { "type": "MultiLineString", "coordinates": [ [ [ 83.169662408481173, 19.456460428381124 ], [ 83.16272270391093, 19.456606590360416 ], [ 83.160869230073871, 19.459374485349198 ], [ 83.161107989131523, 19.468047061286931 ], [ 83.169686370701896, 19.476502487125373 ], [ 83.172051503032918, 19.47675413194845 ], [ 83.18209312662097, 19.487720294690718 ], [ 83.183250359645896, 19.490921757071821 ], [ 83.182225158331818, 19.492596022508351 ], [ 83.18527367993147, 19.500438190594121 ] ], [ [ 83.18474369187382, 19.499999017889106 ], [ 83.18527199057975, 19.500436790724514 ] ] ] } },
{ "type": "Feature", "properties": { "River_Name": "River / Nala", "Basin": "Nagavali" }, "geometry": { "type": "LineString", "coordinates": [ [ 83.3675614434012, 19.015334169378431 ], [ 83.368234570384615, 19.016617764950055 ], [ 83.369441939951699, 19.015770684943554 ] ] } },
{ "type": "Feature", "properties": { "River_Name": "Hirikani Gedda", "Basin": "Nagavali" }, "geometry": { "type": "LineString", "coordinates": [ [ 83.385452367677502, 19.053214121091376 ], [ 83.385220208868148, 19.057435343976152 ], [ 83.382192100715628, 19.058135129391765 ], [ 83.373723731607299, 19.051307786068428 ], [ 83.372950922074779, 19.048055241723727 ], [ 83.375651742653901, 19.042306911479454 ], [ 83.375446133352952, 19.037905232177597 ], [ 83.372088810301364, 19.033248835335353 ] ] } },
{ "type": "Feature", "properties": { "River_Name": "River / Nala", "Basin": "Rushikulya" }, "geometry": { "type": "LineString", "coordinates": [ [ 84.550125653135325, 20.425717660949232 ], [ 84.55093340781346, 20.425218835633324 ] ] } },
{ "type": "Feature", "properties": { "River_Name": "River / Nala", "Basin": "Rushikulya" }, "geometry": { "type": "LineString", "coordinates": [ [ 84.549599348539616, 20.425683162221365 ], [ 84.550125653135325, 20.425717660949232 ] ] } },
{ "type": "Feature", "properties": { "River_Name": "River / Nala", "Basin": "Rushikulya" }, "geometry": { "type": "LineString", "coordinates": [ [ 84.434664580605329, 19.266064225435812 ], [ 84.431467503941477, 19.259887634411577 ], [ 84.430334660869391, 19.251180417266525 ], [ 84.420276118571422, 19.245316398806192 ], [ 84.413573250370845, 19.230329172662817 ], [ 84.395044267428233, 19.211648222015583 ], [ 84.393242360205193, 19.206755150329975 ], [ 84.385279642092712, 19.20242166259408 ], [ 84.361349013384825, 19.201985849796621 ], [ 84.352400139476572, 19.194459770633028 ], [ 84.347396054860837, 19.197695843047324 ], [ 84.342214015910102, 19.197973375065384 ], [ 84.335256414251603, 19.194084148275078 ], [ 84.331249999998491, 19.193749999999415 ], [ 84.319061198431939, 19.206378902611078 ], [ 84.318749999998474, 19.224999999999355 ] ] } },
{ "type": "Feature", "properties": { "River_Name": "Rakateju N.", "Basin": "Rushikulya" }, "geometry": { "type": "LineString", "coordinates": [ [ 84.136654489854365, 19.783809895329966 ], [ 84.140856510225305, 19.778338464435365 ], [ 84.147158424050133, 19.776442199889832 ], [ 84.153453882957692, 19.767943134957179 ], [ 84.161019327659986, 19.765624509958997 ], [ 84.166855656837299, 19.76185935767748 ], [ 84.16831473007349, 19.757584963604053 ], [ 84.175051311654244, 19.760601000233578 ], [ 84.178055077339934, 19.759817124388313 ], [ 84.179985729722034, 19.756780383025401 ], [ 84.183358522574181, 19.75825245851054 ], [ 84.18534040973222, 19.757004160073013 ], [ 84.186081483552996, 19.76040329729339 ], [ 84.188618225163836, 19.76004079991095 ], [ 84.188852232007491, 19.764873815606869 ], [ 84.193158424744894, 19.763587807455647 ], [ 84.194694306081402, 19.768821879275862 ], [ 84.197123742888522, 19.768852814071124 ], [ 84.199258805651198, 19.771000364977848 ], [ 84.201152209296367, 19.770084048173448 ], [ 84.204254569389832, 19.775362843112671 ], [ 84.211775857141205, 19.77949479489514 ], [ 84.211849343423069, 19.781796378977738 ], [ 84.214104081531303, 19.781050675158056 ], [ 84.225524069599558, 19.788674090596153 ], [ 84.23024666752589, 19.78746455798548 ], [ 84.231422851371903, 19.783648705229876 ], [ 84.234429032920872, 19.782462578917933 ], [ 84.235026665607805, 19.783804810888657 ], [ 84.233015521335417, 19.785837651565569 ], [ 84.236173987524097, 19.786641238688702 ], [ 84.235326915031862, 19.788338734857138 ], [ 84.238483483888018, 19.790129036976687 ], [ 84.240872715024068, 19.788123472978331 ], [ 84.242578017329237, 19.793732590734326 ], [ 84.250004093530563, 19.795503556141 ] ] } },
{ "type": "Feature", "properties": { "River_Name": "Samagandapa N.", "Basin": "Rushikulya" }, "geometry": { "type": "LineString", "coordinates": [ [ 84.014685878580607, 19.849881635228794 ], [ 84.0199025832882, 19.85493704238641 ], [ 84.025453007150745, 19.852947035817987 ], [ 84.031022809269686, 19.853164151629823 ], [ 84.03813820883596, 19.863222847297745 ], [ 84.039293368827828, 19.867250006252487 ], [ 84.041815873917116, 19.868452762041521 ], [ 84.053408969900048, 19.865574175313963 ], [ 84.057969051719894, 19.859630113478772 ], [ 84.063364786143978, 19.859473937357485 ], [ 84.07020261220822, 19.865720422978129 ], [ 84.075789440228178, 19.868348942943335 ], [ 84.077714707326948, 19.87570397053921 ], [ 84.082549088667903, 19.879738796243345 ], [ 84.096618025856287, 19.875855690864377 ], [ 84.106673335182833, 19.875231185815696 ], [ 84.110814656420345, 19.878265152048449 ], [ 84.113326939220229, 19.873390083783232 ], [ 84.117939234312814, 19.873006199614061 ], [ 84.119200949554951, 19.869414972834676 ], [ 84.123351265810925, 19.868102277400169 ], [ 84.128571503857756, 19.862214014761221 ], [ 84.128482354488796, 19.86043540335131 ], [ 84.131578564075809, 19.860943922877794 ], [ 84.133078134763878, 19.855894506326422 ], [ 84.135737441526885, 19.856266924223231 ], [ 84.135151825883185, 19.854294006511534 ], [ 84.138751092785711, 19.852087370002103 ], [ 84.132829462951392, 19.846975936407926 ], [ 84.132134646223889, 19.839282747321938 ], [ 84.13339932176666, 19.834645148346027 ], [ 84.126979383656646, 19.832019370217473 ], [ 84.123365337338569, 19.834225564729447 ], [ 84.120528799314769, 19.829379650368669 ], [ 84.116725622895785, 19.829757715353463 ] ] } },
{ "type": "Feature", "properties": { "River_Name": "Adangi Nadi", "Basin": "Rushikulya" }, "geometry": { "type": "LineString", "coordinates": [ [ 84.202713516721388, 19.971392763801589 ], [ 84.200898078046933, 19.966605683055928 ], [ 84.200033978408271, 19.953730909013522 ], [ 84.194786925377556, 19.952157435263047 ], [ 84.189645078050162, 19.942368164592629 ], [ 84.190381690483008, 19.939570646989555 ], [ 84.194232814121989, 19.936631269371677 ], [ 84.197039035322064, 19.931274587185715 ], [ 84.223376669958796, 19.923204482655017 ], [ 84.231718954113376, 19.909460368766197 ], [ 84.234368495589351, 19.908144756435441 ], [ 84.235878139324242, 19.901498606769934 ], [ 84.240736160092155, 19.895152845581617 ], [ 84.249585008443844, 19.893710457210037 ], [ 84.25852200819331, 19.895643166312034 ], [ 84.2610253772134, 19.891056869319382 ], [ 84.259297780212734, 19.889310270198092 ], [ 84.256941817511645, 19.891204167510214 ], [ 84.257057506047829, 19.889180187828554 ], [ 84.258497391387493, 19.885341960728955 ], [ 84.261690336732386, 19.884110688481439 ], [ 84.260119985824076, 19.879098536666039 ], [ 84.261439977433085, 19.876347750037237 ], [ 84.258685755778018, 19.868527165842057 ], [ 84.263481768426743, 19.856179973697358 ], [ 84.268366231268843, 19.854033262786722 ], [ 84.27231644062725, 19.848045079778966 ], [ 84.273953750944656, 19.850986739864311 ], [ 84.275747777388958, 19.851136259764878 ], [ 84.279139254955098, 19.846802031687186 ], [ 84.278784112522899, 19.844531918134976 ], [ 84.284874747957261, 19.8444671337428 ], [ 84.284908147247606, 19.84250394643967 ], [ 84.290211847886681, 19.840606615644777 ], [ 84.290286470524677, 19.838887717705997 ], [ 84.292555115908044, 19.839094188457157 ], [ 84.296668739265954, 19.835902871535396 ], [ 84.299952223938391, 19.83611029447783 ], [ 84.301168889951512, 19.831341255671788 ], [ 84.299890564957849, 19.829902869366212 ], [ 84.307508468732564, 19.823296368776692 ], [ 84.310434167023317, 19.823613365016477 ], [ 84.315567837295475, 19.828089787747327 ], [ 84.323924762267353, 19.829144118152339 ], [ 84.32635970832763, 19.832179383524913 ], [ 84.330243839763227, 19.833407867167463 ] ] } },
{ "type": "Feature", "properties": { "River_Name": "Kararha Nala", "Basin": "Rushikulya" }, "geometry": { "type": "MultiLineString", "coordinates": [ [ [ 84.313587115251337, 19.894600043438892 ], [ 84.313542931597766, 19.894654284491562 ] ], [ [ 84.313542931597766, 19.894654284491562 ], [ 84.314502080860962, 19.892348172885431 ], [ 84.312877377002778, 19.891428311540871 ], [ 84.315912075754014, 19.890434928086329 ], [ 84.315972475518009, 19.886852395589468 ], [ 84.318493108256831, 19.884893412474078 ], [ 84.318673772126346, 19.880156236000673 ], [ 84.320956388691073, 19.880322004334957 ], [ 84.320662963915154, 19.877498600597594 ], [ 84.322851062462348, 19.874270572853383 ], [ 84.324256606838034, 19.874781445238433 ], [ 84.324224588376268, 19.87217697777319 ], [ 84.330121834722405, 19.872122173978621 ], [ 84.335330862914731, 19.868676445910509 ], [ 84.335846484977836, 19.870308679002807 ], [ 84.337739697082668, 19.870348942118166 ], [ 84.337401261749818, 19.867178457746274 ], [ 84.338927264777979, 19.865767867454689 ], [ 84.339939848976726, 19.867885318269938 ], [ 84.341625276313422, 19.865999283484893 ], [ 84.340171296250844, 19.86385135929368 ], [ 84.344265025301382, 19.86139204458323 ], [ 84.343313045301883, 19.85866632195582 ], [ 84.347563195006558, 19.854381646441894 ], [ 84.34827110044462, 19.84976943247063 ], [ 84.350348791520844, 19.848569990499062 ], [ 84.351089742819653, 19.845761957032504 ], [ 84.355898898434376, 19.842751514743053 ], [ 84.355495754695355, 19.840416228470499 ], [ 84.357347190606419, 19.841435132236565 ], [ 84.360541264161441, 19.839129249039555 ], [ 84.362019424949708, 19.8405845518086 ], [ 84.368007639100227, 19.840231179474916 ] ], [ [ 84.246646578311257, 19.977122661156784 ], [ 84.246645764462855, 19.977122654023823 ] ], [ [ 84.258657761394602, 19.993792904526128 ], [ 84.263175463816793, 19.99558274545624 ], [ 84.268914240136311, 19.992518023191348 ], [ 84.268157480792325, 19.986581959589063 ], [ 84.269796371627265, 19.983860018217101 ], [ 84.258930972385045, 19.976549596715724 ], [ 84.255928238933095, 19.972247355191325 ], [ 84.2575149195699, 19.968163074360223 ], [ 84.275739769847078, 19.952655389202079 ], [ 84.27869845641591, 19.94394788641873 ], [ 84.284145508927054, 19.939788623060061 ], [ 84.288160795038792, 19.933065499053498 ], [ 84.292996929877845, 19.931514822550486 ], [ 84.295860973135845, 19.92528434611215 ], [ 84.296017020340557, 19.916113247348278 ], [ 84.303205265597143, 19.913749929234857 ], [ 84.30982260231869, 19.897342576487482 ], [ 84.312712144746158, 19.894483680104429 ], [ 84.312786321762815, 19.896073456741103 ], [ 84.314128151221027, 19.895878719177574 ], [ 84.313542931597766, 19.894654284491562 ] ] ] } },
{ "type": "Feature", "properties": { "River_Name": "River / Nala", "Basin": "Rushikulya" }, "geometry": { "type": "LineString", "coordinates": [ [ 84.828273057354792, 19.703998762703772 ], [ 84.831230191772079, 19.709869737928731 ], [ 84.83761426578846, 19.713999800467416 ], [ 84.840301072572586, 19.713860129256151 ], [ 84.840371591855174, 19.717627173573653 ], [ 84.844946471430134, 19.721219024932154 ], [ 84.852558338369107, 19.73777084972426 ], [ 84.856252421441653, 19.740854844854855 ], [ 84.857085362148624, 19.748034008455011 ], [ 84.861589225443169, 19.754397140221673 ], [ 84.866807003547351, 19.758253122432176 ], [ 84.872834227041139, 19.755815639300096 ] ] } },
{ "type": "Feature", "properties": { "River_Name": "River / Nala", "Basin": "Rushikulya" }, "geometry": { "type": "LineString", "coordinates": [ [ 84.89474548931922, 19.803231433900393 ], [ 84.878119894900365, 19.800310378510918 ], [ 84.871775988743082, 19.793209078485873 ], [ 84.864352589243282, 19.793263886493005 ], [ 84.861197818588835, 19.79129047280108 ], [ 84.857843774426073, 19.781571918719436 ], [ 84.851351982153204, 19.774324857402775 ], [ 84.851845694995717, 19.771391435544388 ], [ 84.847765885536418, 19.769147524434221 ] ] } },
{ "type": "Feature", "properties": { "River_Name": "River / Nala", "Basin": "Rushikulya" }, "geometry": { "type": "LineString", "coordinates": [ [ 84.915957149323347, 19.828238380764162 ], [ 84.894900377007758, 19.824071973272471 ], [ 84.885912085823961, 19.816318517022232 ], [ 84.877992372011903, 19.811827421570243 ], [ 84.874778636001878, 19.810450942312574 ], [ 84.867197212511655, 19.810934074394424 ], [ 84.861499114424888, 19.807061581016729 ] ] } },
{ "type": "Feature", "properties": { "River_Name": "River / Nala", "Basin": "Rushikulya" }, "geometry": { "type": "LineString", "coordinates": [ [ 84.813191009816222, 19.898869408542161 ], [ 84.808192302951838, 19.90412482415244 ], [ 84.803567573078965, 19.90514309893738 ], [ 84.795992699467092, 19.900270138546116 ], [ 84.791459213912475, 19.894717788837102 ], [ 84.786153399428258, 19.894771324102525 ], [ 84.784151896034359, 19.893372382244962 ], [ 84.784939545062826, 19.886691284245778 ], [ 84.787777500038828, 19.882425278812729 ], [ 84.784650362037056, 19.871155210406044 ], [ 84.782014501608202, 19.86544707576633 ], [ 84.777570375377422, 19.862643636021719 ], [ 84.770866555352015, 19.854375501607588 ], [ 84.770253317326464, 19.851338151614446 ] ] } },
{ "type": "Feature", "properties": { "River_Name": "River / Nala", "Basin": "Rushikulya" }, "geometry": { "type": "LineString", "coordinates": [ [ 84.769633153986078, 19.915770136520422 ], [ 84.773742142498207, 19.914552178344778 ], [ 84.776836666562943, 19.911513110361046 ], [ 84.780529983759081, 19.911903359173987 ], [ 84.784405524782315, 19.909370928585794 ], [ 84.787521032301299, 19.909161205234394 ], [ 84.789012198052703, 19.910938507270568 ], [ 84.796702962632693, 19.908739949860102 ], [ 84.804125875942731, 19.909825863049825 ], [ 84.807271967081462, 19.907398589981408 ], [ 84.815626363160575, 19.906889667425361 ], [ 84.820580694856019, 19.903757886333015 ], [ 84.821317132202239, 19.904588949605618 ], [ 84.824732883024069, 19.896935592966756 ], [ 84.823484865425826, 19.893981051487572 ], [ 84.81777657047256, 19.890219119752309 ], [ 84.814028272971839, 19.892753929367849 ], [ 84.814151280339274, 19.894834431395655 ] ] } },
{ "type": "Feature", "properties": { "River_Name": "Kooha Nala", "Basin": "Rushikulya" }, "geometry": { "type": "LineString", "coordinates": [ [ 84.616991638489154, 19.945666151380255 ], [ 84.61675793465615, 19.943086584232042 ], [ 84.620309013120064, 19.942178465032068 ], [ 84.621283561704416, 19.936158323620568 ], [ 84.625490338542491, 19.929404850556249 ], [ 84.622329799791189, 19.92111917541812 ], [ 84.617867796692622, 19.919625784139676 ], [ 84.615666601253054, 19.910576337831163 ], [ 84.611933605701864, 19.906822691156663 ], [ 84.613654560691671, 19.898241700668734 ] ] } },
{ "type": "Feature", "properties": { "River_Name": "Kakama Jorhi", "Basin": "Rushikulya" }, "geometry": { "type": "LineString", "coordinates": [ [ 84.207866662930513, 19.844193646974684 ], [ 84.218065919907033, 19.831154891616638 ], [ 84.219281772206969, 19.824753884393374 ], [ 84.236637775600641, 19.826486773943451 ], [ 84.244419516056254, 19.830847399161453 ], [ 84.247485718750553, 19.830536420412308 ], [ 84.257786608754131, 19.837443709563033 ], [ 84.265324646087734, 19.835098929036747 ], [ 84.275962628715192, 19.838964580888458 ], [ 84.285354676230256, 19.83299218894663 ], [ 84.2857620033068, 19.829821114415452 ], [ 84.289490827129001, 19.825792745177925 ], [ 84.289741228092595, 19.821448686077062 ], [ 84.293204337344307, 19.821166809280367 ], [ 84.296227847302958, 19.8187603529455 ] ] } },
{ "type": "Feature", "properties": { "River_Name": "Ghata Nala", "Basin": "Rushikulya" }, "geometry": { "type": "LineString", "coordinates": [ [ 84.201578965017973, 19.826352246124838 ], [ 84.20855125273448, 19.823881585879324 ], [ 84.218837547050512, 19.824896260494569 ] ] } },
{ "type": "Feature", "properties": { "River_Name": "Kanjergurha Nala", "Basin": "Rushikulya" }, "geometry": { "type": "LineString", "coordinates": [ [ 84.212201027339518, 19.843813593262116 ], [ 84.221074565603388, 19.836218339198712 ], [ 84.228658330190811, 19.826273391882477 ] ] } },
{ "type": "Feature", "properties": { "River_Name": "Jakupa Ghati", "Basin": "Rushikulya" }, "geometry": { "type": "LineString", "coordinates": [ [ 84.088899462006182, 19.756105664445595 ], [ 84.096947074378093, 19.76869472403402 ], [ 84.102326583936758, 19.771200501254661 ], [ 84.108577336236422, 19.781363938042688 ], [ 84.11268643342224, 19.784386352517814 ], [ 84.11666167582915, 19.7860927592832 ], [ 84.120016820012538, 19.783698482858576 ], [ 84.127953172614625, 19.786155200015127 ], [ 84.136654489854365, 19.783809895329966 ] ] } },
{ "type": "Feature", "properties": { "River_Name": "Pereju Nala", "Basin": "Rushikulya" }, "geometry": { "type": "LineString", "coordinates": [ [ 84.116725622895785, 19.829757715353463 ], [ 84.115190779052128, 19.825154230171879 ], [ 84.120582382824082, 19.824027110621682 ], [ 84.124213916189845, 19.8105976357703 ], [ 84.130981042367907, 19.803916768462702 ], [ 84.131818568001634, 19.797219123807551 ], [ 84.136654489854365, 19.783809895329966 ] ] } },
{ "type": "Feature", "properties": { "River_Name": "Duderi Nala", "Basin": "Rushikulya" }, "geometry": { "type": "LineString", "coordinates": [ [ 84.082296685008075, 19.839975624685668 ], [ 84.078850062752053, 19.832442861108792 ], [ 84.089403161559673, 19.818474818974146 ], [ 84.102563820664884, 19.817876897828057 ], [ 84.107538940462462, 19.821898893324331 ], [ 84.111311603526218, 19.82124342863942 ], [ 84.110476260217524, 19.824167943526216 ], [ 84.115190779052128, 19.825154230171879 ] ] } },
{ "type": "Feature", "properties": { "River_Name": "Lambabandha Nala", "Basin": "Rushikulya" }, "geometry": { "type": "LineString", "coordinates": [ [ 84.204583514960774, 19.88823220129159 ], [ 84.198188489883023, 19.888103730905137 ], [ 84.193422431049854, 19.882713584277862 ], [ 84.182352974502052, 19.880388766835473 ], [ 84.175312470516204, 19.876932909167945 ], [ 84.171788176012996, 19.870994665510171 ], [ 84.171994906348004, 19.866459337718393 ], [ 84.168020729268903, 19.864544903208365 ], [ 84.166391452190439, 19.865653633978337 ], [ 84.164586279408468, 19.858906588420034 ], [ 84.153539110867214, 19.851922546461594 ], [ 84.15010915512768, 19.846075088790947 ], [ 84.14458355810801, 19.842732030480235 ], [ 84.142169975795909, 19.838304109421347 ], [ 84.139855401892191, 19.83892388124908 ], [ 84.133681034670914, 19.836348447432997 ] ] } },
{ "type": "Feature", "properties": { "River_Name": "Jaguti Nala", "Basin": "Rushikulya" }, "geometry": { "type": "LineString", "coordinates": [ [ 84.155999834133283, 19.891134412085567 ], [ 84.15340940825385, 19.889838903477997 ], [ 84.154372644208735, 19.88680870848982 ], [ 84.157467960459257, 19.885281638223685 ], [ 84.165923211125062, 19.886921422606051 ], [ 84.170111480862019, 19.885698174752889 ], [ 84.175551706511499, 19.880087462793288 ], [ 84.175748932308906, 19.877238428922354 ] ] } },
{ "type": "Feature", "properties": { "River_Name": "Golakeri Jorhi", "Basin": "Rushikulya" }, "geometry": { "type": "LineString", "coordinates": [ [ 84.208128003463671, 19.961708240589655 ], [ 84.208231133412298, 19.966181661989808 ], [ 84.213395866871736, 19.965574928252828 ], [ 84.22137988490644, 19.97017204636678 ], [ 84.22245700892843, 19.981368511766828 ], [ 84.224509552376134, 19.983629422990639 ], [ 84.230596668933444, 19.982327207351986 ], [ 84.233081179552215, 19.978961954512041 ], [ 84.240921823695032, 19.974891791914953 ], [ 84.245461797784799, 19.975356555665844 ], [ 84.247705677714492, 19.978547067498557 ], [ 84.253950209264403, 19.975580228481938 ], [ 84.255928238933095, 19.972247355191325 ] ] } },
{ "type": "Feature", "properties": { "River_Name": "Barha Nala", "Basin": "Rushikulya" }, "geometry": { "type": "LineString", "coordinates": [ [ 84.457398376406275, 19.792652787765643 ], [ 84.460067816554428, 19.786121745983714 ], [ 84.458439537156153, 19.784708083084372 ], [ 84.459787467386192, 19.782791999366744 ], [ 84.45765213570597, 19.777070574855681 ], [ 84.459204681992261, 19.775616124613823 ], [ 84.458890970157753, 19.771526137911422 ], [ 84.462259709074331, 19.770126125191993 ], [ 84.463336767107961, 19.764263962723952 ], [ 84.468395491639029, 19.760350428832869 ], [ 84.471139506906582, 19.760277280128058 ] ] } },
{ "type": "Feature", "properties": { "River_Name": "Dhulukan Nala", "Basin": "Rushikulya" }, "geometry": { "type": "LineString", "coordinates": [ [ 84.496516232014343, 19.868790703778817 ], [ 84.484639591491387, 19.865092081023509 ], [ 84.483328617295072, 19.86335332784558 ], [ 84.480949937618135, 19.852472684993607 ], [ 84.474299554401, 19.843490711163646 ], [ 84.475523786256659, 19.831538122411505 ], [ 84.467966298199784, 19.820918513728373 ], [ 84.466327964202236, 19.815973508350218 ], [ 84.464513373679736, 19.815780494060263 ], [ 84.463674713372882, 19.812949326526983 ], [ 84.460806756436114, 19.810734385486171 ], [ 84.460604616086712, 19.805977016860187 ], [ 84.458935315212344, 19.804591428019588 ], [ 84.459779324210501, 19.801136679293585 ] ] } },
{ "type": "Feature", "properties": { "River_Name": "Banthuli Nala", "Basin": "Rushikulya" }, "geometry": { "type": "LineString", "coordinates": [ [ 84.265790631403704, 19.750022904858344 ], [ 84.268473903079041, 19.747139847042082 ], [ 84.269205667085416, 19.742392283748664 ], [ 84.277023526874814, 19.742009702397347 ], [ 84.285087071536338, 19.746790623134437 ], [ 84.291568270460957, 19.748479865962668 ], [ 84.300491007397795, 19.746335606901109 ], [ 84.307316225122079, 19.747384457038269 ], [ 84.311431302332011, 19.742128440943407 ], [ 84.314444580355996, 19.742087668601211 ], [ 84.320177597989556, 19.745986427179989 ], [ 84.319038854486806, 19.752080545570884 ], [ 84.320465325489693, 19.751653975356735 ], [ 84.322175350019421, 19.755024174274045 ], [ 84.326534659347544, 19.756522771281809 ], [ 84.326449034978836, 19.761657853352268 ], [ 84.329337240015263, 19.766269980436821 ], [ 84.329109711634402, 19.768566002257113 ], [ 84.332618684696428, 19.771903272914226 ], [ 84.334340309993806, 19.776497939670865 ], [ 84.341760227932426, 19.781804563452344 ], [ 84.344555366776248, 19.782562825728519 ], [ 84.34599840667525, 19.781150844168277 ], [ 84.348960957696278, 19.785136720474696 ], [ 84.353673763129976, 19.786311509101782 ], [ 84.354305527571228, 19.788172371726397 ], [ 84.357779981133973, 19.787925156826915 ], [ 84.359162900412102, 19.792066710492854 ], [ 84.363227457654418, 19.794306762657175 ], [ 84.364976062775114, 19.793496397092277 ], [ 84.367274885180819, 19.788005592154086 ], [ 84.375521413334496, 19.787260877154083 ], [ 84.384938332830231, 19.780530322737047 ], [ 84.385812495025263, 19.778450847414934 ] ] } },
{ "type": "Feature", "properties": { "River_Name": "Katingia Nala", "Basin": "Rushikulya" }, "geometry": { "type": "LineString", "coordinates": [ [ 84.250088515699687, 19.699092959495552 ], [ 84.253809779961827, 19.700965552664048 ], [ 84.260471946727137, 19.709075103260492 ], [ 84.265095280116526, 19.711324397640549 ], [ 84.268612437186377, 19.71573543116304 ], [ 84.274822938704986, 19.714855295873196 ], [ 84.285355716103609, 19.71734676819765 ], [ 84.290611181925328, 19.720445950980015 ], [ 84.291590084400696, 19.718645140938403 ], [ 84.2929648831836, 19.719697947733351 ], [ 84.294547762680764, 19.717982688275587 ], [ 84.292300337223494, 19.716018460884428 ], [ 84.294369335825735, 19.714195872881227 ], [ 84.296679224674179, 19.716046346287669 ], [ 84.298898403808792, 19.713690836056394 ], [ 84.300888772848921, 19.714141281719332 ], [ 84.30276553979698, 19.710538288110385 ], [ 84.303922229007469, 19.714970526133641 ], [ 84.30439176228063, 19.711040547587878 ], [ 84.306099016101712, 19.710320851084461 ], [ 84.305507192890317, 19.708305209273384 ], [ 84.308823648018574, 19.707896341260192 ], [ 84.309738541844908, 19.706285559431798 ], [ 84.311566874938265, 19.70797572521322 ], [ 84.314313480699056, 19.705436776253972 ], [ 84.315806212463443, 19.706682298822457 ], [ 84.319765268087139, 19.705250790615612 ], [ 84.322494478911509, 19.706170724955907 ], [ 84.330250041814992, 19.697284543171623 ], [ 84.334524508158168, 19.697501017760981 ], [ 84.339509314921798, 19.695033094890977 ], [ 84.341214443113927, 19.691981292630061 ], [ 84.343186765107291, 19.692297198810532 ], [ 84.34758023069287, 19.687737008805748 ], [ 84.350416888385993, 19.689479927984625 ], [ 84.355878262144529, 19.683006830118423 ] ] } },
{ "type": "Feature", "properties": { "River_Name": "Jira Nala", "Basin": "Rushikulya" }, "geometry": { "type": "LineString", "coordinates": [ [ 84.345547661786725, 19.564341503947464 ], [ 84.340412328526753, 19.562426275296922 ], [ 84.33722076621234, 19.566464487797251 ], [ 84.333400434563927, 19.562752787722118 ], [ 84.330128756468397, 19.563994481131537 ], [ 84.330934662459384, 19.582081966928115 ], [ 84.334588852823771, 19.586106652018326 ], [ 84.334768498907678, 19.590810966303565 ], [ 84.331212131462976, 19.602856452455935 ], [ 84.323657140215701, 19.608779023230632 ], [ 84.325219631986343, 19.610336004994267 ], [ 84.320655275463707, 19.61740653970411 ], [ 84.318293811847127, 19.618417757627267 ], [ 84.317099012429281, 19.622958198649449 ], [ 84.320792924009154, 19.62370128247484 ], [ 84.319742435471611, 19.626839146346207 ], [ 84.321889825890423, 19.626885462643529 ], [ 84.324717698066451, 19.63151447763935 ], [ 84.325941196382658, 19.630715623995847 ], [ 84.325962837411026, 19.632149364466873 ], [ 84.335009481662979, 19.637658993658786 ], [ 84.336256499166225, 19.64551831641705 ], [ 84.334509898694421, 19.645922451925607 ], [ 84.334887210756037, 19.650558008719802 ], [ 84.336165413871498, 19.650118263883819 ], [ 84.336788624436139, 19.652693333148381 ], [ 84.338175094109971, 19.652111837072479 ], [ 84.340539362271841, 19.654626675464758 ], [ 84.340223584609475, 19.656342115708881 ], [ 84.342889507258207, 19.656166547690731 ], [ 84.34415576367212, 19.659209811390763 ], [ 84.346978976661759, 19.660512949480161 ], [ 84.349160101346953, 19.668658394788622 ], [ 84.353679353041485, 19.673584408623888 ], [ 84.353321789419439, 19.677307644120781 ] ] } },
{ "type": "Feature", "properties": { "River_Name": "Patama Nadi", "Basin": "Rushikulya" }, "geometry": { "type": "LineString", "coordinates": [ [ 84.190901791341403, 19.528264908996796 ], [ 84.187021985313493, 19.525337929045484 ], [ 84.186894063399436, 19.522540998711388 ], [ 84.190774248868848, 19.519615315675221 ], [ 84.198292087872403, 19.51903926366586 ], [ 84.2013058119704, 19.523983125757493 ], [ 84.20751915162775, 19.528952559039844 ], [ 84.220012280553107, 19.536550813675834 ], [ 84.222357473570199, 19.536443569622783 ], [ 84.224301390891753, 19.539172909691114 ], [ 84.235635368222276, 19.543909610450644 ], [ 84.243875955748351, 19.557222458110409 ], [ 84.246835115143185, 19.558079873203631 ], [ 84.245634803511592, 19.561979384044292 ], [ 84.250845779691545, 19.566666725131469 ], [ 84.252497103876237, 19.573916016369687 ], [ 84.252030520683903, 19.580024562522933 ], [ 84.254399326986928, 19.583022936492021 ], [ 84.254750407332338, 19.58729013795649 ], [ 84.257522619781341, 19.586720785431257 ], [ 84.258166640173542, 19.593935615389402 ], [ 84.260912011940889, 19.593767154832111 ], [ 84.25986826391086, 19.598242482508649 ], [ 84.263776137263989, 19.597308095248454 ], [ 84.268884915502539, 19.599296795155102 ], [ 84.274443902032118, 19.603298901983198 ], [ 84.271868703269831, 19.605323960369955 ], [ 84.272209700610446, 19.606628717865995 ], [ 84.277887088651255, 19.607211550826626 ], [ 84.278007318095064, 19.612048628266237 ], [ 84.290232812499568, 19.615443879867549 ], [ 84.291236815314747, 19.616911494404736 ], [ 84.289738873642349, 19.619641044807956 ], [ 84.293983269706303, 19.621520551637886 ], [ 84.296913912655967, 19.62597945375559 ], [ 84.299094931611549, 19.625821093222068 ], [ 84.300695772511204, 19.628998592185365 ], [ 84.304547700096535, 19.629037244370178 ], [ 84.304717782077205, 19.630931880370333 ], [ 84.302950915080658, 19.631650760726053 ], [ 84.306115840657043, 19.634182754868895 ], [ 84.307426325245771, 19.634221493188264 ], [ 84.305629465550012, 19.631901140391548 ], [ 84.30649013953547, 19.631092215784946 ], [ 84.309342857838587, 19.635416013261832 ], [ 84.310701010240507, 19.635015864664506 ], [ 84.31046717781912, 19.633311394514781 ], [ 84.314368470080865, 19.632815445832758 ], [ 84.320005542673115, 19.635900147999628 ], [ 84.318787782618571, 19.637563864212613 ], [ 84.321079696292088, 19.639241673059686 ], [ 84.320730060781429, 19.640860997795137 ], [ 84.323075569391889, 19.642960054595768 ], [ 84.325926799707645, 19.64254379650146 ], [ 84.325635701639243, 19.645501861036493 ], [ 84.323842225751392, 19.64660278768164 ], [ 84.326473694220482, 19.648495835025962 ], [ 84.324290647868239, 19.649973211205705 ], [ 84.327729555633397, 19.651840042226652 ], [ 84.325438653518432, 19.653736293022718 ], [ 84.327604553910646, 19.654513895997127 ], [ 84.32876428026151, 19.658793171031892 ], [ 84.331033404371681, 19.658215304831547 ], [ 84.332986260283647, 19.660900914752474 ], [ 84.332263413439449, 19.664349502647951 ], [ 84.332878125885713, 19.667435708677921 ], [ 84.334422744029709, 19.667974674559552 ], [ 84.333925721643638, 19.669955109219494 ] ] } },
{ "type": "Feature", "properties": { "River_Name": "Agula Nala", "Basin": "Rushikulya" }, "geometry": { "type": "LineString", "coordinates": [ [ 84.446596180014211, 19.594729305511667 ], [ 84.448277670036774, 19.597448171106656 ], [ 84.453792167443922, 19.600751662985129 ], [ 84.456712048272436, 19.608419342766002 ], [ 84.464710331911903, 19.613506547057359 ], [ 84.472744894000229, 19.607598614668678 ], [ 84.479387790736197, 19.610386821096899 ], [ 84.482285280878202, 19.609868277187338 ], [ 84.488315159997683, 19.604418939789415 ], [ 84.489658101419991, 19.598789411733133 ], [ 84.498644959255856, 19.596735402564942 ], [ 84.502095262613622, 19.593720797637758 ], [ 84.501073004166102, 19.595269221007769 ], [ 84.51213755037719, 19.601701471091555 ], [ 84.512964496674442, 19.604981469921942 ], [ 84.522804778813011, 19.614378123680019 ], [ 84.521740308679767, 19.619667762986541 ], [ 84.527477119279467, 19.627387740639541 ], [ 84.527838906339966, 19.638345381279514 ], [ 84.531497627492968, 19.640517368187805 ], [ 84.530928461763196, 19.643104363605524 ], [ 84.53842260274638, 19.647794656373769 ], [ 84.547047975159273, 19.665689313255573 ], [ 84.5582172178447, 19.670644116498039 ], [ 84.564184366386598, 19.670453907883026 ] ] } },
{ "type": "Feature", "properties": { "River_Name": "Andhari Nala", "Basin": "Rushikulya" }, "geometry": { "type": "LineString", "coordinates": [ [ 84.420671872093934, 19.548276196942762 ], [ 84.42630704427819, 19.540974008218793 ], [ 84.42957261421472, 19.54005289760325 ], [ 84.436211254555644, 19.540971556368564 ], [ 84.441040336071794, 19.543978800988217 ], [ 84.443721306936808, 19.543404661609404 ], [ 84.445396228619444, 19.545550001956126 ], [ 84.450219295129827, 19.54366857258292 ], [ 84.454857646476015, 19.544880855070527 ], [ 84.45739693602961, 19.549776357161743 ], [ 84.463315596700639, 19.550361377348175 ], [ 84.469472654351193, 19.55602433727568 ], [ 84.471673899077956, 19.55257164788787 ], [ 84.476301891286724, 19.552536073574498 ], [ 84.484683436473219, 19.565942259174705 ], [ 84.490007911188499, 19.568811895133109 ], [ 84.490841883490518, 19.572579458350852 ], [ 84.514413461753421, 19.581937535241508 ], [ 84.520021418987895, 19.582172473784727 ], [ 84.525454473897142, 19.578018021314236 ], [ 84.528221150233364, 19.5711603431842 ], [ 84.530930288941533, 19.571039758616671 ], [ 84.532035543895475, 19.567355808456163 ] ] } },
{ "type": "Feature", "properties": { "River_Name": "Kenduganda Nala", "Basin": "Rushikulya" }, "geometry": { "type": "LineString", "coordinates": [ [ 84.457666080848711, 19.492946114770781 ], [ 84.471249342271307, 19.512819292471317 ], [ 84.481083835425864, 19.517221459298955 ], [ 84.484593421928793, 19.522467036802905 ], [ 84.490214466510778, 19.52562738299709 ], [ 84.492470535899358, 19.528848419443015 ], [ 84.493639898636033, 19.531457035769066 ], [ 84.493066126815435, 19.539238183426122 ], [ 84.494795238351031, 19.541508120471288 ], [ 84.494508414241594, 19.543762027265053 ], [ 84.491324574033541, 19.545927912198316 ], [ 84.496354010186323, 19.552777368282513 ], [ 84.497579103672109, 19.55709509841364 ], [ 84.499998904844887, 19.55761328274216 ] ] } },
{ "type": "Feature", "properties": { "River_Name": "Jayamangala Nala", "Basin": "Rushikulya" }, "geometry": { "type": "LineString", "coordinates": [ [ 84.801108193104298, 19.461843216424221 ], [ 84.806132975960992, 19.461019918435277 ], [ 84.814923348660912, 19.463085713226477 ], [ 84.823517907539369, 19.459078771314594 ], [ 84.827423363086595, 19.459053937807592 ], [ 84.828159978120283, 19.460496622888382 ], [ 84.828916911723425, 19.458522190537952 ], [ 84.832665824526828, 19.458901627600447 ], [ 84.83442312538746, 19.4593766898975 ], [ 84.834268926170139, 19.461501740763548 ], [ 84.837425060171157, 19.464789521308244 ], [ 84.871018985992052, 19.471878832939503 ], [ 84.884949465980199, 19.47796879665864 ], [ 84.901443517570414, 19.476846271464765 ], [ 84.911293464484629, 19.473112470370118 ], [ 84.915366416563486, 19.465942001672957 ], [ 84.926642898012091, 19.462892851907423 ], [ 84.930560204674208, 19.463941380696109 ], [ 84.93938936348988, 19.461126327492472 ], [ 84.93994575975897, 19.452983107422252 ], [ 84.945579455551083, 19.449772868302695 ], [ 84.947373956259341, 19.451322732088201 ], [ 84.949974048239142, 19.450921966437132 ], [ 84.954323320883262, 19.443634051299927 ], [ 84.958867396477601, 19.442896574214949 ], [ 84.958446467503592, 19.438279288174769 ], [ 84.962526698106132, 19.436341521473331 ], [ 84.963320520486192, 19.433291326264236 ], [ 84.967238141219497, 19.432259787651013 ], [ 84.968242328094973, 19.434565371419982 ], [ 84.980264687443082, 19.428532425002121 ] ] } },
{ "type": "Feature", "properties": { "River_Name": "Kharkhari Nala", "Basin": "Rushikulya" }, "geometry": { "type": "LineString", "coordinates": [ [ 85.023561360693549, 19.797608545543536 ], [ 85.026393118558758, 19.798939965080866 ], [ 85.034972742812556, 19.797734425512715 ], [ 85.04594945207424, 19.785484498488209 ], [ 85.047564398990716, 19.775617339816648 ], [ 85.043858613462262, 19.771447022015511 ], [ 85.040574693246654, 19.759212824677697 ], [ 85.035936638214864, 19.755357199857123 ], [ 85.037221595642322, 19.748816491351185 ], [ 85.027847203170154, 19.735210357952859 ], [ 85.02854557592751, 19.729721198277169 ], [ 85.026703966714351, 19.723487098936264 ], [ 85.027916975362487, 19.721301710657315 ], [ 85.021429228718873, 19.717334624022374 ], [ 85.019990838449829, 19.71117662620486 ], [ 85.012048548299106, 19.70243723197532 ], [ 85.010525459757062, 19.697043022866229 ], [ 85.004822776174862, 19.69499606641169 ], [ 85.005840125894338, 19.690275339489332 ], [ 85.001519992526184, 19.688673839601524 ], [ 85.003080291572545, 19.68697046772964 ], [ 85.000712633975937, 19.682570568820307 ], [ 84.996743682496543, 19.679464451047586 ], [ 84.998364348598074, 19.675436404110897 ], [ 84.99371868823809, 19.67245931406957 ], [ 84.995579170935883, 19.67054903976366 ], [ 84.994100388536864, 19.666115977639873 ], [ 84.992889578476536, 19.666102453958967 ], [ 84.994266925645917, 19.66084091322125 ], [ 84.989538013967589, 19.645148505952424 ], [ 84.983365509436766, 19.643320415337485 ], [ 84.981409362136276, 19.636759695428115 ], [ 84.978661639829639, 19.633803600870163 ], [ 84.975244341718053, 19.631552126417571 ], [ 84.972690878173722, 19.632426750906877 ], [ 84.970985308952066, 19.630858873053331 ], [ 84.972048545570203, 19.629344913651604 ], [ 84.971056587622073, 19.627995390707909 ], [ 84.965159431848036, 19.625293937262796 ] ] } },
{ "type": "Feature", "properties": { "River_Name": "River / Nala", "Basin": "Rushikulya" }, "geometry": { "type": "LineString", "coordinates": [ [ 84.969687879729605, 19.737333005763293 ], [ 84.992398274126984, 19.74987304610967 ], [ 84.994514944885708, 19.756727875630521 ], [ 84.993736093215006, 19.758451815041141 ], [ 84.988894027850719, 19.759592403761989 ], [ 84.984009848885009, 19.764078208307851 ], [ 84.981486859192074, 19.768978872002613 ], [ 84.971430851304873, 19.770657501572831 ], [ 84.962645525068496, 19.774142415584802 ], [ 84.962633881203388, 19.789945148380831 ], [ 84.957977232024206, 19.796254946186828 ], [ 84.950443962280787, 19.795194827968526 ], [ 84.931310473360597, 19.786360936843355 ] ] } },
{ "type": "Feature", "properties": { "River_Name": "River / Nala", "Basin": "Rushikulya" }, "geometry": { "type": "LineString", "coordinates": [ [ 84.853400060146015, 19.988089872551694 ], [ 84.856956059366567, 19.985837329090607 ], [ 84.861517777281307, 19.986465950928078 ], [ 84.862747420784004, 19.98525726593607 ], [ 84.866730018563146, 19.98534347957635 ], [ 84.869108039186884, 19.987455894802135 ], [ 84.870488165777829, 19.985579847611287 ], [ 84.876245011838975, 19.987472101831386 ], [ 84.880307802150966, 19.986106036108943 ], [ 84.892018415152393, 19.990528075552394 ], [ 84.895711088623884, 19.994185220684916 ] ] } },
{ "type": "Feature", "properties": { "River_Name": "Boronga Nala", "Basin": "Rushikulya" }, "geometry": { "type": "LineString", "coordinates": [ [ 84.547867727963279, 20.060082889337334 ], [ 84.542266400233473, 20.05444287322976 ], [ 84.543916299137308, 20.048831945676312 ], [ 84.542074242130539, 20.044376659887241 ], [ 84.54275067942217, 20.03112568080337 ], [ 84.545173465451114, 20.028464233200232 ], [ 84.54587417393985, 20.021435180037127 ], [ 84.547425592952678, 20.021155642052829 ], [ 84.545192423689045, 20.020407896552154 ], [ 84.543478509079577, 20.013574710763233 ], [ 84.54624648238736, 20.013082685535778 ], [ 84.545027814525, 20.012449357239657 ], [ 84.546170316892443, 20.010171500532461 ], [ 84.544198890207525, 20.010158499535883 ], [ 84.546057404551462, 20.003110639423298 ], [ 84.549703108651102, 20.001421729335824 ], [ 84.553925100934919, 20.001690350550192 ] ] } },
{ "type": "Feature", "properties": { "River_Name": "Natuni Nala", "Basin": "Rushikulya" }, "geometry": { "type": "LineString", "coordinates": [ [ 84.660128696600339, 20.128507590087558 ], [ 84.654015674395097, 20.127052398048463 ], [ 84.647501586691007, 20.132795626033921 ], [ 84.64746066710758, 20.135528527647431 ], [ 84.633316758272542, 20.146062476426604 ], [ 84.62128778006651, 20.147811829517018 ], [ 84.617871163045891, 20.144879311316593 ], [ 84.617740007795305, 20.142851379589167 ], [ 84.611268057456286, 20.139877386668683 ], [ 84.605350456150148, 20.132418789599551 ], [ 84.601574461286631, 20.130532420126343 ], [ 84.603879741500066, 20.122688587744666 ], [ 84.601870593740998, 20.113772983735405 ], [ 84.603679508597665, 20.111924352592059 ], [ 84.601716569523632, 20.103965108383822 ], [ 84.599377431113737, 20.103436303434062 ], [ 84.600121790936356, 20.099738206466245 ], [ 84.595802179878874, 20.093753873783552 ], [ 84.598084207303074, 20.090057615100086 ], [ 84.597182685363975, 20.082839147482243 ], [ 84.598651173708873, 20.080737412056614 ], [ 84.598748365572035, 20.074492126419589 ] ] } },
{ "type": "Feature", "properties": { "River_Name": "Kaniya Nala", "Basin": "Rushikulya" }, "geometry": { "type": "LineString", "coordinates": [ [ 84.665670303084511, 20.220532888009419 ], [ 84.660285758401727, 20.217689516795943 ], [ 84.651242488639681, 20.217129103757706 ], [ 84.647076690992066, 20.212715124270879 ], [ 84.646710370544568, 20.204758424816905 ], [ 84.637459142680854, 20.196567777301251 ], [ 84.635847992263791, 20.19331570448702 ], [ 84.629620595370469, 20.191415906003527 ], [ 84.626386567337804, 20.188390358390773 ], [ 84.620558165540231, 20.188235084393735 ], [ 84.617994959651071, 20.185046450409029 ], [ 84.607817244205563, 20.179612075081355 ] ] } },
{ "type": "Feature", "properties": { "River_Name": "Kalasa Nala", "Basin": "Rushikulya" }, "geometry": { "type": "LineString", "coordinates": [ [ 84.592253965269222, 20.233234121981258 ], [ 84.588503236874899, 20.244094178090872 ], [ 84.59319294999176, 20.25124044013409 ], [ 84.593507061889511, 20.254513286934198 ], [ 84.597527903089087, 20.255801319421273 ], [ 84.602233819031454, 20.253041624232925 ], [ 84.605405985237525, 20.254203180158353 ], [ 84.60942965390737, 20.251214137450557 ], [ 84.6115828295043, 20.253451205062071 ], [ 84.614432064289744, 20.252887901853128 ], [ 84.619317134938825, 20.255291068280169 ], [ 84.634639192573019, 20.251642139906917 ], [ 84.636985652752827, 20.253179069593422 ] ] } },
{ "type": "Feature", "properties": { "River_Name": "Nidhigarha Nala", "Basin": "Rushikulya" }, "geometry": { "type": "LineString", "coordinates": [ [ 84.609292531088997, 20.251240938974018 ], [ 84.608869847924481, 20.245640028295298 ], [ 84.617298624773298, 20.24275379803257 ], [ 84.625874194622298, 20.232854059262724 ], [ 84.634085677969622, 20.229543465568188 ], [ 84.638445879621742, 20.22953530662339 ], [ 84.640842413881359, 20.233103781351659 ], [ 84.642726819143661, 20.243776047847586 ], [ 84.641630054181078, 20.257390117169582 ], [ 84.644668945436692, 20.260030593971138 ], [ 84.645317353750954, 20.268067509345151 ], [ 84.648954485981292, 20.270008726202061 ] ] } },
{ "type": "Feature", "properties": { "River_Name": "Dangiagarh Nala", "Basin": "Rushikulya" }, "geometry": { "type": "LineString", "coordinates": [ [ 84.499975684586389, 20.162907000576578 ], [ 84.50420714791322, 20.169198057078006 ], [ 84.508341022554504, 20.168912630095519 ], [ 84.508440799217482, 20.163906317447953 ], [ 84.51447283189755, 20.156231554593987 ], [ 84.516245984170254, 20.141386228984185 ], [ 84.522081699233638, 20.132572875172325 ] ] } },
{ "type": "Feature", "properties": { "River_Name": "Bar Nala", "Basin": "Rushikulya" }, "geometry": { "type": "LineString", "coordinates": [ [ 84.539147876137434, 20.289924137485468 ], [ 84.543340420765318, 20.287087325031258 ], [ 84.534383139350751, 20.265530305052742 ], [ 84.534886047399837, 20.259659956269218 ], [ 84.533677412941628, 20.258281106518425 ], [ 84.537764054735305, 20.249907076739927 ], [ 84.542489523587435, 20.246915197763272 ], [ 84.541852385858704, 20.242410416106363 ] ] } },
{ "type": "Feature", "properties": { "River_Name": "River / Nala", "Basin": "Rushikulya" }, "geometry": { "type": "LineString", "coordinates": [ [ 84.849126774354545, 20.175144474590073 ], [ 84.835833609040336, 20.179282677110262 ], [ 84.831176523227654, 20.184793059112181 ], [ 84.822731570733993, 20.182370763576461 ], [ 84.822402868517017, 20.180526709369332 ], [ 84.818939928983454, 20.1838530981397 ], [ 84.814254931941349, 20.182241683242783 ], [ 84.81073313699595, 20.177084172490503 ], [ 84.81165247896584, 20.172866065291675 ], [ 84.808473610055415, 20.173973477421605 ], [ 84.805986114158785, 20.170883811670702 ], [ 84.807860492289052, 20.170763808517354 ], [ 84.806605158345391, 20.168239107882791 ], [ 84.803749847226243, 20.166124556213703 ], [ 84.799280533806609, 20.165423520509126 ], [ 84.793457681328405, 20.162005203462765 ], [ 84.785227224897753, 20.162451389911315 ], [ 84.777832774296854, 20.161043907906361 ], [ 84.772793209861248, 20.157754321067845 ], [ 84.765883702070383, 20.157857899201765 ], [ 84.763453376458955, 20.154386117067656 ], [ 84.759494810047926, 20.155172099666988 ], [ 84.754947089630534, 20.147611078588721 ], [ 84.754198366338514, 20.141579957288915 ], [ 84.751032174521015, 20.141826289892013 ], [ 84.750004762575415, 20.137325708117544 ], [ 84.734724624955504, 20.133019916787454 ], [ 84.734751625129675, 20.131146903128048 ], [ 84.732796753633707, 20.130567394110123 ], [ 84.733889397181883, 20.126375948802103 ], [ 84.731249906425475, 20.125558230751345 ], [ 84.73136882985888, 20.123288260537613 ] ] } },
{ "type": "Feature", "properties": { "River_Name": "River / Nala", "Basin": "Rushikulya" }, "geometry": { "type": "LineString", "coordinates": [ [ 84.753184626705661, 20.121197061609909 ], [ 84.757492865273775, 20.127202788494607 ], [ 84.759128060349056, 20.126076621466353 ], [ 84.759559862145082, 20.127730883434076 ], [ 84.765749240357479, 20.128359069617339 ], [ 84.768505212960875, 20.130257832914403 ], [ 84.777289505266126, 20.126306651466024 ], [ 84.785269803697631, 20.12552300119744 ], [ 84.789633218111035, 20.130070162962706 ], [ 84.795738798110577, 20.130257880464381 ], [ 84.802591846277252, 20.12573030496733 ], [ 84.81112259794061, 20.123566370998713 ], [ 84.813866350328752, 20.120924086339887 ], [ 84.812809595128101, 20.11868865584028 ], [ 84.8150680019411, 20.116374862788767 ], [ 84.825248708171941, 20.119248802503552 ] ] } },
{ "type": "Feature", "properties": { "River_Name": "Burha Nadi", "Basin": "Rushikulya" }, "geometry": { "type": "LineString", "coordinates": [ [ 84.851698368186049, 20.061315609575217 ], [ 84.853021075644278, 20.05936022325081 ], [ 84.85265654868607, 20.044330837576023 ], [ 84.848661353941452, 20.040608180156291 ], [ 84.842187535883241, 20.037870822320976 ], [ 84.836255876413404, 20.030181375113138 ], [ 84.836881503439386, 20.026037023796338 ], [ 84.833000839379821, 20.023241456706106 ], [ 84.833644005024411, 20.015512873399828 ], [ 84.831358287768509, 20.013961491836774 ], [ 84.831116505571316, 20.010852000272816 ], [ 84.826752488152238, 20.004009957977345 ] ] } },
{ "type": "Feature", "properties": { "River_Name": "River / Nala", "Basin": "Rushikulya" }, "geometry": { "type": "LineString", "coordinates": [ [ 84.805509003210872, 19.945854069393889 ], [ 84.804393989098159, 19.943604495802816 ], [ 84.811167165767174, 19.940342644576713 ], [ 84.816596123774985, 19.92914831174129 ], [ 84.822062176986051, 19.924406242396842 ], [ 84.828331145506297, 19.923288142791677 ], [ 84.831361700507614, 19.921084848117406 ], [ 84.837394849486543, 19.911749050346064 ], [ 84.846320032314864, 19.903344156038081 ] ] } },
{ "type": "Feature", "properties": { "River_Name": "Kaliamba Nala", "Basin": "Rushikulya" }, "geometry": { "type": "LineString", "coordinates": [ [ 84.590641086128599, 19.905559459986424 ], [ 84.585065590635026, 19.908298274152202 ], [ 84.578980243889035, 19.907125974652629 ], [ 84.578676786036866, 19.900508157782127 ], [ 84.574802755386202, 19.898792396562495 ], [ 84.570289083929836, 19.892652344737741 ], [ 84.564494401903715, 19.893662640019222 ], [ 84.561578147723324, 19.891443634747581 ], [ 84.555331199631368, 19.890325725235755 ], [ 84.553525492344789, 19.892116777182931 ], [ 84.551112356281152, 19.891357229033787 ], [ 84.5498409809138, 19.892563046133485 ], [ 84.548517720160746, 19.89057603499548 ], [ 84.544821587550018, 19.890467725602797 ], [ 84.538975994729171, 19.893464362576271 ], [ 84.534190669085532, 19.893226069603458 ], [ 84.532596514686617, 19.894389046805326 ], [ 84.531977350156879, 19.901739421110022 ], [ 84.529374438601977, 19.90539230954781 ], [ 84.52697820023036, 19.906142676533122 ] ] } },
{ "type": "Feature", "properties": { "River_Name": "River / Nala", "Basin": "Rushikulya" }, "geometry": { "type": "LineString", "coordinates": [ [ 84.622485260397013, 19.820482790301078 ], [ 84.620598527988193, 19.823970655640647 ], [ 84.621430480978162, 19.829142877898192 ], [ 84.618786218206054, 19.828677506260835 ], [ 84.619200561587959, 19.831371120706468 ], [ 84.615421092263617, 19.835908285244901 ], [ 84.6084842494963, 19.83628132551085 ], [ 84.606711691247654, 19.83324691385328 ], [ 84.597110133233926, 19.832006752071539 ], [ 84.584769203514369, 19.839115668371363 ], [ 84.574258193319267, 19.834576586247195 ], [ 84.572497424928116, 19.832473898588884 ], [ 84.57252881625891, 19.828746948292579 ], [ 84.567780041354055, 19.823903584486914 ], [ 84.565232351171829, 19.823749369029159 ], [ 84.564172289578224, 19.820413724280719 ], [ 84.55763652151397, 19.813127018681598 ], [ 84.550299279867389, 19.814823240337752 ], [ 84.544273077814111, 19.820570341736641 ], [ 84.540975385589633, 19.820926330959601 ], [ 84.538975131653274, 19.823593885127728 ], [ 84.531001423595626, 19.824611465029562 ], [ 84.527248010970879, 19.828305877857055 ], [ 84.522255593394078, 19.827223549425508 ], [ 84.519375911797269, 19.823413257255694 ], [ 84.516476974842391, 19.824749146935041 ], [ 84.512846194121195, 19.823465707727046 ], [ 84.50625674896051, 19.817639516672028 ], [ 84.501655884347571, 19.816413991139068 ], [ 84.490702805810088, 19.817474055645679 ], [ 84.482664093589463, 19.821350843309553 ] ] } },
{ "type": "Feature", "properties": { "River_Name": "Dalapanka Nala", "Basin": "Rushikulya" }, "geometry": { "type": "LineString", "coordinates": [ [ 84.370261772334089, 19.839505026588125 ], [ 84.371640635214206, 19.840949665702642 ], [ 84.36909482090455, 19.844677258745904 ], [ 84.369131523982702, 19.848576731660838 ], [ 84.37091940341719, 19.850399683865312 ], [ 84.371259688408841, 19.854265413425757 ], [ 84.372610231052306, 19.854438233588311 ], [ 84.371244611779801, 19.856405781810921 ], [ 84.376579648961183, 19.860866435004404 ], [ 84.377671212010625, 19.858058638320799 ], [ 84.379917231182731, 19.858751067851244 ], [ 84.384460004030018, 19.856122952674269 ], [ 84.38801560093404, 19.849007883598425 ], [ 84.390731875701491, 19.848732315122135 ], [ 84.391632052797775, 19.845563232397193 ], [ 84.393775376595883, 19.844189801478255 ], [ 84.399945249051243, 19.843004127731071 ], [ 84.402462634759303, 19.844703642109202 ], [ 84.407409211330375, 19.844216607204515 ], [ 84.411323964265449, 19.845881376074562 ], [ 84.411694457105341, 19.851059186683429 ], [ 84.414336948596855, 19.855493522003581 ], [ 84.418935942254194, 19.857313821397948 ], [ 84.421157098156968, 19.86143139041906 ], [ 84.419777849390144, 19.868951483762494 ], [ 84.424893188512243, 19.874945790026661 ], [ 84.42644442691136, 19.879282988121513 ], [ 84.428840546635385, 19.881037791879621 ], [ 84.431636364404838, 19.880562106479704 ], [ 84.439233141632116, 19.887781666617467 ], [ 84.443282468505942, 19.885689663085817 ] ] } },
{ "type": "Feature", "properties": { "River_Name": "Bukua Nala", "Basin": "Rushikulya" }, "geometry": { "type": "LineString", "coordinates": [ [ 84.749994426186745, 19.670022588451907 ], [ 84.744872874399789, 19.666101524030466 ], [ 84.744537201453298, 19.659803077889027 ], [ 84.742636618263305, 19.657184095478947 ], [ 84.729809548630882, 19.650240838165551 ], [ 84.73011258412528, 19.648292516715959 ] ] } },
{ "type": "Feature", "properties": { "River_Name": "River / Nala", "Basin": "Rushikulya" }, "geometry": { "type": "LineString", "coordinates": [ [ 84.75011034606753, 19.695312829413343 ], [ 84.752592072869746, 19.691042631556243 ], [ 84.758533194525796, 19.688356931133352 ], [ 84.756499196509068, 19.682237984214066 ], [ 84.759170639291682, 19.680622511971798 ], [ 84.759257777323995, 19.679799179206658 ], [ 84.756073435573128, 19.672052876538654 ], [ 84.749994426186745, 19.670022588451907 ] ] } },
{ "type": "Feature", "properties": { "River_Name": "Jara Nala", "Basin": "Rushikulya" }, "geometry": { "type": "LineString", "coordinates": [ [ 84.439724574210643, 19.654960882009856 ], [ 84.436171681262323, 19.655169906327338 ], [ 84.43642471032507, 19.652578855521412 ], [ 84.433895369795394, 19.649876422034279 ], [ 84.430332381795367, 19.650327242666503 ], [ 84.43043518664706, 19.648622836029922 ], [ 84.425453996002759, 19.645025129342567 ], [ 84.424915530572633, 19.642738142740058 ], [ 84.42000847318765, 19.643986609833817 ], [ 84.417160288153795, 19.641379747679444 ], [ 84.41392151423274, 19.643325749688369 ], [ 84.411500211390845, 19.640524258774857 ], [ 84.403797235132402, 19.639696449871465 ], [ 84.400038384924443, 19.637291220534856 ], [ 84.399083003994534, 19.632733260171115 ], [ 84.397011023015835, 19.632688949636517 ], [ 84.397724359718922, 19.62973196205191 ], [ 84.392063557817011, 19.629893668765181 ], [ 84.391693715788406, 19.625315510319879 ], [ 84.382890476239027, 19.619310434121925 ], [ 84.385212444998942, 19.616047198378038 ], [ 84.386688182270589, 19.607419994599223 ], [ 84.378827595120683, 19.591537554227482 ], [ 84.378294584112865, 19.583980182904551 ], [ 84.378897594611246, 19.577872803258554 ], [ 84.380688282984167, 19.576250334342326 ], [ 84.379626312540836, 19.574896992951441 ], [ 84.382588382917902, 19.570974065511667 ], [ 84.382827659989971, 19.55771786347762 ], [ 84.380836083393916, 19.555799560938301 ], [ 84.378119194150841, 19.556267793425103 ], [ 84.37653355294772, 19.553019429760358 ], [ 84.373776923656763, 19.552053550781235 ], [ 84.372159426366053, 19.548834560824442 ], [ 84.360822702611387, 19.538903698883885 ], [ 84.352319568318265, 19.529133263584747 ], [ 84.351208147543531, 19.523890833524863 ], [ 84.347302407586966, 19.52004086057806 ], [ 84.34752350840283, 19.518073109044398 ], [ 84.351512092339235, 19.51490632624289 ], [ 84.354704390934486, 19.506471768367319 ], [ 84.358367943149005, 19.505838458137923 ], [ 84.363355786819227, 19.501222617818229 ] ] } },
{ "type": "Feature", "properties": { "River_Name": "Daha Nala", "Basin": "Rushikulya" }, "geometry": { "type": "LineString", "coordinates": [ [ 84.308762520500494, 19.976070774880395 ], [ 84.310605302489321, 19.977293210892153 ], [ 84.317530382813374, 19.976830772513573 ], [ 84.327226931035753, 19.980590550060661 ], [ 84.336203845933795, 19.978336727749429 ], [ 84.349290530037337, 19.98703056693871 ], [ 84.350742060162275, 19.989689725083821 ], [ 84.355677365782356, 19.990757280999496 ], [ 84.365630007249521, 19.978253325991712 ], [ 84.372466862329333, 19.973137167415128 ], [ 84.376265286938278, 19.965930753629074 ], [ 84.385402580245767, 19.962224108919408 ], [ 84.390049893665918, 19.956195677242686 ], [ 84.396246916595032, 19.956707208469684 ], [ 84.397572628367968, 19.960912308910832 ], [ 84.402657275386602, 19.960241442586742 ], [ 84.404498860779782, 19.962581025932845 ], [ 84.406467906560721, 19.962074674227953 ], [ 84.40504348929619, 19.960180802694804 ], [ 84.407598341561723, 19.958459792844685 ], [ 84.409511852695388, 19.960112323764516 ], [ 84.411853913415328, 19.960280299355823 ], [ 84.412751268922605, 19.958554131452328 ], [ 84.417388401845145, 19.960532977760526 ], [ 84.415975373281682, 19.957932176132154 ], [ 84.419856080544307, 19.955465766787178 ], [ 84.419902415049577, 19.957587963225862 ], [ 84.424502547648004, 19.956871176668912 ], [ 84.425716367657856, 19.95805467913382 ], [ 84.427138063467865, 19.956393368073243 ], [ 84.433710294402061, 19.959967115694148 ], [ 84.441580972855391, 19.956723752804471 ] ] } },
{ "type": "Feature", "properties": { "River_Name": "Nuharakundi Nala", "Basin": "Rushikulya" }, "geometry": { "type": "LineString", "coordinates": [ [ 84.324584128225879, 20.043051570159939 ], [ 84.324341450361345, 20.046183383961569 ], [ 84.327328236663249, 20.048945999691689 ], [ 84.336382625347113, 20.049829247348264 ], [ 84.340064080237383, 20.047017938787153 ], [ 84.341304702226196, 20.035270935631118 ], [ 84.344283803543476, 20.02722304942581 ], [ 84.344045715017003, 20.020709514606406 ], [ 84.346475377727501, 20.017132635351906 ], [ 84.34756168691986, 20.008877064723201 ], [ 84.346483661549172, 20.001574508313048 ] ] } },
{ "type": "Feature", "properties": { "River_Name": "Nuharakundi Nala", "Basin": "Rushikulya" }, "geometry": { "type": "LineString", "coordinates": [ [ 84.319003674389521, 20.041691679759598 ], [ 84.322654905168662, 20.036939271652304 ], [ 84.322063392167991, 20.019640343377432 ], [ 84.327251531369683, 20.015508258438469 ], [ 84.330942288371304, 20.006485914162667 ], [ 84.334738086527906, 20.002451993926005 ], [ 84.346483661549172, 20.001574508313048 ], [ 84.345651166773777, 19.997529426828095 ], [ 84.346959344782249, 19.993664535840406 ], [ 84.354865372542392, 19.992392373977424 ], [ 84.355758532945913, 19.990739380503033 ] ] } },
{ "type": "Feature", "properties": { "River_Name": "Birikot Nala", "Basin": "Rushikulya" }, "geometry": { "type": "LineString", "coordinates": [ [ 84.382566785005721, 20.071218495851106 ], [ 84.381075079217737, 20.069691293737296 ], [ 84.389046366276631, 20.063179769289651 ], [ 84.390363978433058, 20.059950151590471 ], [ 84.39276250096971, 20.058623814508508 ], [ 84.392334172873831, 20.057004890487221 ], [ 84.402371965021416, 20.055432639363492 ], [ 84.404498582305507, 20.053719878713395 ], [ 84.408513728687325, 20.055546717912701 ], [ 84.413981059941094, 20.053620001855904 ], [ 84.414105423982605, 20.050659371149234 ], [ 84.415793963521907, 20.04944175084713 ], [ 84.414589108017566, 20.047369525076384 ], [ 84.411202229894869, 20.047319950660434 ], [ 84.409484910662442, 20.042588325168214 ], [ 84.411457629028007, 20.037910750094433 ], [ 84.410851494482955, 20.027079376354649 ], [ 84.414676234752875, 20.01578718309279 ], [ 84.417067723830584, 20.013289671162426 ], [ 84.422805613132866, 20.010171924421787 ], [ 84.42953352208437, 20.009887488890104 ], [ 84.43993846233947, 20.015103199050088 ], [ 84.449636089395653, 20.017202294551709 ], [ 84.451963864292154, 20.015491756094608 ], [ 84.45756172590491, 20.016336785070564 ], [ 84.461766747710897, 20.014199125519287 ], [ 84.468170271101215, 20.015246503728886 ], [ 84.472166872652167, 20.013487864990882 ], [ 84.473731590479417, 20.010475961901189 ], [ 84.478975986956399, 20.009255728848341 ] ] } },
{ "type": "Feature", "properties": { "River_Name": "River / Nala", "Basin": "Rushikulya" }, "geometry": { "type": "LineString", "coordinates": [ [ 84.428350375549172, 20.041590776540161 ], [ 84.433352508661599, 20.050742056176464 ], [ 84.437273308618998, 20.052560922001259 ], [ 84.437773103450127, 20.054867684881415 ], [ 84.44430771911874, 20.0553206884445 ], [ 84.462301144615523, 20.042857843071626 ], [ 84.464681403921162, 20.036321836523157 ], [ 84.46449675065989, 20.030107400068708 ], [ 84.47152593616957, 20.024400964831688 ] ] } },
{ "type": "Feature", "properties": { "River_Name": "Gandamunda Nala", "Basin": "Rushikulya" }, "geometry": { "type": "LineString", "coordinates": [ [ 84.425855703930949, 20.121650496223378 ], [ 84.427313277339479, 20.128408978973738 ], [ 84.431187224161306, 20.132813639839846 ], [ 84.434397080453323, 20.131426974968754 ], [ 84.441309544609339, 20.121682457597974 ], [ 84.445442497128383, 20.118337949908664 ], [ 84.447134909867899, 20.111463926844376 ], [ 84.448863033780739, 20.110174933453848 ], [ 84.448817316076671, 20.103245849058755 ], [ 84.453950404373998, 20.096660362770255 ], [ 84.451921216261781, 20.095078135061737 ], [ 84.452311660230833, 20.090484719731148 ], [ 84.456109377739637, 20.086298818348684 ], [ 84.458428518590381, 20.079702398666068 ], [ 84.463161080261855, 20.080248304470629 ], [ 84.467173774972764, 20.074452526849115 ], [ 84.464775185881521, 20.070296831884498 ], [ 84.467125834406318, 20.059728727037971 ], [ 84.477537228708769, 20.04703593690591 ], [ 84.482763189503743, 20.044333025014627 ], [ 84.48196552689987, 20.042828432255 ], [ 84.489704119621862, 20.041086868451302 ], [ 84.491644383436366, 20.038307112196605 ], [ 84.495449892824666, 20.037465108192691 ], [ 84.495318692852209, 20.031788916854428 ], [ 84.496639689211008, 20.030830324809045 ] ] } },
{ "type": "Feature", "properties": { "River_Name": "Kausuga Nala", "Basin": "Rushikulya" }, "geometry": { "type": "LineString", "coordinates": [ [ 84.466279650367227, 20.138860365429181 ], [ 84.465526922230055, 20.136125926460185 ], [ 84.468288977329877, 20.124841160967634 ], [ 84.468153127709144, 20.119141120712317 ], [ 84.461670875115558, 20.107042503741543 ], [ 84.463665299910772, 20.103344157708349 ], [ 84.468047180076098, 20.102152828741335 ], [ 84.467066049514713, 20.094756299974449 ], [ 84.470489287599435, 20.089465679269924 ], [ 84.46754757986055, 20.081324289474082 ], [ 84.469806927862663, 20.077629622059412 ], [ 84.473076249108686, 20.077174728084064 ], [ 84.480515314409217, 20.067389915358202 ], [ 84.482372127311038, 20.05799112504252 ], [ 84.485558680920889, 20.055563708917113 ], [ 84.48687385412245, 20.0515686023606 ], [ 84.489545077602443, 20.050531437014264 ], [ 84.489070116631225, 20.047012593597838 ], [ 84.49182982659994, 20.042787078536278 ], [ 84.490091798443487, 20.04055480600676 ] ] } },
{ "type": "Feature", "properties": { "River_Name": "Jodajadi Nala", "Basin": "Rushikulya" }, "geometry": { "type": "LineString", "coordinates": [ [ 84.437733807042093, 20.178279313924978 ], [ 84.441675644706834, 20.177835013574651 ], [ 84.443261172611869, 20.171765903347548 ], [ 84.442670686881314, 20.167247911656929 ], [ 84.451138806054942, 20.148258007565317 ], [ 84.450987192733621, 20.142014272428085 ], [ 84.44784634055587, 20.132920043122997 ], [ 84.448249565628913, 20.115873636659391 ], [ 84.44710884830026, 20.115017346776586 ] ] } },
{ "type": "Feature", "properties": { "River_Name": "Gasamahajadi Nala", "Basin": "Rushikulya" }, "geometry": { "type": "LineString", "coordinates": [ [ 84.463558611440163, 20.180821934032739 ], [ 84.460239579008586, 20.178743266484165 ], [ 84.460000114116468, 20.172050292336856 ], [ 84.46958631056917, 20.15618133785653 ], [ 84.477160849975135, 20.147300954109674 ], [ 84.480674989847145, 20.145081593463971 ], [ 84.487365984644086, 20.145893966930192 ], [ 84.490214618566924, 20.14375449305043 ], [ 84.501259085532439, 20.14212687821415 ], [ 84.509772997843328, 20.136150288353434 ], [ 84.521339538757417, 20.131809502567382 ] ] } },
{ "type": "Feature", "properties": { "River_Name": "Rasijadi Nala", "Basin": "Rushikulya" }, "geometry": { "type": "LineString", "coordinates": [ [ 84.410292755626443, 20.187518589731738 ], [ 84.413634741331052, 20.180170053343179 ], [ 84.415418142083851, 20.180043384956196 ], [ 84.42142582925851, 20.172370868907816 ], [ 84.425346099754094, 20.170729661485126 ], [ 84.428367197122455, 20.166834775636289 ], [ 84.430200752378084, 20.167838222851721 ], [ 84.434073723249412, 20.166174634703143 ], [ 84.448169113790343, 20.153918957452323 ] ] } },
{ "type": "Feature", "properties": { "River_Name": "Maklingia Nala", "Basin": "Rushikulya" }, "geometry": { "type": "LineString", "coordinates": [ [ 84.397960162519269, 20.08344793248525 ], [ 84.404125928288792, 20.077566100229355 ], [ 84.427610369760643, 20.073699116052953 ], [ 84.43718612571935, 20.068720915149459 ], [ 84.439260850768335, 20.064278605159252 ], [ 84.447916842215932, 20.064365661586972 ], [ 84.454579714397937, 20.061365496289113 ], [ 84.456639988724021, 20.057782802968994 ], [ 84.46805613553245, 20.054754872445926 ] ] } },
{ "type": "Feature", "properties": { "River_Name": "Karanja Nala", "Basin": "Rushikulya" }, "geometry": { "type": "LineString", "coordinates": [ [ 84.714196239870475, 20.25002311738546 ], [ 84.706819740643056, 20.247178939269016 ], [ 84.705061097740611, 20.242807170920479 ], [ 84.70498788368964, 20.239174281983857 ], [ 84.708404349695599, 20.234081672785027 ], [ 84.705459437731463, 20.222573906064831 ], [ 84.707957182310423, 20.209321270274526 ], [ 84.710272549973695, 20.206770878763376 ], [ 84.712057436049633, 20.207606552362726 ], [ 84.712002471229269, 20.206172169322262 ], [ 84.717811356661272, 20.203571563503544 ], [ 84.718709711393316, 20.20097872845518 ], [ 84.722110062136494, 20.200377701453803 ], [ 84.728097110019704, 20.202916385029656 ], [ 84.742051096808524, 20.19712260574315 ], [ 84.744716200733137, 20.19132648315485 ], [ 84.750597163294927, 20.187013147600172 ], [ 84.751922216769543, 20.175799444455969 ], [ 84.757232896183282, 20.168985469328916 ], [ 84.757677336405379, 20.166219302128091 ], [ 84.755059053674074, 20.165277895039008 ], [ 84.758322712951227, 20.160014792236531 ], [ 84.757141106941162, 20.157705802485541 ], [ 84.758972059217356, 20.154568064958241 ] ] } },
{ "type": "Feature", "properties": { "River_Name": "Lunda Nadi", "Basin": "Rushikulya" }, "geometry": { "type": "LineString", "coordinates": [ [ 84.704489771010188, 19.447188342990291 ], [ 84.705576574466861, 19.445372727534487 ], [ 84.701924811989073, 19.436365470119796 ], [ 84.699295152960389, 19.435286686885576 ], [ 84.691362734775907, 19.421774323321834 ], [ 84.690533308058008, 19.400257413510428 ], [ 84.687607714874218, 19.397890347344664 ], [ 84.68268607149399, 19.398664002724466 ], [ 84.683884824422222, 19.396259827857502 ], [ 84.681774562886844, 19.392567888841846 ], [ 84.673502666764151, 19.389881446092065 ], [ 84.666659603733095, 19.377069270658627 ], [ 84.668975326613662, 19.373586291899471 ], [ 84.668465509369256, 19.3696011156682 ], [ 84.67303322239394, 19.361773976551984 ], [ 84.673110146878869, 19.359014991253488 ] ] } },
{ "type": "Feature", "properties": { "River_Name": "Khari Nala", "Basin": "Rushikulya" }, "geometry": { "type": "LineString", "coordinates": [ [ 84.656042041080596, 19.430686926503839 ], [ 84.653010592412528, 19.428670900698272 ], [ 84.64845468053116, 19.430212905939243 ], [ 84.645854524583299, 19.425376229379214 ], [ 84.641000621123695, 19.424883086557742 ], [ 84.640813315827828, 19.422156591733113 ], [ 84.637288616183298, 19.422062954233034 ], [ 84.631397094974133, 19.418449687082912 ], [ 84.625555196865221, 19.418373370919159 ], [ 84.620793435173127, 19.411572632800841 ], [ 84.617564556998147, 19.411936513654368 ], [ 84.616310057065562, 19.404703770624295 ], [ 84.612509821791789, 19.402813951682408 ], [ 84.612545739414557, 19.400353246079607 ], [ 84.601120753809695, 19.401540856648225 ], [ 84.598341640229606, 19.397011926727441 ], [ 84.599317346756933, 19.394014080657556 ], [ 84.591019329300892, 19.389794390210355 ], [ 84.588676578088922, 19.386441971274664 ], [ 84.590625307132214, 19.380637511304375 ], [ 84.588768855531129, 19.375045448268885 ], [ 84.588524300257745, 19.366708383657265 ], [ 84.583549342463868, 19.368076052958937 ], [ 84.575985967723796, 19.364687552924085 ], [ 84.561000877202304, 19.369438010787729 ], [ 84.550558799425048, 19.368681242958026 ], [ 84.539609691163434, 19.370851208666171 ], [ 84.526804323525681, 19.36855100647777 ] ] } },
{ "type": "Feature", "properties": { "River_Name": "Gania Nadi", "Basin": "Rushikulya" }, "geometry": { "type": "LineString", "coordinates": [ [ 84.663095457548451, 19.429668691137916 ], [ 84.665020013537998, 19.426631327272418 ], [ 84.664230901471015, 19.418404079737154 ], [ 84.669027085170853, 19.408811878015872 ], [ 84.668239859461323, 19.39867000651104 ], [ 84.662025951991978, 19.391182515728591 ], [ 84.661568150138962, 19.387974613640459 ], [ 84.652728999744525, 19.382747052269739 ], [ 84.645201723242749, 19.373880100505463 ], [ 84.645452101830116, 19.368721926694022 ], [ 84.643881201623827, 19.365905824166379 ], [ 84.646219617781014, 19.362614619785372 ], [ 84.644392337782605, 19.356617112944758 ], [ 84.647057618311067, 19.355098377823012 ], [ 84.6482999298739, 19.350980506466524 ], [ 84.651201653590846, 19.348587784312752 ] ] } },
{ "type": "Feature", "properties": { "River_Name": "Lunda Nadi", "Basin": "Rushikulya" }, "geometry": { "type": "LineString", "coordinates": [ [ 84.674781879736329, 19.352978753699848 ], [ 84.674580918454481, 19.345843267349 ], [ 84.679371553124327, 19.338197929865441 ], [ 84.676474659892406, 19.337444126951656 ], [ 84.674286803181005, 19.334620389231809 ], [ 84.676185157544083, 19.328551146508232 ] ] } },
{ "type": "Feature", "properties": { "River_Name": "Gania Nadi", "Basin": "Rushikulya" }, "geometry": { "type": "LineString", "coordinates": [ [ 84.653652854118334, 19.346182034673522 ], [ 84.663369029404848, 19.318850727369455 ], [ 84.663551896786927, 19.305985176271577 ] ] } },
{ "type": "Feature", "properties": { "River_Name": "Khari Nala", "Basin": "Rushikulya" }, "geometry": { "type": "LineString", "coordinates": [ [ 84.363730989800658, 19.400778215577706 ], [ 84.371979140155346, 19.40393672889688 ], [ 84.378286489195247, 19.39498730811022 ], [ 84.383483016095852, 19.392481913878107 ], [ 84.385997486274761, 19.388905674408857 ], [ 84.385909935353681, 19.385559574187834 ], [ 84.389983224348839, 19.380209005362826 ], [ 84.40047638312187, 19.377683436156744 ], [ 84.414278112832704, 19.381167782326834 ], [ 84.417654248159593, 19.379094138675651 ], [ 84.425066882593725, 19.381607608914127 ], [ 84.427318888722482, 19.380569112815568 ], [ 84.429276818197522, 19.386713253795151 ], [ 84.437325460335359, 19.389808688081178 ], [ 84.442383314568744, 19.394830470984612 ], [ 84.44238983406818, 19.396990448146781 ], [ 84.450799110538838, 19.400262460646704 ], [ 84.452954139220864, 19.398992926442748 ], [ 84.459473851404312, 19.403327572134462 ], [ 84.469120589449872, 19.399582031848237 ], [ 84.469470872026974, 19.396471273716838 ], [ 84.474928696006884, 19.39262875071309 ], [ 84.480614831769728, 19.39094913820357 ], [ 84.486366635635164, 19.391544875054638 ], [ 84.487975907612963, 19.389063117874944 ], [ 84.492217350110479, 19.388318875089126 ], [ 84.492260326379437, 19.386828527561718 ], [ 84.496753247389506, 19.38807556607772 ], [ 84.500001459960771, 19.391181502739371 ] ] } },
{ "type": "Feature", "properties": { "River_Name": "Kanteikoli Nadi", "Basin": "Rushikulya" }, "geometry": { "type": "LineString", "coordinates": [ [ 84.383876213928588, 19.259604729416488 ], [ 84.395429241388328, 19.278734089365926 ], [ 84.404410132916098, 19.283610533362168 ], [ 84.415665856478128, 19.286468790980695 ], [ 84.422395459109211, 19.291366316867268 ], [ 84.425967223049142, 19.291452561353552 ], [ 84.42983720884645, 19.294195010904296 ], [ 84.432991995865791, 19.296819814298917 ], [ 84.436660617265233, 19.306846566610588 ], [ 84.439199157939015, 19.307049472537511 ], [ 84.440053652387604, 19.309546306644975 ], [ 84.448872248774876, 19.31373165161563 ], [ 84.451093184798083, 19.318194830408409 ], [ 84.464730672589496, 19.325744035424389 ], [ 84.465779937318615, 19.328697470124872 ], [ 84.468323011548406, 19.329449609751727 ], [ 84.468949965768005, 19.332863080118894 ], [ 84.472579403112604, 19.334992163598947 ], [ 84.472493947734932, 19.337272769190452 ], [ 84.476061348599444, 19.337716468789161 ], [ 84.478262526439565, 19.340255737896165 ], [ 84.478947665798557, 19.343992558718707 ], [ 84.485961226253508, 19.344603221644721 ], [ 84.49142532557012, 19.348723728073168 ] ] } },
{ "type": "Feature", "properties": { "River_Name": "Dahana Nala", "Basin": "Rushikulya" }, "geometry": { "type": "LineString", "coordinates": [ [ 84.311913941896933, 19.385480404902545 ], [ 84.317611359064671, 19.380705205459929 ], [ 84.328077036957623, 19.380830648603126 ], [ 84.333280675029215, 19.382992092216032 ], [ 84.336128059564189, 19.380668632156738 ], [ 84.334383311326917, 19.372787709792021 ], [ 84.340310046498018, 19.371498355055362 ], [ 84.345533272165312, 19.372606758731646 ], [ 84.360008199551459, 19.36984637858809 ], [ 84.366576022938574, 19.372354622558788 ], [ 84.375781530290737, 19.370516621708536 ], [ 84.3825823321515, 19.371856981517947 ], [ 84.383847642979447, 19.369079854163331 ], [ 84.385171080423007, 19.369755906274737 ], [ 84.389541324024094, 19.366437985441543 ], [ 84.391045145201801, 19.362899672922321 ], [ 84.398497374294024, 19.360461881499599 ], [ 84.40215790485297, 19.35583133951971 ], [ 84.405248193390989, 19.355409525919072 ], [ 84.40757802010026, 19.35054484114017 ], [ 84.413375124984597, 19.348465055011207 ], [ 84.419518792134213, 19.342746164895146 ] ] } },
{ "type": "Feature", "properties": { "River_Name": "Rama Nadi", "Basin": "Rushikulya" }, "geometry": { "type": "LineString", "coordinates": [ [ 84.367437582392739, 19.250051903496782 ], [ 84.369838743999637, 19.255253051273471 ], [ 84.368468500103347, 19.261350807969492 ], [ 84.371652564954033, 19.266136753369388 ], [ 84.371516289707387, 19.2746784817882 ], [ 84.374250614041841, 19.278655174742205 ], [ 84.357626609675549, 19.282314490308963 ], [ 84.356016153716965, 19.284833231273101 ], [ 84.357054721115958, 19.290352869003701 ], [ 84.352865326487631, 19.300517683918841 ], [ 84.356069018276415, 19.302838605208571 ], [ 84.355329263618302, 19.305025894163393 ], [ 84.3573941489188, 19.306814232058318 ], [ 84.357183828138687, 19.308626935199392 ], [ 84.360151245049551, 19.309377099467419 ], [ 84.362900762782601, 19.3124176544665 ], [ 84.362305991581479, 19.316862430820663 ], [ 84.365397402028364, 19.316273207899652 ], [ 84.368516285839334, 19.319519725504502 ], [ 84.368678788610751, 19.323357867449474 ], [ 84.375674895379021, 19.32589568853291 ], [ 84.378469647200731, 19.329605681926207 ], [ 84.385040051545843, 19.332352084672554 ], [ 84.386300607681406, 19.335695916400262 ], [ 84.391045471119071, 19.33550590039691 ], [ 84.393285284814965, 19.339007073318903 ], [ 84.396934312692068, 19.339360298733585 ], [ 84.400850720597163, 19.342856682192238 ], [ 84.410716821724492, 19.342581502619492 ], [ 84.413133473442912, 19.3387309707147 ], [ 84.415830946198085, 19.338138504861501 ], [ 84.419518792134213, 19.342746164895146 ], [ 84.421794466959199, 19.341133100192696 ], [ 84.427630777745392, 19.341057935665383 ], [ 84.437651954868812, 19.342994731414706 ] ] } },
{ "type": "Feature", "properties": { "River_Name": "Rautara Nadi", "Basin": "Rushikulya" }, "geometry": { "type": "LineString", "coordinates": [ [ 84.370489915641414, 19.426103533609762 ], [ 84.373620108404737, 19.426773544658559 ], [ 84.376649044306575, 19.424422584180409 ], [ 84.377067067499539, 19.421564596217053 ], [ 84.38262121502656, 19.421935657363825 ], [ 84.393380149047019, 19.417856809663515 ], [ 84.39650019516607, 19.415122574554513 ], [ 84.401815539785346, 19.41967372615165 ], [ 84.402990427279505, 19.423003965861419 ], [ 84.413124776956877, 19.434963424200813 ], [ 84.416799527297925, 19.435499154071177 ], [ 84.418920529987972, 19.433916082765332 ], [ 84.42494013162532, 19.435287536983108 ], [ 84.428586952494186, 19.438757042817048 ], [ 84.431615848795104, 19.437811035918273 ], [ 84.432832174074036, 19.435399446487136 ], [ 84.438871462495626, 19.435873260261388 ], [ 84.438291654323564, 19.433748470152928 ], [ 84.440458404428071, 19.434341680812157 ], [ 84.445791412829834, 19.43158372326382 ], [ 84.446203468730971, 19.42660746327806 ], [ 84.447721737349141, 19.425705307067549 ], [ 84.446775708882001, 19.424150808904738 ], [ 84.450781187428234, 19.422068035684465 ], [ 84.452680959669067, 19.418766443153658 ], [ 84.463255366522546, 19.417488648966245 ], [ 84.464056487218528, 19.415205565782859 ], [ 84.469664106757648, 19.416058216886867 ], [ 84.484785697037353, 19.411558970406528 ], [ 84.49208706441334, 19.411341620894571 ], [ 84.496466404145053, 19.407832157407721 ], [ 84.495955266068108, 19.405308732812635 ], [ 84.497629556028699, 19.405684050904483 ], [ 84.500098577722568, 19.402902088913073 ], [ 84.498974706218732, 19.397228851543506 ], [ 84.500135283517622, 19.391454260099565 ] ] } },
{ "type": "Feature", "properties": { "River_Name": "Balisudra Nadi", "Basin": "Subarnarekha" }, "geometry": { "type": "LineString", "coordinates": [ [ 86.048588752383509, 22.311186608894051 ], [ 86.049060196307934, 22.308949107269971 ], [ 86.041102606591551, 22.299250150993135 ], [ 86.043614759653451, 22.297417661035119 ], [ 86.04000581654897, 22.293543633830119 ], [ 86.041202835858329, 22.29096265920986 ], [ 86.039351900271271, 22.289090846930851 ], [ 86.042429020042917, 22.285518275264604 ], [ 86.041258882046876, 22.28345628242116 ], [ 86.043280441409451, 22.281643471375933 ], [ 86.04228850592493, 22.27835851609688 ] ] } },
{ "type": "Feature", "properties": { "River_Name": "Begra Nala", "Basin": "Subarnarekha" }, "geometry": { "type": "MultiLineString", "coordinates": [ [ [ 85.995729057355192, 22.485325382918042 ], [ 85.986200207585455, 22.487116962477188 ] ], [ [ 85.986200207585455, 22.487116962477188 ], [ 85.983538251640852, 22.486919537427539 ], [ 85.981314963086874, 22.489208918981376 ], [ 85.975150196629045, 22.487873849745107 ] ] ] } },
{ "type": "Feature", "properties": { "River_Name": "Barei Nala", "Basin": "Subarnarekha" }, "geometry": { "type": "MultiLineString", "coordinates": [ [ [ 86.174482451666336, 22.447148063340901 ], [ 86.17698299671828, 22.44663689470536 ] ], [ [ 86.17698299671828, 22.44663689470536 ], [ 86.187513281904984, 22.446491505996107 ], [ 86.194969624130465, 22.439297595454921 ] ], [ [ 86.17698299671828, 22.44663689470536 ], [ 86.184272449590381, 22.449794942061509 ], [ 86.191567169583848, 22.455454951440185 ], [ 86.198261709970154, 22.457421505129371 ], [ 86.208014802736528, 22.447957447576979 ], [ 86.212020014291696, 22.447719596182875 ], [ 86.211801401122699, 22.444272262657154 ], [ 86.221065886140735, 22.439321715194101 ], [ 86.22441998793353, 22.434672062671286 ], [ 86.230228967823678, 22.434139779817801 ] ] ] } },
{ "type": "Feature", "properties": { "River_Name": "Bagduba N.", "Basin": "Subarnarekha" }, "geometry": { "type": "LineString", "coordinates": [ [ 86.26406589893989, 22.444388095098411 ], [ 86.263411547163429, 22.439783838051994 ], [ 86.268110982649873, 22.430729988924899 ], [ 86.268836718256566, 22.410314213494875 ], [ 86.266516743775966, 22.407768190218576 ], [ 86.266231208455267, 22.40472248013106 ], [ 86.262483557371056, 22.403818284948841 ], [ 86.255613022347433, 22.394615273359758 ], [ 86.257944894133274, 22.381694800098156 ], [ 86.256000725512862, 22.369356399165383 ] ] } },
{ "type": "Feature", "properties": { "River_Name": "River / Nala", "Basin": "Subarnarekha" }, "geometry": { "type": "LineString", "coordinates": [ [ 86.336016982783562, 22.353229301502264 ], [ 86.33322111610174, 22.352872382351446 ], [ 86.322953741861554, 22.362961297016227 ], [ 86.320027004824439, 22.370670750675004 ], [ 86.312377037690709, 22.373978201473228 ], [ 86.306594947446442, 22.379938751292801 ], [ 86.301836025434781, 22.381854217402406 ], [ 86.294566772062055, 22.380462232714027 ], [ 86.284013862501055, 22.375096548145901 ], [ 86.277565523175255, 22.376214894818585 ], [ 86.265692012756332, 22.375215521196139 ], [ 86.262800967634107, 22.379010761500584 ], [ 86.260219252442752, 22.378963172280351 ], [ 86.256802752850362, 22.374282779064973 ] ] } },
{ "type": "Feature", "properties": { "River_Name": "Jheria Nadi", "Basin": "Subarnarekha" }, "geometry": { "type": "LineString", "coordinates": [ [ 86.395182974703047, 22.221972959751383 ], [ 86.399674207351595, 22.211473588063029 ], [ 86.390295561797231, 22.194717423660055 ], [ 86.389400884458937, 22.186817613120631 ], [ 86.39122831051138, 22.185789685966199 ], [ 86.391095060695065, 22.182801082942838 ], [ 86.397649286035659, 22.170893070339112 ], [ 86.392709524987623, 22.165853371928677 ], [ 86.390967759531335, 22.160413924069477 ], [ 86.38225893224994, 22.158358069760418 ], [ 86.382087611057486, 22.156459259877803 ], [ 86.38063138092194, 22.157729892054871 ], [ 86.377419108564112, 22.156587750771966 ], [ 86.376134199620978, 22.153375478414148 ], [ 86.372679222240535, 22.155516993319509 ], [ 86.370195064950309, 22.154060763183903 ], [ 86.364284483811815, 22.154046486417826 ], [ 86.363527815212066, 22.156487813409747 ], [ 86.358987803612862, 22.157315865839784 ], [ 86.359201955103387, 22.159428827213109 ], [ 86.357288868454788, 22.159043354530191 ], [ 86.354419238481668, 22.161598895650396 ], [ 86.347623497849085, 22.159828576662107 ], [ 86.342755120631111, 22.160770843220405 ] ] } },
{ "type": "Feature", "properties": { "River_Name": "Deo", "Basin": "Subarnarekha" }, "geometry": { "type": "LineString", "coordinates": [ [ 86.313524830193373, 22.145489250631371 ], [ 86.310124183839022, 22.137829765653695 ], [ 86.319716386018953, 22.132559259525806 ], [ 86.318348195940501, 22.128603405603542 ], [ 86.322660969013597, 22.124766524731683 ], [ 86.321590211560974, 22.113850747367337 ], [ 86.323199916931387, 22.105999715778584 ], [ 86.310321084237373, 22.095559830615631 ], [ 86.308120082807008, 22.090235786615153 ], [ 86.309488272885218, 22.086458392268291 ], [ 86.300059658649715, 22.070516003529239 ], [ 86.300476064325707, 22.066292460243975 ], [ 86.29411100613514, 22.06070072688016 ], [ 86.292415640168414, 22.057220765159059 ], [ 86.280161415988502, 22.059540739639878 ], [ 86.274480452837039, 22.05855921197503 ] ] } },
{ "type": "Feature", "properties": { "River_Name": "River / Nala", "Basin": "Subarnarekha" }, "geometry": { "type": "LineString", "coordinates": [ [ 86.394350121289605, 22.225664176750286 ], [ 86.390745237865843, 22.225985403986041 ], [ 86.360942488767733, 22.214492607327831 ], [ 86.356409615551613, 22.216598430317958 ], [ 86.352233661486409, 22.224557727382599 ], [ 86.344524207827632, 22.230339817626717 ], [ 86.336957521828978, 22.23155334273963 ], [ 86.33160373456586, 22.235122534248372 ], [ 86.324001356652204, 22.236193291701056 ], [ 86.319896786417175, 22.235086842333374 ], [ 86.316648822144359, 22.238120655115662 ], [ 86.300194849288843, 22.236228983616055 ], [ 86.291493580251867, 22.236941209446005 ] ] } },
{ "type": "Feature", "properties": { "River_Name": "River / Nala", "Basin": "Subarnarekha" }, "geometry": { "type": "LineString", "coordinates": [ [ 86.327106553264898, 22.304633728611744 ], [ 86.328082132277345, 22.298847355337664 ], [ 86.322633959727611, 22.289290646784647 ], [ 86.322372219016913, 22.283246815829838 ], [ 86.326167459321127, 22.279534856660803 ], [ 86.329546293949576, 22.26554362594635 ], [ 86.332318366021397, 22.262795348484754 ], [ 86.331961446870451, 22.256596852564481 ], [ 86.326702838047581, 22.250529226999678 ], [ 86.307571971560705, 22.242785072867836 ], [ 86.305258056081172, 22.23754713889258 ] ] } },
{ "type": "Feature", "properties": { "River_Name": "Kukudajharan Nala", "Basin": "Subarnarekha" }, "geometry": { "type": "LineString", "coordinates": [ [ 86.164629574650732, 22.080021549464675 ], [ 86.170340281064611, 22.082648474415119 ], [ 86.178906340685714, 22.08255329597489 ], [ 86.181514229948093, 22.085484791933936 ], [ 86.188647536782, 22.085914363960907 ], [ 86.195091117185868, 22.081364834517785 ], [ 86.198355737685844, 22.074207415812282 ], [ 86.20389512290744, 22.073807666363269 ], [ 86.208834883955475, 22.071304473384995 ], [ 86.211818480453857, 22.071899353686153 ] ] } },
{ "type": "Feature", "properties": { "River_Name": "Andhari Nala", "Basin": "Subarnarekha" }, "geometry": { "type": "LineString", "coordinates": [ [ 86.219217792560571, 22.081636754023013 ], [ 86.219663097154623, 22.072659100535759 ], [ 86.225790209244664, 22.067138751002169 ], [ 86.23106071537255, 22.066115582769715 ], [ 86.23716403285259, 22.062058601754746 ], [ 86.239353136977954, 22.057026041727394 ], [ 86.236581064906133, 22.051493794888984 ], [ 86.239829029179177, 22.04547375854418 ], [ 86.238710682506266, 22.043272757113812 ], [ 86.243372998401213, 22.042596990188034 ], [ 86.247570367615566, 22.036814899943927 ], [ 86.25380717285779, 22.035852170020924 ], [ 86.261088323535532, 22.040420735152104 ], [ 86.26648970001888, 22.040325556711874 ], [ 86.272509736363688, 22.036946722083602 ], [ 86.281551688185786, 22.03764866308029 ], [ 86.285216058134765, 22.03531679129469 ], [ 86.292068905831556, 22.03662549484784 ], [ 86.296042605711293, 22.039623615715122 ] ] } },
{ "type": "Feature", "properties": { "River_Name": "River / Nala", "Basin": "Subarnarekha" }, "geometry": { "type": "LineString", "coordinates": [ [ 86.25380717285779, 22.035852170020924 ], [ 86.261224428705162, 22.028521050662054 ], [ 86.280041206339362, 22.019984337726726 ], [ 86.280488545008353, 22.01283643686531 ], [ 86.290736883560427, 22.012167808322545 ] ] } },
{ "type": "Feature", "properties": { "River_Name": "River / Nala", "Basin": "Subarnarekha" }, "geometry": { "type": "LineString", "coordinates": [ [ 86.15657652682215, 22.071602655901589 ], [ 86.162215849405968, 22.06459514323933 ], [ 86.166760619927103, 22.067045988075392 ], [ 86.180430623405627, 22.065166213880786 ], [ 86.191019224881629, 22.065999025232941 ], [ 86.193767502343391, 22.060597648749592 ], [ 86.199394927622038, 22.055945802483166 ], [ 86.204217429242121, 22.057895431456981 ] ] } },
{ "type": "Feature", "properties": { "River_Name": "Ghagra Nala", "Basin": "Subarnarekha" }, "geometry": { "type": "LineString", "coordinates": [ [ 86.199692360247795, 22.055803034822929 ], [ 86.198148184281692, 22.052040136152591 ], [ 86.19902382593186, 22.050536316796979 ], [ 86.197025078687005, 22.049165747257522 ], [ 86.198167219969704, 22.047642892213844 ], [ 86.196002703608016, 22.046096242559937 ], [ 86.192861815080434, 22.047619097603789 ], [ 86.191422241171807, 22.044858922837022 ], [ 86.189970769958379, 22.045180150072781 ], [ 86.189952924000792, 22.03135919953672 ], [ 86.195749291010969, 22.02680015224951 ], [ 86.197272146054658, 22.023468906841387 ], [ 86.195740843924384, 22.011802617732599 ], [ 86.19941473171734, 22.00342691499219 ], [ 86.206553114734817, 21.999772062887132 ], [ 86.210322180968134, 22.000819025729758 ] ] } },
{ "type": "Feature", "properties": { "River_Name": "River / Nala", "Basin": "Subarnarekha" }, "geometry": { "type": "LineString", "coordinates": [ [ 86.022609387855582, 22.070935747309935 ], [ 86.020177255196728, 22.071300830117988 ], [ 86.017768050928325, 22.06704754356997 ], [ 86.014169116156992, 22.06805881449759 ], [ 86.007030733139501, 22.060266079703403 ], [ 85.99995183664717, 22.060712228642046 ] ] } },
{ "type": "Feature", "properties": { "River_Name": "River / Nala", "Basin": "Subarnarekha" }, "geometry": { "type": "LineString", "coordinates": [ [ 86.117720803662095, 22.206232807755555 ], [ 86.122165046579582, 22.199276571125097 ], [ 86.128089904484156, 22.197884586436718 ], [ 86.132185551740506, 22.194609853227462 ], [ 86.128509284486526, 22.192361262576917 ], [ 86.127581294694124, 22.188649303407882 ], [ 86.123976411270334, 22.187043167228982 ], [ 86.120585679337054, 22.182403218267549 ], [ 86.122334583176425, 22.180297395277311 ], [ 86.122798578072405, 22.174729456523668 ], [ 86.133077413383177, 22.166990854467429 ], [ 86.133702021897236, 22.163124230332983 ], [ 86.138490687171313, 22.157502753706748 ], [ 86.142970022514859, 22.145756147874696 ], [ 86.151369519865497, 22.138379818756505 ], [ 86.155890495776632, 22.130622775877558 ], [ 86.15422487307255, 22.120962164193767 ], [ 86.154748354493776, 22.119034800779161 ], [ 86.157389556210305, 22.118201989427181 ], [ 86.157794064581296, 22.113228915924822 ], [ 86.155938084996691, 22.106851960429253 ], [ 86.160018860621662, 22.102548110335022 ], [ 86.15347038564515, 22.08940515746923 ], [ 86.153732126355848, 22.083968089070879 ], [ 86.151780968331011, 22.079292448194444 ], [ 86.152471012022701, 22.072392011277486 ], [ 86.149853604916174, 22.070131523321891 ] ] } },
{ "type": "Feature", "properties": { "River_Name": "River / Nala", "Basin": "Subarnarekha" }, "geometry": { "type": "LineString", "coordinates": [ [ 87.447136095986352, 21.760416666666405 ], [ 87.439583333333118, 21.760416666666405 ], [ 87.435416666666342, 21.756249999999625 ], [ 87.439583333333118, 21.747916666666352 ], [ 87.443749999999611, 21.747916666666356 ], [ 87.447916666666387, 21.743749999999689 ], [ 87.447916666666387, 21.739583333333087 ], [ 87.443749999999611, 21.735416666666314 ], [ 87.443749999999611, 21.727083333333042 ], [ 87.452083333332808, 21.718749999999769 ], [ 87.452083333332808, 21.714583333332985 ], [ 87.441956824235248, 21.704456824235422 ], [ 87.436333064434663, 21.702083333333064 ], [ 87.427647996162975, 21.704042823812646 ] ] } },
{ "type": "Feature", "properties": { "River_Name": "River / Nala", "Basin": "Subarnarekha" }, "geometry": { "type": "LineString", "coordinates": [ [ 87.338591260945392, 21.669822986096676 ], [ 87.335800836938162, 21.66873744905968 ], [ 87.328882498017364, 21.656295461093574 ] ] } },
{ "type": "Feature", "properties": { "River_Name": "Bansadhara_Rvr", "Basin": "Vansadhara" }, "geometry": { "type": "LineString", "coordinates": [ [ 83.381686687912747, 19.66286245632913 ], [ 83.364902177514622, 19.662777145721694 ], [ 83.359448453594695, 19.668917730577686 ], [ 83.355955372031175, 19.670291154734834 ], [ 83.354382445838581, 19.677477944189004 ], [ 83.357432438709196, 19.686857313499701 ], [ 83.357274008158242, 19.694269371938283 ], [ 83.363923005032063, 19.698042642600686 ], [ 83.364900013026499, 19.702099533460011 ] ] } },
{ "type": "Feature", "properties": { "River_Name": "Bengei Nala", "Basin": "Vansadhara" }, "geometry": { "type": "LineString", "coordinates": [ [ 83.583261262521901, 19.795515273077406 ], [ 83.584293423241022, 19.799468923833302 ], [ 83.590791460879359, 19.800720203478754 ], [ 83.590862141459453, 19.805378515381101 ], [ 83.59302568988555, 19.805834710951324 ], [ 83.589007137056726, 19.818968073176471 ], [ 83.586205895225618, 19.820683710590437 ], [ 83.585945564458555, 19.825527421467914 ], [ 83.583794429358349, 19.827919869039608 ], [ 83.584437969912358, 19.837026063858577 ] ] } },
{ "type": "Feature", "properties": { "River_Name": "Bengei Nala", "Basin": "Vansadhara" }, "geometry": { "type": "LineString", "coordinates": [ [ 83.549204597661159, 19.813856784901805 ], [ 83.548356129069759, 19.809710609488345 ], [ 83.555167670497283, 19.806082545142736 ], [ 83.552572558683423, 19.803988602030838 ], [ 83.553159467067815, 19.801607596573934 ] ] } },
{ "type": "Feature", "properties": { "River_Name": "Chauladhua Nadi", "Basin": "Vansadhara" }, "geometry": { "type": "LineString", "coordinates": [ [ 83.746017406721961, 19.884725774978726 ], [ 83.745603133793423, 19.88753954141454 ], [ 83.743676796006568, 19.887912352780063 ], [ 83.73977695641581, 19.893683173398141 ], [ 83.737688560648252, 19.906554301826919 ] ] } },
{ "type": "Feature", "properties": { "River_Name": "Katlari Nala", "Basin": "Vansadhara" }, "geometry": { "type": "LineString", "coordinates": [ [ 83.911856295074855, 19.775686687401674 ], [ 83.908124337808061, 19.772890122869466 ], [ 83.900700766214243, 19.773981243685189 ], [ 83.88159888241411, 19.767898347683978 ] ] } },
{ "type": "Feature", "properties": { "River_Name": "Dimuru Nadi", "Basin": "Vansadhara" }, "geometry": { "type": "LineString", "coordinates": [ [ 83.977792416093919, 19.743990006704319 ], [ 83.979253612630288, 19.746080836669304 ], [ 83.996531547332893, 19.754395727728472 ], [ 84.004655875448648, 19.755584337485352 ] ] } },
{ "type": "Feature", "properties": { "River_Name": "Birisha Nala", "Basin": "Vansadhara" }, "geometry": { "type": "MultiLineString", "coordinates": [ [ [ 83.857161210746867, 19.464248433380895 ], [ 83.861497632936832, 19.466184283925873 ], [ 83.8620828629751, 19.468071000304398 ], [ 83.866857865340961, 19.465440445314883 ], [ 83.873614274920826, 19.465067039717276 ], [ 83.875482626119506, 19.466838536589592 ], [ 83.883026347955408, 19.46281387968445 ], [ 83.883559762523291, 19.46068374575524 ], [ 83.886877019802881, 19.460960443646314 ], [ 83.887770090058879, 19.464896065252329 ], [ 83.889062910173593, 19.463995195466126 ], [ 83.889420535523982, 19.465912503926337 ], [ 83.893043213315451, 19.467570032078829 ], [ 83.894349507971171, 19.47519604059632 ], [ 83.896190633757456, 19.47568571700026 ], [ 83.895578381213312, 19.478191803280716 ], [ 83.900375141760534, 19.48161341852401 ], [ 83.910992697143882, 19.500000171453195 ] ], [ [ 83.910942158366026, 19.500000984946862 ], [ 83.915173583273017, 19.50343119157926 ] ] ] } },
{ "type": "Feature", "properties": { "River_Name": "Golagurha Nala", "Basin": "Vansadhara" }, "geometry": { "type": "LineString", "coordinates": [ [ 83.457836705816561, 19.822028593638194 ], [ 83.455606994215586, 19.82223538706431 ], [ 83.451846160019969, 19.82589025683091 ], [ 83.451319949962908, 19.829532245703561 ], [ 83.449795938365327, 19.830338833065735 ], [ 83.451411904854709, 19.831793109970906 ], [ 83.449562039631573, 19.83593189930982 ], [ 83.451493065084819, 19.83739087183071 ], [ 83.450626146650194, 19.839976466023593 ], [ 83.452374495462109, 19.848486187812991 ], [ 83.459586094725552, 19.863729442371383 ], [ 83.463321125766598, 19.863926161915373 ], [ 83.465386849745997, 19.868200542316583 ], [ 83.469175201823944, 19.869060119120196 ], [ 83.47468244169562, 19.874577939518073 ], [ 83.484790895028041, 19.878861961881281 ], [ 83.48529560028166, 19.889795037808419 ], [ 83.480585587178737, 19.893843106612159 ], [ 83.479793016164123, 19.896892835440241 ] ] } },
{ "type": "Feature", "properties": { "River_Name": "Golangabandha Nala", "Basin": "Vansadhara" }, "geometry": { "type": "MultiLineString", "coordinates": [ [ [ 83.456675428184369, 19.814766056747168 ], [ 83.457486440929927, 19.804518892186824 ], [ 83.461281181540215, 19.804656264836844 ], [ 83.464812492833957, 19.801417230318044 ] ], [ [ 83.456675428184369, 19.814766056747168 ], [ 83.457868605228384, 19.816036466019284 ] ], [ [ 83.457868605228384, 19.816036466019284 ], [ 83.456738736563835, 19.815781109388272 ], [ 83.456675428184369, 19.814766056747168 ] ], [ [ 83.459184545701788, 19.817842483850498 ], [ 83.457868605228384, 19.816036466019284 ] ], [ [ 83.459184545701788, 19.817842483850498 ], [ 83.458955696575558, 19.819403384936589 ] ], [ [ 83.458955696575558, 19.819403384936589 ], [ 83.458796991652719, 19.818701198838639 ], [ 83.459184545701788, 19.817842483850498 ] ], [ [ 83.457836705816561, 19.822028593638194 ], [ 83.458955696575558, 19.819403384936589 ] ] ] } },
{ "type": "Feature", "properties": { "River_Name": "Saban Nala", "Basin": "Vansadhara" }, "geometry": { "type": "MultiLineString", "coordinates": [ [ [ 83.646513158881973, 19.749803285356176 ], [ 83.645625861961008, 19.748913459030359 ], [ 83.650236450707752, 19.744267316740267 ], [ 83.650210844614506, 19.738962899680427 ] ], [ [ 83.646553998377414, 19.750001148801061 ], [ 83.64678115904384, 19.755930318912657 ], [ 83.649085868710159, 19.757462815270738 ], [ 83.647621296070838, 19.759159457814853 ], [ 83.647156973299417, 19.766561441488705 ], [ 83.657894502950739, 19.776212588946521 ], [ 83.656791424933203, 19.780441190017566 ], [ 83.660084516556793, 19.788329005824803 ], [ 83.660221628104097, 19.793135090390642 ] ] ] } },
{ "type": "Feature", "properties": { "River_Name": "Minaragarha Nala", "Basin": "Vansadhara" }, "geometry": { "type": "LineString", "coordinates": [ [ 83.992273629279836, 19.728219582988512 ], [ 83.992989236212097, 19.735411473911189 ], [ 83.992482406176535, 19.737374374086375 ], [ 83.990075583363691, 19.738168378870984 ], [ 83.989889231698953, 19.741471004023641 ], [ 83.983485618272198, 19.744728434720262 ], [ 83.978720894221112, 19.74511925280359 ] ] } },
{ "type": "Feature", "properties": { "River_Name": "Dalabaraga Nala", "Basin": "Vansadhara" }, "geometry": { "type": "LineString", "coordinates": [ [ 84.072890233129812, 19.790789236929623 ], [ 84.070185479515573, 19.785626164679229 ], [ 84.06608900232807, 19.784859291143185 ], [ 84.063288157709493, 19.78027234223946 ], [ 84.051348833446241, 19.777123697366367 ], [ 84.051455118437829, 19.77368141003225 ], [ 84.04729265680318, 19.769274933160958 ], [ 84.036478332857683, 19.766979037247548 ], [ 84.034350017859737, 19.768622867698035 ], [ 84.031619382261852, 19.766744965948057 ], [ 84.028647522013728, 19.768880254899766 ], [ 84.02242180596825, 19.762398777190342 ], [ 84.022220963860846, 19.760377796639368 ], [ 84.019362612789223, 19.759743397778742 ], [ 84.016650622686043, 19.755857011110493 ], [ 84.014765885481765, 19.756452971965871 ], [ 84.015400940367044, 19.758449600760351 ], [ 84.012435223449202, 19.756161292457971 ], [ 84.011051126553227, 19.758543968344554 ], [ 84.006549012419427, 19.754794538958674 ], [ 84.004655875448648, 19.75558433748537 ] ] } },
{ "type": "Feature", "properties": { "River_Name": "Guramunda Nala", "Basin": "Vansadhara" }, "geometry": { "type": "LineString", "coordinates": [ [ 83.879758300796595, 19.74878397787819 ], [ 83.883894156372548, 19.748911473162877 ], [ 83.891668805298835, 19.753905075890863 ], [ 83.894658629068445, 19.751728653940251 ] ] } },
{ "type": "Feature", "properties": { "River_Name": "Guribali Nala", "Basin": "Vansadhara" }, "geometry": { "type": "LineString", "coordinates": [ [ 83.88287696698734, 19.731833222352602 ], [ 83.88282751189719, 19.731468381617756 ] ] } },
{ "type": "Feature", "properties": { "River_Name": "Guribali Nala", "Basin": "Vansadhara" }, "geometry": { "type": "LineString", "coordinates": [ [ 83.88287696698734, 19.731833222352602 ], [ 83.884019724424192, 19.739452561364036 ], [ 83.879531333176274, 19.746232683630218 ], [ 83.879758300796595, 19.748783977878233 ] ] } },
{ "type": "Feature", "properties": { "River_Name": "Ramibanda Nala", "Basin": "Vansadhara" }, "geometry": { "type": "LineString", "coordinates": [ [ 83.919950457194886, 19.73732631906844 ], [ 83.917077561872716, 19.735847446761728 ], [ 83.911591287119649, 19.737990597906055 ], [ 83.907353288606984, 19.743521363091698 ], [ 83.894718553108859, 19.749806509005214 ] ] } },
{ "type": "Feature", "properties": { "River_Name": "Makarhapata Nala", "Basin": "Vansadhara" }, "geometry": { "type": "LineString", "coordinates": [ [ 83.894049925407458, 19.700799757539723 ], [ 83.89189372406581, 19.710765386045555 ], [ 83.889265918361502, 19.713335620581674 ], [ 83.89149564643958, 19.718576541839759 ], [ 83.897131921799044, 19.723974511139076 ], [ 83.89806408824748, 19.728875168283928 ], [ 83.897415004281314, 19.731738513386183 ], [ 83.894809005651467, 19.733942866372558 ], [ 83.89623659073969, 19.736971239590815 ], [ 83.894465254530544, 19.745544882203351 ], [ 83.895407586110338, 19.748888048484073 ] ] } },
{ "type": "Feature", "properties": { "River_Name": "Galaka Nala", "Basin": "Vansadhara" }, "geometry": { "type": "LineString", "coordinates": [ [ 83.906473774906601, 19.712050746739738 ], [ 83.900694798193939, 19.715110065377822 ], [ 83.897131921799044, 19.723974511139076 ] ] } },
{ "type": "Feature", "properties": { "River_Name": "Burhabandha Nala", "Basin": "Vansadhara" }, "geometry": { "type": "LineString", "coordinates": [ [ 83.517433831933488, 19.510149574463785 ], [ 83.514557342208761, 19.509648890414283 ], [ 83.514665118382936, 19.501789627532336 ], [ 83.511978286091747, 19.50064833005003 ], [ 83.512926389519407, 19.498090656476958 ], [ 83.510716261725548, 19.498035555411256 ], [ 83.510076487885669, 19.49360147086777 ], [ 83.506477686551023, 19.490246886401458 ], [ 83.508466444028656, 19.485830541975968 ], [ 83.506964355063474, 19.484131055089613 ], [ 83.50890916979148, 19.482428964734094 ], [ 83.512174714997812, 19.483634388073739 ], [ 83.519243416968393, 19.478935172241354 ], [ 83.518735148656745, 19.474390932053783 ], [ 83.521159773987534, 19.473869551433562 ], [ 83.519966074325055, 19.472409699847663 ], [ 83.524344240532528, 19.472615121277013 ], [ 83.530483713299731, 19.470055130645253 ], [ 83.533577328198646, 19.466029516526753 ], [ 83.531557315208062, 19.460102260260019 ], [ 83.533297921825977, 19.456321321611924 ], [ 83.544402583635829, 19.449266633579018 ], [ 83.545973335239509, 19.446521958058128 ], [ 83.547784961351098, 19.446708719398323 ], [ 83.549499640834384, 19.440995564436808 ], [ 83.561628286045845, 19.440165439918637 ], [ 83.567206667503982, 19.4332191303203 ] ] } },
{ "type": "Feature", "properties": { "River_Name": "Raipadar Nala", "Basin": "Vansadhara" }, "geometry": { "type": "LineString", "coordinates": [ [ 83.555894103146798, 19.483645436881019 ], [ 83.548562871594953, 19.476678148812994 ], [ 83.529702963684286, 19.470666553878448 ] ] } },
{ "type": "Feature", "properties": { "River_Name": "Dula Nala", "Basin": "Vansadhara" }, "geometry": { "type": "MultiLineString", "coordinates": [ [ [ 83.539383251554355, 19.483019946231966 ], [ 83.537906155359224, 19.492712077954568 ], [ 83.535340031771881, 19.498220399523337 ], [ 83.526384818986074, 19.499997153274741 ] ], [ [ 83.517433831933488, 19.510149574463785 ], [ 83.517847496588857, 19.507771510335896 ], [ 83.522686302474554, 19.505367154492422 ], [ 83.523869136679338, 19.501841633864846 ], [ 83.526383484684402, 19.49999708160739 ] ] ] } },
{ "type": "Feature", "properties": { "River_Name": "Dula Nala", "Basin": "Vansadhara" }, "geometry": { "type": "LineString", "coordinates": [ [ 83.539544240182053, 19.482963506154064 ], [ 83.539383251554369, 19.483019946231963 ] ] } },
{ "type": "Feature", "properties": { "River_Name": "Korikana Nala", "Basin": "Vansadhara" }, "geometry": { "type": "MultiLineString", "coordinates": [ [ [ 83.499998579809684, 19.47443835597802 ], [ 83.504220001374165, 19.477188500734837 ], [ 83.508296432186214, 19.482830279804936 ] ], [ [ 83.499997887539536, 19.474442880777065 ], [ 83.494920944902915, 19.473068017789327 ], [ 83.494198307344774, 19.470955800412728 ], [ 83.491229804129389, 19.469849778755684 ], [ 83.485416001909272, 19.471338418706068 ], [ 83.473584122389653, 19.467784298383467 ], [ 83.466608069427124, 19.468610910241701 ], [ 83.463708743822451, 19.463566093249636 ], [ 83.461451502498804, 19.463515498060215 ] ] ] } },
{ "type": "Feature", "properties": { "River_Name": "Kumbhikada Nala", "Basin": "Vansadhara" }, "geometry": { "type": "LineString", "coordinates": [ [ 83.586851161757409, 19.472712803236721 ], [ 83.585629753726124, 19.474039598895654 ], [ 83.585712052328148, 19.480422642231876 ], [ 83.580984564687682, 19.488219812185903 ], [ 83.582408570166962, 19.502349532810879 ], [ 83.584418118450515, 19.505105997596196 ], [ 83.585596164976621, 19.504338075008544 ], [ 83.58738881420868, 19.506059140838627 ], [ 83.586824282178839, 19.511214872368786 ], [ 83.58467951422864, 19.513419580546604 ], [ 83.585854129464366, 19.515520412627556 ] ] } },
{ "type": "Feature", "properties": { "River_Name": "Sakata Nalla", "Basin": "Vansadhara" }, "geometry": { "type": "LineString", "coordinates": [ [ 83.419991502630495, 19.574458368555003 ], [ 83.415102845760202, 19.575675345137832 ], [ 83.410769085842929, 19.579291503938819 ], [ 83.405522623015756, 19.57952865645526 ], [ 83.403711766932773, 19.583345789995867 ], [ 83.405235845954181, 19.589728361997338 ], [ 83.404412756066961, 19.595257221142532 ], [ 83.411683190140579, 19.604190890661826 ], [ 83.414576983350457, 19.605253875980868 ], [ 83.414251800277, 19.606770899811167 ], [ 83.417097827101301, 19.608778198817426 ], [ 83.423024951216931, 19.609705465611722 ], [ 83.428994604064528, 19.61441132449772 ], [ 83.43994351675191, 19.627592538654447 ], [ 83.441796800621532, 19.632290432948672 ], [ 83.441193131168305, 19.635545151501567 ], [ 83.447175884102265, 19.637242877848958 ], [ 83.454391367476077, 19.630678636414583 ], [ 83.455220142296056, 19.632532144100974 ], [ 83.466509672247881, 19.630043292493294 ], [ 83.471071899225549, 19.63296074804467 ], [ 83.476504694614817, 19.631418573417758 ], [ 83.478963433517521, 19.633267557368605 ], [ 83.478839838562976, 19.635770700246422 ], [ 83.485323879628652, 19.63812845700857 ], [ 83.494763234262365, 19.635582120794524 ], [ 83.494874387967812, 19.637224108029983 ], [ 83.496884776628647, 19.636257046892517 ], [ 83.497046429215246, 19.638697516861626 ], [ 83.4989365511328, 19.638580955896163 ], [ 83.501467203586472, 19.641585950411272 ], [ 83.518346222197835, 19.642925453310763 ], [ 83.52426206770636, 19.653920733519836 ], [ 83.528224817883213, 19.656850373648926 ], [ 83.530643131334699, 19.656659769790465 ], [ 83.531269401217514, 19.658753741670274 ], [ 83.535136447064531, 19.657154954466069 ] ] } },
{ "type": "Feature", "properties": { "River_Name": "Jhikirhi Nalla", "Basin": "Vansadhara" }, "geometry": { "type": "LineString", "coordinates": [ [ 83.401047173586676, 19.848828321377336 ], [ 83.40299376440619, 19.844363504270614 ], [ 83.401298112734253, 19.842670520186434 ], [ 83.39396400538017, 19.84141905881803 ], [ 83.390276281150392, 19.834469697601197 ], [ 83.391860851110366, 19.830989673130158 ], [ 83.413685143794467, 19.825254715867427 ], [ 83.416817150382585, 19.822548278086671 ], [ 83.417472686283318, 19.819202577922379 ], [ 83.427896142859737, 19.809994360956299 ], [ 83.430315335844341, 19.80311174817956 ], [ 83.432326820216716, 19.801743321265697 ], [ 83.436611961587488, 19.801192740997056 ], [ 83.438417041625002, 19.802563322667176 ], [ 83.446507441272701, 19.799097836624309 ], [ 83.446997295963058, 19.796503887313687 ], [ 83.458686054119013, 19.796342023265336 ] ] } },
{ "type": "Feature", "properties": { "River_Name": "Gahitlau Nala", "Basin": "Vansadhara" }, "geometry": { "type": "LineString", "coordinates": [ [ 83.743593850401226, 19.650508249465595 ], [ 83.751627302837903, 19.660524898074179 ], [ 83.755556762314086, 19.660405972779742 ], [ 83.758835171280552, 19.658166147686739 ], [ 83.763929261952342, 19.660385684594718 ], [ 83.772590629911633, 19.660816500509501 ], [ 83.776085061804892, 19.658130639519278 ], [ 83.775150581090315, 19.655887882951767 ], [ 83.777392710931991, 19.652711223204118 ], [ 83.791054856153949, 19.651917173509691 ], [ 83.797365431436702, 19.659976425380048 ], [ 83.807729495079187, 19.663782784124571 ], [ 83.815598108729091, 19.67174915890336 ], [ 83.826529720761854, 19.67415952568502 ], [ 83.835717052611628, 19.683047545459097 ] ] } },
{ "type": "Feature", "properties": { "River_Name": "Gandaragarha Nala", "Basin": "Vansadhara" }, "geometry": { "type": "LineString", "coordinates": [ [ 83.881046882623593, 19.692504684055134 ], [ 83.882193112177575, 19.699288944848028 ], [ 83.878504101311975, 19.704349780706998 ], [ 83.875499390810631, 19.70610883163749 ], [ 83.865105270654922, 19.704853316384966 ], [ 83.857021536869681, 19.706201139269027 ], [ 83.85426588621003, 19.710998417332767 ], [ 83.851125232800854, 19.712104714384914 ], [ 83.847562676825689, 19.7214153605332 ], [ 83.841164603960337, 19.722717710706203 ], [ 83.835315636720466, 19.729748678930637 ], [ 83.830189568519941, 19.730473822550998 ] ] } },
{ "type": "Feature", "properties": { "River_Name": "Tandal Nadi", "Basin": "Vansadhara" }, "geometry": { "type": "LineString", "coordinates": [ [ 83.875607885486218, 19.542517468611898 ], [ 83.867015983512431, 19.550525505765293 ], [ 83.856412804537698, 19.550878733087664 ], [ 83.849385505951318, 19.544444228594813 ], [ 83.847815941171305, 19.541020138123642 ], [ 83.843489365656936, 19.54274957141924 ], [ 83.8406548513871, 19.539954742187827 ], [ 83.835833563265339, 19.538992257741565 ], [ 83.832305273150041, 19.533811094018219 ], [ 83.828458284292495, 19.533280017011766 ], [ 83.823580818653198, 19.536191316107711 ], [ 83.821714667029113, 19.535665228447272 ], [ 83.819045989409602, 19.541020245110836 ], [ 83.816810076974065, 19.542237893623366 ], [ 83.818080655013333, 19.543287954379259 ], [ 83.814470288115999, 19.545429893268388 ], [ 83.810882909406857, 19.545056932338184 ], [ 83.808953642224097, 19.548865460088386 ], [ 83.805155311930534, 19.549791291063013 ], [ 83.799639017425591, 19.55821152998449 ] ] } },
{ "type": "Feature", "properties": { "River_Name": "Generagarha Nala", "Basin": "Vansadhara" }, "geometry": { "type": "LineString", "coordinates": [ [ 83.906172800276011, 19.558805338623934 ], [ 83.897477998454988, 19.551641463220417 ], [ 83.8907300383879, 19.550810762546618 ], [ 83.882371147285752, 19.545608798798241 ], [ 83.879823217311241, 19.541559680615812 ], [ 83.877716010527024, 19.540875537701186 ], [ 83.875607885486204, 19.542517468611898 ] ] } },
{ "type": "Feature", "properties": { "River_Name": "Lahagati Nala", "Basin": "Vansadhara" }, "geometry": { "type": "LineString", "coordinates": [ [ 83.908041294382059, 19.574560752389623 ], [ 83.908900012112568, 19.577029605050889 ], [ 83.904018989406723, 19.584493257745276 ], [ 83.908021602391457, 19.592287600048213 ] ] } },
{ "type": "Feature", "properties": { "River_Name": "Lahagati Nala", "Basin": "Vansadhara" }, "geometry": { "type": "LineString", "coordinates": [ [ 83.909740821577785, 19.590422636963428 ], [ 83.904773692790044, 19.597350565887258 ], [ 83.901497777615717, 19.597146074734024 ], [ 83.893519875907941, 19.601689172909637 ], [ 83.891645707312165, 19.602098461287682 ], [ 83.886668407265972, 19.598914650715738 ], [ 83.886681194842851, 19.600164844125192 ], [ 83.884715796786836, 19.599996136284275 ] ] } },
{ "type": "Feature", "properties": { "River_Name": "Anjalagerha Nala", "Basin": "Vansadhara" }, "geometry": { "type": "LineString", "coordinates": [ [ 83.948463337106503, 19.578968726181852 ], [ 83.942621665641539, 19.579592325222123 ], [ 83.917046135888427, 19.590372202036672 ], [ 83.909740821577842, 19.590422636963428 ] ] } },
{ "type": "Feature", "properties": { "River_Name": "Bandama Nala", "Basin": "Vansadhara" }, "geometry": { "type": "LineString", "coordinates": [ [ 83.96928160265476, 19.598541913664732 ], [ 83.964888416027279, 19.596366412541535 ], [ 83.959886795128767, 19.591126860353707 ], [ 83.958249643776909, 19.586504485105962 ], [ 83.948463337106503, 19.578968726181866 ] ] } },
{ "type": "Feature", "properties": { "River_Name": "Daragarha Nala", "Basin": "Vansadhara" }, "geometry": { "type": "LineString", "coordinates": [ [ 83.871985232978759, 19.661958709159016 ], [ 83.875427937153233, 19.656477692707639 ], [ 83.879236078470356, 19.655464227816818 ], [ 83.889995621157453, 19.643523348598002 ], [ 83.896406567716767, 19.639957894997178 ] ] } },
{ "type": "Feature", "properties": { "River_Name": "Godapanga Nala", "Basin": "Vansadhara" }, "geometry": { "type": "LineString", "coordinates": [ [ 83.921215092677471, 19.637886305719011 ], [ 83.918122140791866, 19.637042771621658 ], [ 83.91577104758629, 19.63322147270042 ], [ 83.91191682123528, 19.632426272077169 ], [ 83.897693428492715, 19.63441198933219 ], [ 83.894742537377923, 19.631918117601234 ], [ 83.892351103630347, 19.625233977118462 ] ] } },
{ "type": "Feature", "properties": { "River_Name": "Mingapata Nala", "Basin": "Vansadhara" }, "geometry": { "type": "LineString", "coordinates": [ [ 83.87333189581372, 19.671741772445369 ], [ 83.887161284568137, 19.673086272905095 ], [ 83.896257447853202, 19.671973747752968 ], [ 83.902149087086656, 19.67339078973416 ] ] } },
{ "type": "Feature", "properties": { "River_Name": "Mingapata Nala", "Basin": "Vansadhara" }, "geometry": { "type": "LineString", "coordinates": [ [ 83.902149087086656, 19.67339078973416 ], [ 83.910124176320821, 19.669054655355406 ], [ 83.910285130291712, 19.661080365098179 ], [ 83.908671263410895, 19.656740186080373 ] ] } },
{ "type": "Feature", "properties": { "River_Name": "Ronamala Nala", "Basin": "Vansadhara" }, "geometry": { "type": "LineString", "coordinates": [ [ 83.890983657999968, 19.689040534235712 ], [ 83.895530943474469, 19.680864539498785 ], [ 83.902149087086727, 19.673390789734192 ] ] } },
{ "type": "Feature", "properties": { "River_Name": "Karingima Nala", "Basin": "Vansadhara" }, "geometry": { "type": "LineString", "coordinates": [ [ 83.932486347939474, 19.655920960996372 ], [ 83.922094097242024, 19.664576514058254 ], [ 83.91645395203463, 19.664971617231924 ] ] } },
{ "type": "Feature", "properties": { "River_Name": "Kastarabanda Nala", "Basin": "Vansadhara" }, "geometry": { "type": "LineString", "coordinates": [ [ 83.977316870953928, 19.648945517741524 ], [ 83.973418256754556, 19.650422886606165 ], [ 83.967230241152365, 19.648146409092419 ], [ 83.960410673215009, 19.641822172354221 ], [ 83.952462164161673, 19.641465412747127 ], [ 83.938721381901033, 19.646922190161266 ], [ 83.933327837049632, 19.65241345778481 ], [ 83.932486347939474, 19.655920960996408 ] ] } },
{ "type": "Feature", "properties": { "River_Name": "Buigada Nala", "Basin": "Vansadhara" }, "geometry": { "type": "LineString", "coordinates": [ [ 83.953208881483675, 19.667669557382709 ], [ 83.94639499982172, 19.66715407583451 ], [ 83.942298739921625, 19.664896601355835 ], [ 83.93703706755521, 19.657774049804015 ], [ 83.932486347939474, 19.655920960996372 ] ] } },
{ "type": "Feature", "properties": { "River_Name": "Charargada Nala", "Basin": "Vansadhara" }, "geometry": { "type": "LineString", "coordinates": [ [ 83.984000090306495, 19.671272483765836 ], [ 83.980239061372686, 19.682267266040203 ], [ 83.971616601377704, 19.684229321820141 ], [ 83.968337462783381, 19.689627923532242 ], [ 83.96390578596052, 19.689647037762384 ], [ 83.960000861403515, 19.687472666404901 ], [ 83.955032023632739, 19.688082699888032 ], [ 83.950904026443766, 19.69062874832818 ] ] } },
{ "type": "Feature", "properties": { "River_Name": "Charargada Nala", "Basin": "Vansadhara" }, "geometry": { "type": "LineString", "coordinates": [ [ 83.950904026443766, 19.690628748328159 ], [ 83.948363724798227, 19.693739936746262 ], [ 83.942880727831749, 19.692257766032547 ] ] } },
{ "type": "Feature", "properties": { "River_Name": "Dubagada Nala", "Basin": "Vansadhara" }, "geometry": { "type": "LineString", "coordinates": [ [ 83.960969762449551, 19.672005901790975 ], [ 83.961904745520215, 19.676725464260045 ], [ 83.957081815933464, 19.677477551322781 ], [ 83.950657002491155, 19.682873519059552 ], [ 83.950904026443766, 19.69062874832818 ] ] } },
{ "type": "Feature", "properties": { "River_Name": "Jagendra Dhara", "Basin": "Vansadhara" }, "geometry": { "type": "LineString", "coordinates": [ [ 83.981948589170273, 19.690945872229655 ], [ 83.979081449163232, 19.700562659802827 ], [ 83.971441880991165, 19.701863012679304 ], [ 83.966767528231912, 19.70450425266025 ], [ 83.958899729297457, 19.703781178220105 ], [ 83.958612961801833, 19.698297117252491 ], [ 83.95673817540127, 19.6966443865178 ], [ 83.95308403038311, 19.695675445370266 ], [ 83.952080043164131, 19.697840559550844 ], [ 83.948172223734304, 19.698662400553289 ] ] } },
{ "type": "Feature", "properties": { "River_Name": "Garget Nala", "Basin": "Vansadhara" }, "geometry": { "type": "LineString", "coordinates": [ [ 83.973938012749642, 19.718026019230624 ], [ 83.977393528185885, 19.716474577942776 ], [ 83.975800386287887, 19.714609782972872 ], [ 83.975751687248945, 19.705027893899391 ], [ 83.973822547369238, 19.701737778830196 ] ] } },
{ "type": "Feature", "properties": { "River_Name": "Barlangainu Nala", "Basin": "Vansadhara" }, "geometry": { "type": "LineString", "coordinates": [ [ 83.977602774697971, 19.726220785528877 ], [ 83.978343341330856, 19.731968001235099 ], [ 83.970599790106277, 19.73391116823225 ], [ 83.968400679832186, 19.7379513525924 ] ] } },
{ "type": "Feature", "properties": { "River_Name": "Tatibesa Nala", "Basin": "Vansadhara" }, "geometry": { "type": "LineString", "coordinates": [ [ 83.984176163394977, 19.720072020984517 ], [ 83.98194936807478, 19.731578482080376 ], [ 83.984644135841123, 19.743964354497137 ] ] } },
{ "type": "Feature", "properties": { "River_Name": "Paharagarhapa Nalla", "Basin": "Vansadhara" }, "geometry": { "type": "LineString", "coordinates": [ [ 84.010407193517977, 19.822374687576847 ], [ 84.013247625953952, 19.82274725608125 ], [ 84.023008437118918, 19.817503006812363 ], [ 84.027984966435611, 19.807646748927841 ], [ 84.03177158894313, 19.804053629913511 ], [ 84.02940177974682, 19.799667482906397 ], [ 84.033968422735995, 19.792313766663803 ], [ 84.031394124137265, 19.786872556223035 ], [ 84.03638320831368, 19.782170802890711 ], [ 84.039534452078485, 19.781433131833989 ], [ 84.041591059138057, 19.776709667191032 ], [ 84.038102236596842, 19.769664560030396 ], [ 84.035333256274441, 19.768566954863086 ] ] } },
{ "type": "Feature", "properties": { "River_Name": "Baluma Nala", "Basin": "Vansadhara" }, "geometry": { "type": "MultiLineString", "coordinates": [ [ [ 83.978739715711086, 19.745362680972626 ], [ 83.978468856110041, 19.752598184848416 ] ], [ [ 83.978468856110041, 19.752598184848416 ], [ 83.972647251659012, 19.755141463273773 ] ], [ [ 83.96374409544687, 19.755027394825021 ], [ 83.952411632808406, 19.750667488308697 ], [ 83.933058229922892, 19.753075421116758 ], [ 83.923356645012746, 19.752858408231745 ], [ 83.919364018402632, 19.750669575122899 ] ], [ [ 83.96374409544687, 19.755027394825021 ], [ 83.968536841273945, 19.757159666428375 ], [ 83.971760429131606, 19.756167277988833 ] ], [ [ 83.972647251659012, 19.755141463273773 ], [ 83.978033852728814, 19.75356233732737 ], [ 83.978468856110041, 19.752598184848416 ] ], [ [ 83.972647251659012, 19.755141463273773 ], [ 83.971760429131606, 19.756167277988833 ] ], [ [ 83.971760429131606, 19.756167277988833 ], [ 83.968502984758373, 19.756618577259644 ], [ 83.964509104382955, 19.754888332913136 ], [ 83.96374409544687, 19.755027394825021 ] ] ] } },
{ "type": "Feature", "properties": { "River_Name": "Barha Nala", "Basin": "Vansadhara" }, "geometry": { "type": "LineString", "coordinates": [ [ 83.536512704091166, 19.658295903214626 ], [ 83.540358832690174, 19.665551439051193 ], [ 83.542995471309524, 19.665911451341479 ], [ 83.544483497677376, 19.674423806689632 ], [ 83.54693972233855, 19.673914900848523 ], [ 83.549195109288334, 19.676077195841597 ], [ 83.547538607742581, 19.678931634461016 ], [ 83.551290107525773, 19.679244070265078 ], [ 83.556382407832402, 19.684747651596759 ], [ 83.558256465450924, 19.684793185939498 ], [ 83.557013850445259, 19.686088641259204 ], [ 83.560133323935176, 19.686513723181189 ], [ 83.558703627098481, 19.701225905751798 ], [ 83.554773603340479, 19.704713336709496 ], [ 83.555915159049007, 19.705749062487985 ], [ 83.555204524484964, 19.712030522940463 ], [ 83.556293722840323, 19.713667480720421 ], [ 83.555049912498561, 19.714001265283169 ], [ 83.556345624704605, 19.715432102462223 ], [ 83.556292548430321, 19.720787638780536 ], [ 83.551852745169128, 19.725830969169927 ], [ 83.55187910983328, 19.728991093107979 ] ] } },
{ "type": "Feature", "properties": { "River_Name": "River / Nala", "Basin": "Vansadhara" }, "geometry": { "type": "MultiLineString", "coordinates": [ [ [ 83.41298468371005, 19.745545793218053 ], [ 83.41754199052599, 19.748906938413846 ] ], [ [ 83.41754199052599, 19.748906938413846 ], [ 83.419345767279196, 19.747713091901474 ], [ 83.425080606348033, 19.749771235743072 ] ], [ [ 83.425104583238408, 19.749779941517534 ], [ 83.428778236501401, 19.750822833427435 ], [ 83.428090724205362, 19.75329301100302 ], [ 83.431417884110985, 19.752137300663382 ] ], [ [ 83.416542638915061, 19.749999602439203 ], [ 83.41754199052599, 19.748906938413846 ] ], [ [ 83.39890540153678, 19.766189750025493 ], [ 83.403357620723071, 19.764743758315721 ], [ 83.409162645290237, 19.758109355902697 ], [ 83.409658985663626, 19.754639387181662 ], [ 83.413289232831772, 19.754062168202655 ], [ 83.416547407035367, 19.749999538059839 ] ] ] } },
{ "type": "Feature", "properties": { "River_Name": "Kandakuti Nala", "Basin": "Vansadhara" }, "geometry": { "type": "MultiLineString", "coordinates": [ [ [ 83.749999890588839, 19.343158165090927 ], [ 83.757089964099535, 19.344999257484726 ], [ 83.757880249584133, 19.343064085917469 ], [ 83.763287892533853, 19.345320639429648 ], [ 83.772274689537468, 19.346028243699614 ], [ 83.773973101376669, 19.340711365136592 ], [ 83.772752177436743, 19.338540417024475 ], [ 83.775829956625586, 19.333238643950082 ] ], [ [ 83.701899882971446, 19.392106961807006 ], [ 83.700740303111203, 19.387573370022732 ], [ 83.702398633969679, 19.385431321621823 ], [ 83.704709578185827, 19.385934198459353 ], [ 83.707149755417376, 19.384182286528588 ], [ 83.704824869551516, 19.377074634385188 ], [ 83.709178206570854, 19.369623784777744 ], [ 83.708789926476598, 19.366279662340208 ], [ 83.711216613090983, 19.365169015453986 ], [ 83.711195864724957, 19.362189628074834 ], [ 83.714271987623022, 19.357213729597301 ], [ 83.723934779230831, 19.351611134279764 ], [ 83.725841587057928, 19.352151436754884 ], [ 83.726920230526801, 19.349512268866203 ], [ 83.72837194410431, 19.349287358377477 ], [ 83.729298593847432, 19.351237338252158 ], [ 83.731528879348119, 19.350066196347218 ], [ 83.73240518669553, 19.348992106078136 ], [ 83.73101022067975, 19.34748257514013 ], [ 83.733574554955197, 19.348094197966901 ], [ 83.734932271847114, 19.34337407824966 ], [ 83.737197347167353, 19.344297144303077 ], [ 83.738587595195852, 19.342673550545793 ], [ 83.74385132854313, 19.344300833381482 ], [ 83.744863672006716, 19.342267549216054 ], [ 83.749997771184809, 19.34315657184764 ] ] ] } },
{ "type": "Feature", "properties": { "River_Name": "Bandi Nala", "Basin": "Vansadhara" }, "geometry": { "type": "LineString", "coordinates": [ [ 83.699765856863991, 19.295699472638486 ], [ 83.704236765086904, 19.291439077564565 ], [ 83.709244467576752, 19.291495737215122 ], [ 83.714530209338108, 19.296013170476943 ], [ 83.715008091552548, 19.298751001973475 ], [ 83.730551678543023, 19.30904270676384 ], [ 83.734721027331162, 19.309842529079909 ], [ 83.738275298922218, 19.308543155063397 ], [ 83.738849949442439, 19.310782812066797 ], [ 83.747109937603028, 19.312500523014375 ], [ 83.747486340452966, 19.311406832048441 ], [ 83.748747907288148, 19.314051433442213 ], [ 83.759230627070892, 19.318990041241019 ], [ 83.76503706470848, 19.319561181588423 ], [ 83.769384095250032, 19.316297911598802 ] ] } },
{ "type": "Feature", "properties": { "River_Name": "Kadama Nadi", "Basin": "Vansadhara" }, "geometry": { "type": "LineString", "coordinates": [ [ 83.858044885341812, 19.381497721668449 ], [ 83.851807291992728, 19.38306282089215 ], [ 83.847502986489559, 19.382286131801266 ], [ 83.835099416115568, 19.374471615891366 ], [ 83.833904325301646, 19.372481372414683 ], [ 83.834943842931779, 19.36850611284736 ], [ 83.83093827406573, 19.363521477795903 ], [ 83.830165927009062, 19.358734754847291 ], [ 83.831458911299492, 19.355662949863035 ], [ 83.828495460426623, 19.352612192657912 ], [ 83.828502133752352, 19.350517432735018 ], [ 83.821823405301672, 19.343262671077593 ], [ 83.818217338052278, 19.341815230775381 ], [ 83.817843022339417, 19.339681206439028 ], [ 83.812209865256051, 19.339826967775927 ], [ 83.81026703387748, 19.336629158445096 ], [ 83.807789551700893, 19.336644795039007 ], [ 83.808688654507975, 19.334436928571396 ], [ 83.804836410858712, 19.332202958200945 ], [ 83.800079748919998, 19.324335230487424 ], [ 83.796468827648681, 19.323406525482017 ], [ 83.790723873892659, 19.315264705430401 ], [ 83.792460586833442, 19.309170665369255 ], [ 83.797190485111329, 19.305459523025863 ] ] } },
{ "type": "Feature", "properties": { "River_Name": "Kharhika Nala", "Basin": "Vansadhara" }, "geometry": { "type": "LineString", "coordinates": [ [ 83.949232807763622, 19.54772001042129 ], [ 83.955003485473242, 19.548230474274444 ], [ 83.966165370165498, 19.542558527567255 ], [ 83.970741152791746, 19.542049951620385 ], [ 83.974656801986541, 19.533323448699502 ], [ 83.976868499512051, 19.531648487677845 ], [ 83.986434745751112, 19.531477003985678 ], [ 83.987934232601575, 19.535604877154178 ], [ 83.996523052368616, 19.536121551812585 ], [ 83.998413899993437, 19.53384231656246 ], [ 83.997539862047745, 19.528792402194782 ], [ 83.99900097720959, 19.523613449478475 ] ] } },
{ "type": "Feature", "properties": { "River_Name": "Dekapanga Nala", "Basin": "Vansadhara" }, "geometry": { "type": "LineString", "coordinates": [ [ 83.937659137712004, 19.523867542391905 ], [ 83.94227416426223, 19.518447947284706 ], [ 83.945848603049939, 19.518141444708959 ], [ 83.958645906589112, 19.526549355077726 ], [ 83.967933767013534, 19.52912786438073 ], [ 83.971344697402429, 19.532366879687654 ], [ 83.975488492329532, 19.532203860939784 ] ] } },
{ "type": "Feature", "properties": { "River_Name": "Gadapur Nala", "Basin": "Vansadhara" }, "geometry": { "type": "MultiLineString", "coordinates": [ [ [ 84.006019049137208, 19.541038580690422 ], [ 84.004342125547069, 19.542640224230816 ], [ 84.008238407252762, 19.543842312913032 ], [ 84.008394314875773, 19.549329117771762 ], [ 84.010626260809346, 19.552232348078618 ], [ 84.011552144998987, 19.550306764403391 ], [ 84.013533188088118, 19.552876304806237 ], [ 84.014246436414368, 19.551895077943058 ], [ 84.014536860416527, 19.553448109862394 ], [ 84.017280439144344, 19.553655983497254 ], [ 84.019761217741248, 19.560648222167902 ], [ 84.016739073140769, 19.565477660678283 ], [ 84.014681756248834, 19.565746036984628 ], [ 84.013423492892741, 19.570198348463052 ], [ 84.015153532879552, 19.572705060713375 ], [ 84.021377773119539, 19.57399062372761 ], [ 84.024520656987008, 19.5820319578987 ], [ 84.021255581330806, 19.587620252594281 ], [ 84.0252484813428, 19.589591050477836 ], [ 84.022921055064728, 19.595203869779304 ], [ 84.025403520974322, 19.595664671131907 ], [ 84.022597443165807, 19.597518607897396 ], [ 84.022831653255025, 19.600578315263824 ], [ 84.020257760154976, 19.604300231565006 ], [ 84.021892234997765, 19.60425956999568 ], [ 84.022327339138656, 19.606496576897008 ], [ 84.020690512588075, 19.606663586752983 ], [ 84.022614244130693, 19.609539099839406 ], [ 84.021365420714019, 19.610619800083299 ], [ 84.024325553070611, 19.612830869669843 ], [ 84.024320804338743, 19.614640820336287 ] ], [ [ 84.024320804338743, 19.614640820336287 ], [ 84.02434954202694, 19.614632267962335 ] ], [ [ 84.000004088183204, 19.640533926807628 ], [ 84.011414707546891, 19.635095373228012 ], [ 84.016079843157954, 19.629873709240666 ], [ 84.018808584736774, 19.631728985091687 ], [ 84.023522267681656, 19.630574808300246 ], [ 84.025171185403877, 19.627437929310325 ], [ 84.023862665093901, 19.624771204760435 ], [ 84.025597488184232, 19.622655850430117 ], [ 84.023342083871896, 19.619932843677873 ], [ 84.023080781761792, 19.615500499009602 ], [ 84.024320804338743, 19.614640820336287 ] ], [ [ 83.999991568710598, 19.640556567796946 ], [ 83.998662686339472, 19.643648060664088 ] ] ] } },
{ "type": "Feature", "properties": { "River_Name": "Pajirgada Nala", "Basin": "Vansadhara" }, "geometry": { "type": "LineString", "coordinates": [ [ 83.979753070107378, 19.644905940834445 ], [ 83.983711301198554, 19.640222701145266 ], [ 83.991763564642142, 19.637191049919664 ], [ 83.997445799411821, 19.638409888926809 ], [ 83.999684517971218, 19.640697103183395 ] ] } },
{ "type": "Feature", "properties": { "River_Name": "Kahammera Nala", "Basin": "Vansadhara" }, "geometry": { "type": "MultiLineString", "coordinates": [ [ [ 83.999992805242812, 19.632165574485398 ], [ 83.995001083631109, 19.631179034309863 ], [ 83.983890352577077, 19.637281275741845 ] ], [ [ 84.010369971986748, 19.635430075704612 ], [ 84.006603108425452, 19.632785549188998 ], [ 83.999999095651447, 19.632088706395933 ] ] ] } },
{ "type": "Feature", "properties": { "River_Name": "Mandipenu Nala", "Basin": "Vansadhara" }, "geometry": { "type": "MultiLineString", "coordinates": [ [ [ 84.000000205669792, 19.60637864100487 ], [ 84.0153366307607, 19.601253170649496 ], [ 84.018747760971721, 19.597847616812121 ], [ 84.021889279552823, 19.588122732118656 ] ], [ [ 83.999995283967777, 19.606392257311686 ], [ 83.991282884001919, 19.610468710547082 ], [ 83.985638053480841, 19.617148009206357 ], [ 83.974747997702067, 19.619633504372079 ] ] ] } },
{ "type": "Feature", "properties": { "River_Name": "Namaragutta Nala", "Basin": "Vansadhara" }, "geometry": { "type": "LineString", "coordinates": [ [ 83.97331899642019, 19.6452968710941 ], [ 83.972762901248529, 19.63062722889185 ], [ 83.974252028197824, 19.6253485569557 ], [ 83.973154908713482, 19.621904615912683 ], [ 83.974747997702067, 19.619633504372064 ] ] } },
{ "type": "Feature", "properties": { "River_Name": "Nandini Nadi", "Basin": "Vansadhara" }, "geometry": { "type": "MultiLineString", "coordinates": [ [ [ 84.154138105676424, 19.583227245813486 ], [ 84.146862805859698, 19.581202707127215 ], [ 84.144918714999321, 19.577741143745911 ], [ 84.142432255089062, 19.579110163440486 ], [ 84.139565083085671, 19.574527949527326 ], [ 84.131552448318914, 19.57249115236208 ], [ 84.119271902222209, 19.564621370465357 ], [ 84.116507915754624, 19.566066851397423 ], [ 84.111651515827106, 19.552911834946176 ], [ 84.103839811375622, 19.550908770477818 ], [ 84.104246501815396, 19.549199952914385 ], [ 84.09961632947153, 19.545839368957868 ], [ 84.10068583194068, 19.543545356029369 ] ], [ [ 84.137122967602437, 19.625056657697854 ], [ 84.141113291974108, 19.60551063756423 ], [ 84.147878052049364, 19.591429863265894 ], [ 84.151565987206624, 19.590003044541728 ], [ 84.15379964390344, 19.585952993750446 ], [ 84.152492910621135, 19.583882901444934 ], [ 84.153849320801569, 19.584211295791683 ] ], [ [ 84.137132413014498, 19.625061322159684 ], [ 84.136805895331932, 19.62869903292286 ], [ 84.131450906299946, 19.63540745213891 ], [ 84.126516889746227, 19.637445781761141 ], [ 84.125249039775099, 19.636405327959 ], [ 84.120238384496744, 19.639796471067172 ], [ 84.103439709073072, 19.645336138202055 ], [ 84.09599104986539, 19.651517483204188 ], [ 84.093130871315807, 19.651593110999706 ] ] ] } },
{ "type": "Feature", "properties": { "River_Name": "Barhabandha Nala", "Basin": "Vansadhara" }, "geometry": { "type": "MultiLineString", "coordinates": [ [ [ 84.170411570141937, 19.621416726185412 ], [ 84.170680891699334, 19.621271991717567 ], [ 84.170811836081967, 19.620867769098602 ], [ 84.170326571694474, 19.619469751688676 ], [ 84.168969813578116, 19.617782656083588 ], [ 84.16550533312116, 19.599914963722252 ], [ 84.164250187298791, 19.599506979401017 ], [ 84.166527164754513, 19.593791681009314 ], [ 84.164374272453415, 19.590525611468536 ], [ 84.164675440735024, 19.586657137648874 ], [ 84.161684252910675, 19.58231249904674 ], [ 84.158767785492159, 19.58158940944497 ], [ 84.156460265352663, 19.584974789006935 ], [ 84.154138105676424, 19.583227245813486 ] ], [ [ 84.175714319169359, 19.638284039723441 ], [ 84.175385660179444, 19.632288466383358 ], [ 84.169190210754735, 19.622061106159883 ], [ 84.170796836590469, 19.620908161412007 ] ] ] } },
{ "type": "Feature", "properties": { "River_Name": "Durabankalu Nalla", "Basin": "Vansadhara" }, "geometry": { "type": "LineString", "coordinates": [ [ 84.204428766528352, 19.383733276426906 ], [ 84.215893418854563, 19.385701482775104 ], [ 84.222239436815613, 19.389076096436579 ], [ 84.22393466695307, 19.388140414111064 ], [ 84.230786683012354, 19.390587982097347 ], [ 84.235642201132933, 19.38928949555083 ], [ 84.23852466366391, 19.391577042139854 ] ] } },
{ "type": "Feature", "properties": { "River_Name": "Dahani Nala", "Basin": "Vansadhara" }, "geometry": { "type": "LineString", "coordinates": [ [ 84.273507563968451, 19.322615832739839 ], [ 84.280047931418011, 19.32310633255728 ], [ 84.283068751108814, 19.326496774711913 ], [ 84.285235900406647, 19.333201790837879 ], [ 84.283714530939164, 19.338917281128126 ], [ 84.286432315909337, 19.342402609058929 ] ] } },
{ "type": "Feature", "properties": { "River_Name": "Shrikhandi Nala", "Basin": "Vansadhara" }, "geometry": { "type": "LineString", "coordinates": [ [ 83.722824981441391, 19.272869191754125 ], [ 83.736432630500659, 19.274661314451933 ], [ 83.741034168771066, 19.278343976959714 ], [ 83.746550386280532, 19.276139222231098 ], [ 83.746781465066221, 19.274316354800735 ], [ 83.750406267943006, 19.271882605211619 ], [ 83.764402809352461, 19.269937722862441 ], [ 83.768140700396515, 19.266409152586625 ] ] } },
{ "type": "Feature", "properties": { "River_Name": "Kara Nala", "Basin": "Vansadhara" }, "geometry": { "type": "MultiLineString", "coordinates": [ [ [ 83.652418661085449, 19.393288535983729 ], [ 83.656500052298753, 19.390866568970022 ], [ 83.6591856277538, 19.391585782903668 ], [ 83.660692183858686, 19.386800586670258 ], [ 83.664179849532104, 19.387110684158863 ], [ 83.668154945715187, 19.377043040384784 ], [ 83.674880384694717, 19.379865300440343 ], [ 83.681617277187215, 19.377273905761569 ], [ 83.688602923740575, 19.364055385215604 ], [ 83.688553058226859, 19.361595578901476 ], [ 83.692482244465651, 19.357252983097457 ], [ 83.691899076723431, 19.355920728997468 ], [ 83.693747502986426, 19.355514141413533 ], [ 83.692639870643788, 19.35294809491787 ], [ 83.694168415017927, 19.353918720931173 ], [ 83.695958724996203, 19.352582937412489 ], [ 83.69712191377694, 19.354764382628954 ], [ 83.699070768410408, 19.353236601997729 ], [ 83.704547840174698, 19.353949892990567 ], [ 83.707362904828827, 19.349289496102308 ], [ 83.708652509597869, 19.349902371802603 ], [ 83.707883923293451, 19.351173409113869 ], [ 83.711269774600481, 19.351989832715699 ], [ 83.711483667856541, 19.353706745541679 ], [ 83.712896170460837, 19.352832421369069 ], [ 83.713084862451723, 19.354174986629609 ], [ 83.717430060828548, 19.351739958753264 ], [ 83.721611808825926, 19.352648136634688 ] ], [ [ 83.636449792575576, 19.401745988403366 ], [ 83.64071086617578, 19.40190080556879 ], [ 83.642535707069769, 19.399991563564367 ], [ 83.646112873265466, 19.400521909385571 ], [ 83.647692452529398, 19.396399398078934 ], [ 83.651049342383843, 19.395966684390949 ], [ 83.652414340469349, 19.393292030338756 ] ], [ [ 83.636445607803864, 19.401746139440824 ], [ 83.636449792575576, 19.401745988403366 ] ], [ [ 83.633586086409622, 19.403185705411961 ], [ 83.636449792575576, 19.401745988403366 ] ], [ [ 83.621478967412003, 19.414419364556501 ], [ 83.61610306498406, 19.421332537656507 ], [ 83.61496670820415, 19.427340245962814 ] ], [ [ 83.62147906256196, 19.414419363182521 ], [ 83.623374814788932, 19.41216160574989 ], [ 83.627538832056032, 19.411884676728413 ], [ 83.632104478379802, 19.408477519342014 ], [ 83.633584777675594, 19.403187169156229 ] ] ] } },
{ "type": "Feature", "properties": { "River_Name": "Bamana Nala", "Basin": "Vansadhara" }, "geometry": { "type": "LineString", "coordinates": [ [ 83.568995544015394, 19.448296704109783 ], [ 83.567520664083602, 19.452570792006515 ], [ 83.565386079712297, 19.45364399864836 ], [ 83.552926058119027, 19.451914559941972 ], [ 83.544361660221512, 19.453050887449333 ], [ 83.541422257258219, 19.451362828724466 ] ] } },
{ "type": "Feature", "properties": { "River_Name": "Banka Nala", "Basin": "Vansadhara" }, "geometry": { "type": "LineString", "coordinates": [ [ 83.560896010188017, 19.460218246848793 ], [ 83.556041379582027, 19.459352170677992 ], [ 83.544415894522857, 19.468419617304747 ], [ 83.535712334392088, 19.470158094313543 ], [ 83.530694445241238, 19.469523912497944 ] ] } },
{ "type": "Feature", "properties": { "River_Name": "Sakal Nala", "Basin": "Vansadhara" }, "geometry": { "type": "LineString", "coordinates": [ [ 83.457836705816561, 19.822028593638194 ], [ 83.457590476744528, 19.823391064229074 ], [ 83.461112265907218, 19.825293087173151 ], [ 83.461182241021973, 19.829215831811975 ], [ 83.459355576863985, 19.83205399886679 ], [ 83.461617884676798, 19.833025163199462 ], [ 83.461831064697833, 19.83540172937348 ], [ 83.465852271202834, 19.83717933662308 ], [ 83.467434747674972, 19.84910912334005 ], [ 83.479715594416476, 19.855119909087993 ], [ 83.483120878678719, 19.861736818449597 ], [ 83.489297094933761, 19.864242290023075 ] ] } },
{ "type": "Feature", "properties": { "River_Name": "Garhaibandh Nala", "Basin": "Vansadhara" }, "geometry": { "type": "LineString", "coordinates": [ [ 83.730477290468613, 19.579288029472991 ], [ 83.723984962439332, 19.58295728530415 ], [ 83.721666122563221, 19.581308381422911 ], [ 83.718167297052148, 19.583988671443823 ], [ 83.715776688773033, 19.582602615863159 ], [ 83.707193333685993, 19.585169645548522 ], [ 83.699269776308356, 19.59589790556436 ], [ 83.698627655634041, 19.606805859434893 ] ] } },
{ "type": "Feature", "properties": { "River_Name": "Dharmaduara Nala", "Basin": "Vansadhara" }, "geometry": { "type": "LineString", "coordinates": [ [ 83.614917249591016, 19.767640754918297 ], [ 83.624764948764465, 19.768783195423254 ], [ 83.625618020951237, 19.766418471479586 ], [ 83.631853100643113, 19.762475726706288 ], [ 83.633299065695084, 19.756729727629732 ], [ 83.638996420839518, 19.752889508529371 ] ] } },
{ "type": "Feature", "properties": { "River_Name": "Basuri Nala", "Basin": "Vansadhara" }, "geometry": { "type": "LineString", "coordinates": [ [ 83.921153279817375, 19.702278664879685 ], [ 83.926327441513251, 19.702438038638231 ], [ 83.942928473626921, 19.694630270003355 ] ] } },
{ "type": "Feature", "properties": { "River_Name": "Ramiugdi Nala", "Basin": "Vansadhara" }, "geometry": { "type": "LineString", "coordinates": [ [ 83.913714970661886, 19.725506597830925 ], [ 83.925624809591184, 19.715422487709404 ], [ 83.928312175460249, 19.710399756972375 ], [ 83.950873823416799, 19.708797556742972 ] ] } },
{ "type": "Feature", "properties": { "River_Name": "Miningapata Nala", "Basin": "Vansadhara" }, "geometry": { "type": "LineString", "coordinates": [ [ 83.938585644358284, 19.733699197964381 ], [ 83.956484500549735, 19.73389203348675 ], [ 83.960007376181323, 19.732086988643808 ] ] } },
{ "type": "Feature", "properties": { "River_Name": "Silandugada Nala", "Basin": "Vansadhara" }, "geometry": { "type": "LineString", "coordinates": [ [ 83.99467809699054, 19.677147552376301 ], [ 83.98380116997663, 19.680339379843062 ], [ 83.981126411121295, 19.679747396460947 ] ] } },
{ "type": "Feature", "properties": { "River_Name": "Kalamera Nala", "Basin": "Vansadhara" }, "geometry": { "type": "LineString", "coordinates": [ [ 83.996154925771833, 19.681993185003812 ], [ 83.994515577067062, 19.678657841532143 ], [ 83.984909155009959, 19.681499037974408 ], [ 83.981849262274622, 19.685585198522912 ], [ 83.981948589170273, 19.690945872229655 ] ] } },
{ "type": "Feature", "properties": { "River_Name": "Mudrumaha Nala", "Basin": "Vansadhara" }, "geometry": { "type": "LineString", "coordinates": [ [ 83.973303897097395, 19.659723167812945 ], [ 83.968078706560959, 19.661109565339494 ], [ 83.967092999979968, 19.663730314194463 ], [ 83.969367270538001, 19.671564770587821 ], [ 83.974925719810528, 19.675047648157811 ], [ 83.97669636734598, 19.678033485326264 ], [ 83.975386355249583, 19.683471726717247 ] ] } },
{ "type": "Feature", "properties": { "River_Name": "Garhamera Nala", "Basin": "Vansadhara" }, "geometry": { "type": "LineString", "coordinates": [ [ 83.938440745029183, 19.593260971352919 ], [ 83.943154169506215, 19.588187128601337 ], [ 83.938320969126238, 19.581680215151948 ] ] } },
{ "type": "Feature", "properties": { "River_Name": "Minamini Nala", "Basin": "Vansadhara" }, "geometry": { "type": "LineString", "coordinates": [ [ 83.922761509145744, 19.600124516574855 ], [ 83.910629967628353, 19.608071552125171 ], [ 83.900964159097526, 19.607758123223316 ], [ 83.896946467762078, 19.60604429326926 ], [ 83.892266308118039, 19.608033503080964 ] ] } },
{ "type": "Feature", "properties": { "River_Name": "Daragidua Nala", "Basin": "Vansadhara" }, "geometry": { "type": "MultiLineString", "coordinates": [ [ [ 83.999991905555149, 19.567673621213942 ], [ 83.988757434297838, 19.571484740316695 ], [ 83.988184545131958, 19.577858642257748 ] ], [ [ 83.999998490022023, 19.567677975144054 ], [ 84.005782463042081, 19.565968617197299 ], [ 84.010475127133972, 19.561460493225582 ], [ 84.012251162160638, 19.557332740933628 ], [ 84.010706848436655, 19.552251738297347 ] ] ] } },
{ "type": "Feature", "properties": { "River_Name": "Gudgud Nala", "Basin": "Vansadhara" }, "geometry": { "type": "LineString", "coordinates": [ [ 83.978672406764829, 19.574129722163786 ], [ 83.965881696372904, 19.574417357020735 ], [ 83.948463337106503, 19.578968726181799 ] ] } },
{ "type": "Feature", "properties": { "River_Name": "Mahajendratanaya Nadi", "Basin": "Vansadhara" }, "geometry": { "type": "MultiLineString", "coordinates": [ [ [ 84.105042596687568, 19.358586713297338 ], [ 84.097061463914613, 19.359682881761675 ] ], [ [ 84.08286003291937, 19.359934237322605 ], [ 84.080012412917597, 19.361197635359904 ] ], [ [ 84.097051634639087, 19.359700781383875 ], [ 84.09478266278056, 19.361059424273591 ], [ 84.084704516813417, 19.357309525836303 ], [ 84.082888721918692, 19.359925669162504 ] ], [ [ 84.067391758149853, 19.361351246670395 ], [ 84.065361889995813, 19.359968825747604 ], [ 84.064386548697712, 19.361316321831044 ], [ 84.058510500792337, 19.361180785841302 ], [ 84.052906968005146, 19.364141545365939 ] ], [ [ 84.079969620159218, 19.361196948541451 ], [ 84.077522149826265, 19.358688464737561 ], [ 84.067420124856653, 19.361360731956836 ] ], [ [ 84.052812279431052, 19.364117441432288 ], [ 84.046078371948525, 19.365660322026553 ], [ 84.045300862639635, 19.364203231051061 ], [ 84.034901957722354, 19.364584721727134 ], [ 84.029992854560774, 19.366206373545509 ] ], [ [ 84.019337923781336, 19.365756734320346 ], [ 84.016148645733892, 19.365645763240128 ], [ 84.013206020775755, 19.368441187543279 ], [ 84.012148457021667, 19.366970360257039 ], [ 84.008650056456432, 19.367639582619098 ], [ 83.995028559769679, 19.358912513219689 ], [ 83.997076364448702, 19.351783077562118 ], [ 83.995961340268025, 19.346195272382175 ] ], [ [ 84.029978754124173, 19.3661971155095 ], [ 84.019352105553963, 19.365761480580737 ] ] ] } },
{ "type": "Feature", "properties": { "River_Name": "Dandibarhi Nala", "Basin": "Vansadhara" }, "geometry": { "type": "LineString", "coordinates": [ [ 83.587805422580516, 19.170930522257525 ], [ 83.580073902535275, 19.169978340929351 ], [ 83.570028864592373, 19.172426556608006 ], [ 83.563266899848884, 19.17640420999161 ], [ 83.556466414623117, 19.172674725375455 ], [ 83.552050283233555, 19.173797280362546 ], [ 83.549769931680814, 19.177535985429206 ] ] } },
{ "type": "Feature", "properties": { "River_Name": "Bandari Nala", "Basin": "Vansadhara" }, "geometry": { "type": "LineString", "coordinates": [ [ 83.641760304166212, 19.170852709913884 ], [ 83.649307749149386, 19.168440995169632 ], [ 83.652800930652901, 19.169388330468639 ], [ 83.653860563302345, 19.164645872207895 ], [ 83.656426127423344, 19.16167405335236 ], [ 83.66348880625354, 19.158573807425604 ], [ 83.662391470004948, 19.13964062077827 ] ] } },
{ "type": "Feature", "properties": { "River_Name": "Yarra Nala", "Basin": "Vansadhara" }, "geometry": { "type": "MultiLineString", "coordinates": [ [ [ 83.66365531461021, 19.152968388059122 ], [ 83.665990918557441, 19.154036130071749 ], [ 83.66958740945978, 19.164955063109453 ], [ 83.662145781876617, 19.180255822442259 ], [ 83.663357347922627, 19.183497991064307 ], [ 83.662078011544722, 19.186974983279001 ], [ 83.664759595254466, 19.190611153887865 ], [ 83.661615750290323, 19.200481249557392 ], [ 83.655924735643993, 19.201507440605845 ] ], [ [ 83.642512192537055, 19.206473663751563 ], [ 83.645126521757263, 19.202936852758619 ], [ 83.655919710952347, 19.201508235822924 ] ] ] } },
{ "type": "Feature", "properties": { "River_Name": "Bhangipeda Nala", "Basin": "Vansadhara" }, "geometry": { "type": "MultiLineString", "coordinates": [ [ [ 83.749999940569424, 19.207544309300179 ], [ 83.752566666421757, 19.208175909178475 ], [ 83.754748817046021, 19.206517840437151 ], [ 83.754788189561978, 19.20802513223148 ], [ 83.758965974866783, 19.208345995607726 ], [ 83.760877669649048, 19.211269741594233 ], [ 83.773341860990598, 19.214042978021908 ], [ 83.778260273850478, 19.208374895980143 ] ], [ [ 83.71757080654956, 19.212266720577635 ], [ 83.718797018601407, 19.211064037345633 ], [ 83.720084176018503, 19.212751491246021 ], [ 83.720373863964497, 19.205230172959372 ], [ 83.723572594100105, 19.198622762088558 ], [ 83.727239282963126, 19.196491463769298 ], [ 83.729706187053139, 19.19048178583343 ], [ 83.731579971130003, 19.192304900423508 ], [ 83.73280669179394, 19.190336267881936 ], [ 83.738657362861701, 19.191273787445922 ], [ 83.742204739290457, 19.19372187984936 ], [ 83.742431313860081, 19.195637222131861 ], [ 83.744123381428793, 19.195088194579192 ], [ 83.744158652605336, 19.204374315885339 ], [ 83.74764213981129, 19.20781643914324 ], [ 83.749999423423162, 19.207541788867513 ] ] ] } },
{ "type": "Feature", "properties": { "River_Name": "Haribandh Nala", "Basin": "Vansadhara" }, "geometry": { "type": "MultiLineString", "coordinates": [ [ [ 83.674108872998374, 19.229524030935156 ], [ 83.674919624242776, 19.227638519949419 ], [ 83.676619506138735, 19.229293190207876 ], [ 83.680855816920158, 19.229375657541951 ], [ 83.683585010600325, 19.232943001744456 ], [ 83.685527166402068, 19.23253526316612 ], [ 83.685209711414572, 19.234350363883323 ], [ 83.693559421214758, 19.236290895089049 ], [ 83.693168197641299, 19.232413931567283 ], [ 83.698171096331379, 19.233157405237701 ], [ 83.698064177739454, 19.230395935944401 ], [ 83.702404431635159, 19.228408601936408 ], [ 83.707347305984072, 19.228976643625558 ], [ 83.707729390850361, 19.227350194213155 ], [ 83.709608196666835, 19.227146313360379 ], [ 83.710136965271161, 19.218528858275633 ], [ 83.711729116210535, 19.217661026912591 ], [ 83.710030908459501, 19.214670315512755 ], [ 83.713295674905268, 19.212919913461786 ], [ 83.714106730175814, 19.210506052971613 ], [ 83.7163259744339, 19.212811786471164 ], [ 83.71757080654956, 19.212266720577635 ] ], [ [ 83.674105298033282, 19.229543948518923 ], [ 83.668010962967259, 19.247184889081623 ], [ 83.670495090091919, 19.25087789893103 ], [ 83.669463029853659, 19.262297492627663 ], [ 83.671685201734022, 19.262716503379341 ], [ 83.674713500795335, 19.268573095235926 ], [ 83.673696603707882, 19.279148180527631 ], [ 83.658482036042599, 19.296806753948829 ] ] ] } },
{ "type": "Feature", "properties": { "River_Name": "Pedda Nala", "Basin": "Vansadhara" }, "geometry": { "type": "MultiLineString", "coordinates": [ [ [ 83.660402974237698, 19.249995630825417 ], [ 83.660910476536415, 19.252281805686518 ], [ 83.658930633661683, 19.255678714950331 ], [ 83.651795688810168, 19.254536243318753 ], [ 83.650122047269122, 19.250673173980758 ], [ 83.648137290271293, 19.25052133375959 ], [ 83.644692691842764, 19.256567013001391 ], [ 83.640982566739254, 19.258516926993504 ], [ 83.640905240478844, 19.261999059358867 ], [ 83.636148559935549, 19.260650041453381 ], [ 83.629091988414871, 19.263537423770551 ], [ 83.621437367797398, 19.263814445322705 ], [ 83.619015839902957, 19.267601127988193 ], [ 83.618600585617173, 19.274677561440321 ] ], [ [ 83.660405423342525, 19.25000011007419 ], [ 83.659703351024405, 19.247585830251136 ], [ 83.661606729981941, 19.24593729414222 ], [ 83.661479044700044, 19.243031568252416 ], [ 83.665925777404482, 19.240226281440343 ], [ 83.669671407748226, 19.242573559715133 ] ] ] } },
{ "type": "Feature", "properties": { "River_Name": "Pedda Nala", "Basin": "Vansadhara" }, "geometry": { "type": "LineString", "coordinates": [ [ 83.618600585617102, 19.274677561440317 ], [ 83.619015839902957, 19.267601127988154 ], [ 83.621437367797355, 19.263814445322705 ], [ 83.629091988414785, 19.263537423770554 ], [ 83.636148559935492, 19.260650041453378 ], [ 83.640905240478816, 19.261999059358867 ], [ 83.640982566739254, 19.258516926993504 ], [ 83.644692691842707, 19.256567013001412 ], [ 83.648137290271293, 19.250521333759561 ], [ 83.650122047269079, 19.250673173980729 ], [ 83.651665912599114, 19.254447827638163 ], [ 83.655797004745608, 19.255922923775636 ], [ 83.659119506630958, 19.25559921455228 ], [ 83.660954798497514, 19.252082505854272 ] ] } },
{ "type": "Feature", "properties": { "River_Name": "Pedda Nala", "Basin": "Vansadhara" }, "geometry": { "type": "LineString", "coordinates": [ [ 83.66040297423767, 19.249995630825403 ], [ 83.660954798497528, 19.252082505854233 ] ] } },
{ "type": "Feature", "properties": { "River_Name": "Pedda Nala", "Basin": "Vansadhara" }, "geometry": { "type": "LineString", "coordinates": [ [ 83.660405423342525, 19.250000110074147 ], [ 83.659703351024334, 19.247585830251104 ], [ 83.661606729981898, 19.245937294142188 ], [ 83.661479044699988, 19.24303156825242 ], [ 83.665925777404453, 19.240226281440314 ], [ 83.669671407748183, 19.242573559715094 ] ] } },
{ "type": "Feature", "properties": { "River_Name": "Balandeli Nala", "Basin": "Vansadhara" }, "geometry": { "type": "LineString", "coordinates": [ [ 83.648246617974195, 19.296653091139284 ], [ 83.643025485593924, 19.288362650126942 ], [ 83.643266649793802, 19.285022633542464 ], [ 83.638641284386665, 19.283604129648779 ], [ 83.637382934507059, 19.277770952158104 ], [ 83.638992462281877, 19.270803730663658 ], [ 83.637695185207662, 19.266984766430632 ], [ 83.639901757106827, 19.261679452355882 ] ] } },
{ "type": "Feature", "properties": { "River_Name": "Makasa Nala", "Basin": "Vansadhara" }, "geometry": { "type": "LineString", "coordinates": [ [ 83.939975951865705, 19.235322852491759 ], [ 83.936923316563963, 19.230158158115941 ], [ 83.935236659671276, 19.219753232516865 ], [ 83.937723071163816, 19.21073037910655 ], [ 83.936391315885871, 19.20718111544506 ], [ 83.940467872405875, 19.20315689415613 ], [ 83.9412312578052, 19.197456937824587 ], [ 83.939593011450427, 19.195104319460778 ], [ 83.942959938223353, 19.184591233367374 ], [ 83.937557864479331, 19.177347021138903 ], [ 83.932889678647385, 19.175033782312713 ], [ 83.932520272995973, 19.173220512084075 ], [ 83.935344367761857, 19.170665515048487 ], [ 83.937073589018553, 19.171470685149917 ] ] } },
{ "type": "Feature", "properties": { "River_Name": "River / Nala", "Basin": "Vansadhara" }, "geometry": { "type": "LineString", "coordinates": [ [ 83.969189544985085, 19.233262112051484 ], [ 83.969851731198588, 19.228069353657087 ], [ 83.965156961759916, 19.224380843237384 ], [ 83.960276857400288, 19.217232960031044 ], [ 83.96050395062457, 19.212403841326434 ], [ 83.965146584840625, 19.205002551294427 ], [ 83.96492259557256, 19.200460607226706 ], [ 83.962362590815331, 19.198922124659944 ], [ 83.962805611936091, 19.195538503761597 ] ] } },
{ "type": "Feature", "properties": { "River_Name": "River / Nala", "Basin": "Vansadhara" }, "geometry": { "type": "LineString", "coordinates": [ [ 84.124165827748683, 19.183038165206163 ], [ 84.127712838511883, 19.175762581188966 ], [ 84.132695728810845, 19.177181287653941 ], [ 84.135644874384283, 19.173954501349527 ], [ 84.140420507895428, 19.177473432898996 ], [ 84.146895315819364, 19.171452830746443 ], [ 84.14788249220193, 19.177855969306268 ], [ 84.160525322683284, 19.172296309278735 ], [ 84.164111740725403, 19.175656317372582 ], [ 84.166788404647477, 19.175548705880054 ] ] } },
{ "type": "Feature", "properties": { "River_Name": "Gurhas Nala", "Basin": "Vansadhara" }, "geometry": { "type": "MultiLineString", "coordinates": [ [ [ 84.149773214093486, 19.152180665578427 ], [ 84.153956459382783, 19.148408342943394 ], [ 84.15674049871788, 19.148383751958342 ], [ 84.162251481301212, 19.144731074615127 ], [ 84.168294032684827, 19.14415168387891 ], [ 84.182807810782322, 19.134235386320487 ], [ 84.184177110308298, 19.134716848801673 ] ], [ [ 84.146895315819364, 19.171452830746443 ], [ 84.147091271438171, 19.16586712749573 ], [ 84.145234307603332, 19.16473223624649 ], [ 84.146195328283625, 19.163299706621821 ], [ 84.14446420131712, 19.160625755314616 ], [ 84.149604826118122, 19.152304453481154 ] ] ] } },
{ "type": "Feature", "properties": { "River_Name": "Bararha Jhola", "Basin": "Vansadhara" }, "geometry": { "type": "LineString", "coordinates": [ [ 84.078648215542032, 19.067104240520827 ], [ 84.07293581275357, 19.0712162693174 ], [ 84.065780119421717, 19.085547629981157 ], [ 84.060094304915296, 19.088368534160246 ], [ 84.058946983542739, 19.091762862589601 ], [ 84.054893248738736, 19.093300553319811 ], [ 84.046623756216064, 19.100408596691715 ], [ 84.04512670126428, 19.099946702476053 ], [ 84.041904738607244, 19.104359315758892 ], [ 84.043526204171158, 19.10637155264271 ], [ 84.040868421791203, 19.110558463717098 ], [ 84.043681173079023, 19.113677748261459 ], [ 84.043927470026148, 19.117450923690935 ], [ 84.042562808142989, 19.119681479811501 ], [ 84.03916978425454, 19.120340086905852 ], [ 84.039189831551184, 19.121879688694026 ], [ 84.035874963666245, 19.123212072897925 ], [ 84.036474391295698, 19.125916498336295 ] ] } },
{ "type": "Feature", "properties": { "River_Name": "Barha Jhara", "Basin": "Vansadhara" }, "geometry": { "type": "MultiLineString", "coordinates": [ [ [ 84.271139710577742, 19.071111412543942 ], [ 84.275622148084338, 19.081272741626993 ], [ 84.283555227270639, 19.088667730788092 ], [ 84.288109401634472, 19.088960596045453 ], [ 84.285554417278689, 19.094205250525352 ] ], [ [ 84.285595896711271, 19.094282613461033 ], [ 84.286838196645448, 19.09818815867246 ], [ 84.283621488119536, 19.100316838845423 ], [ 84.281295044980922, 19.099113162725033 ], [ 84.275183127214376, 19.101415601819685 ], [ 84.271596299762948, 19.108143600920037 ], [ 84.270381394914793, 19.116762265184665 ], [ 84.267346466280202, 19.118067880177936 ] ] ] } },
{ "type": "Feature", "properties": { "River_Name": "River / Nala", "Basin": "Vansadhara" }, "geometry": { "type": "LineString", "coordinates": [ [ 84.096379309473733, 19.163934132400946 ], [ 84.09251728492093, 19.167989906737549 ], [ 84.095355857114782, 19.175162748565533 ], [ 84.092578900565385, 19.187749379994603 ] ] } },
{ "type": "Feature", "properties": { "River_Name": "Bangathala Nadi", "Basin": "Vansadhara" }, "geometry": { "type": "MultiLineString", "coordinates": [ [ [ 84.024618383856307, 18.941928586957872 ], [ 84.024501272109191, 18.945054929731246 ], [ 84.020728434274972, 18.949941669798349 ], [ 84.010699989183081, 18.953373253028992 ], [ 84.007609904900463, 18.957187317162575 ], [ 84.003572760522971, 18.958503311887661 ], [ 84.003091407103724, 18.96446296995871 ], [ 84.000757197796801, 18.967110967033204 ], [ 84.005148841793826, 18.971456787787048 ], [ 84.006954116289592, 18.978496174242608 ], [ 84.004676954671751, 18.980332613220011 ], [ 84.003092488575632, 18.978988880246845 ], [ 83.99999622007067, 18.980459897309721 ] ], [ [ 83.999997318522915, 18.980454133969459 ], [ 83.997018789300284, 18.98362053008869 ] ] ] } },
{ "type": "Feature", "properties": { "River_Name": "Bengei Nala", "Basin": "Vansadhara" }, "geometry": { "type": "LineString", "coordinates": [ [ 83.560222218360778, 19.825018037246188 ], [ 83.555030547252628, 19.814816434642246 ], [ 83.556390022876428, 19.801676510042267 ], [ 83.558047719107961, 19.799201825434299 ] ] } },
{ "type": "Feature", "properties": { "River_Name": "Pipili Nadi", "Basin": "Vansadhara" }, "geometry": { "type": "LineString", "coordinates": [ [ 83.633729958193413, 19.805554931577213 ], [ 83.629504768028042, 19.799531321604643 ], [ 83.629820460739055, 19.792619096235068 ], [ 83.633879424533887, 19.792613471928398 ], [ 83.63146258524084, 19.778770732169459 ], [ 83.62964846016655, 19.776047939967132 ], [ 83.632771059357523, 19.768715159521342 ], [ 83.631988747918712, 19.766090055516923 ], [ 83.636235758739403, 19.763061308814731 ], [ 83.637383363610496, 19.757450616159264 ], [ 83.640145720521517, 19.754922248089439 ], [ 83.638645605697732, 19.750840471476955 ] ] } },
{ "type": "Feature", "properties": { "River_Name": "Gata Nala", "Basin": "Vansadhara" }, "geometry": { "type": "LineString", "coordinates": [ [ 83.989093053820724, 19.665834476103047 ], [ 83.984000090306495, 19.67127248376584 ] ] } },
{ "type": "Feature", "properties": { "River_Name": "Jhaliyagurha Nala", "Basin": "Vansadhara" }, "geometry": { "type": "LineString", "coordinates": [ [ 83.88102358835873, 19.612015581100025 ], [ 83.881024034171148, 19.612014643930525 ] ] } },
{ "type": "Feature", "properties": { "River_Name": "Jhaliyagurha Nala", "Basin": "Vansadhara" }, "geometry": { "type": "LineString", "coordinates": [ [ 83.867202260992059, 19.630662022106552 ], [ 83.869617813318001, 19.627987251523955 ], [ 83.871838338976033, 19.618634685949655 ], [ 83.88102358835873, 19.612015581100025 ] ] } },
{ "type": "Feature", "properties": { "River_Name": "River / Nala", "Basin": "Vansadhara" }, "geometry": { "type": "LineString", "coordinates": [ [ 83.88102358835873, 19.612015581100025 ], [ 83.877776228474417, 19.605647556125085 ], [ 83.879438795776011, 19.602980227497824 ], [ 83.877760111058137, 19.589749146890551 ], [ 83.878978594674265, 19.589111869103949 ] ] } },
{ "type": "Feature", "properties": { "River_Name": "River / Nala", "Basin": "Vansadhara" }, "geometry": { "type": "LineString", "coordinates": [ [ 83.996481116389219, 19.472121622097358 ], [ 83.989740030100606, 19.478741953841322 ], [ 83.985657067748463, 19.480068700531408 ], [ 83.980748669803233, 19.478168035469132 ], [ 83.974702775317368, 19.480167822170998 ], [ 83.973026991873155, 19.478317596749751 ] ] } },
{ "type": "Feature", "properties": { "River_Name": "Pedagurha Nala", "Basin": "Vansadhara" }, "geometry": { "type": "MultiLineString", "coordinates": [ [ [ 83.595462445680113, 19.157110008879055 ], [ 83.597632967213414, 19.157666275288982 ], [ 83.599685401879228, 19.15493268394739 ], [ 83.600407975096999, 19.149806852534581 ], [ 83.598231229847215, 19.147936802884438 ], [ 83.600337037376704, 19.146493777748415 ], [ 83.60926047067133, 19.148687982601356 ], [ 83.610558977211696, 19.146971866232338 ], [ 83.623509097874319, 19.148426312098991 ], [ 83.630304974226661, 19.152753822166265 ], [ 83.637369000972171, 19.15300918678404 ], [ 83.639244097073203, 19.149329625555058 ], [ 83.642795345705366, 19.149477217341165 ], [ 83.645205774659217, 19.146905104846219 ], [ 83.648665845372904, 19.146701734151726 ], [ 83.651670546881718, 19.14386814325194 ], [ 83.64993058790165, 19.142899960674825 ], [ 83.652987803386992, 19.141888870504811 ] ], [ [ 83.584092075267449, 19.184986435454512 ], [ 83.587748308863681, 19.179744840255498 ], [ 83.587805422580516, 19.170930522257596 ], [ 83.591564623689976, 19.170972283892979 ], [ 83.596311624170241, 19.167947787832905 ], [ 83.597696837147168, 19.163864599485759 ], [ 83.596961522180123, 19.160299046953583 ], [ 83.594798733293715, 19.159024764974024 ], [ 83.595438475266249, 19.157132742653456 ] ], [ [ 83.576513352867309, 19.208646405970942 ], [ 83.576440807523412, 19.205820949715847 ], [ 83.582650347115305, 19.199592953685013 ], [ 83.584687088039885, 19.192159442410425 ], [ 83.581510788485133, 19.189607998962153 ], [ 83.584085972227385, 19.184991217187722 ] ] ] } },
{ "type": "Feature", "properties": { "River_Name": "River / Nala", "Basin": "Vansadhara" }, "geometry": { "type": "LineString", "coordinates": [ [ 83.924614899782583, 19.254821653055018 ], [ 83.92545570840538, 19.26041919663157 ], [ 83.921216862760545, 19.267714065396344 ], [ 83.921779798884515, 19.276403703367151 ], [ 83.914588119508593, 19.284761385435004 ], [ 83.914245720963166, 19.287976379407073 ], [ 83.916262897429249, 19.292108373044776 ] ] } },
{ "type": "Feature", "properties": { "River_Name": "River / Nala", "Basin": "Vansadhara" }, "geometry": { "type": "MultiLineString", "coordinates": [ [ [ 83.938710545510048, 19.29255404822532 ], [ 83.936047661615518, 19.295449781284034 ], [ 83.93361279944645, 19.294608709388125 ] ], [ [ 83.93361279944645, 19.294608709388125 ], [ 83.929615747810516, 19.293873943372553 ], [ 83.925444651305142, 19.295380851847387 ] ] ] } },
{ "type": "Feature", "properties": { "River_Name": "River / Nala", "Basin": "Vansadhara" }, "geometry": { "type": "LineString", "coordinates": [ [ 83.932450384391444, 19.276864625226821 ], [ 83.928537611088302, 19.282980774225159 ], [ 83.925458878180933, 19.284415956541771 ], [ 83.925444651305142, 19.295380851847391 ] ] } },
{ "type": "Feature", "properties": { "River_Name": "River / Nala", "Basin": "Vansadhara" }, "geometry": { "type": "LineString", "coordinates": [ [ 84.149604826118107, 19.152304453481197 ], [ 84.149773214093429, 19.152180665578321 ] ] } },
{ "type": "Feature", "properties": { "River_Name": "Karanj Nadi", "Basin": "Vansadhara" }, "geometry": { "type": "LineString", "coordinates": [ [ 83.488688821795336, 19.768288820493414 ], [ 83.487654257972821, 19.770363968657268 ], [ 83.49353763894706, 19.770837385473126 ], [ 83.495653406646056, 19.775309455493375 ], [ 83.497781554463913, 19.773225352467335 ], [ 83.498977135972851, 19.7789338210229 ], [ 83.497330573966011, 19.785598580469557 ], [ 83.501079153787416, 19.790752078699231 ], [ 83.503317559473231, 19.790526579680911 ], [ 83.503396833306269, 19.793460286524688 ], [ 83.505540245596492, 19.794477739333765 ], [ 83.50481262535898, 19.799495187498838 ], [ 83.511689531223453, 19.810311545797276 ], [ 83.510858420860103, 19.812373082217459 ], [ 83.512395502759176, 19.812735235113106 ], [ 83.512404860127475, 19.816062710550948 ], [ 83.514186594990178, 19.818024247855558 ], [ 83.512130889938263, 19.819272266965534 ], [ 83.512938995007744, 19.82211892600662 ], [ 83.510818190888926, 19.825300302675057 ], [ 83.518525060238517, 19.832059058130529 ], [ 83.518120651487479, 19.834250051584227 ], [ 83.520429192087306, 19.836014425459197 ], [ 83.518926486336042, 19.839358731130961 ], [ 83.521642607957801, 19.841546249745555 ], [ 83.522852295184862, 19.845326276231482 ], [ 83.524585226952254, 19.845378496180739 ], [ 83.523976896570872, 19.847644624389524 ], [ 83.525895857602848, 19.84678667537408 ], [ 83.527361857259251, 19.848964707220031 ], [ 83.528931051853178, 19.848016870003377 ], [ 83.533115686988225, 19.857624057777933 ], [ 83.537661158117544, 19.860783068997005 ], [ 83.539682276133661, 19.867233256986356 ], [ 83.536621523366492, 19.874320253438899 ], [ 83.540468416967826, 19.879426011128142 ] ] } },
{ "type": "Feature", "properties": { "River_Name": "River / Nala", "Basin": "Vansadhara" }, "geometry": { "type": "LineString", "coordinates": [ [ 83.583261262521901, 19.795515273077438 ], [ 83.583212369087846, 19.795425955609971 ] ] } },
{ "type": "Feature", "properties": { "River_Name": "River / Nala", "Basin": "Vansadhara" }, "geometry": { "type": "LineString", "coordinates": [ [ 83.525453799368805, 19.528500262660359 ], [ 83.523337118194377, 19.525933400309345 ], [ 83.523580893870857, 19.522527571434161 ], [ 83.522342417157603, 19.523317804209448 ], [ 83.521652569712771, 19.521852641343482 ], [ 83.520728991181656, 19.52303771083449 ], [ 83.518610451420969, 19.520565652525356 ], [ 83.518308934625139, 19.516773016687019 ], [ 83.516303921925442, 19.515870379319598 ], [ 83.517433831933488, 19.510149574463785 ] ] } },
{ "type": "Feature", "properties": { "River_Name": "River / Nala", "Basin": "Vansadhara" }, "geometry": { "type": "LineString", "coordinates": [ [ 83.551184609587182, 19.532171903472676 ], [ 83.550945222729538, 19.531056724540996 ], [ 83.552839710557066, 19.532823874666715 ], [ 83.554160342394155, 19.530492433045445 ], [ 83.556371195142745, 19.53196693167909 ], [ 83.570413013490878, 19.525303907849722 ], [ 83.581558745976153, 19.523073087482143 ], [ 83.585664425332993, 19.518033679948555 ], [ 83.585854129464366, 19.515520412627556 ] ] } },
{ "type": "Feature", "properties": { "River_Name": "Saharha Nala", "Basin": "Vansadhara" }, "geometry": { "type": "LineString", "coordinates": [ [ 83.600234074452402, 19.491285325753221 ], [ 83.596801729403751, 19.495479358140887 ] ] } },
{ "type": "Feature", "properties": { "River_Name": "River / Nala", "Basin": "Vansadhara" }, "geometry": { "type": "LineString", "coordinates": [ [ 83.585854129464366, 19.515520412627556 ], [ 83.588700712313752, 19.51461783440018 ], [ 83.591176931549697, 19.510610007818961 ] ] } },
{ "type": "Feature", "properties": { "River_Name": "Saharha Nala", "Basin": "Vansadhara" }, "geometry": { "type": "MultiLineString", "coordinates": [ [ [ 83.603571920080554, 19.477620230249872 ], [ 83.604251524411268, 19.478739194533095 ], [ 83.598652394554051, 19.488535859582733 ], [ 83.595092786336622, 19.499997270148405 ] ], [ [ 83.595095225441099, 19.500000937430201 ], [ 83.591176931549697, 19.510610007818958 ] ] ] } },
{ "type": "Feature", "properties": { "River_Name": "River / Nala", "Basin": "Vansadhara" }, "geometry": { "type": "LineString", "coordinates": [ [ 83.591176931549697, 19.510610007818958 ], [ 83.595459732595046, 19.508520327329169 ], [ 83.598828238690203, 19.502823189409838 ], [ 83.602656785314224, 19.500176553363065 ] ] } },
{ "type": "Feature", "properties": { "River_Name": "River / Nala", "Basin": "Vansadhara" }, "geometry": { "type": "LineString", "coordinates": [ [ 83.646549040416886, 19.750001222124055 ], [ 83.646513158881888, 19.749803285356144 ] ] } },
{ "type": "Feature", "properties": { "River_Name": "River / Nala", "Basin": "Vansadhara" }, "geometry": { "type": "LineString", "coordinates": [ [ 83.700263355044598, 19.750169599113441 ], [ 83.700144823527964, 19.74979084537966 ] ] } },
{ "type": "Feature", "properties": { "River_Name": "Sraligurha Nadi", "Basin": "Vansadhara" }, "geometry": { "type": "LineString", "coordinates": [ [ 83.700263355044598, 19.750169599113441 ], [ 83.701800299323651, 19.75280999612697 ], [ 83.704425939405468, 19.751294068460904 ], [ 83.715748023359268, 19.756210464745863 ], [ 83.721183556842178, 19.756746357766669 ], [ 83.721570856931848, 19.75428005826134 ], [ 83.724620596229897, 19.755285519852421 ], [ 83.730328202776761, 19.749004566976147 ], [ 83.732679451107515, 19.752508094861501 ], [ 83.734350950139003, 19.750144061290481 ], [ 83.734014220956425, 19.75332739678699 ], [ 83.735580415443607, 19.753177052418078 ], [ 83.736162971900839, 19.755461494259809 ], [ 83.740566200995019, 19.758093740636284 ], [ 83.741079687400443, 19.762189509207538 ], [ 83.742938046778207, 19.764896771888171 ], [ 83.744287617321774, 19.764343363127118 ], [ 83.744269971037141, 19.767490198285191 ], [ 83.747007337857212, 19.767777719968525 ], [ 83.748204941445195, 19.771709440772035 ], [ 83.74999988504895, 19.772258331476458 ] ] } },
{ "type": "Feature", "properties": { "River_Name": "Daramanda Nadi", "Basin": "Vansadhara" }, "geometry": { "type": "LineString", "coordinates": [ [ 83.74999988504895, 19.772258331476458 ], [ 83.758082984974237, 19.7770762642409 ], [ 83.763571044416381, 19.776877559330913 ], [ 83.766579569999493, 19.782276518704894 ], [ 83.763766027736182, 19.786779136226954 ], [ 83.764375912620508, 19.788226666277385 ], [ 83.774480894421572, 19.791979799407581 ], [ 83.783532088674022, 19.798035721065588 ], [ 83.785384886108204, 19.796922790873438 ], [ 83.785331663375288, 19.79211345287743 ], [ 83.793056771065423, 19.789415922859526 ], [ 83.796823504144214, 19.789779925247757 ], [ 83.800293588718404, 19.787649496355993 ], [ 83.800593331968315, 19.785595852850189 ], [ 83.802792506700229, 19.785678027764373 ], [ 83.81549086274407, 19.798378716687154 ], [ 83.819353422124607, 19.799570517066496 ], [ 83.826128353447743, 19.811144354292701 ], [ 83.8257172894766, 19.817395058189717 ], [ 83.832787816939387, 19.824029597127971 ], [ 83.84527229810908, 19.831377743838395 ], [ 83.853017798649688, 19.832525193628125 ], [ 83.859513882129036, 19.836846850508337 ] ] } },
{ "type": "Feature", "properties": { "River_Name": "River / Nala", "Basin": "Vansadhara" }, "geometry": { "type": "LineString", "coordinates": [ [ 83.75728923213282, 19.68533971083443 ], [ 83.759815555974043, 19.675621941002525 ] ] } },
{ "type": "Feature", "properties": { "River_Name": "River / Nala", "Basin": "Vansadhara" }, "geometry": { "type": "LineString", "coordinates": [ [ 83.774566303434625, 19.700255245126677 ], [ 83.765860841874598, 19.698670620865737 ] ] } },
{ "type": "Feature", "properties": { "River_Name": "River / Nala", "Basin": "Vansadhara" }, "geometry": { "type": "LineString", "coordinates": [ [ 83.809577063810991, 19.757795098717544 ], [ 83.804548882232808, 19.751107119736776 ], [ 83.789112726460999, 19.757564606659432 ], [ 83.784630471897785, 19.757557693471782 ], [ 83.783267221665454, 19.754287964276571 ], [ 83.785767796572429, 19.753034693005631 ], [ 83.786258829360406, 19.748363752900111 ], [ 83.784084733927841, 19.743698172701851 ], [ 83.785223628512739, 19.740091563450466 ], [ 83.783887831593177, 19.733995419355143 ], [ 83.778215248240215, 19.723844967346658 ], [ 83.775693986184976, 19.723328784319257 ], [ 83.772030406262232, 19.718496442937681 ], [ 83.768204373024147, 19.719440412907726 ], [ 83.766904740917397, 19.716880416800048 ] ] } },
{ "type": "Feature", "properties": { "River_Name": "River / Nala", "Basin": "Vansadhara" }, "geometry": { "type": "MultiLineString", "coordinates": [ [ [ 83.841981096314527, 19.739331480353709 ], [ 83.835869079399245, 19.744884981440102 ], [ 83.839602113908185, 19.749999022130499 ] ], [ [ 83.839578281428089, 19.749999400337217 ], [ 83.842708322944034, 19.753628734598472 ] ] ] } },
{ "type": "Feature", "properties": { "River_Name": "River / Nala", "Basin": "Vansadhara" }, "geometry": { "type": "LineString", "coordinates": [ [ 83.772255792646092, 19.669331305016104 ], [ 83.762947703454628, 19.676457369535186 ] ] } },
{ "type": "Feature", "properties": { "River_Name": "Gumramunda Nala", "Basin": "Vansadhara" }, "geometry": { "type": "MultiLineString", "coordinates": [ [ [ 83.881578625699376, 19.767577899199594 ], [ 83.881319802064979, 19.770072621657821 ], [ 83.876207643374556, 19.775354786496766 ], [ 83.872581778067897, 19.782722097538475 ], [ 83.860586610790122, 19.790196189143884 ], [ 83.858785282393725, 19.792790398696194 ], [ 83.859750665718195, 19.793896278930035 ] ], [ [ 83.8823182519222, 19.807587527938271 ], [ 83.875199512049406, 19.803720961801073 ], [ 83.868953179149301, 19.795827063032252 ], [ 83.865645737884236, 19.79569057506842 ], [ 83.864211789101532, 19.793646134863152 ], [ 83.859863313889804, 19.793964091823124 ] ] ] } },
{ "type": "Feature", "properties": { "River_Name": "Gumarmunda Nala", "Basin": "Vansadhara" }, "geometry": { "type": "LineString", "coordinates": [ [ 83.859750665718195, 19.793896278930035 ], [ 83.859863313889804, 19.793964091823117 ] ] } },
{ "type": "Feature", "properties": { "River_Name": "River / Nala", "Basin": "Vansadhara" }, "geometry": { "type": "LineString", "coordinates": [ [ 83.894658629068445, 19.751728653940248 ], [ 83.894718553108859, 19.749806509005214 ] ] } },
{ "type": "Feature", "properties": { "River_Name": "River / Nala", "Basin": "Vansadhara" }, "geometry": { "type": "LineString", "coordinates": [ [ 83.894658629068445, 19.751728653940248 ], [ 83.905921356415902, 19.74825536683004 ] ] } },
{ "type": "Feature", "properties": { "River_Name": "Dendarakaju Nadi", "Basin": "Vansadhara" }, "geometry": { "type": "LineString", "coordinates": [ [ 83.735521622420848, 19.849003050256684 ], [ 83.741674362488126, 19.849746823940954 ], [ 83.745313334619127, 19.852715448505752 ], [ 83.747257136548242, 19.852550055538305 ], [ 83.751304538644561, 19.856728659928262 ], [ 83.751897997132559, 19.855535021670644 ], [ 83.759617955562319, 19.859651104588238 ], [ 83.761067118060339, 19.858466945777131 ], [ 83.761863256798591, 19.860082324194032 ], [ 83.764643839242623, 19.858849722042155 ], [ 83.766152737480027, 19.860259152799994 ], [ 83.771030105020373, 19.856662869076057 ], [ 83.775241927786226, 19.847909354761143 ], [ 83.777212542973786, 19.847266390618479 ], [ 83.773894978830299, 19.838393176160356 ], [ 83.780897443276118, 19.836980518228398 ], [ 83.79273430052595, 19.840498610058013 ], [ 83.793261422550287, 19.843541653627163 ], [ 83.810225092351871, 19.852183422421469 ], [ 83.826194482235536, 19.865738181151851 ], [ 83.83639773508925, 19.862641764672148 ], [ 83.837550464089674, 19.857441185321868 ] ] } },
{ "type": "Feature", "properties": { "River_Name": "River / Nala", "Basin": "Vansadhara" }, "geometry": { "type": "LineString", "coordinates": [ [ 83.78131574376107, 19.605764162021377 ], [ 83.783753462031513, 19.60153713763367 ], [ 83.782978429036987, 19.590267655373513 ], [ 83.785691029839199, 19.586803828789407 ], [ 83.780943759515452, 19.578024417460153 ], [ 83.78220959361218, 19.575187898229231 ], [ 83.77974472785472, 19.572243679324405 ] ] } },
{ "type": "Feature", "properties": { "River_Name": "River / Nala", "Basin": "Vansadhara" }, "geometry": { "type": "LineString", "coordinates": [ [ 83.82810453413552, 19.64304521443929 ], [ 83.824050250364934, 19.637082432921311 ], [ 83.824606102596718, 19.632089968698399 ], [ 83.822441843709953, 19.628476427961917 ], [ 83.824164257178467, 19.626440547923757 ], [ 83.825265560253769, 19.617223205160503 ], [ 83.827757606905976, 19.615346762845 ], [ 83.827393372202962, 19.610048241473194 ], [ 83.829322085002786, 19.607020476566735 ], [ 83.826808688805983, 19.600311147800628 ], [ 83.82718586952231, 19.5935473838137 ], [ 83.828762942016283, 19.591938121330056 ], [ 83.827863840007012, 19.588187346812106 ], [ 83.824426468055947, 19.584182936707702 ], [ 83.820919264426962, 19.582721074632165 ], [ 83.818495905435313, 19.584144878028361 ], [ 83.816228159501932, 19.583291016530662 ], [ 83.807464069810365, 19.584926518404011 ], [ 83.804630537604112, 19.580280252518882 ], [ 83.805022438627759, 19.575958453165104 ], [ 83.80740316883427, 19.573447542408346 ], [ 83.806296936114379, 19.572027970164378 ] ] } },
{ "type": "Feature", "properties": { "River_Name": "River / Nala", "Basin": "Vansadhara" }, "geometry": { "type": "MultiLineString", "coordinates": [ [ [ 84.287993070016242, 19.42347332684642 ], [ 84.280180981398388, 19.422525711891826 ], [ 84.278017163556783, 19.428727981403419 ], [ 84.275194858787771, 19.431317642023167 ], [ 84.271746175231485, 19.44290448087996 ] ], [ [ 84.271722083767045, 19.442922176809393 ], [ 84.268511238230104, 19.444250786514033 ] ] ] } },
{ "type": "Feature", "properties": { "River_Name": "River / Nala", "Basin": "Vansadhara" }, "geometry": { "type": "LineString", "coordinates": [ [ 83.977713197728193, 19.343487395074124 ], [ 83.978341034407407, 19.343500730804628 ] ] } },
{ "type": "Feature", "properties": { "River_Name": "River / Nala", "Basin": "Vansadhara" }, "geometry": { "type": "LineString", "coordinates": [ [ 83.986309857366578, 19.373974080620187 ], [ 83.9751835149888, 19.364731501171178 ], [ 83.970636787871072, 19.356337741434647 ], [ 83.972323722227188, 19.355475123872147 ], [ 83.970666224617716, 19.35428795096777 ], [ 83.972262588291628, 19.350528894400018 ], [ 83.97966575975957, 19.346006824559506 ], [ 83.978341034407407, 19.343500730804593 ] ] } },
{ "type": "Feature", "properties": { "River_Name": "Kandakuti Nala", "Basin": "Vansadhara" }, "geometry": { "type": "MultiLineString", "coordinates": [ [ [ 84.026217275669666, 19.334434604758389 ], [ 84.024070649446173, 19.33769468284703 ] ], [ [ 84.024065895616275, 19.337694605164295 ], [ 84.023202423607046, 19.341779100050942 ], [ 84.019692941089716, 19.344922025623891 ], [ 84.015403576017363, 19.345443072148967 ], [ 84.005840783069871, 19.351154018735254 ], [ 83.99850083671511, 19.345138356231683 ], [ 83.994469221403918, 19.34599413137423 ], [ 83.993747584708018, 19.343974777649464 ], [ 83.98891370527798, 19.342275745317295 ], [ 83.98482532134949, 19.344432729362076 ], [ 83.978341034407407, 19.343500730804628 ] ] ] } },
{ "type": "Feature", "properties": { "River_Name": "River / Nala", "Basin": "Vansadhara" }, "geometry": { "type": "LineString", "coordinates": [ [ 84.082888721918579, 19.359925669162507 ], [ 84.082860032919342, 19.359934237322605 ] ] } },
{ "type": "Feature", "properties": { "River_Name": "River / Nala", "Basin": "Vansadhara" }, "geometry": { "type": "LineString", "coordinates": [ [ 84.052906968005118, 19.364141545365914 ], [ 84.052812279431052, 19.364117441432217 ] ] } },
{ "type": "Feature", "properties": { "River_Name": "River / Nala", "Basin": "Vansadhara" }, "geometry": { "type": "LineString", "coordinates": [ [ 84.079969620159218, 19.361196948541451 ], [ 84.080012412917597, 19.361197635359904 ] ] } },
{ "type": "Feature", "properties": { "River_Name": "River / Nala", "Basin": "Vansadhara" }, "geometry": { "type": "LineString", "coordinates": [ [ 83.768140700396458, 19.266409152586579 ], [ 83.768416204084673, 19.266039569787338 ] ] } },
{ "type": "Feature", "properties": { "River_Name": "River / Nala", "Basin": "Vansadhara" }, "geometry": { "type": "LineString", "coordinates": [ [ 83.900169747306506, 19.181720436421241 ], [ 83.894888268127872, 19.181812920560933 ], [ 83.890485037721206, 19.180234693373134 ], [ 83.888540688151863, 19.177714793854442 ], [ 83.883620939426308, 19.176749423050158 ] ] } },
{ "type": "Feature", "properties": { "River_Name": "River / Nala", "Basin": "Vansadhara" }, "geometry": { "type": "LineString", "coordinates": [ [ 83.671440021748396, 19.113580217309327 ], [ 83.671517418184422, 19.110712129164138 ], [ 83.669795539841445, 19.109965075842766 ], [ 83.670921077639179, 19.107591957438462 ], [ 83.668795973390857, 19.107464771794827 ], [ 83.669357063537106, 19.106025405287301 ], [ 83.666329053191347, 19.104385241161985 ], [ 83.669371363881339, 19.094783059892684 ], [ 83.666657322192464, 19.091680004340358 ], [ 83.667383686654887, 19.087515752298984 ], [ 83.662066175972143, 19.071127596963574 ] ] } },
{ "type": "Feature", "properties": { "River_Name": "River / Nala", "Basin": "Vansadhara" }, "geometry": { "type": "LineString", "coordinates": [ [ 83.6470493212164, 19.118614852929802 ], [ 83.6595879359989, 19.119427238646921 ], [ 83.664117630966288, 19.117244174687411 ], [ 83.667315635491448, 19.112592608850893 ], [ 83.671630450723214, 19.114493976938615 ] ] } },
{ "type": "Feature", "properties": { "River_Name": "River / Nala", "Basin": "Vansadhara" }, "geometry": { "type": "LineString", "coordinates": [ [ 83.662391470005019, 19.139640620778305 ], [ 83.662382508347136, 19.139622567721791 ] ] } },
{ "type": "Feature", "properties": { "River_Name": "River / Nala", "Basin": "Vansadhara" }, "geometry": { "type": "LineString", "coordinates": [ [ 83.879758300796595, 19.74878397787819 ], [ 83.872291327014111, 19.752859116966405 ], [ 83.866851795118066, 19.758844618823208 ] ] } },
{ "type": "Feature", "properties": { "River_Name": "Peddagerha Nadi", "Basin": "Vansadhara" }, "geometry": { "type": "LineString", "coordinates": [ [ 83.675403526404111, 19.105454497584027 ], [ 83.678734964045319, 19.104211032912325 ], [ 83.679032006815376, 19.100360497758636 ] ] } },
{ "type": "Feature", "properties": { "River_Name": "River / Nala", "Basin": "Vansadhara" }, "geometry": { "type": "LineString", "coordinates": [ [ 83.477269833595599, 19.501831536450776 ], [ 83.476297812374284, 19.500036142560553 ] ] } },
{ "type": "Feature", "properties": { "River_Name": "Baminimunda Nala", "Basin": "Vansadhara" }, "geometry": { "type": "LineString", "coordinates": [ [ 83.430547893849976, 19.500001920794073 ], [ 83.431326172238926, 19.495683756263166 ], [ 83.435637348219146, 19.491999900381085 ], [ 83.433240557965519, 19.485827967093037 ], [ 83.436853704521553, 19.488330562961824 ], [ 83.439620279547427, 19.486441978451801 ], [ 83.441697647857325, 19.488761970005726 ], [ 83.45065366509516, 19.485602075209474 ], [ 83.455005566702482, 19.488771581581336 ], [ 83.458655090648733, 19.489245818595684 ], [ 83.460573145407864, 19.491716733862376 ], [ 83.463848694187831, 19.491071625227178 ], [ 83.469500493545411, 19.494218521016645 ], [ 83.47332189132203, 19.494401119994759 ], [ 83.477248372338721, 19.499296165164779 ], [ 83.476297812374284, 19.500036142560553 ] ] } },
{ "type": "Feature", "properties": { "River_Name": "Satanalia Nala", "Basin": "Vansadhara" }, "geometry": { "type": "LineString", "coordinates": [ [ 83.689119121717837, 19.683457851514159 ], [ 83.688166485088757, 19.688347928505021 ], [ 83.691078713071903, 19.689198167570538 ], [ 83.690209230333522, 19.691075747830471 ], [ 83.691293878277278, 19.692088813324037 ], [ 83.695239988638804, 19.69148330051361 ], [ 83.700396361750805, 19.686308776059676 ] ] } },
{ "type": "Feature", "properties": { "River_Name": "Satanalia Nala", "Basin": "Vansadhara" }, "geometry": { "type": "LineString", "coordinates": [ [ 83.700396361750805, 19.686308776059676 ], [ 83.711629947487921, 19.677209548781736 ], [ 83.710881814451355, 19.675518855320423 ], [ 83.714247402959018, 19.672736688758295 ], [ 83.718114136670692, 19.672547267037789 ], [ 83.719406647114994, 19.674297397092268 ] ] } },
{ "type": "Feature", "properties": { "River_Name": "River / Nala", "Basin": "Vansadhara" }, "geometry": { "type": "LineString", "coordinates": [ [ 84.036552640641446, 19.126233400890442 ], [ 84.036474391295727, 19.125916498336288 ] ] } }
]
}
